patient_name,mobile,date_of_birth,pin_code,rural,age,sex,weight_kg,egfr,num_drugs,on_anticoagulant,on_nsaid,prior_adr,liver_disease,adr
Diya Reddy,+91-00000-93227,1963-08-16,524003,0,61,F,63.6,103.0,6,0,1,0,0,0
Ganesh Sharma,+91-00000-82779,1973-08-24,524003,0,51,M,62.1,114.0,4,1,0,1,0,0
Swathi Khan,+91-00000-52284,1944-10-13,524101,1,80,M,56.8,,5,0,0,0,0,1
Vikram Sharma,+91-00000-21510,1992-04-03,524003,0,33,M,83.7,93.0,3,1,0,0,0,0
Ravi Iyer,+91-00000-13041,1960-05-09,524121,0,65,F,44.8,83.0,8,0,0,0,0,0
Lakshmi Singh,+91-00000-82892,1957-02-05,524002,1,68,M,64.3,55.0,10,0,0,0,0,0
Kiran Rao,+91-00000-46733,1969-10-03,524003,1,55,M,77.6,100.0,4,1,0,0,0,0
Manoj Singh,+91-00000-27486,1974-02-08,524201,0,51,M,63.2,96.0,2,1,1,0,0,0
Kiran Sharma,+91-00000-37835,1950-09-11,524001,0,74,M,59.6,58.0,7,1,1,0,0,1
Priya Nair,+91-00000-62913,1952-06-23,524001,0,73,M,46.1,77.0,8,0,1,1,0,1
Kiran Patel,+91-00000-41243,1982-07-18,524137,0,42,F,61.9,,4,0,0,1,0,0
Rahul Reddy,+91-00000-37806,1952-09-02,524201,1,72,F,68.3,79.0,6,1,1,0,0,0
Lakshmi Nair,+91-00000-97127,1976-09-04,524002,0,48,M,76.5,110.0,3,1,0,0,0,0
Kiran Nair,+91-00000-22813,1958-08-22,524201,0,66,M,72.8,69.0,3,0,1,0,0,0
Naveen Sharma,+91-00000-41360,1963-09-18,524001,0,61,F,57.4,87.0,6,0,0,1,0,0
Aarav Iyer,+91-00000-68296,1957-06-22,524121,0,68,M,62.2,81.0,4,1,1,0,1,0
Naveen Naidu,+91-00000-36247,1982-09-04,524121,1,42,F,45.9,,5,0,0,0,0,0
Kavya Khan,+91-00000-90599,1961-11-05,524101,0,63,M,60.9,60.0,4,0,1,0,0,0
Lakshmi Iyer,+91-00000-47473,1962-06-05,524201,1,63,M,78.3,64.0,3,0,0,0,0,0
Lakshmi Singh,+91-00000-72096,1962-04-08,524201,0,63,M,51.8,,6,1,0,1,0,0
Kiran Nair,+91-00000-60103,1957-03-20,524001,1,68,M,77.0,,5,0,0,0,0,0
Ravi Naidu,+91-00000-46962,1956-03-02,524201,0,69,F,48.0,92.0,3,0,0,0,0,0
Aarav Iyer,+91-00000-86117,1979-11-07,524003,0,45,F,65.1,93.0,7,1,0,0,0,0
Pooja Singh,+91-00000-20101,1942-09-16,524137,1,82,F,60.1,71.0,10,0,1,0,0,0
Swathi Khan,+91-00000-20649,1955-12-04,524201,0,69,F,48.5,71.0,3,0,0,0,0,0
Kavya Singh,+91-00000-85385,1954-09-19,524137,1,70,M,61.8,,5,1,1,0,0,1
Manoj Patel,+91-00000-55905,1958-03-03,524121,0,67,M,39.3,68.0,6,0,0,0,0,0
Kavya Reddy,+91-00000-87326,1953-05-06,524002,0,72,F,49.2,61.0,3,0,0,0,0,0
Ganesh Khan,+91-00000-19514,1979-04-06,524001,1,46,M,80.5,103.0,4,0,1,0,0,0
Naveen Sharma,+91-00000-91180,1977-02-16,524137,1,48,M,74.6,,5,0,0,0,0,0
Arjun Rao,+91-00000-11771,1963-11-18,524301,1,61,M,63.2,93.0,2,0,0,0,0,0
Kiran Iyer,+91-00000-15582,1948-09-07,524121,0,76,F,59.6,78.0,7,0,0,1,0,1
Naveen Das,+91-00000-44306,1972-04-16,524121,1,53,F,66.3,,3,0,1,0,0,0
Naveen Singh,+91-00000-78208,1956-11-26,524003,1,68,F,39.5,,5,0,1,0,0,0
Lakshmi Singh,+91-00000-41172,1946-01-09,524101,0,79,M,71.3,87.0,12,0,0,0,0,1
Naveen Das,+91-00000-23047,1982-09-13,524001,0,42,M,67.8,76.0,4,0,1,0,0,0
Lakshmi Iyer,+91-00000-24613,1960-02-13,524121,1,65,M,66.2,,6,1,1,0,0,1
Suresh Sharma,+91-00000-27965,1940-07-17,524301,1,84,F,42.9,,9,0,1,0,0,1
Suresh Reddy,+91-00000-64698,1971-04-18,524101,1,54,F,68.7,,9,0,0,0,0,0
Ganesh Reddy,+91-00000-55012,1973-08-22,524301,0,51,F,61.3,101.0,1,0,1,1,0,0
Meena Nair,+91-00000-43159,1958-02-03,524002,0,67,M,68.0,90.0,2,0,0,0,0,0
Suresh Khan,+91-00000-62303,1980-01-29,524137,0,45,F,39.4,102.0,5,0,1,0,0,0
Pooja Das,+91-00000-22648,1972-03-06,524201,1,53,M,84.0,59.0,3,1,1,0,0,0
Kiran Das,+91-00000-70901,1973-04-21,524201,0,52,F,45.3,59.0,2,0,0,1,0,0
Anjali Khan,+91-00000-74148,1963-12-12,524001,0,61,F,40.2,86.0,5,0,0,0,0,0
Aarav Sharma,+91-00000-24316,1951-09-04,524137,1,73,M,64.6,,4,0,0,0,0,0
Anjali Singh,+91-00000-27716,1976-05-09,524137,1,49,F,47.7,,1,0,0,0,1,0
Meena Nair,+91-00000-74185,1967-11-06,524002,0,57,M,65.1,72.0,9,0,1,0,1,0
Suresh Sharma,+91-00000-64386,1980-08-05,524301,0,44,M,57.9,103.0,4,0,1,0,0,0
Ravi Naidu,+91-00000-61293,1984-02-28,524003,0,41,M,62.7,81.0,5,0,1,0,0,0
Lakshmi Rao,+91-00000-14195,1976-05-03,524201,0,49,M,58.0,107.0,6,0,0,0,0,0
Suresh Nair,+91-00000-37572,1964-06-13,524201,1,61,F,50.8,,7,1,0,1,0,0
Anjali Nair,+91-00000-64968,1977-02-26,524301,1,48,F,83.5,104.0,4,0,0,0,0,0
Rahul Naidu,+91-00000-79122,1955-02-12,524201,0,70,M,65.0,103.0,3,1,1,0,0,0
Lakshmi Singh,+91-00000-40629,1971-10-30,524003,0,53,M,92.3,,1,0,1,1,0,0
Kiran Singh,+91-00000-26540,1963-04-26,524101,0,62,F,57.1,83.0,5,0,0,0,0,0
Arjun Singh,+91-00000-62995,1947-01-17,524001,1,78,M,75.7,81.0,5,0,0,0,0,0
Diya Khan,+91-00000-86213,1965-06-21,524121,0,60,F,56.5,78.0,5,1,0,0,0,0
Arjun Sharma,+91-00000-52840,1963-03-28,524121,0,62,M,64.7,,4,0,1,0,0,0
Diya Das,+91-00000-80864,1971-11-21,524002,0,53,M,66.1,83.0,3,1,0,0,0,0
Diya Rao,+91-00000-17055,1971-12-09,524003,1,53,M,82.7,,2,0,0,0,0,0
Arjun Khan,+91-00000-75831,1951-04-11,524137,0,74,F,61.7,89.0,4,0,1,0,0,0
Lakshmi Patel,+91-00000-28808,1970-06-16,524003,0,55,M,69.3,77.0,4,1,0,0,0,0
Kavya Rao,+91-00000-19986,1935-01-02,524003,0,90,M,39.9,34.0,9,1,0,0,0,1
Divya Reddy,+91-00000-73001,1940-04-07,524121,0,85,F,46.3,85.0,6,1,0,0,0,0
Manoj Reddy,+91-00000-45060,1947-06-09,524137,0,78,M,52.8,34.0,8,0,0,0,0,0
Sita Naidu,+91-00000-98927,1952-11-28,524121,1,72,F,50.0,60.0,6,0,0,0,0,0
Manoj Sharma,+91-00000-74172,1951-01-31,524003,1,74,M,46.1,,7,0,0,0,0,0
Diya Reddy,+91-00000-63230,1954-08-18,524003,0,70,M,62.9,79.0,6,0,0,0,0,0
Diya Rao,+91-00000-82736,1950-04-20,524137,0,75,M,72.5,107.0,6,0,0,0,0,0
Aarav Reddy,+91-00000-88903,1947-04-01,524201,0,78,M,63.8,69.0,10,1,0,0,1,0
Kiran Khan,+91-00000-25976,1978-06-24,524003,0,47,M,82.3,91.0,3,0,1,0,0,0
Divya Singh,+91-00000-82056,1984-09-27,524001,0,40,M,61.3,95.0,4,0,0,0,0,0
Manoj Iyer,+91-00000-12295,1958-04-23,524001,1,67,M,63.9,88.0,8,0,0,0,0,0
Sita Rao,+91-00000-64760,1972-02-06,524001,0,53,F,48.4,111.0,5,0,0,0,0,0
Meena Rao,+91-00000-54674,1945-06-30,524301,0,80,F,71.3,74.0,7,1,0,0,0,0
Aarav Sharma,+91-00000-28466,1930-10-22,524201,1,94,F,60.3,40.0,9,1,0,0,0,1
Naveen Reddy,+91-00000-57905,1987-08-01,524101,0,37,F,65.1,111.0,4,0,1,0,0,0
Anjali Sharma,+91-00000-98646,1981-07-05,524002,0,43,F,48.7,113.0,2,0,0,0,0,0
Sita Patel,+91-00000-51769,1982-08-27,524301,0,42,M,59.3,101.0,4,0,0,0,0,0
Kiran Reddy,+91-00000-35605,1980-07-30,524301,1,44,M,80.7,111.0,8,0,0,0,0,0
Rahul Singh,+91-00000-94350,1952-01-29,524201,1,73,M,94.6,,3,0,1,0,0,0
Priya Khan,+91-00000-19740,1971-06-16,524121,1,54,M,63.5,,4,0,0,0,0,0
Aarav Naidu,+91-00000-87710,1960-07-04,524121,1,64,F,62.1,96.0,6,1,0,0,1,0
Meena Khan,+91-00000-26922,1968-03-25,524301,1,57,F,54.6,,6,0,0,0,1,0
Rahul Sharma,+91-00000-45436,1964-05-14,524101,1,61,M,66.8,76.0,3,0,0,1,0,0
Pooja Singh,+91-00000-33035,1946-12-31,524003,1,78,M,63.7,,3,1,0,0,0,0
Kiran Iyer,+91-00000-17412,1956-05-15,524001,0,69,M,59.0,82.0,8,0,0,0,0,0
Sita Das,+91-00000-36442,1980-01-19,524121,0,45,F,46.4,106.0,7,1,0,0,0,0
Priya Iyer,+91-00000-58434,1953-09-01,524001,0,71,F,52.6,75.0,8,1,0,0,0,0
Ravi Singh,+91-00000-92013,1948-10-29,524101,0,76,F,57.9,97.0,6,0,1,0,0,0
Priya Iyer,+91-00000-81411,1976-03-02,524137,1,49,M,49.5,,6,0,0,0,0,0
Rahul Nair,+91-00000-14893,1946-11-02,524121,0,78,M,55.0,,7,1,1,0,0,0
Aarav Das,+91-00000-93794,1941-10-19,524003,0,83,F,64.5,89.0,5,0,0,0,0,0
Diya Singh,+91-00000-25804,1971-08-08,524101,0,53,F,71.5,98.0,6,0,0,0,0,0
Kiran Reddy,+91-00000-42442,1962-07-15,524301,1,62,F,54.0,83.0,9,0,1,1,0,1
Meena Singh,+91-00000-47657,1970-10-08,524201,0,54,M,74.3,75.0,10,0,1,0,0,0
Naveen Iyer,+91-00000-42696,1948-09-28,524137,1,76,M,70.8,70.0,6,1,0,1,0,0
Ganesh Sharma,+91-00000-61096,1985-11-28,524003,1,39,M,72.0,,4,0,0,0,0,0
Anjali Iyer,+91-00000-52537,1947-02-21,524002,0,78,M,72.2,71.0,3,1,0,0,0,0
Aarav Iyer,+91-00000-87089,1981-01-02,524003,0,44,F,48.6,123.0,8,0,0,1,0,0
Anjali Das,+91-00000-74788,1941-09-10,524121,0,83,M,72.5,52.0,6,0,0,1,0,0
Aarav Khan,+91-00000-77145,1962-11-25,524137,1,62,M,73.2,,4,0,0,0,0,0
Kavya Reddy,+91-00000-72123,1972-10-29,524002,0,52,F,66.3,81.0,4,0,0,0,0,0
Lakshmi Das,+91-00000-30497,1941-06-03,524002,0,84,M,73.4,52.0,5,0,1,0,0,0
Naveen Patel,+91-00000-51773,1963-06-12,524121,0,62,M,71.0,91.0,4,0,0,0,0,0
Pooja Khan,+91-00000-90927,1968-06-27,524002,1,57,M,81.2,,7,0,0,0,0,0
Lakshmi Patel,+91-00000-54753,1980-08-23,524001,0,44,M,49.6,94.0,5,0,0,0,0,0
Arjun Patel,+91-00000-88827,1981-02-10,524101,1,44,F,49.4,87.0,4,0,0,0,0,0
Kavya Rao,+91-00000-24825,1959-08-12,524002,1,65,F,65.2,78.0,6,0,0,0,0,0
Anjali Singh,+91-00000-55439,1968-08-28,524003,0,56,M,66.8,120.0,5,0,1,0,0,0
Kavya Rao,+91-00000-17088,1965-03-10,524001,1,60,M,63.4,,10,0,0,0,0,0
Meena Iyer,+91-00000-70286,1973-04-11,524121,1,52,F,56.5,79.0,3,0,0,0,0,0
Lakshmi Nair,+91-00000-74852,1956-08-27,524002,1,68,M,62.9,59.0,4,0,0,1,1,1
Meena Iyer,+91-00000-89337,1972-11-27,524001,1,52,M,64.7,82.0,1,0,0,0,0,0
Naveen Naidu,+91-00000-89466,1929-11-28,524301,0,95,M,57.9,35.0,4,0,0,0,0,0
Diya Naidu,+91-00000-16756,1966-09-14,524101,0,58,F,49.9,97.0,7,0,0,0,1,0
Swathi Khan,+91-00000-75876,1963-06-08,524001,0,62,M,62.9,68.0,5,0,0,0,0,0
Arjun Naidu,+91-00000-63803,1948-07-13,524301,1,76,M,66.4,69.0,7,0,1,0,0,0
Ravi Khan,+91-00000-12774,1946-02-07,524201,1,79,M,47.6,49.0,3,0,1,0,1,0
Naveen Das,+91-00000-60654,1957-01-19,524121,0,68,M,49.0,63.0,8,0,0,0,0,1
Divya Nair,+91-00000-86459,1940-03-29,524301,1,85,M,76.4,60.0,4,0,0,0,0,0
Lakshmi Patel,+91-00000-70623,1975-08-19,524101,0,49,M,67.1,82.0,6,0,0,0,0,0
Kiran Naidu,+91-00000-55196,1937-11-29,524301,1,87,F,68.8,48.0,9,0,0,0,0,0
Pooja Patel,+91-00000-89551,1967-10-01,524301,1,57,M,71.7,,5,1,1,0,0,1
Sita Khan,+91-00000-84827,1983-11-04,524001,0,41,M,42.7,94.0,3,0,0,0,0,0
Diya Iyer,+91-00000-36739,1979-03-04,524121,0,46,M,42.7,,5,0,1,0,0,0
Sita Das,+91-00000-44221,1952-12-07,524001,0,72,F,63.8,70.0,5,0,0,1,0,0
Anjali Singh,+91-00000-86461,1969-05-29,524137,1,56,F,46.6,,6,0,0,0,0,0
Ganesh Iyer,+91-00000-47635,1961-11-20,524101,0,63,M,65.2,101.0,8,1,0,0,0,0
Suresh Rao,+91-00000-40255,1947-08-03,524121,0,77,F,59.0,82.0,10,0,0,0,0,0
Divya Das,+91-00000-15275,1949-07-21,524002,0,75,F,51.3,,4,0,0,0,0,0
Priya Patel,+91-00000-50121,1960-12-21,524137,0,64,M,82.0,84.0,9,1,0,0,0,0
Ravi Singh,+91-00000-82702,1978-06-22,524001,0,47,M,57.6,101.0,5,0,0,0,0,0
Meena Sharma,+91-00000-22366,1954-01-02,524002,0,71,M,62.0,98.0,5,0,0,0,0,0
Meena Patel,+91-00000-76506,1965-11-30,524003,1,59,F,38.4,,4,1,1,0,0,0
Ravi Patel,+91-00000-97283,1963-07-06,524201,0,61,F,43.6,91.0,10,1,1,0,0,0
Sita Nair,+91-00000-46941,1972-01-01,524137,0,53,M,61.5,98.0,4,0,0,0,1,0
Arjun Nair,+91-00000-78345,1964-06-11,524001,1,61,M,75.9,65.0,3,0,0,0,0,0
Rahul Reddy,+91-00000-13726,1953-06-05,524001,1,72,M,72.4,65.0,4,1,0,0,0,0
Kavya Das,+91-00000-19109,1950-07-25,524002,0,74,F,63.3,86.0,6,1,0,0,0,0
Swathi Das,+91-00000-24513,1961-01-19,524002,0,64,F,54.8,63.0,6,0,1,0,0,0
Manoj Singh,+91-00000-99290,1971-10-06,524201,1,53,F,47.4,,4,0,0,0,0,0
Kavya Singh,+91-00000-70982,1959-09-24,524003,1,65,M,45.5,34.0,4,1,1,0,0,0
Diya Iyer,+91-00000-52621,1946-03-20,524101,1,79,M,51.7,,5,0,0,0,0,0
Sita Patel,+91-00000-53562,1964-01-03,524001,0,61,F,58.2,86.0,6,0,0,0,0,0
Aarav Sharma,+91-00000-47031,1981-07-16,524003,1,43,F,44.9,,3,0,0,0,0,0
Anjali Khan,+91-00000-43700,1974-09-19,524301,1,50,M,61.8,,6,0,0,0,0,0
Anjali Nair,+91-00000-65300,1968-07-26,524002,0,56,F,58.7,53.0,3,0,0,1,0,0
Vikram Patel,+91-00000-13641,1937-08-17,524002,0,87,M,62.6,83.0,5,1,1,0,0,0
Kiran Reddy,+91-00000-55746,1984-09-02,524101,0,40,M,75.4,101.0,3,0,1,1,0,0
Diya Naidu,+91-00000-23378,1958-04-26,524121,0,67,F,52.6,81.0,9,0,0,0,0,0
Kavya Das,+91-00000-84818,1953-06-26,524002,1,72,M,63.3,,5,0,1,0,0,0
Aarav Sharma,+91-00000-66700,1962-01-24,524201,1,63,F,48.2,54.0,7,0,1,0,0,0
Kiran Naidu,+91-00000-35788,1963-01-21,524002,1,62,M,84.9,43.0,3,0,0,0,0,0
Aarav Khan,+91-00000-79376,1967-12-13,524001,0,57,M,72.4,66.0,6,1,0,0,0,0
Vikram Patel,+91-00000-92716,2000-03-13,524301,0,25,M,68.4,108.0,4,0,0,0,0,0
Divya Khan,+91-00000-11815,1987-07-31,524201,1,37,F,55.3,111.0,4,0,1,0,1,0
Arjun Singh,+91-00000-23728,1975-03-28,524003,0,50,F,62.8,79.0,2,0,0,0,0,0
Ravi Sharma,+91-00000-50103,1970-07-30,524121,0,54,M,54.3,48.0,6,0,0,0,0,0
Divya Naidu,+91-00000-60201,1975-05-11,524301,1,50,M,55.8,,1,1,1,0,0,0
Vikram Rao,+91-00000-12962,1947-01-10,524201,0,78,M,44.9,94.0,9,1,0,0,0,1
Kavya Reddy,+91-00000-76976,1973-05-29,524002,0,52,M,71.1,85.0,6,1,0,0,0,0
Sita Rao,+91-00000-54825,1965-01-03,524001,0,60,M,52.2,92.0,5,1,0,0,0,0
Divya Rao,+91-00000-51692,1950-09-06,524137,1,74,M,69.4,47.0,8,0,0,1,0,0
Naveen Khan,+91-00000-82436,1979-08-29,524002,0,45,F,55.1,,4,0,1,0,0,0
Divya Naidu,+91-00000-98537,1945-03-20,524101,0,80,F,76.2,61.0,9,1,1,1,0,1
Lakshmi Rao,+91-00000-69166,1957-10-07,524201,0,67,F,35.0,,6,0,1,0,0,1
Priya Naidu,+91-00000-89681,1969-01-08,524001,0,56,M,69.1,90.0,5,0,1,0,0,0
Meena Sharma,+91-00000-35851,1976-04-11,524101,1,49,M,61.8,66.0,2,1,1,0,0,0
Rahul Singh,+91-00000-64811,1988-06-26,524301,0,37,M,61.2,120.0,4,0,0,1,0,0
Meena Patel,+91-00000-57273,1954-08-12,524301,0,70,F,68.0,75.0,2,1,1,0,0,0
Sita Singh,+91-00000-81501,1980-05-19,524301,0,45,M,75.0,102.0,5,0,0,0,0,0
Naveen Patel,+91-00000-24061,1947-08-11,524002,0,77,F,51.4,89.0,5,1,1,0,0,0
Suresh Reddy,+91-00000-53392,1958-09-02,524121,0,66,M,85.2,87.0,4,0,0,0,1,0
Rahul Rao,+91-00000-47384,1962-12-27,524002,1,62,M,73.2,90.0,3,1,0,0,0,0
Manoj Iyer,+91-00000-21580,1967-05-28,524301,1,58,M,74.1,,6,1,0,0,0,0
Swathi Iyer,+91-00000-96693,1969-10-23,524201,1,55,M,54.0,100.0,4,0,0,0,0,0
Ravi Singh,+91-00000-55922,1941-03-06,524101,1,84,M,68.1,30.0,8,0,0,0,0,0
Kavya Iyer,+91-00000-76014,1961-03-17,524137,1,64,M,72.5,61.0,10,0,0,0,0,1
Arjun Rao,+91-00000-16316,1983-01-01,524137,0,42,F,59.7,117.0,7,1,1,0,0,0
Rahul Patel,+91-00000-43576,1952-03-18,524121,1,73,F,38.9,57.0,6,0,0,0,0,1
Arjun Sharma,+91-00000-95393,1973-12-17,524001,1,51,F,65.2,110.0,7,0,0,0,0,0
Ganesh Reddy,+91-00000-11477,1935-06-01,524101,1,90,M,70.0,,7,1,1,0,0,0
Naveen Reddy,+91-00000-77579,1968-12-22,524003,0,56,M,45.5,83.0,1,1,0,0,0,0
Meena Sharma,+91-00000-55536,1950-11-11,524101,1,74,F,55.9,,3,0,0,1,0,0
Ganesh Nair,+91-00000-14169,1955-08-25,524003,0,69,M,87.1,107.0,9,1,0,0,0,0
Aarav Singh,+91-00000-49292,1958-01-24,524001,1,67,F,62.0,75.0,5,1,0,0,0,0
Pooja Rao,+91-00000-30152,1953-09-22,524003,0,71,M,56.5,79.0,6,0,0,0,0,0
Ganesh Reddy,+91-00000-93100,1976-01-06,524001,0,49,F,64.6,66.0,2,0,0,0,0,0
Diya Nair,+91-00000-31055,1975-10-13,524101,0,49,M,70.1,87.0,6,0,0,0,0,0
Manoj Rao,+91-00000-99413,1964-01-29,524002,1,61,M,81.2,,5,1,1,0,0,1
Meena Nair,+91-00000-43608,1975-10-31,524121,1,49,F,51.3,,4,0,0,0,0,0
Pooja Sharma,+91-00000-57678,1963-07-15,524002,0,61,F,70.6,94.0,6,0,0,1,0,0
Manoj Rao,+91-00000-72172,1958-11-16,524001,1,66,M,59.4,,5,1,0,0,0,0
Lakshmi Khan,+91-00000-46359,1931-02-07,524201,0,94,M,75.7,45.0,6,0,1,0,0,0
Arjun Singh,+91-00000-68997,1993-09-04,524003,0,31,M,54.9,116.0,5,0,1,0,0,0
Suresh Nair,+91-00000-67412,1965-06-24,524003,1,60,M,81.7,79.0,4,0,1,0,0,0
Kavya Iyer,+91-00000-58265,1962-12-18,524001,1,62,M,57.7,79.0,4,1,0,0,0,0
Manoj Patel,+91-00000-87969,1989-04-07,524137,1,36,F,47.5,,5,1,0,0,0,0
Rahul Singh,+91-00000-37229,1968-01-21,524101,1,57,M,64.7,,1,1,0,0,0,0
Kiran Sharma,+91-00000-14139,1929-12-27,524121,1,95,F,59.1,,8,0,0,0,0,0
Priya Naidu,+91-00000-10535,1959-04-04,524101,0,66,M,55.5,50.0,5,1,0,1,0,0
Priya Nair,+91-00000-29133,1960-09-23,524001,1,64,F,54.7,,4,1,0,0,0,0
Sita Das,+91-00000-66852,1971-07-10,524301,1,53,M,61.9,90.0,5,0,0,1,0,0
Swathi Reddy,+91-00000-30097,1973-02-17,524002,1,52,M,52.8,,5,0,0,0,0,0
Diya Patel,+91-00000-50281,1989-06-10,524101,1,36,F,58.6,70.0,3,0,0,0,0,0
Arjun Patel,+91-00000-26743,1961-11-21,524121,1,63,F,66.0,89.0,5,0,1,0,0,0
Vikram Sharma,+91-00000-90338,1969-05-22,524003,0,56,M,66.2,60.0,3,0,1,0,0,0
Kavya Nair,+91-00000-56241,1950-10-21,524201,0,74,M,75.2,77.0,6,0,0,0,0,0
Ganesh Naidu,+91-00000-67503,1954-03-03,524301,1,71,F,77.7,,5,0,0,0,0,0
Kavya Khan,+91-00000-54094,1993-01-04,524201,1,32,F,60.2,,2,1,0,1,0,0
Kavya Singh,+91-00000-52573,1959-11-09,524301,1,65,F,61.0,62.0,4,0,1,1,0,0
Divya Singh,+91-00000-96475,1953-03-31,524121,0,72,M,77.9,82.0,5,1,0,0,0,0
Diya Das,+91-00000-58643,1957-08-15,524002,0,67,M,50.3,106.0,3,1,0,0,1,0
Anjali Naidu,+91-00000-71299,1948-10-01,524137,1,76,F,53.4,46.0,8,1,0,0,0,1
Priya Patel,+91-00000-65033,1951-01-06,524002,0,74,M,75.2,63.0,5,0,1,0,1,0
Anjali Naidu,+91-00000-17650,1963-05-12,524137,0,62,F,61.4,71.0,4,1,0,0,0,0
Divya Nair,+91-00000-86072,1963-08-05,524137,1,61,M,70.3,87.0,5,0,0,0,0,0
Priya Patel,+91-00000-17898,1992-10-08,524301,0,32,M,72.8,130.0,2,1,0,0,0,0
Anjali Iyer,+91-00000-36977,1952-02-20,524003,0,73,M,65.8,71.0,5,1,0,0,0,0
Ravi Singh,+91-00000-79969,1931-01-24,524101,0,94,M,59.1,63.0,4,0,1,0,1,0
Vikram Singh,+91-00000-66517,1958-04-22,524101,0,67,M,60.4,80.0,7,0,0,0,0,0
Rahul Nair,+91-00000-53095,1960-09-19,524001,0,64,M,77.8,68.0,5,1,0,0,0,0
Naveen Khan,+91-00000-60084,1959-08-28,524101,0,65,M,78.9,76.0,2,0,0,0,0,0
Kiran Rao,+91-00000-60939,1958-06-14,524201,0,67,M,56.0,74.0,7,0,0,0,0,0
Lakshmi Das,+91-00000-76390,1960-02-23,524003,0,65,F,58.2,39.0,6,1,0,0,0,1
Meena Khan,+91-00000-24361,1964-02-19,524121,1,61,M,47.9,72.0,2,0,0,0,0,0
Swathi Iyer,+91-00000-77763,1986-07-23,524001,1,38,M,74.4,104.0,4,0,1,0,0,0
Priya Sharma,+91-00000-29445,1975-12-10,524121,1,49,M,64.4,74.0,5,0,1,0,1,1
Anjali Singh,+91-00000-11026,1959-09-23,524201,0,65,F,40.5,87.0,4,0,1,0,0,0
Kiran Nair,+91-00000-46303,1947-04-07,524121,0,78,F,53.8,86.0,8,0,1,0,0,0
Swathi Naidu,+91-00000-16241,1983-04-29,524003,0,42,M,52.5,84.0,4,1,1,0,0,0
Aarav Rao,+91-00000-81443,1961-05-17,524201,0,64,M,66.3,83.0,6,0,0,0,0,0
Kavya Reddy,+91-00000-57111,1947-06-18,524137,1,78,M,60.9,59.0,5,1,0,0,0,0
Diya Patel,+91-00000-67587,1953-03-26,524201,0,72,M,85.2,78.0,4,0,0,0,0,0
Rahul Khan,+91-00000-80834,1975-08-06,524101,1,49,F,63.5,,4,0,0,0,0,0
Anjali Khan,+91-00000-79801,1962-10-05,524003,0,62,F,41.3,101.0,5,0,0,0,0,0
Pooja Singh,+91-00000-98205,1957-01-13,524301,0,68,M,66.4,91.0,6,0,1,0,1,0
Kiran Iyer,+91-00000-91587,1963-06-19,524201,1,62,F,58.2,39.0,3,1,0,0,1,0
Ravi Singh,+91-00000-32843,1949-02-17,524002,1,76,F,59.0,,3,0,0,0,0,0
Anjali Reddy,+91-00000-67906,1971-12-17,524121,0,53,F,51.3,73.0,4,1,1,1,0,0
Divya Patel,+91-00000-83155,1990-10-05,524137,0,34,M,65.3,124.0,3,0,0,0,0,0
Priya Reddy,+91-00000-30683,1954-07-19,524001,1,70,M,55.2,56.0,5,1,1,0,0,0
Sita Naidu,+91-00000-80213,1974-07-11,524101,0,50,F,40.7,100.0,4,0,1,0,0,0
Anjali Rao,+91-00000-55873,1963-08-30,524101,0,61,M,62.8,87.0,8,0,0,0,0,0
Divya Rao,+91-00000-71961,1959-10-17,524121,0,65,M,69.2,85.0,6,1,0,0,0,0
Naveen Naidu,+91-00000-37522,1970-10-29,524201,0,54,F,62.2,,2,0,0,0,0,0
Manoj Naidu,+91-00000-56198,1956-11-06,524003,1,68,F,63.9,,6,0,0,0,0,0
Sita Singh,+91-00000-14190,1959-05-11,524101,1,66,M,71.4,,6,0,1,0,0,0
Meena Das,+91-00000-59977,1977-08-24,524137,0,47,F,57.7,119.0,7,0,0,1,0,0
Vikram Sharma,+91-00000-23068,1962-04-24,524201,0,63,F,58.0,92.0,4,0,0,0,0,0
Divya Naidu,+91-00000-17520,1959-04-06,524003,1,66,F,70.7,,5,0,0,0,0,0
Aarav Rao,+91-00000-19963,1972-09-02,524201,1,52,M,56.8,72.0,6,1,1,1,0,1
Anjali Singh,+91-00000-29062,1962-04-02,524301,1,63,M,73.0,70.0,4,0,0,1,0,0
Naveen Rao,+91-00000-93887,1965-12-01,524201,0,59,M,90.3,70.0,4,1,0,0,0,0
Rahul Das,+91-00000-18506,1964-04-19,524002,0,61,M,73.6,71.0,5,1,1,0,0,1
Rahul Khan,+91-00000-79673,1955-12-28,524137,1,69,F,54.5,69.0,6,0,1,0,0,0
Suresh Rao,+91-00000-56697,1954-09-04,524301,1,70,F,60.7,76.0,6,1,0,0,0,0
Lakshmi Iyer,+91-00000-69051,1958-05-10,524003,0,67,F,35.0,89.0,5,0,0,0,0,0
Divya Reddy,+91-00000-93226,1977-04-09,524002,1,48,F,47.9,,4,0,0,0,0,0
Arjun Patel,+91-00000-28066,1953-06-21,524003,0,72,M,71.8,67.0,6,0,0,0,0,0
Meena Patel,+91-00000-54640,1969-03-05,524137,1,56,M,58.8,64.0,8,0,1,1,0,0
Priya Das,+91-00000-33854,1965-04-06,524121,0,60,F,46.1,55.0,3,0,0,1,0,1
Pooja Nair,+91-00000-34724,1965-06-10,524001,1,60,M,63.2,64.0,4,1,1,0,0,0
Ganesh Sharma,+91-00000-67786,1962-08-16,524101,1,62,M,63.3,,3,1,0,0,1,0
Naveen Singh,+91-00000-78639,1965-10-06,524001,0,59,F,52.2,49.0,12,0,0,0,0,1
Priya Sharma,+91-00000-69760,1955-10-22,524001,0,69,M,60.0,46.0,6,1,0,0,0,0
Anjali Singh,+91-00000-66839,1966-10-20,524201,1,58,M,81.5,83.0,5,0,0,1,0,0
Kavya Sharma,+91-00000-67060,1955-05-20,524101,1,70,M,50.6,42.0,11,0,0,0,0,0
Aarav Singh,+91-00000-84650,1964-12-24,524002,1,60,F,76.7,,3,0,0,0,0,0
Vikram Nair,+91-00000-22442,1945-11-11,524201,1,79,F,65.4,,7,1,1,1,0,0
Aarav Singh,+91-00000-73391,1949-08-27,524003,1,75,M,68.5,65.0,3,0,0,0,0,0
Priya Nair,+91-00000-68438,1983-12-27,524101,1,41,F,50.9,77.0,5,0,0,0,0,0
Kavya Reddy,+91-00000-70049,1940-07-23,524301,1,84,M,59.0,88.0,7,1,1,1,0,0
Ravi Naidu,+91-00000-49556,1978-01-01,524003,0,47,M,52.2,103.0,3,0,0,0,0,0
Arjun Iyer,+91-00000-53686,1957-10-15,524003,0,67,F,48.6,57.0,4,0,1,0,0,0
Sita Rao,+91-00000-49283,1983-03-12,524003,0,42,F,60.1,121.0,6,0,1,0,0,0
Kiran Khan,+91-00000-42267,1960-11-13,524301,0,64,F,52.4,68.0,5,0,0,0,0,0
Lakshmi Rao,+91-00000-62644,1968-01-04,524137,0,57,M,63.6,130.0,5,1,0,0,0,0
Swathi Rao,+91-00000-17075,1973-08-28,524137,0,51,F,60.0,87.0,5,0,0,1,0,0
Rahul Naidu,+91-00000-30540,1957-01-24,524201,1,68,F,55.5,,7,0,0,0,1,0
Anjali Naidu,+91-00000-81433,1971-01-05,524101,1,54,M,76.4,,7,0,0,1,0,0
Kiran Singh,+91-00000-69135,1965-03-23,524003,0,60,F,60.7,82.0,3,0,1,0,0,0
Kiran Das,+91-00000-61944,1970-08-09,524121,0,54,F,45.2,92.0,2,0,0,0,0,0
Lakshmi Singh,+91-00000-48070,1948-10-22,524002,1,76,M,59.0,35.0,4,0,1,0,0,0
Priya Nair,+91-00000-94295,1969-08-21,524001,0,55,F,66.4,108.0,2,0,0,0,0,0
Diya Nair,+91-00000-66024,1970-04-10,524003,0,55,F,70.0,69.0,7,0,0,0,0,0
Arjun Khan,+91-00000-65043,1988-05-12,524101,0,37,M,63.4,104.0,4,1,0,0,0,0
Divya Rao,+91-00000-29463,1963-06-04,524121,1,62,M,72.4,,5,0,1,0,0,0
Kiran Naidu,+91-00000-32700,1974-02-25,524121,0,51,F,74.1,100.0,4,0,0,0,0,0
Ganesh Sharma,+91-00000-23876,1970-12-08,524101,1,54,M,85.3,,2,0,1,0,0,0
Anjali Khan,+91-00000-31727,1964-10-07,524137,1,60,M,72.7,79.0,9,0,0,0,0,0
Naveen Das,+91-00000-11298,1953-09-24,524003,0,71,F,47.7,71.0,9,1,0,1,0,1
Pooja Das,+91-00000-46861,1961-03-26,524003,0,64,F,64.6,102.0,5,0,1,0,0,0
Suresh Khan,+91-00000-85749,1981-09-16,524003,0,43,M,60.2,116.0,3,0,1,0,0,0
Sita Naidu,+91-00000-73404,1962-06-14,524301,0,63,F,52.1,97.0,5,1,0,0,0,0
Anjali Naidu,+91-00000-44762,1952-09-27,524121,0,72,M,56.9,98.0,6,0,0,0,0,0
Pooja Nair,+91-00000-55290,1964-08-11,524001,1,60,F,35.0,,5,0,1,0,0,0
Meena Khan,+91-00000-70436,1947-04-15,524001,1,78,F,47.6,45.0,7,0,0,0,0,0
Rahul Nair,+91-00000-35343,1975-06-03,524201,1,50,M,87.2,,5,0,0,0,0,0
Meena Iyer,+91-00000-67207,1962-09-08,524003,0,62,F,50.3,84.0,7,0,1,0,0,0
Sita Singh,+91-00000-49618,1985-11-09,524002,0,39,F,40.8,110.0,6,0,0,1,0,0
Sita Iyer,+91-00000-48223,1943-10-25,524101,0,81,M,71.4,79.0,5,0,0,0,0,0
Arjun Iyer,+91-00000-69106,1942-05-23,524137,0,83,M,73.3,61.0,9,1,1,0,0,0
Meena Sharma,+91-00000-10796,1979-05-20,524301,1,46,F,65.2,64.0,4,0,0,1,1,0
Divya Nair,+91-00000-27438,1953-09-19,524001,1,71,F,75.9,,6,1,1,0,0,0
Suresh Sharma,+91-00000-69272,1952-07-03,524001,0,72,M,80.0,36.0,3,0,1,0,0,0
Rahul Nair,+91-00000-81008,1947-02-18,524201,0,78,M,74.1,62.0,6,0,0,0,0,0
Aarav Singh,+91-00000-10436,1938-03-17,524121,1,87,F,58.1,,6,1,0,0,0,0
Swathi Iyer,+91-00000-21407,1967-12-06,524002,0,57,F,54.0,77.0,6,0,0,0,0,0
Ganesh Sharma,+91-00000-99080,1987-12-23,524003,0,37,F,52.7,81.0,4,0,0,0,0,0
Lakshmi Nair,+91-00000-50080,1998-11-20,524201,0,26,F,69.3,124.0,3,1,0,0,0,0
Ganesh Naidu,+91-00000-93897,1961-04-28,524201,0,64,F,58.0,70.0,7,0,1,0,0,0
Ravi Khan,+91-00000-84062,1966-03-11,524301,1,59,M,66.9,,6,0,1,1,0,0
Priya Nair,+91-00000-59449,1958-07-28,524101,0,66,F,57.8,66.0,8,0,0,0,0,0
Swathi Rao,+91-00000-54703,1948-02-06,524121,0,77,F,44.5,64.0,5,0,1,0,0,0
Swathi Iyer,+91-00000-31988,1946-06-05,524137,1,79,M,60.7,70.0,10,1,0,0,0,0
Divya Nair,+91-00000-41655,1956-09-11,524001,0,68,F,62.2,78.0,5,0,0,0,0,0
Meena Sharma,+91-00000-23479,1962-01-06,524002,0,63,F,63.3,69.0,5,0,0,0,0,0
Kavya Patel,+91-00000-55123,1985-02-02,524121,1,40,F,55.7,84.0,4,0,0,0,0,0
Suresh Sharma,+91-00000-23983,1956-10-04,524001,0,68,M,39.2,82.0,4,0,0,0,0,0
Lakshmi Rao,+91-00000-33602,1967-12-18,524001,1,57,F,79.4,,1,1,0,0,0,0
Arjun Singh,+91-00000-50680,1953-06-15,524001,1,72,M,65.3,58.0,4,1,1,0,0,0
Kiran Nair,+91-00000-12152,1976-07-02,524101,1,48,M,70.8,,5,0,1,0,0,1
Anjali Iyer,+91-00000-76527,1945-10-09,524001,1,79,M,75.4,,4,1,0,0,0,0
Rahul Reddy,+91-00000-33433,1967-10-29,524003,1,57,F,58.1,100.0,4,0,0,0,1,0
Diya Reddy,+91-00000-77979,1965-02-24,524002,1,60,M,54.3,75.0,6,1,0,0,0,0
Ganesh Rao,+91-00000-69761,1967-05-09,524003,1,58,M,70.5,,5,0,0,0,0,0
Ganesh Naidu,+91-00000-23862,1969-08-24,524001,1,55,M,59.9,,7,0,1,0,0,0
Sita Reddy,+91-00000-60981,1982-04-17,524101,0,43,F,40.8,94.0,6,0,0,0,0,0
Anjali Patel,+91-00000-54233,1978-11-26,524003,0,46,M,70.3,105.0,4,0,0,1,0,0
Rahul Rao,+91-00000-84497,1961-06-11,524301,0,64,M,58.9,75.0,4,0,0,0,0,0
Arjun Patel,+91-00000-38545,1971-03-12,524201,1,54,F,52.0,,5,0,0,0,0,0
Arjun Naidu,+91-00000-92823,1938-09-13,524101,0,86,F,60.8,75.0,9,0,1,1,1,1
Anjali Sharma,+91-00000-92343,1948-11-07,524101,0,76,F,53.0,103.0,6,0,0,0,0,0
Suresh Rao,+91-00000-49727,1955-02-17,524201,0,70,F,45.0,77.0,5,0,0,0,0,0
Swathi Sharma,+91-00000-14310,1960-01-27,524003,0,65,F,42.4,89.0,10,0,0,0,0,0
Kavya Sharma,+91-00000-61320,1962-10-30,524121,0,62,M,54.0,70.0,6,0,1,0,0,0
Suresh Naidu,+91-00000-79060,1979-02-17,524121,0,46,M,76.3,114.0,5,1,0,1,0,0
Ganesh Khan,+91-00000-27347,1971-03-08,524001,0,54,F,46.4,109.0,5,0,0,0,0,0
Priya Nair,+91-00000-21524,1948-06-15,524101,0,77,M,62.4,66.0,8,0,0,0,0,0
Ravi Das,+91-00000-65986,1960-01-14,524003,1,65,M,61.5,55.0,6,0,0,0,1,0
Kavya Das,+91-00000-10696,1952-02-11,524121,1,73,F,49.0,73.0,5,0,0,0,0,0
Divya Nair,+91-00000-21339,1974-01-02,524121,0,51,M,59.9,91.0,4,0,1,1,0,0
Ravi Reddy,+91-00000-42162,1979-01-20,524101,0,46,M,84.3,97.0,5,0,1,0,0,0
Swathi Rao,+91-00000-84471,1972-01-15,524301,1,53,F,57.3,89.0,6,0,0,0,0,0
Manoj Reddy,+91-00000-79914,1964-05-09,524101,0,61,M,70.4,71.0,6,0,0,0,0,0
Arjun Khan,+91-00000-65300,1964-08-28,524101,0,60,F,46.1,98.0,6,0,0,0,0,0
Priya Iyer,+91-00000-27490,1942-01-28,524002,0,83,F,66.2,78.0,4,0,0,0,0,0
Vikram Naidu,+91-00000-54451,1982-09-03,524301,1,42,M,100.2,,4,0,0,0,1,0
Divya Sharma,+91-00000-26530,1980-02-11,524201,1,45,M,73.2,,2,0,0,0,0,0
Ganesh Das,+91-00000-61939,1980-03-28,524101,0,45,M,74.3,95.0,3,0,0,0,0,0
Vikram Das,+91-00000-95112,1944-10-18,524121,1,80,F,53.4,,4,1,1,1,0,1
Sita Nair,+91-00000-73131,1956-12-02,524101,0,68,F,66.5,76.0,3,1,1,0,0,0
Manoj Khan,+91-00000-67409,1961-12-15,524101,1,63,F,41.3,,7,1,0,1,0,1
Kiran Rao,+91-00000-51780,1971-05-16,524003,0,54,F,56.8,,5,0,0,0,0,0
Sita Nair,+91-00000-80828,1958-11-04,524003,1,66,F,69.7,64.0,3,0,0,0,0,0
Naveen Das,+91-00000-35495,1959-03-28,524003,1,66,M,96.3,83.0,5,0,1,0,0,0
Ganesh Rao,+91-00000-13033,1957-09-25,524001,1,67,F,59.2,109.0,4,0,0,0,0,0
Kiran Das,+91-00000-77980,1956-10-05,524301,1,68,F,55.4,,7,0,0,0,0,0
Swathi Rao,+91-00000-17002,1960-10-17,524101,0,64,M,61.8,,3,0,0,0,0,0
Suresh Nair,+91-00000-11998,1951-02-09,524137,1,74,M,57.5,,4,1,0,1,0,0
Kiran Nair,+91-00000-17421,1996-01-12,524301,0,29,M,76.8,106.0,3,0,0,0,0,0
Arjun Iyer,+91-00000-10140,1959-11-08,524137,0,65,F,78.1,84.0,6,1,0,0,0,0
Priya Khan,+91-00000-64511,1960-10-30,524002,0,64,F,73.3,106.0,4,1,0,0,0,0
Divya Reddy,+91-00000-17983,1935-07-27,524101,0,89,M,62.7,64.0,8,0,0,0,0,0
Arjun Khan,+91-00000-45075,1958-08-26,524301,0,66,M,65.6,76.0,4,0,0,0,0,1
Ganesh Khan,+91-00000-67702,1951-08-05,524002,0,73,F,77.3,39.0,7,0,1,0,0,0
Kavya Patel,+91-00000-56141,1991-03-08,524101,0,34,M,56.0,112.0,5,0,1,0,0,0
Divya Khan,+91-00000-27582,1955-11-06,524002,0,69,F,46.5,108.0,5,0,0,0,0,0
Sita Naidu,+91-00000-45111,1974-06-04,524201,0,51,M,72.7,80.0,3,0,1,1,0,0
Kiran Singh,+91-00000-26507,1951-05-09,524301,1,74,F,43.7,69.0,5,0,0,0,0,0
Manoj Singh,+91-00000-94399,1965-06-06,524201,0,60,M,71.2,79.0,6,0,0,1,0,0
Arjun Das,+91-00000-72075,1972-11-25,524101,1,52,F,70.7,,5,0,1,0,0,0
Ravi Sharma,+91-00000-84357,1957-06-17,524201,0,68,F,40.7,98.0,6,0,0,1,0,0
Ganesh Patel,+91-00000-91424,1969-01-17,524137,0,56,F,54.2,105.0,5,0,0,0,0,0
Naveen Khan,+91-00000-57639,1954-12-21,524001,0,70,F,51.7,54.0,8,0,0,0,0,0
Anjali Rao,+91-00000-70773,2002-06-01,524001,0,23,F,47.6,135.0,3,0,0,1,0,0
Sita Singh,+91-00000-50261,1958-04-24,524121,0,67,M,86.0,103.0,6,1,0,0,0,0
Diya Sharma,+91-00000-73137,1940-11-01,524003,0,84,F,44.6,77.0,5,0,0,1,0,0
Manoj Singh,+91-00000-39273,1965-09-30,524301,1,59,F,54.9,,6,0,1,0,0,0
Priya Naidu,+91-00000-16398,1946-10-20,524101,0,78,F,58.1,79.0,6,1,0,0,0,0
Vikram Naidu,+91-00000-78024,1950-05-12,524121,1,75,M,67.9,57.0,5,0,1,0,0,0
Kiran Reddy,+91-00000-97965,1963-01-05,524002,1,62,F,66.1,,5,1,0,1,0,1
Arjun Rao,+91-00000-34046,1954-04-21,524001,1,71,M,55.9,53.0,9,0,0,0,0,0
Naveen Das,+91-00000-78362,1939-02-25,524201,0,86,M,65.1,68.0,9,0,0,0,0,0
Kiran Das,+91-00000-26767,1994-04-12,524137,1,31,M,65.1,74.0,5,0,0,0,0,0
Priya Singh,+91-00000-59061,1955-04-25,524001,0,70,M,71.0,81.0,6,0,1,0,0,0
Priya Nair,+91-00000-69296,1962-04-26,524301,1,63,F,51.5,60.0,4,0,0,0,0,0
Arjun Reddy,+91-00000-77690,1940-12-18,524001,0,84,M,78.8,83.0,6,1,0,0,0,0
Suresh Sharma,+91-00000-24503,1964-04-24,524003,0,61,M,67.1,73.0,4,0,0,0,0,1
Naveen Sharma,+91-00000-71470,1930-05-10,524003,1,95,M,84.4,8.0,7,0,0,0,0,0
Meena Nair,+91-00000-43192,1957-05-01,524002,0,68,M,57.0,48.0,8,1,0,0,0,0
Diya Reddy,+91-00000-29000,1962-07-27,524121,0,62,F,58.6,28.0,8,0,1,0,0,1
Anjali Reddy,+91-00000-96821,1967-12-19,524137,0,57,M,81.8,79.0,5,0,0,0,0,0
Sita Khan,+91-00000-85174,1970-08-27,524003,1,54,F,59.8,87.0,8,0,1,1,0,1
Arjun Sharma,+91-00000-28889,1975-04-03,524001,1,50,M,66.0,,5,0,1,0,0,0
Anjali Singh,+91-00000-98017,1969-04-25,524121,0,56,M,59.9,76.0,8,0,0,0,0,0
Diya Reddy,+91-00000-26033,1961-03-06,524201,0,64,F,67.1,,7,0,0,0,0,0
Lakshmi Iyer,+91-00000-21003,1955-02-03,524001,1,70,M,47.6,73.0,5,0,1,0,0,0
Kiran Sharma,+91-00000-23860,1973-06-30,524301,1,52,M,69.2,114.0,6,0,0,0,0,0
Rahul Sharma,+91-00000-42081,1957-04-23,524002,1,68,F,58.4,90.0,4,0,0,0,1,0
Swathi Naidu,+91-00000-99459,1975-12-06,524002,0,49,M,59.7,116.0,3,0,1,0,0,0
Sita Iyer,+91-00000-63953,1961-08-28,524301,0,63,F,69.3,95.0,3,0,0,0,0,0
Suresh Das,+91-00000-65328,1984-03-15,524121,0,41,M,84.4,108.0,3,0,0,0,0,0
Lakshmi Das,+91-00000-89624,1948-02-02,524002,1,77,M,77.2,94.0,5,0,0,0,0,0
Rahul Naidu,+91-00000-15042,1947-09-12,524002,0,77,M,61.6,44.0,7,0,0,0,0,0
Pooja Sharma,+91-00000-68637,1968-05-17,524301,1,57,M,78.5,72.0,4,0,0,0,0,0
Lakshmi Khan,+91-00000-59803,1970-12-07,524201,0,54,F,52.9,92.0,9,0,1,0,0,0
Manoj Naidu,+91-00000-53213,1951-04-04,524002,0,74,M,41.3,60.0,7,0,0,1,0,0
Kavya Reddy,+91-00000-26990,1971-01-20,524201,1,54,F,53.6,62.0,3,1,0,0,0,0
Kavya Khan,+91-00000-38844,1945-12-31,524301,0,79,M,74.1,73.0,6,1,0,1,0,0
Sita Das,+91-00000-17462,1965-05-07,524137,0,60,F,55.7,84.0,4,1,0,0,0,0
Ganesh Sharma,+91-00000-77634,1961-05-10,524101,0,64,F,44.3,76.0,6,0,0,1,1,0
Pooja Patel,+91-00000-92643,1951-02-12,524003,1,74,M,78.8,77.0,5,0,0,0,0,0
Anjali Nair,+91-00000-86471,1955-10-18,524001,1,69,M,68.0,,2,1,0,1,0,0
Lakshmi Reddy,+91-00000-69106,1931-08-11,524137,0,93,M,66.4,88.0,9,0,0,0,0,0
Swathi Patel,+91-00000-73875,1948-04-15,524001,1,77,M,81.2,,5,0,1,0,0,0
Arjun Patel,+91-00000-98329,1947-03-25,524101,0,78,M,60.5,85.0,9,0,1,0,0,0
Arjun Sharma,+91-00000-45631,1962-03-22,524137,0,63,M,71.2,66.0,6,0,0,1,0,1
Rahul Nair,+91-00000-97715,1936-05-02,524121,0,89,F,46.8,55.0,6,0,1,1,0,0
Naveen Iyer,+91-00000-79579,1966-10-13,524003,1,58,M,79.0,90.0,5,1,0,1,0,0
Rahul Iyer,+91-00000-74915,1975-03-30,524003,0,50,M,61.7,84.0,2,0,1,1,0,0
Kavya Reddy,+91-00000-27652,1960-11-13,524003,0,64,F,53.2,113.0,3,0,0,1,0,0
Anjali Rao,+91-00000-17292,1977-09-19,524101,0,47,F,71.3,,5,0,0,1,0,0
Ganesh Reddy,+91-00000-87432,1962-04-15,524002,1,63,F,52.3,,7,0,0,1,0,0
Kavya Sharma,+91-00000-38322,1964-11-06,524001,1,60,M,89.4,74.0,2,0,0,0,0,0
Kiran Rao,+91-00000-64816,1977-11-12,524003,0,47,F,66.8,117.0,6,1,0,1,0,0
Arjun Nair,+91-00000-95143,1938-05-07,524201,1,87,M,73.9,43.0,4,1,0,0,0,0
Aarav Khan,+91-00000-86363,1954-12-20,524001,0,70,M,76.6,80.0,4,0,0,0,0,0
Ravi Das,+91-00000-90171,1956-11-28,524137,1,68,M,44.0,72.0,3,0,0,0,0,0
Manoj Iyer,+91-00000-14808,1969-07-17,524301,1,55,F,66.7,,3,1,0,0,0,0
Divya Sharma,+91-00000-21868,1971-12-21,524003,1,53,F,53.9,85.0,1,0,0,0,1,0
Vikram Das,+91-00000-74768,1938-05-16,524001,1,87,M,82.5,67.0,8,1,0,1,0,1
Arjun Patel,+91-00000-58093,1956-04-26,524121,0,69,M,52.4,98.0,4,0,0,0,0,0
Divya Iyer,+91-00000-48028,1979-03-18,524002,1,46,M,72.1,,4,1,0,0,0,0
Kiran Khan,+91-00000-91671,1961-09-01,524003,0,63,M,64.6,63.0,2,0,0,0,0,0
Suresh Patel,+91-00000-18685,1974-03-20,524201,1,51,F,51.0,,6,0,1,0,0,0
Manoj Patel,+91-00000-72017,1929-12-28,524003,1,95,F,63.6,,10,0,0,0,0,0
Anjali Patel,+91-00000-94570,1998-02-06,524121,1,27,F,47.4,97.0,2,0,0,0,0,0
Suresh Iyer,+91-00000-80173,1982-01-14,524101,0,43,M,52.9,88.0,3,0,1,0,0,0
Swathi Rao,+91-00000-30199,1949-12-14,524121,1,75,F,40.8,56.0,5,0,1,1,0,1
Anjali Patel,+91-00000-69569,1966-06-18,524003,1,59,F,56.4,74.0,7,0,0,1,0,0
Naveen Iyer,+91-00000-14023,2001-08-26,524002,0,23,M,72.3,116.0,2,0,0,0,0,0
Kavya Khan,+91-00000-14996,1963-01-27,524137,0,62,F,53.7,98.0,6,0,1,0,0,0
Pooja Khan,+91-00000-46612,1981-08-11,524201,0,43,F,60.5,82.0,4,1,1,0,0,0
Rahul Reddy,+91-00000-88340,1966-07-25,524301,0,58,M,59.7,89.0,3,1,0,0,0,0
Kavya Rao,+91-00000-49666,1952-04-11,524137,1,73,M,58.0,,5,1,1,0,0,0
Vikram Rao,+91-00000-53260,1971-07-24,524137,0,53,F,37.2,106.0,4,1,0,0,0,0
Arjun Reddy,+91-00000-74390,1958-05-12,524101,0,67,F,38.3,63.0,3,1,1,0,0,0
Ravi Iyer,+91-00000-25283,1979-07-27,524002,1,45,M,73.2,99.0,2,0,0,0,0,0
Diya Rao,+91-00000-92331,1976-06-06,524121,0,49,F,64.1,98.0,5,0,1,0,0,0
Naveen Khan,+91-00000-62618,1971-10-14,524002,1,53,F,52.0,78.0,4,0,1,0,0,0
Priya Naidu,+91-00000-90099,1954-03-13,524003,0,71,M,76.2,80.0,3,1,0,0,0,0
Lakshmi Khan,+91-00000-12513,1967-08-29,524121,1,57,M,82.1,96.0,4,1,0,0,0,0
Lakshmi Patel,+91-00000-18173,1947-10-02,524301,0,77,M,56.5,76.0,5,0,0,0,0,0
Swathi Iyer,+91-00000-92240,1953-09-17,524301,0,71,F,47.0,75.0,7,1,0,0,0,0
Manoj Sharma,+91-00000-59035,1930-05-06,524101,0,95,M,65.0,,4,0,1,0,0,0
Arjun Reddy,+91-00000-12488,1980-05-01,524137,1,45,M,66.7,,5,0,0,0,0,0
Suresh Reddy,+91-00000-29941,1955-11-29,524003,0,69,F,62.3,114.0,3,1,0,1,0,0
Manoj Rao,+91-00000-64163,1962-01-03,524201,0,63,F,51.2,91.0,3,1,0,0,0,0
Diya Rao,+91-00000-19805,1961-02-04,524002,0,64,M,69.3,71.0,3,0,0,0,0,0
Anjali Patel,+91-00000-80298,1967-04-04,524101,0,58,F,48.5,120.0,8,0,0,0,0,0
Naveen Iyer,+91-00000-79602,1956-02-06,524301,0,69,F,60.1,70.0,5,0,1,0,0,0
Sita Sharma,+91-00000-88791,1943-06-01,524101,0,82,F,52.6,75.0,9,0,1,0,0,0
Divya Rao,+91-00000-74069,1946-06-15,524003,0,79,F,67.1,,6,0,0,0,0,0
Manoj Singh,+91-00000-92331,1965-05-28,524001,1,60,F,56.3,47.0,2,0,1,0,0,0
Anjali Iyer,+91-00000-38734,1970-08-13,524002,0,54,M,85.2,95.0,4,1,0,0,0,0
Sita Das,+91-00000-57546,1964-04-01,524001,0,61,F,66.5,68.0,5,1,1,1,1,1
Swathi Naidu,+91-00000-91956,1950-04-08,524201,1,75,M,68.3,89.0,7,1,0,0,0,0
Suresh Patel,+91-00000-65944,1954-10-20,524101,0,70,M,59.6,98.0,2,0,0,0,0,0
Manoj Nair,+91-00000-47962,1964-01-26,524001,0,61,M,67.0,76.0,9,0,1,0,0,0
Aarav Das,+91-00000-45053,1962-05-31,524201,1,63,M,64.3,,5,0,0,0,0,0
Priya Reddy,+91-00000-72225,1963-10-07,524002,0,61,F,54.8,121.0,6,0,0,0,0,0
Kavya Rao,+91-00000-78790,1964-03-11,524001,0,61,M,58.8,72.0,2,0,0,0,0,0
Suresh Iyer,+91-00000-44789,1974-10-19,524001,1,50,M,60.4,,5,0,0,0,1,0
Divya Rao,+91-00000-48588,1971-06-30,524301,0,54,M,59.1,125.0,9,0,1,0,0,0
Sita Rao,+91-00000-37550,1957-09-03,524121,0,67,M,64.2,71.0,7,1,0,0,0,0
Rahul Rao,+91-00000-70787,1938-12-01,524101,0,86,M,64.1,58.0,8,0,0,0,0,0
Naveen Naidu,+91-00000-76960,1945-07-05,524301,0,79,M,55.8,,6,0,0,1,0,1
Naveen Reddy,+91-00000-91860,1965-08-15,524201,0,59,M,68.7,112.0,6,1,0,0,0,0
Pooja Singh,+91-00000-15276,1952-10-11,524121,0,72,F,55.1,88.0,2,0,0,0,0,0
Suresh Reddy,+91-00000-69540,1971-12-19,524002,1,53,F,45.5,95.0,4,0,0,0,0,0
Ganesh Naidu,+91-00000-64799,1947-01-07,524137,0,78,M,66.1,43.0,8,0,1,0,0,0
Kavya Das,+91-00000-37407,1960-07-20,524121,0,64,M,58.8,88.0,9,0,0,0,0,0
Sita Naidu,+91-00000-91430,1964-05-14,524137,0,61,M,68.2,83.0,2,0,0,0,0,0
Sita Rao,+91-00000-69879,1988-09-13,524201,1,36,M,63.2,,6,1,1,0,0,1
Swathi Sharma,+91-00000-73309,1967-07-26,524003,0,57,F,67.4,96.0,7,1,0,0,0,0
Manoj Nair,+91-00000-26786,1954-04-08,524301,1,71,F,71.8,79.0,8,1,0,0,0,0
Aarav Reddy,+91-00000-46606,1968-12-21,524201,0,56,M,66.0,63.0,4,0,1,0,0,0
Anjali Sharma,+91-00000-37732,1931-01-02,524137,0,94,F,51.1,,7,0,1,0,0,0
Kiran Sharma,+91-00000-29249,1959-03-17,524121,0,66,M,87.5,64.0,4,1,0,0,0,0
Ganesh Naidu,+91-00000-38468,1937-08-17,524003,1,87,M,67.2,,4,0,0,1,0,0
Ravi Naidu,+91-00000-67339,1958-11-24,524121,0,66,M,77.1,75.0,4,0,0,0,0,0
Lakshmi Das,+91-00000-42284,1964-07-02,524137,0,60,F,69.1,,5,1,0,0,0,0
Divya Patel,+91-00000-97778,1937-06-12,524301,1,88,M,65.6,35.0,4,0,0,0,0,0
Suresh Sharma,+91-00000-40908,1981-07-06,524001,0,43,M,66.9,98.0,4,0,0,0,0,0
Ravi Nair,+91-00000-59841,1966-07-14,524121,0,58,F,62.5,93.0,2,0,0,0,0,0
Rahul Rao,+91-00000-64552,1943-08-27,524003,0,81,F,60.1,54.0,5,0,0,0,0,0
Ravi Singh,+91-00000-73793,1951-08-27,524121,1,73,M,66.4,,4,0,0,0,0,0
Manoj Naidu,+91-00000-93890,1954-10-25,524001,0,70,M,75.9,83.0,4,0,0,0,0,0
Vikram Singh,+91-00000-86524,1963-03-05,524121,1,62,M,49.2,75.0,2,0,0,0,0,0
Priya Iyer,+91-00000-59071,1993-01-01,524001,1,32,M,76.0,113.0,4,0,0,0,0,0
Arjun Khan,+91-00000-81833,1951-08-20,524003,0,73,M,47.5,93.0,11,1,0,0,0,0
Kiran Reddy,+91-00000-20445,1963-02-11,524003,0,62,M,83.9,92.0,8,0,0,0,1,0
Pooja Naidu,+91-00000-76641,1955-10-10,524121,0,69,M,66.4,77.0,4,1,0,0,0,0
Rahul Naidu,+91-00000-87746,1966-07-19,524101,0,58,F,61.1,76.0,4,0,0,0,0,0
Swathi Rao,+91-00000-11999,1946-03-22,524121,0,79,F,53.5,59.0,3,0,0,0,0,1
Pooja Patel,+91-00000-63521,1936-11-04,524101,1,88,F,54.9,,2,1,0,0,0,0
Arjun Iyer,+91-00000-91089,1958-09-04,524002,1,66,F,54.7,,2,0,1,0,0,0
Aarav Das,+91-00000-38540,1961-07-09,524003,0,63,F,35.0,90.0,2,0,0,0,0,0
Kiran Das,+91-00000-80842,1945-09-05,524003,0,79,F,70.4,53.0,5,0,0,1,0,1
Pooja Nair,+91-00000-97495,1952-08-04,524002,1,72,F,47.8,,6,0,0,0,0,0
Swathi Das,+91-00000-82478,1968-06-27,524137,0,57,M,97.2,118.0,5,0,0,0,0,0
Sita Reddy,+91-00000-31124,1948-03-13,524101,0,77,F,57.9,87.0,3,1,0,0,0,0
Anjali Nair,+91-00000-52969,1972-04-04,524121,0,53,F,54.1,112.0,3,1,0,0,0,0
Priya Das,+91-00000-31801,1952-06-04,524101,1,73,M,75.4,74.0,6,0,0,0,0,0
Meena Rao,+91-00000-18712,1966-01-22,524003,0,59,M,71.4,,6,0,1,0,0,0
Naveen Rao,+91-00000-39509,1974-08-22,524101,1,50,F,63.3,76.0,3,1,1,0,0,0
Arjun Naidu,+91-00000-88279,1977-06-06,524121,0,48,F,53.1,68.0,2,1,0,0,0,0
Priya Reddy,+91-00000-16933,1954-01-09,524201,0,71,M,67.8,93.0,4,0,1,0,0,0
Diya Sharma,+91-00000-76466,1980-02-12,524301,0,45,M,75.7,95.0,7,0,0,0,0,0
Rahul Khan,+91-00000-84351,1951-10-23,524003,0,73,F,53.6,47.0,6,1,0,1,0,1
Priya Iyer,+91-00000-25150,1973-08-05,524121,0,51,M,60.3,86.0,6,0,0,0,0,0
Swathi Nair,+91-00000-36684,1996-11-01,524201,0,28,M,57.8,124.0,3,0,1,0,0,0
Suresh Rao,+91-00000-93516,1950-12-31,524121,0,74,F,52.5,77.0,7,0,0,0,0,0
Naveen Iyer,+91-00000-46112,1994-02-07,524101,0,31,M,57.4,107.0,6,1,1,1,0,1
Aarav Khan,+91-00000-74527,1941-05-13,524002,1,84,F,59.9,,5,0,1,0,0,1
Suresh Naidu,+91-00000-18015,1936-02-09,524301,1,89,M,56.2,,7,0,0,0,0,0
Divya Khan,+91-00000-13145,1960-12-24,524137,0,64,F,51.1,86.0,6,0,0,0,1,1
Kavya Rao,+91-00000-35309,1971-08-12,524003,0,53,F,50.4,67.0,4,0,0,1,0,0
Arjun Nair,+91-00000-97251,1974-12-22,524137,1,50,M,45.9,,4,0,0,0,0,0
Anjali Das,+91-00000-48526,1968-02-14,524003,0,57,F,42.6,96.0,4,0,0,0,0,0
Manoj Das,+91-00000-13129,1966-01-08,524137,0,59,F,54.5,94.0,6,1,0,0,0,0
Meena Singh,+91-00000-89162,1970-12-19,524003,0,54,F,59.8,114.0,5,0,0,0,0,0
Diya Rao,+91-00000-46743,1956-08-06,524002,0,68,F,58.6,106.0,3,0,0,0,0,0
Ravi Nair,+91-00000-18709,1930-01-16,524101,1,95,M,92.2,58.0,9,1,0,0,0,0
Kavya Khan,+91-00000-30165,1939-08-08,524301,1,85,M,75.3,70.0,7,1,0,0,0,1
Divya Patel,+91-00000-69680,1976-05-25,524137,0,49,M,48.0,95.0,4,1,1,1,0,1
Pooja Reddy,+91-00000-53654,1976-09-20,524001,1,48,F,56.7,,3,0,0,0,0,0
Rahul Rao,+91-00000-48159,1956-01-01,524201,1,69,M,46.3,,4,0,1,0,0,0
Sita Patel,+91-00000-78578,1963-07-25,524301,0,61,M,75.8,88.0,2,0,1,0,0,0
Rahul Reddy,+91-00000-68012,1967-10-28,524003,0,57,M,67.1,67.0,7,0,0,0,0,0
Manoj Khan,+91-00000-81510,1953-12-31,524001,0,71,M,77.7,60.0,4,0,0,0,0,0
Sita Sharma,+91-00000-26914,1977-01-26,524001,0,48,F,62.3,98.0,3,0,1,0,1,0
Lakshmi Das,+91-00000-94038,1998-01-09,524101,0,27,M,83.5,118.0,1,0,1,0,0,0
Rahul Reddy,+91-00000-44005,1983-05-08,524121,1,42,F,57.7,,2,1,0,0,0,0
Sita Iyer,+91-00000-34854,1966-02-04,524137,0,59,M,62.3,111.0,6,0,1,0,0,0
Rahul Sharma,+91-00000-61800,1946-11-23,524002,1,78,F,69.7,76.0,6,0,0,0,0,0
Ganesh Naidu,+91-00000-44834,1978-07-01,524101,1,47,M,77.0,103.0,4,0,0,0,0,0
Pooja Khan,+91-00000-93725,1944-08-28,524301,1,80,F,58.6,,3,0,1,0,0,0
Anjali Nair,+91-00000-39265,1981-03-03,524121,0,44,F,78.5,100.0,1,0,1,0,0,0
Pooja Reddy,+91-00000-43675,1957-02-19,524201,0,68,F,61.4,51.0,1,0,0,0,0,0
Ravi Sharma,+91-00000-42654,1956-11-03,524003,0,68,M,66.5,85.0,6,1,0,0,0,0
Lakshmi Das,+91-00000-95558,1978-03-29,524003,1,47,M,58.8,68.0,2,0,0,0,0,0
Kiran Rao,+91-00000-66837,1958-04-08,524002,0,67,F,50.7,108.0,9,1,0,0,0,0
Anjali Rao,+91-00000-80443,1951-04-04,524001,0,74,F,62.1,99.0,3,1,0,0,0,0
Rahul Khan,+91-00000-67661,1958-03-06,524001,1,67,M,70.1,83.0,5,0,0,0,0,0
Kavya Khan,+91-00000-76146,1935-02-28,524002,0,90,M,75.2,33.0,4,0,0,0,0,0
Priya Reddy,+91-00000-29280,1962-01-01,524002,1,63,F,56.1,79.0,4,0,1,0,1,0
Naveen Reddy,+91-00000-12240,1952-10-08,524101,0,72,M,65.5,70.0,2,1,0,0,0,0
Pooja Naidu,+91-00000-28897,1962-06-16,524121,0,63,M,66.8,70.0,6,0,0,0,0,0
Kiran Naidu,+91-00000-18225,1973-08-19,524101,0,51,M,87.6,68.0,10,0,0,0,0,1
Swathi Khan,+91-00000-64515,1976-12-06,524121,1,48,M,61.4,,2,0,0,0,0,0
Priya Nair,+91-00000-89998,1967-03-08,524002,0,58,F,54.8,83.0,11,0,0,0,0,0
Priya Reddy,+91-00000-83975,1970-08-29,524137,0,54,F,59.1,93.0,3,0,1,0,0,0
Priya Patel,+91-00000-86221,1963-01-23,524301,0,62,M,60.6,80.0,6,1,0,1,0,0
Swathi Khan,+91-00000-96625,1981-08-12,524101,0,43,M,75.6,70.0,7,1,1,0,0,0
Vikram Khan,+91-00000-70353,1970-01-13,524121,0,55,F,54.6,78.0,7,0,1,1,0,0
Arjun Khan,+91-00000-76670,1976-04-09,524301,1,49,M,49.8,83.0,4,1,1,0,0,0
Pooja Naidu,+91-00000-33632,2006-08-15,524001,1,18,M,77.5,128.0,3,1,1,0,0,0
Aarav Iyer,+91-00000-31746,1964-08-04,524201,1,60,M,69.4,78.0,8,0,1,0,0,0
Rahul Nair,+91-00000-58347,1947-04-05,524001,0,78,M,80.4,59.0,6,1,0,0,0,0
Anjali Iyer,+91-00000-28830,1952-08-22,524121,0,72,M,56.1,64.0,6,0,0,1,0,0
Ganesh Rao,+91-00000-99833,1931-03-06,524301,0,94,F,53.8,44.0,5,0,0,0,0,0
Suresh Singh,+91-00000-31741,1981-06-28,524001,0,44,M,62.2,128.0,4,0,1,0,0,0
Ganesh Rao,+91-00000-86327,1975-11-02,524101,0,49,F,67.0,123.0,4,0,0,0,0,0
Vikram Sharma,+91-00000-77907,1970-01-05,524003,0,55,F,55.9,103.0,4,0,1,0,0,0
Pooja Iyer,+91-00000-73593,1980-06-25,524121,1,45,F,54.1,76.0,2,1,1,0,0,1
Anjali Khan,+91-00000-80782,1956-01-29,524003,1,69,M,80.9,78.0,2,1,1,0,0,0
Arjun Reddy,+91-00000-19526,1961-10-01,524121,1,63,M,72.2,,6,0,1,0,0,0
Arjun Das,+91-00000-19323,1953-05-19,524002,1,72,F,56.8,,6,0,0,0,0,0
Aarav Singh,+91-00000-39254,1974-05-11,524301,1,51,M,52.4,98.0,5,1,1,0,0,0
Diya Naidu,+91-00000-98540,1951-11-17,524002,0,73,F,42.4,81.0,4,0,1,1,0,0
Swathi Naidu,+91-00000-22417,1982-06-21,524001,0,43,F,64.8,97.0,5,0,0,0,0,0
Swathi Rao,+91-00000-71444,1963-03-01,524121,0,62,M,73.6,50.0,3,0,0,0,0,0
Manoj Das,+91-00000-80279,1955-02-28,524001,0,70,F,42.4,94.0,11,1,0,1,0,1
Ganesh Patel,+91-00000-63355,1955-07-30,524101,0,69,F,60.2,75.0,6,0,0,0,0,0
Divya Das,+91-00000-93447,1948-01-03,524001,1,77,F,59.0,91.0,6,0,0,0,0,0
Arjun Rao,+91-00000-77978,1964-09-26,524201,0,60,M,77.6,60.0,3,0,0,0,0,0
Arjun Patel,+91-00000-55101,1974-02-12,524101,1,51,M,54.0,62.0,8,0,0,0,0,0
Manoj Rao,+91-00000-99021,1968-06-06,524137,1,57,M,58.2,85.0,6,1,0,0,0,0
Divya Rao,+91-00000-66444,1946-07-07,524301,0,78,M,64.3,69.0,9,0,0,0,0,0
Kavya Naidu,+91-00000-82073,1960-10-19,524121,0,64,M,61.7,52.0,5,0,0,0,0,0
Swathi Iyer,+91-00000-71834,1958-03-30,524101,0,67,F,54.8,108.0,7,0,1,0,0,0
Diya Patel,+91-00000-78952,1979-04-11,524003,0,46,M,77.5,80.0,5,0,0,0,0,0
Manoj Khan,+91-00000-84874,1969-10-15,524002,0,55,F,43.0,113.0,5,0,0,0,0,0
Kiran Singh,+91-00000-93696,1965-09-25,524001,0,59,M,66.7,102.0,6,1,1,0,0,0
Pooja Naidu,+91-00000-23771,1972-11-04,524201,0,52,M,65.5,92.0,5,1,1,0,0,0
Diya Reddy,+91-00000-80916,1968-02-28,524002,0,57,F,56.1,92.0,3,1,1,0,0,1
Naveen Sharma,+91-00000-54559,1990-11-29,524301,0,34,F,63.3,135.0,7,0,0,1,0,0
Priya Rao,+91-00000-22896,1957-08-09,524301,1,67,M,74.0,68.0,5,0,1,0,0,0
Divya Khan,+91-00000-95523,1956-12-26,524001,1,68,M,59.9,60.0,7,1,1,1,1,1
Ravi Sharma,+91-00000-12668,1968-11-25,524301,0,56,M,73.5,,6,0,0,0,0,0
Sita Reddy,+91-00000-58654,1986-05-06,524301,0,39,F,54.1,120.0,6,1,0,0,0,0
Diya Iyer,+91-00000-18080,1971-08-31,524137,0,53,F,58.0,80.0,2,0,0,0,0,0
Swathi Naidu,+91-00000-29975,1949-11-08,524137,0,75,F,71.7,,2,0,1,0,0,0
Kavya Naidu,+91-00000-64711,1979-05-18,524201,0,46,M,68.5,105.0,4,0,0,0,0,0
Divya Rao,+91-00000-14034,1967-04-19,524201,0,58,F,60.9,,5,1,0,0,0,0
Pooja Nair,+91-00000-69553,1962-08-24,524121,0,62,F,47.4,95.0,5,0,0,0,0,0
Manoj Khan,+91-00000-85940,1945-07-22,524301,0,79,M,65.6,90.0,8,0,0,0,0,0
Ravi Patel,+91-00000-81038,1950-12-26,524301,1,74,M,92.7,30.0,4,1,0,1,0,1
Ganesh Sharma,+91-00000-64503,1976-03-25,524201,1,49,F,38.8,,4,0,0,0,0,0
Anjali Iyer,+91-00000-55031,1955-07-14,524121,0,69,F,52.4,83.0,5,0,0,0,0,0
Diya Khan,+91-00000-23648,1956-11-24,524101,0,68,M,53.8,79.0,7,0,1,0,0,0
Diya Rao,+91-00000-74444,1979-03-03,524001,0,46,M,70.4,110.0,5,1,0,0,0,0
Diya Naidu,+91-00000-32080,1968-03-08,524137,0,57,M,68.3,73.0,5,0,0,0,0,0
Naveen Naidu,+91-00000-81750,1951-01-15,524002,0,74,M,74.1,62.0,5,0,1,0,0,0
Ganesh Das,+91-00000-53942,1975-07-19,524003,1,49,M,69.0,,3,0,0,0,0,0
Pooja Das,+91-00000-88666,1952-08-30,524003,0,72,F,84.4,65.0,3,0,1,1,0,0
Ganesh Rao,+91-00000-76482,1947-09-30,524201,0,77,M,71.4,66.0,5,1,1,1,0,1
Suresh Iyer,+91-00000-99493,1969-03-12,524001,1,56,F,39.2,,6,0,0,0,0,0
Pooja Reddy,+91-00000-25907,1975-08-01,524201,0,49,F,58.8,95.0,4,1,1,0,0,0
Kiran Rao,+91-00000-86120,2002-02-03,524201,1,23,F,53.3,107.0,4,0,0,0,0,0
Lakshmi Singh,+91-00000-49226,1964-07-22,524201,1,60,F,41.8,73.0,7,0,0,0,0,0
Sita Rao,+91-00000-86743,1957-09-04,524121,1,67,M,62.5,67.0,2,0,0,1,0,0
Manoj Khan,+91-00000-53743,1945-07-23,524121,1,79,F,57.4,,6,0,0,0,0,0
Ganesh Rao,+91-00000-96496,2006-09-22,524301,0,18,M,50.2,122.0,3,0,0,0,0,0
Ravi Rao,+91-00000-55902,1977-05-12,524003,0,48,M,81.6,122.0,7,0,0,0,0,0
Swathi Naidu,+91-00000-45999,1978-08-22,524137,1,46,M,81.3,81.0,6,0,0,0,0,0
Rahul Khan,+91-00000-30593,1956-01-31,524002,0,69,F,57.1,88.0,3,0,0,0,0,0
Divya Reddy,+91-00000-71306,1980-05-20,524201,0,45,M,77.6,92.0,5,1,0,1,0,0
Anjali Sharma,+91-00000-98503,1964-04-26,524301,0,61,M,83.8,87.0,5,1,0,0,0,0
Aarav Singh,+91-00000-17280,1963-10-22,524301,1,61,M,71.8,50.0,4,0,0,1,0,1
Ravi Reddy,+91-00000-40204,1974-10-06,524002,0,50,M,73.9,96.0,6,0,0,0,0,0
Suresh Reddy,+91-00000-29945,1950-07-20,524002,0,74,M,64.5,62.0,4,0,0,0,0,0
Ganesh Rao,+91-00000-90878,1962-05-26,524002,0,63,F,78.0,82.0,6,0,0,0,0,0
Suresh Patel,+91-00000-93953,1963-10-10,524137,1,61,M,63.8,,3,1,1,1,0,1
Divya Khan,+91-00000-33545,1978-02-17,524137,1,47,F,73.3,,3,0,0,1,0,0
Kavya Patel,+91-00000-81894,1981-11-19,524121,1,43,M,63.6,63.0,5,0,0,0,0,0
Suresh Patel,+91-00000-33057,1960-09-12,524003,0,64,F,48.7,70.0,6,0,1,0,0,0
Meena Naidu,+91-00000-13319,1973-02-08,524101,0,52,M,69.2,105.0,2,0,0,1,0,0
Arjun Singh,+91-00000-64344,1979-02-19,524301,0,46,M,52.4,,3,0,0,0,0,0
Kavya Singh,+91-00000-89572,1964-01-11,524201,0,61,M,63.6,99.0,3,0,1,0,0,0
Kiran Das,+91-00000-66926,1970-06-22,524003,0,55,F,68.6,87.0,6,0,1,1,0,0
Naveen Khan,+91-00000-81054,1988-07-09,524001,1,36,F,50.5,105.0,6,1,0,0,0,0
Arjun Singh,+91-00000-12404,1951-08-18,524137,0,73,M,77.7,64.0,6,0,1,0,0,0
Diya Das,+91-00000-94914,1968-06-28,524121,0,57,M,63.2,135.0,3,0,1,0,0,0
Arjun Khan,+91-00000-27048,1946-12-30,524121,0,78,F,35.0,,10,1,0,1,0,1
Swathi Reddy,+91-00000-89719,1948-10-01,524137,1,76,M,52.1,,8,0,0,0,0,0
Kavya Iyer,+91-00000-56800,1979-07-06,524121,1,45,F,51.7,99.0,5,0,0,0,0,0
Arjun Nair,+91-00000-51937,1980-09-13,524101,0,44,F,64.5,88.0,7,0,0,0,0,0
Kiran Iyer,+91-00000-71137,1983-08-02,524001,0,41,M,66.1,110.0,4,0,1,0,0,0
Divya Naidu,+91-00000-94722,1962-07-25,524137,0,62,M,52.3,86.0,4,1,0,0,0,0
Arjun Sharma,+91-00000-41409,1979-02-27,524137,0,46,M,68.7,110.0,4,0,1,0,0,0
Vikram Singh,+91-00000-59405,1966-06-08,524201,0,59,M,58.3,80.0,4,0,0,0,1,0
Kiran Das,+91-00000-55017,1949-05-13,524002,0,76,F,55.3,72.0,4,0,1,1,0,1
Divya Reddy,+91-00000-17362,1948-06-22,524201,0,77,M,65.1,90.0,5,1,1,0,0,0
Diya Das,+91-00000-80275,1958-08-16,524137,1,66,M,61.3,,8,0,0,0,0,0
Naveen Das,+91-00000-95850,1968-07-13,524121,1,56,F,51.6,101.0,8,0,0,0,0,0
Naveen Iyer,+91-00000-19253,1982-07-03,524101,1,42,F,59.6,89.0,6,0,0,0,0,0
Manoj Iyer,+91-00000-16178,1950-08-23,524121,0,74,F,55.0,75.0,8,0,0,0,0,0
Arjun Khan,+91-00000-61606,1959-10-27,524201,1,65,F,68.5,,5,0,0,0,1,0
Diya Khan,+91-00000-14219,1963-09-11,524137,0,61,F,35.0,78.0,3,0,1,0,0,0
Anjali Naidu,+91-00000-51264,1966-06-28,524101,0,59,F,51.1,64.0,7,0,1,0,1,0
Suresh Singh,+91-00000-91865,1955-03-02,524002,1,70,M,70.3,97.0,2,1,1,0,0,0
Meena Iyer,+91-00000-14622,1987-04-26,524301,0,38,M,68.3,125.0,3,0,0,0,0,0
Kiran Rao,+91-00000-72800,1968-02-06,524002,1,57,M,57.0,60.0,4,0,0,1,1,0
Lakshmi Nair,+91-00000-20475,1965-11-15,524003,0,59,M,70.1,78.0,4,0,0,0,0,0
Kavya Rao,+91-00000-29004,1969-11-30,524121,0,55,M,72.2,,4,0,0,0,0,0
Priya Naidu,+91-00000-72592,1954-01-21,524101,0,71,M,82.6,69.0,7,0,0,0,0,0
Manoj Reddy,+91-00000-44076,1962-12-28,524101,0,62,F,60.1,62.0,3,1,0,1,0,0
Swathi Singh,+91-00000-76499,1960-11-05,524121,0,64,F,47.1,108.0,2,0,1,0,0,0
Vikram Das,+91-00000-11362,1957-09-01,524003,0,67,M,84.1,84.0,7,0,0,0,0,0
Vikram Khan,+91-00000-17984,1953-12-11,524201,0,71,F,45.2,87.0,3,0,1,0,0,0
Lakshmi Nair,+91-00000-90699,1950-03-11,524003,0,75,F,68.4,90.0,7,0,1,0,0,0
Priya Sharma,+91-00000-65129,1979-12-19,524003,0,45,M,56.3,75.0,2,0,0,0,1,0
Aarav Patel,+91-00000-50055,1959-08-21,524101,0,65,F,55.3,72.0,7,0,0,0,0,0
Priya Patel,+91-00000-68527,1980-05-11,524002,0,45,F,59.7,92.0,5,0,0,0,0,0
Suresh Khan,+91-00000-86924,1978-11-03,524001,1,46,M,63.0,93.0,3,0,0,0,0,0
Diya Rao,+91-00000-50151,1942-05-17,524201,1,83,M,70.4,73.0,4,0,1,0,0,0
Pooja Das,+91-00000-47189,1963-01-24,524003,0,62,F,59.2,86.0,4,0,0,1,0,0
Naveen Patel,+91-00000-79859,1972-08-03,524003,0,52,M,59.4,84.0,6,1,0,1,0,0
Naveen Singh,+91-00000-76893,1962-01-05,524002,0,63,M,60.5,88.0,3,1,0,0,0,0
Priya Naidu,+91-00000-89738,1957-10-15,524001,1,67,M,63.2,65.0,1,0,0,1,0,0
Priya Das,+91-00000-64700,1968-01-06,524121,0,57,M,77.4,88.0,6,0,0,1,0,0
Vikram Khan,+91-00000-19697,1968-01-03,524101,1,57,F,67.5,,4,0,0,0,0,1
Diya Singh,+91-00000-82715,1932-03-16,524003,1,93,F,55.4,47.0,4,0,1,1,0,0
Manoj Khan,+91-00000-20243,1974-02-24,524301,1,51,M,57.9,,3,0,0,0,0,0
Ganesh Iyer,+91-00000-71663,1965-08-13,524003,0,59,M,72.8,77.0,4,1,0,0,0,0
Suresh Khan,+91-00000-88090,1957-03-28,524001,1,68,M,65.5,58.0,5,0,0,0,0,1
Sita Naidu,+91-00000-41434,1977-04-01,524003,0,48,F,38.9,111.0,3,1,0,0,0,0
Suresh Naidu,+91-00000-81311,1961-11-24,524003,1,63,M,60.5,71.0,8,1,0,0,0,0
Swathi Sharma,+91-00000-51079,1976-04-09,524121,0,49,M,71.1,,4,0,0,0,0,0
Sita Patel,+91-00000-92607,1950-05-11,524001,1,75,F,64.2,,12,0,0,0,0,1
Naveen Rao,+91-00000-57024,1988-08-13,524121,0,36,F,50.5,135.0,4,0,0,0,0,0
Vikram Reddy,+91-00000-63566,1952-10-03,524201,0,72,M,79.5,65.0,5,0,0,0,1,0
Kavya Rao,+91-00000-44381,1972-06-09,524002,1,53,M,74.8,114.0,6,1,0,0,0,0
Aarav Nair,+91-00000-41575,1965-04-29,524137,0,60,F,55.9,110.0,6,1,1,0,0,0
Priya Reddy,+91-00000-91308,1975-11-23,524002,1,49,F,43.5,107.0,8,0,0,0,0,0
Vikram Rao,+91-00000-54580,1938-01-12,524201,0,87,M,67.9,62.0,4,1,1,1,0,1
Manoj Singh,+91-00000-18207,1951-05-31,524001,1,74,M,79.2,52.0,4,1,1,1,0,0
Aarav Patel,+91-00000-56680,1939-03-08,524201,0,86,M,56.1,54.0,8,0,0,0,0,0
Divya Iyer,+91-00000-27039,1958-08-22,524003,0,66,M,53.9,127.0,4,0,0,0,0,0
Ganesh Rao,+91-00000-61003,1950-07-07,524301,0,74,F,55.3,89.0,5,1,1,1,1,1
Pooja Sharma,+91-00000-69150,1964-03-01,524121,0,61,M,67.5,42.0,4,1,0,0,0,0
Vikram Singh,+91-00000-64088,1961-07-04,524002,0,63,F,64.8,78.0,5,1,1,0,0,0
Naveen Nair,+91-00000-62412,1943-08-15,524001,0,81,M,72.6,66.0,8,1,1,0,0,1
Vikram Khan,+91-00000-75639,1971-05-25,524101,1,54,F,36.5,,4,0,0,0,0,0
Anjali Sharma,+91-00000-39568,1958-10-30,524002,1,66,F,62.7,,2,0,1,0,0,0
Meena Das,+91-00000-31829,1959-06-05,524121,0,66,M,81.8,,5,0,0,0,0,0
Diya Singh,+91-00000-90121,1970-11-01,524201,1,54,M,70.6,86.0,3,0,0,0,0,0
Diya Singh,+91-00000-35856,1961-03-30,524301,0,64,F,72.6,71.0,3,0,0,0,0,0
Kiran Rao,+91-00000-94557,1981-12-22,524001,1,43,M,69.4,,4,0,1,0,0,0
Meena Singh,+91-00000-39929,1951-10-27,524101,1,73,F,49.9,,5,1,1,0,0,0
Pooja Nair,+91-00000-53807,1962-02-16,524001,1,63,F,51.6,,6,0,1,0,0,0
Sita Sharma,+91-00000-81226,1967-09-18,524137,0,57,M,56.2,101.0,5,0,0,0,0,0
Anjali Rao,+91-00000-49016,1945-04-08,524001,0,80,M,54.4,77.0,5,0,0,1,0,0
Priya Rao,+91-00000-97366,1953-09-24,524137,0,71,F,62.8,74.0,7,0,0,0,0,0
Manoj Patel,+91-00000-52403,1963-05-07,524003,0,62,M,68.6,95.0,4,0,0,0,0,0
Diya Sharma,+91-00000-23707,1973-01-17,524101,0,52,F,55.6,88.0,4,0,0,0,0,0
Swathi Rao,+91-00000-50259,1969-12-23,524121,0,55,M,61.5,81.0,6,0,0,1,0,0
Suresh Nair,+91-00000-23830,1983-12-04,524137,0,41,M,60.2,80.0,4,1,1,0,0,0
Arjun Rao,+91-00000-86685,1968-12-11,524301,0,56,M,66.5,107.0,3,1,0,0,0,0
Diya Das,+91-00000-37451,1977-07-15,524121,1,47,F,66.7,100.0,5,0,1,0,1,0
Divya Patel,+91-00000-36254,1961-12-21,524201,0,63,M,71.4,86.0,4,0,0,0,0,0
Suresh Naidu,+91-00000-39895,1969-06-22,524201,1,56,M,67.8,,7,0,1,0,0,0
Meena Rao,+91-00000-97717,1991-01-31,524121,0,34,M,73.1,102.0,4,0,1,0,0,0
Divya Nair,+91-00000-28985,1963-09-11,524121,1,61,M,75.1,91.0,4,0,0,1,0,0
Kavya Sharma,+91-00000-33622,1939-01-31,524002,1,86,F,57.7,,7,0,0,0,0,0
Ravi Rao,+91-00000-63889,1948-09-29,524301,1,76,F,44.0,,6,1,1,0,0,1
Ganesh Iyer,+91-00000-41938,1941-07-22,524001,0,83,M,78.1,79.0,8,1,1,1,0,1
Lakshmi Khan,+91-00000-39291,1974-04-18,524201,0,51,M,63.8,73.0,3,1,0,0,0,0
Divya Rao,+91-00000-11853,1958-05-02,524001,0,67,M,71.4,80.0,5,0,0,0,0,0
Pooja Das,+91-00000-92890,1969-03-25,524001,1,56,M,76.8,79.0,5,0,1,0,1,0
Arjun Khan,+91-00000-12080,1960-05-13,524101,1,65,M,61.7,58.0,5,0,0,0,0,0
Manoj Naidu,+91-00000-26108,1935-05-02,524002,1,90,M,54.1,45.0,6,0,0,0,0,0
Ganesh Singh,+91-00000-66637,1968-03-23,524001,1,57,M,88.8,,5,0,0,0,0,0
Suresh Khan,+91-00000-91545,1930-01-25,524201,0,95,F,61.2,46.0,7,0,0,0,1,0
Vikram Nair,+91-00000-48456,1981-09-08,524101,0,43,M,76.7,108.0,3,0,0,1,0,0
Anjali Singh,+91-00000-63182,1956-03-10,524121,0,69,F,53.3,70.0,8,1,0,0,0,0
Lakshmi Reddy,+91-00000-22180,1967-08-04,524121,0,57,M,61.5,95.0,4,0,0,1,0,0
Lakshmi Rao,+91-00000-91358,1977-11-29,524137,1,47,M,67.4,,3,0,0,0,0,0
Rahul Das,+91-00000-25167,1946-04-07,524001,1,79,M,66.4,51.0,4,0,0,0,0,0
Vikram Naidu,+91-00000-82105,1982-06-18,524001,1,43,F,49.3,92.0,3,0,0,1,1,0
Kiran Rao,+91-00000-63336,1958-11-20,524121,0,66,F,62.2,,5,0,1,0,0,0
Pooja Nair,+91-00000-37774,1950-10-10,524002,0,74,F,45.9,55.0,3,1,0,1,0,0
Swathi Patel,+91-00000-47977,1957-10-28,524003,0,67,M,71.5,96.0,3,0,0,0,0,0
Arjun Patel,+91-00000-92951,1970-09-08,524001,1,54,M,70.5,82.0,4,0,0,0,0,0
Diya Khan,+91-00000-38469,1992-08-30,524002,1,32,F,53.6,90.0,3,0,1,0,0,0
Vikram Patel,+91-00000-62122,1989-05-03,524301,0,36,F,59.1,114.0,2,1,1,1,0,0
Pooja Das,+91-00000-68686,1971-09-17,524001,1,53,M,79.9,91.0,4,0,0,1,0,0
Anjali Nair,+91-00000-71498,1983-08-06,524137,0,41,M,52.6,135.0,1,0,0,0,0,0
Rahul Reddy,+91-00000-70846,1952-11-28,524201,1,72,M,81.4,59.0,9,0,0,0,0,0
Sita Nair,+91-00000-50465,1954-05-11,524201,0,71,F,57.7,90.0,5,0,0,1,0,0
Naveen Naidu,+91-00000-41081,1955-12-06,524101,0,69,M,65.7,93.0,6,0,1,0,0,0
Aarav Reddy,+91-00000-40339,1960-05-14,524201,1,65,F,67.1,77.0,12,1,0,1,0,0
Divya Rao,+91-00000-62283,1974-03-29,524137,0,51,M,73.4,104.0,6,0,1,1,0,0
Kavya Singh,+91-00000-66250,1964-09-02,524201,1,60,M,69.5,,7,0,0,0,0,0
Pooja Rao,+91-00000-73426,1973-11-06,524101,1,51,M,74.4,,5,0,1,0,0,0
Lakshmi Nair,+91-00000-97718,1980-01-25,524137,0,45,F,49.6,102.0,3,0,1,1,0,0
Lakshmi Nair,+91-00000-60344,1966-10-04,524137,0,58,M,65.3,93.0,3,0,0,0,0,0
Vikram Nair,+91-00000-37223,1968-06-15,524301,0,57,F,54.8,127.0,1,0,0,0,0,0
Anjali Khan,+91-00000-82773,1965-02-16,524121,0,60,F,47.5,96.0,7,0,0,0,0,0
Naveen Sharma,+91-00000-68876,1940-02-14,524101,1,85,F,51.8,,8,0,1,0,0,0
Divya Khan,+91-00000-12811,1966-04-03,524001,0,59,M,63.1,114.0,4,0,0,0,0,0
Sita Patel,+91-00000-11606,1977-02-18,524001,0,48,F,73.4,118.0,5,0,0,0,0,0
Meena Reddy,+91-00000-80479,1975-08-25,524137,1,49,F,52.6,83.0,4,0,1,0,0,0
Arjun Singh,+91-00000-44691,1939-02-28,524201,0,86,F,69.2,47.0,3,0,0,0,0,0
Lakshmi Reddy,+91-00000-85641,1974-08-15,524101,0,50,M,62.7,94.0,2,0,0,0,0,0
Vikram Patel,+91-00000-23377,1943-12-01,524101,1,81,F,64.0,,10,0,1,0,0,1
Anjali Das,+91-00000-59460,1972-09-27,524121,1,52,M,74.9,81.0,4,0,0,0,0,0
Arjun Reddy,+91-00000-71983,1967-02-21,524101,0,58,F,43.3,106.0,3,0,1,1,0,0
Ganesh Singh,+91-00000-63570,1939-02-18,524001,0,86,M,55.8,22.0,4,0,1,0,1,0
Rahul Patel,+91-00000-12225,1963-12-21,524101,0,61,F,49.0,96.0,6,1,0,0,0,0
Pooja Patel,+91-00000-54123,1967-11-21,524121,0,57,M,65.7,,5,0,1,0,0,0
Meena Khan,+91-00000-79094,1964-10-14,524101,0,60,F,43.6,92.0,6,0,0,0,0,0
Aarav Rao,+91-00000-66140,1981-12-03,524301,0,43,F,54.3,95.0,5,1,0,0,0,0
Kavya Khan,+91-00000-33739,1953-01-20,524001,0,72,F,53.5,87.0,6,0,1,0,0,0
Ganesh Nair,+91-00000-14261,1946-08-06,524137,0,78,M,57.4,83.0,5,0,0,0,0,0
Aarav Sharma,+91-00000-83087,1954-09-09,524121,0,70,M,86.1,60.0,5,0,1,1,0,0
Lakshmi Iyer,+91-00000-77645,1967-03-20,524002,0,58,F,39.5,95.0,5,1,1,0,0,0
Manoj Naidu,+91-00000-88383,1969-04-12,524301,1,56,M,65.8,,2,0,1,0,0,0
Kavya Sharma,+91-00000-44578,1966-04-22,524201,1,59,F,54.7,85.0,3,0,0,0,0,0
Diya Naidu,+91-00000-11283,1977-12-17,524301,0,47,F,49.9,93.0,4,0,0,0,0,0
Kavya Iyer,+91-00000-23251,1957-06-23,524301,1,68,M,64.8,,5,0,0,0,1,1
Priya Patel,+91-00000-95027,1969-10-16,524137,0,55,F,63.1,105.0,2,1,1,0,0,0
Anjali Naidu,+91-00000-56931,1956-03-03,524137,0,69,F,68.2,80.0,3,0,1,1,0,0
Ravi Khan,+91-00000-15781,1955-07-05,524101,0,69,F,51.4,100.0,7,0,1,0,0,0
Diya Iyer,+91-00000-33391,1950-07-03,524201,1,74,F,47.5,,6,0,0,1,0,0
Diya Rao,+91-00000-77509,1972-10-27,524002,1,52,F,41.9,,5,0,1,0,0,0
Meena Iyer,+91-00000-96065,1965-07-16,524003,0,59,M,60.2,86.0,3,0,0,0,0,0
Lakshmi Singh,+91-00000-79537,1969-06-30,524121,0,56,F,55.2,96.0,3,0,0,0,1,0
Manoj Khan,+91-00000-61501,1947-04-15,524137,1,78,M,74.1,33.0,6,0,1,0,0,0
Ravi Singh,+91-00000-37064,1963-11-20,524201,0,61,F,38.4,73.0,3,1,0,0,1,1
Divya Das,+91-00000-80584,1985-04-09,524301,0,40,F,60.2,101.0,4,0,0,0,0,0
Kavya Naidu,+91-00000-16367,1966-02-12,524137,0,59,M,60.2,78.0,3,1,1,0,0,0
Meena Sharma,+91-00000-73571,1976-02-01,524201,0,49,F,52.0,124.0,5,0,0,0,0,0
Diya Das,+91-00000-82654,1983-05-05,524137,1,42,F,47.1,80.0,4,0,1,0,0,1
Manoj Singh,+91-00000-70448,1967-05-07,524101,0,58,F,54.5,89.0,3,0,1,0,0,0
Meena Singh,+91-00000-95011,1959-01-02,524001,1,66,M,57.4,66.0,4,0,0,0,0,0
Priya Sharma,+91-00000-87700,1965-01-24,524003,1,60,M,68.5,75.0,10,0,0,0,0,0
Aarav Khan,+91-00000-71694,1968-10-08,524137,0,56,F,64.2,84.0,6,1,1,0,0,0
Sita Reddy,+91-00000-67108,1958-12-25,524201,0,66,M,55.7,64.0,2,0,1,0,0,0
Vikram Das,+91-00000-92412,1952-03-13,524121,1,73,M,74.0,66.0,1,0,0,1,0,0
Pooja Iyer,+91-00000-46937,1958-09-21,524121,0,66,M,59.5,102.0,6,0,0,0,0,0
Sita Nair,+91-00000-57924,1974-01-19,524301,1,51,F,58.8,106.0,5,1,0,1,0,0
Kavya Sharma,+91-00000-73625,1979-02-14,524201,0,46,F,53.9,129.0,6,1,1,0,0,0
Suresh Patel,+91-00000-43929,1966-07-25,524201,0,58,F,65.5,69.0,5,0,1,0,0,0
Arjun Reddy,+91-00000-55587,1962-07-19,524002,1,62,M,84.4,,7,0,0,0,0,0
Ganesh Naidu,+91-00000-74300,1975-02-18,524002,0,50,F,35.0,86.0,3,1,0,0,0,0
Sita Sharma,+91-00000-57670,1987-12-27,524137,1,37,F,48.6,78.0,3,0,1,0,0,0
Rahul Singh,+91-00000-79304,1946-03-27,524201,1,79,M,61.4,,4,0,0,0,1,0
Arjun Reddy,+91-00000-12950,1944-11-27,524101,0,80,M,69.2,69.0,6,0,0,0,0,0
Vikram Reddy,+91-00000-66508,1976-12-07,524121,1,48,M,56.5,72.0,3,0,0,0,0,0
Anjali Nair,+91-00000-47425,1959-03-31,524121,1,66,M,77.2,71.0,4,0,1,1,0,0
Lakshmi Das,+91-00000-95894,1970-11-24,524137,1,54,M,56.0,91.0,5,0,0,0,0,0
Priya Rao,+91-00000-89229,1944-07-21,524301,1,80,F,56.9,,5,0,1,0,0,0
Meena Reddy,+91-00000-51084,1951-08-15,524121,1,73,F,62.4,71.0,5,0,0,1,0,1
Pooja Das,+91-00000-60084,1956-07-05,524001,1,68,M,71.3,,7,0,0,0,1,1
Manoj Rao,+91-00000-77385,1955-08-31,524101,0,69,M,66.3,105.0,2,0,0,0,0,0
Kiran Nair,+91-00000-55219,1960-02-08,524002,0,65,F,39.4,52.0,2,0,0,0,0,1
Suresh Khan,+91-00000-80315,1962-04-26,524301,0,63,M,92.9,76.0,11,0,0,0,0,0
Vikram Das,+91-00000-92844,1943-09-29,524301,0,81,F,52.8,83.0,5,0,0,1,0,0
Meena Nair,+91-00000-96084,1952-04-02,524002,1,73,F,52.9,,6,1,0,0,0,1
Sita Rao,+91-00000-23011,1958-01-06,524003,0,67,F,51.5,87.0,3,1,0,0,0,0
Rahul Singh,+91-00000-34071,1972-12-29,524002,0,52,F,56.1,84.0,6,0,0,1,0,0
Vikram Iyer,+91-00000-81283,1956-02-21,524201,1,69,M,49.0,,7,1,0,1,0,0
Kavya Nair,+91-00000-45645,1958-08-04,524002,0,66,M,59.5,79.0,6,0,0,1,0,0
Anjali Patel,+91-00000-32321,1946-09-30,524001,0,78,M,66.2,53.0,6,1,0,0,0,0
Kavya Iyer,+91-00000-81882,1944-04-20,524101,0,81,M,72.6,69.0,8,0,0,1,0,0
Lakshmi Patel,+91-00000-28023,1947-05-22,524137,0,78,F,69.9,77.0,7,0,1,0,0,1
Pooja Reddy,+91-00000-75834,1941-01-11,524121,0,84,F,47.5,73.0,5,1,1,0,0,1
Lakshmi Patel,+91-00000-44954,1967-06-04,524137,0,58,F,65.6,93.0,7,0,1,0,1,0
Lakshmi Patel,+91-00000-90304,1935-12-18,524002,0,89,F,38.9,55.0,5,0,1,0,0,1
Sita Rao,+91-00000-25217,1956-03-04,524101,0,69,M,57.3,84.0,3,1,0,0,0,0
Aarav Singh,+91-00000-99287,1955-03-12,524001,0,70,M,81.0,85.0,4,0,0,1,0,0
Priya Iyer,+91-00000-21789,1969-06-25,524002,0,56,F,45.4,73.0,4,1,1,0,1,1
Rahul Rao,+91-00000-28270,1968-12-12,524201,0,56,F,37.9,79.0,6,0,0,0,0,0
Divya Khan,+91-00000-64493,1956-09-02,524002,0,68,M,60.4,51.0,10,0,0,0,0,1
Manoj Iyer,+91-00000-69956,1992-04-21,524121,0,33,M,69.8,121.0,6,0,0,0,1,0
Meena Nair,+91-00000-30614,1970-02-15,524101,0,55,M,57.6,102.0,7,1,0,0,0,0
Aarav Das,+91-00000-63056,1959-01-10,524001,0,66,M,59.6,79.0,7,0,0,0,1,0
Arjun Das,+91-00000-68799,1963-06-16,524201,1,62,F,63.3,82.0,5,0,1,0,0,0
Kiran Nair,+91-00000-18445,1962-10-11,524201,1,62,F,69.3,51.0,1,1,1,0,0,1
Ravi Naidu,+91-00000-79305,1984-12-19,524002,0,40,M,55.6,111.0,5,1,0,0,0,0
Manoj Rao,+91-00000-51296,1952-07-01,524001,1,72,M,59.2,54.0,6,0,0,0,0,0
Arjun Sharma,+91-00000-29484,1964-03-28,524137,0,61,F,61.3,73.0,3,0,1,0,0,0
Meena Iyer,+91-00000-46719,1962-08-10,524001,0,62,M,59.9,,2,0,0,0,0,0
Suresh Reddy,+91-00000-80924,1929-11-28,524121,1,95,M,64.9,44.0,9,0,0,0,0,0
Lakshmi Patel,+91-00000-99758,1945-07-09,524003,0,79,M,89.0,105.0,7,0,1,0,0,1
Meena Nair,+91-00000-46995,1981-09-12,524137,1,43,M,68.6,97.0,3,0,1,1,0,0
Priya Rao,+91-00000-27649,1956-02-19,524137,1,69,M,75.3,,2,0,0,0,0,0
Naveen Iyer,+91-00000-96302,1973-02-15,524002,0,52,F,76.2,61.0,3,0,0,1,0,0
Ganesh Das,+91-00000-98523,1955-09-07,524003,1,69,F,55.3,90.0,9,0,0,0,0,0
Aarav Sharma,+91-00000-66506,1959-11-02,524101,0,65,M,61.5,93.0,2,0,0,1,0,0
Arjun Reddy,+91-00000-31148,1972-01-02,524201,0,53,F,66.3,103.0,8,0,0,1,0,0
Sita Rao,+91-00000-12985,1947-03-29,524137,0,78,M,66.7,55.0,3,0,0,0,0,0
Swathi Naidu,+91-00000-78362,1942-03-11,524001,1,83,M,59.7,,4,1,1,0,0,0
Lakshmi Singh,+91-00000-39760,1952-02-27,524201,0,73,M,78.2,75.0,11,0,0,1,0,0
Aarav Sharma,+91-00000-32385,1958-11-08,524301,1,66,M,65.7,84.0,1,0,1,0,0,0
Ravi Das,+91-00000-62693,1978-02-15,524301,1,47,F,63.5,110.0,7,1,1,1,0,1
Arjun Das,+91-00000-41630,1979-09-10,524001,0,45,M,72.1,88.0,5,0,0,0,0,0
Vikram Das,+91-00000-17406,1954-09-17,524137,0,70,F,46.0,89.0,7,1,0,0,0,0
Suresh Sharma,+91-00000-90754,1972-08-08,524101,0,52,M,72.2,82.0,4,0,0,0,0,0
Rahul Naidu,+91-00000-97276,1975-05-02,524301,0,50,F,44.6,104.0,4,0,1,0,0,0
Divya Das,+91-00000-32809,1964-06-19,524121,1,61,F,44.5,,4,1,0,0,0,0
Kiran Iyer,+91-00000-57219,1989-10-08,524001,0,35,M,72.8,,5,1,0,0,0,0
Sita Naidu,+91-00000-90641,1978-01-17,524002,0,47,F,46.6,105.0,2,0,0,0,0,0
Arjun Reddy,+91-00000-54427,1974-11-14,524101,0,50,M,70.1,97.0,3,1,0,0,0,0
Suresh Patel,+91-00000-46772,1963-06-23,524002,1,62,M,58.1,78.0,1,1,1,0,0,0
Rahul Khan,+91-00000-72027,1967-02-16,524002,0,58,M,73.1,94.0,7,1,1,0,0,0
Divya Patel,+91-00000-46882,1966-12-09,524101,0,58,F,61.8,91.0,5,1,1,0,1,1
Suresh Rao,+91-00000-18535,1957-07-25,524101,0,67,M,57.0,84.0,6,0,0,1,0,0
Manoj Sharma,+91-00000-70885,1961-05-15,524121,0,64,F,54.2,87.0,10,0,0,1,0,0
Naveen Nair,+91-00000-77288,1968-05-04,524002,0,57,M,58.2,78.0,7,0,1,1,0,0
Swathi Sharma,+91-00000-93735,1933-04-25,524301,0,92,M,83.9,47.0,5,0,0,0,0,0
Divya Reddy,+91-00000-26762,1962-07-27,524137,0,62,F,40.7,91.0,5,1,0,0,1,0
Divya Singh,+91-00000-32985,1960-03-01,524001,0,65,M,66.5,97.0,7,0,1,0,0,0
Arjun Rao,+91-00000-84365,1941-07-15,524301,1,83,F,51.5,49.0,8,0,0,0,1,0
Kavya Nair,+91-00000-56801,1965-10-10,524001,1,59,M,53.0,,4,0,1,0,0,0
Rahul Rao,+91-00000-23278,1962-09-29,524002,1,62,F,68.8,,6,0,0,0,0,0
Ganesh Rao,+91-00000-58288,1978-08-11,524201,0,46,M,69.3,114.0,5,0,0,0,0,0
Kiran Sharma,+91-00000-64981,1943-10-20,524201,0,81,F,47.7,70.0,4,0,0,0,0,0
Divya Patel,+91-00000-12837,1953-04-18,524001,0,72,F,47.2,51.0,5,1,0,0,0,1
Ravi Naidu,+91-00000-13173,1976-12-18,524003,0,48,M,55.2,108.0,6,0,0,0,0,0
Sita Nair,+91-00000-65413,1985-08-01,524003,0,39,F,47.0,89.0,4,1,1,0,0,0
Pooja Naidu,+91-00000-89981,1971-03-27,524101,0,54,F,46.6,85.0,7,1,0,1,0,0
Kiran Nair,+91-00000-90312,1975-04-27,524201,0,50,F,45.4,105.0,4,1,0,0,0,0
Kavya Khan,+91-00000-23062,1957-06-27,524201,0,68,M,69.8,88.0,4,0,1,0,0,0
Kavya Singh,+91-00000-25451,1983-07-19,524301,1,41,F,65.8,,3,0,0,0,0,0
Kiran Singh,+91-00000-43103,1953-07-24,524301,0,71,F,57.0,67.0,3,1,0,0,0,0
Arjun Nair,+91-00000-33217,1944-08-16,524001,1,80,F,51.3,47.0,6,0,0,1,0,0
Ravi Naidu,+91-00000-56340,1962-05-06,524301,0,63,F,40.1,102.0,5,1,0,0,0,0
Kiran Iyer,+91-00000-52004,1966-09-01,524101,0,58,F,46.6,85.0,6,1,0,0,0,0
Anjali Reddy,+91-00000-92746,1944-07-03,524003,1,80,M,59.1,,10,0,0,0,0,0
Sita Patel,+91-00000-43551,1971-10-18,524137,1,53,M,58.3,83.0,5,0,0,0,0,0
Swathi Naidu,+91-00000-35982,1959-03-03,524002,1,66,M,70.7,56.0,9,0,0,0,0,0
Divya Patel,+91-00000-62633,1969-05-11,524001,0,56,F,65.3,82.0,4,1,1,1,0,1
Manoj Naidu,+91-00000-24256,1972-07-28,524101,1,52,M,81.4,,8,1,1,0,0,0
Anjali Nair,+91-00000-93091,1979-12-01,524002,1,45,M,60.4,,5,0,0,0,0,0
Priya Reddy,+91-00000-46919,1969-10-13,524121,1,55,F,55.4,,8,0,1,0,0,1
Rahul Das,+91-00000-32953,1954-09-21,524201,0,70,F,49.1,40.0,10,1,0,1,0,1
Ravi Das,+91-00000-52287,1958-03-07,524301,0,67,M,70.4,79.0,4,1,0,0,0,0
Manoj Sharma,+91-00000-38583,1976-07-17,524301,0,48,F,66.4,101.0,5,0,0,0,0,0
Anjali Naidu,+91-00000-49235,1971-11-03,524301,0,53,M,93.8,91.0,6,1,0,0,0,0
Suresh Sharma,+91-00000-87940,1960-09-23,524101,0,64,F,64.0,68.0,4,1,0,0,0,0
Aarav Naidu,+91-00000-74382,1955-06-07,524201,1,70,M,76.1,,11,0,0,0,0,1
Naveen Naidu,+91-00000-80992,1962-05-31,524003,0,63,M,61.8,102.0,5,0,0,1,0,0
Sita Nair,+91-00000-71169,1960-02-05,524001,0,65,M,88.1,81.0,8,0,0,0,0,0
Pooja Reddy,+91-00000-50487,1935-04-24,524121,1,90,M,71.0,40.0,10,0,0,0,0,1
Anjali Khan,+91-00000-96552,1953-11-27,524301,0,71,F,52.7,78.0,7,1,0,0,0,0
Ravi Nair,+91-00000-77096,1956-09-23,524137,1,68,M,74.9,,3,1,0,0,0,0
Priya Naidu,+91-00000-11995,1960-09-26,524137,1,64,M,70.2,,2,0,0,1,0,0
Priya Rao,+91-00000-55279,1970-07-18,524002,0,54,F,37.9,78.0,7,0,0,0,0,0
Ravi Singh,+91-00000-91522,1962-07-01,524003,0,63,M,56.1,,5,0,0,0,1,1
Diya Naidu,+91-00000-20377,1951-12-09,524301,1,73,F,39.6,65.0,5,0,0,0,0,1
Kavya Rao,+91-00000-71402,1978-03-23,524001,1,47,M,55.1,95.0,3,0,1,0,0,0
Swathi Rao,+91-00000-33624,1973-03-07,524121,0,52,M,48.3,110.0,8,0,0,0,0,0
Pooja Singh,+91-00000-59974,1942-08-03,524003,0,82,M,79.5,46.0,10,0,0,0,0,0
Manoj Das,+91-00000-15904,1957-09-29,524001,0,67,M,65.5,103.0,3,0,0,0,0,0
Naveen Naidu,+91-00000-94466,1956-12-16,524003,0,68,F,59.7,89.0,6,0,1,0,0,0
Ganesh Singh,+91-00000-88660,1965-01-17,524137,1,60,M,88.0,,6,0,0,0,0,0
Sita Singh,+91-00000-31689,1970-09-10,524101,1,54,F,55.3,80.0,2,0,0,0,0,0
Diya Reddy,+91-00000-49450,1981-09-20,524121,0,43,M,63.3,106.0,2,0,0,0,0,0
Kiran Naidu,+91-00000-70891,1986-04-13,524301,0,39,F,42.6,125.0,5,0,0,0,0,0
Kiran Singh,+91-00000-82094,2001-11-11,524301,0,23,F,52.1,117.0,3,0,1,1,0,0
Manoj Khan,+91-00000-45065,1949-06-13,524137,0,76,F,60.7,57.0,3,0,0,0,0,0
Ravi Khan,+91-00000-33984,1945-03-06,524121,1,80,M,71.7,,9,0,1,1,0,1
Lakshmi Iyer,+91-00000-83070,1949-11-18,524001,1,75,F,59.7,,3,0,0,0,0,0
Kavya Rao,+91-00000-30472,1969-05-03,524001,0,56,F,66.4,60.0,2,0,1,0,0,0
Manoj Patel,+91-00000-39432,1968-03-24,524201,1,57,F,67.1,76.0,6,1,0,0,0,0
Swathi Khan,+91-00000-23432,1953-03-04,524002,0,72,M,59.9,61.0,2,1,1,0,0,0
Suresh Khan,+91-00000-33069,1961-09-26,524301,0,63,M,58.7,100.0,5,0,0,0,0,0
Aarav Iyer,+91-00000-43897,1946-03-12,524001,1,79,M,59.4,,7,0,1,0,0,0
Kavya Sharma,+91-00000-99667,1966-07-04,524301,0,58,M,80.4,73.0,3,0,1,0,0,0
Meena Das,+91-00000-35695,1983-08-04,524003,0,41,M,77.3,104.0,7,1,0,0,0,0
Divya Naidu,+91-00000-87086,1966-02-20,524001,0,59,M,58.6,92.0,4,0,1,0,0,0
Suresh Sharma,+91-00000-10104,1962-12-01,524101,0,62,F,36.1,83.0,5,0,1,0,0,0
Pooja Nair,+91-00000-12432,1981-11-27,524201,1,43,M,77.1,,3,0,0,0,0,0
Kavya Sharma,+91-00000-53782,1987-09-07,524003,1,37,F,52.7,,1,0,0,0,0,0
Manoj Reddy,+91-00000-50928,1978-12-16,524121,0,46,F,87.0,113.0,5,0,0,1,0,0
Suresh Iyer,+91-00000-59409,1983-02-11,524001,0,42,M,69.2,122.0,6,0,0,0,0,0
Manoj Khan,+91-00000-49929,1959-04-17,524101,0,66,M,77.0,60.0,8,0,0,1,0,0
Anjali Rao,+91-00000-19977,1940-02-11,524201,0,85,M,60.8,62.0,2,0,0,0,0,0
Suresh Rao,+91-00000-35049,1958-11-29,524001,1,66,F,55.6,68.0,6,0,0,0,0,0
Lakshmi Naidu,+91-00000-22943,1959-08-28,524002,0,65,F,67.8,74.0,3,0,0,0,0,0
Pooja Khan,+91-00000-22735,1971-05-15,524301,0,54,F,57.2,101.0,7,0,0,0,0,0
Kiran Nair,+91-00000-98200,1972-12-10,524003,1,52,M,75.4,,4,0,1,0,0,0
Rahul Das,+91-00000-39013,1994-09-24,524301,0,30,F,50.2,97.0,5,0,1,0,0,0
Suresh Reddy,+91-00000-33001,1947-10-30,524301,0,77,M,86.1,60.0,5,0,0,0,0,0
Sita Khan,+91-00000-14116,1993-12-18,524002,0,31,M,64.5,112.0,3,0,0,0,0,0
Rahul Das,+91-00000-44667,1950-03-17,524137,1,75,M,67.4,53.0,4,0,0,0,0,0
Kavya Das,+91-00000-81108,1966-04-28,524201,1,59,F,50.2,,10,0,0,0,0,0
Sita Naidu,+91-00000-99071,1954-02-01,524101,0,71,M,75.0,84.0,7,0,0,0,0,0
Manoj Khan,+91-00000-25932,1978-02-22,524003,1,47,F,61.3,,6,0,0,0,0,0
Arjun Das,+91-00000-47090,1975-11-30,524137,0,49,M,65.9,92.0,5,0,1,0,0,0
Arjun Iyer,+91-00000-90951,1975-04-01,524137,0,50,M,76.7,106.0,6,0,1,0,0,0
Divya Iyer,+91-00000-49161,1945-05-07,524137,0,80,F,69.2,83.0,9,0,0,0,0,0
Pooja Sharma,+91-00000-59243,1967-08-20,524003,1,57,F,49.9,96.0,2,0,0,0,0,0
Pooja Reddy,+91-00000-13645,1982-06-17,524301,0,43,M,64.5,107.0,4,0,0,0,0,0
Pooja Khan,+91-00000-17912,1968-07-09,524301,1,56,M,51.4,,6,0,0,0,0,0
Divya Das,+91-00000-67572,1983-06-12,524003,0,42,F,55.0,72.0,3,0,1,0,0,0
Kavya Rao,+91-00000-76767,1961-04-25,524301,1,64,M,75.7,60.0,7,0,1,0,1,0
Pooja Sharma,+91-00000-69109,1965-04-19,524201,0,60,M,57.1,69.0,8,1,0,1,0,0
Pooja Patel,+91-00000-99557,1970-08-21,524002,0,54,M,80.8,83.0,5,1,0,0,0,0
Pooja Iyer,+91-00000-61195,1932-07-04,524003,0,92,M,72.5,39.0,5,1,0,0,0,0
Ganesh Khan,+91-00000-26099,1960-12-20,524101,1,64,M,72.3,74.0,7,0,1,0,0,0
Rahul Sharma,+91-00000-66200,1961-06-02,524301,1,64,M,68.6,,7,1,1,1,1,1
Kiran Sharma,+91-00000-56857,1951-09-30,524001,1,73,M,58.0,,6,0,0,0,0,0
Divya Reddy,+91-00000-25274,1959-01-03,524002,0,66,M,70.6,101.0,5,1,1,0,0,1
Priya Patel,+91-00000-57735,1956-11-16,524002,0,68,M,80.4,92.0,11,1,1,0,0,0
Pooja Singh,+91-00000-36719,1961-01-23,524001,0,64,M,57.1,76.0,6,0,0,0,0,0
Meena Das,+91-00000-91664,1969-05-17,524101,0,56,F,64.8,111.0,3,1,0,1,0,0
Naveen Singh,+91-00000-17912,1973-10-20,524101,1,51,M,60.9,82.0,4,0,0,0,0,0
Arjun Nair,+91-00000-60711,1962-11-06,524121,1,62,M,73.4,89.0,4,0,1,0,0,0
Lakshmi Singh,+91-00000-30470,1966-03-15,524001,0,59,F,81.0,97.0,2,1,0,0,0,0
Ravi Patel,+91-00000-79140,1981-08-09,524201,1,43,M,64.0,,6,1,1,0,0,1
Suresh Khan,+91-00000-92840,1966-01-20,524201,1,59,M,60.1,,5,0,1,0,0,0
Vikram Khan,+91-00000-65159,1965-08-14,524201,1,59,M,65.2,,3,0,0,0,0,0
Manoj Iyer,+91-00000-78602,1952-11-27,524137,0,72,F,62.8,80.0,6,0,0,0,0,0
Arjun Das,+91-00000-13235,1949-02-27,524003,1,76,F,75.9,71.0,4,0,0,0,0,0
Kiran Das,+91-00000-13189,1929-12-28,524101,0,95,F,61.0,50.0,9,1,0,0,0,0
Aarav Singh,+91-00000-56518,1957-05-06,524003,0,68,F,53.9,97.0,6,0,1,0,0,0
Lakshmi Naidu,+91-00000-17925,1982-05-09,524003,0,43,F,49.5,74.0,3,0,0,0,0,1
Pooja Patel,+91-00000-78568,1961-10-28,524101,0,63,F,39.3,83.0,4,1,1,0,0,0
Kavya Iyer,+91-00000-76318,1955-03-20,524101,1,70,M,58.6,85.0,7,0,1,1,0,0
Kiran Patel,+91-00000-42454,1975-11-01,524121,0,49,F,45.6,100.0,7,0,0,0,0,0
Kiran Rao,+91-00000-79313,1978-01-06,524101,1,47,F,61.3,90.0,3,0,0,0,0,0
Diya Naidu,+91-00000-28043,1986-12-08,524121,1,38,M,78.2,,5,1,0,0,0,0
Naveen Reddy,+91-00000-98908,1940-12-28,524003,1,84,M,72.2,51.0,4,0,0,0,0,1
Swathi Das,+91-00000-64520,1975-01-06,524301,0,50,M,66.8,111.0,6,0,1,0,0,0
Diya Das,+91-00000-81439,1963-01-01,524301,0,62,F,69.9,70.0,10,0,0,0,0,0
Aarav Naidu,+91-00000-19914,1979-02-27,524101,0,46,F,74.2,68.0,2,0,0,0,1,0
Priya Patel,+91-00000-19586,1964-12-03,524101,0,60,F,60.0,95.0,4,0,0,0,0,0
Naveen Rao,+91-00000-96074,1966-08-25,524301,0,58,F,49.0,86.0,3,1,0,0,0,0
Kiran Naidu,+91-00000-76261,1972-05-09,524002,1,53,M,52.9,103.0,8,0,0,0,0,0
Naveen Rao,+91-00000-36319,1993-11-17,524101,1,31,F,44.2,135.0,5,0,1,0,0,0
Meena Nair,+91-00000-36610,1972-11-06,524301,1,52,M,62.8,,3,0,1,0,0,0
Kiran Khan,+91-00000-57961,1993-01-14,524001,1,32,M,58.1,,2,0,0,0,0,0
Arjun Iyer,+91-00000-51453,1974-06-29,524101,1,51,F,48.8,,5,1,0,0,0,0
Kiran Patel,+91-00000-28422,1954-03-05,524001,0,71,F,66.5,65.0,2,0,0,1,0,0
Lakshmi Naidu,+91-00000-68564,1956-08-20,524137,0,68,M,69.4,82.0,3,0,0,0,0,0
Priya Naidu,+91-00000-94460,1990-08-27,524003,0,34,M,53.3,108.0,4,0,0,1,0,0
Vikram Nair,+91-00000-87589,1970-12-11,524101,1,54,M,66.6,58.0,4,0,0,1,0,0
Naveen Nair,+91-00000-34558,1967-07-10,524101,0,57,M,57.7,110.0,7,0,0,0,0,0
Aarav Nair,+91-00000-88738,1959-12-13,524002,1,65,M,71.2,108.0,5,0,0,0,0,0
Naveen Naidu,+91-00000-54841,1953-09-03,524003,1,71,M,79.7,77.0,5,1,1,0,0,0
Rahul Rao,+91-00000-71793,1984-03-05,524201,0,41,M,70.2,108.0,5,0,0,0,0,0
Aarav Reddy,+91-00000-23801,1979-10-28,524003,1,45,M,64.6,,2,0,1,0,0,0
Ravi Rao,+91-00000-21854,1955-01-30,524201,0,70,M,67.9,59.0,10,0,0,0,0,0
Divya Sharma,+91-00000-28908,1969-06-11,524101,0,56,F,58.4,114.0,4,0,1,0,0,0
Aarav Reddy,+91-00000-89100,1945-10-28,524002,1,79,M,74.4,,4,1,0,1,0,0
Suresh Singh,+91-00000-57334,1981-01-23,524137,0,44,F,58.2,73.0,3,1,0,0,0,0
Swathi Nair,+91-00000-39388,1966-09-25,524101,1,58,M,88.4,,5,1,0,0,0,0
Divya Naidu,+91-00000-70310,1966-03-16,524121,1,59,M,65.2,78.0,3,1,1,0,0,0
Sita Naidu,+91-00000-41081,1962-02-15,524002,1,63,F,68.0,94.0,3,0,0,0,0,0
Divya Das,+91-00000-47998,1963-10-10,524121,1,61,F,53.8,70.0,7,0,0,1,0,1
Ravi Das,+91-00000-69931,1950-05-21,524003,1,75,M,54.0,74.0,5,1,1,0,0,0
Diya Khan,+91-00000-77384,1968-06-04,524002,0,57,M,61.2,91.0,8,0,0,0,0,0
Kavya Rao,+91-00000-13493,1966-04-20,524003,0,59,M,69.9,87.0,2,0,0,0,0,0
Diya Sharma,+91-00000-93792,1990-10-19,524003,1,34,M,78.1,107.0,3,1,0,0,1,0
Lakshmi Iyer,+91-00000-99360,1980-10-18,524101,1,44,F,60.6,85.0,6,0,0,0,1,0
Ganesh Singh,+91-00000-29311,1949-09-12,524301,0,75,F,68.7,52.0,6,0,1,0,1,1
Naveen Singh,+91-00000-94572,1945-11-04,524301,1,79,F,69.9,64.0,8,0,0,0,0,0
Naveen Rao,+91-00000-60451,1955-12-10,524201,1,69,M,74.2,74.0,6,1,0,0,0,0
Divya Nair,+91-00000-83118,1980-03-28,524001,0,45,M,48.0,108.0,4,0,0,0,0,0
Meena Khan,+91-00000-84668,1944-02-05,524201,1,81,M,66.3,92.0,6,1,0,0,0,0
Swathi Das,+91-00000-36584,1968-07-07,524121,0,56,M,72.3,,3,0,1,0,0,0
Rahul Iyer,+91-00000-19057,1979-09-19,524301,1,45,F,53.7,84.0,5,0,0,0,0,0
Kiran Patel,+91-00000-65918,1961-05-09,524201,1,64,M,54.0,61.0,6,0,0,1,0,0
Lakshmi Rao,+91-00000-24698,1961-08-02,524301,1,63,M,67.0,82.0,10,0,1,0,0,1
Suresh Naidu,+91-00000-69024,1949-10-04,524201,0,75,M,47.8,63.0,7,0,0,0,0,0
Ganesh Khan,+91-00000-88489,1939-12-13,524137,1,85,M,56.5,29.0,6,0,1,1,0,1
Naveen Singh,+91-00000-69492,1964-03-27,524101,0,61,M,67.3,74.0,4,0,0,1,0,0
Pooja Singh,+91-00000-85085,1948-12-08,524101,0,76,M,84.4,65.0,2,0,0,1,0,0
Priya Reddy,+91-00000-12418,1947-11-12,524003,0,77,F,48.6,71.0,5,0,0,1,0,0
Diya Patel,+91-00000-18764,1984-08-06,524001,0,40,F,60.0,104.0,3,0,1,0,0,0
Ravi Naidu,+91-00000-32829,1971-11-07,524001,1,53,M,68.6,,3,0,0,0,0,0
Diya Singh,+91-00000-45632,1969-05-19,524001,1,56,M,66.2,,5,1,0,0,0,0
Vikram Naidu,+91-00000-20681,1972-09-17,524121,1,52,F,64.2,68.0,4,0,0,0,0,1
Manoj Khan,+91-00000-85418,1971-02-01,524121,0,54,M,65.8,84.0,2,1,0,0,0,0
Lakshmi Das,+91-00000-19951,1969-05-02,524201,0,56,F,60.3,91.0,4,0,0,0,0,0
Meena Naidu,+91-00000-61670,1961-10-20,524001,1,63,M,59.0,53.0,8,1,0,0,0,1
Ravi Das,+91-00000-46008,1966-12-23,524121,0,58,M,54.5,62.0,2,1,1,0,0,1
Vikram Khan,+91-00000-47670,1961-03-10,524003,0,64,M,58.0,75.0,3,0,1,1,0,0
Ravi Das,+91-00000-98861,1979-02-05,524002,1,46,M,76.9,101.0,7,0,0,0,0,0
Rahul Reddy,+91-00000-83206,1956-09-27,524301,0,68,M,54.2,,5,0,0,1,0,0
Aarav Singh,+91-00000-49706,1977-11-09,524201,0,47,F,50.0,94.0,9,0,0,1,0,0
Manoj Reddy,+91-00000-40527,1957-07-13,524101,0,67,M,73.1,91.0,6,1,0,0,0,0
Ravi Das,+91-00000-65513,1958-08-08,524301,0,66,M,52.5,,5,0,1,0,0,0
Diya Patel,+91-00000-63845,1973-10-07,524301,0,51,M,66.2,105.0,7,0,0,0,1,0
Arjun Naidu,+91-00000-60044,1961-09-01,524201,0,63,M,61.9,84.0,6,0,0,0,0,0
Ravi Das,+91-00000-56954,1974-02-13,524301,1,51,M,64.0,,3,1,0,0,0,0
Kiran Reddy,+91-00000-88600,1964-01-09,524121,0,61,M,53.8,93.0,5,0,0,1,0,0
Divya Naidu,+91-00000-39837,1973-07-16,524003,0,51,F,69.5,93.0,4,0,0,1,0,1
Ravi Rao,+91-00000-86323,1973-09-27,524121,0,51,M,71.8,93.0,4,1,0,0,0,0
Sita Singh,+91-00000-60041,1948-08-06,524301,0,76,F,55.1,80.0,12,0,0,0,0,0
Ganesh Naidu,+91-00000-24940,1969-09-18,524137,0,55,M,75.1,100.0,10,1,0,0,0,0
Lakshmi Sharma,+91-00000-77748,1951-11-05,524001,1,73,F,53.8,,5,0,1,0,0,0
Ganesh Nair,+91-00000-24683,1996-05-26,524001,0,29,M,57.0,118.0,4,0,0,0,0,0
Swathi Rao,+91-00000-65881,1964-04-21,524121,1,61,M,59.4,,5,0,0,0,0,0
Naveen Rao,+91-00000-16954,1951-08-22,524201,1,73,F,44.1,58.0,3,0,0,0,0,0
Diya Khan,+91-00000-46171,1952-04-08,524301,0,73,F,58.2,54.0,4,0,0,0,0,0
Divya Patel,+91-00000-40130,1965-04-05,524003,0,60,F,44.6,87.0,6,0,1,0,0,0
Lakshmi Nair,+91-00000-65456,1952-03-10,524002,0,73,M,71.5,66.0,5,0,0,1,0,0
Kiran Khan,+91-00000-10005,1954-02-06,524001,1,71,M,68.1,,9,0,0,0,0,0
Naveen Naidu,+91-00000-35839,1970-05-12,524001,0,55,M,61.0,80.0,3,0,0,0,0,0
Ravi Khan,+91-00000-38892,1945-11-24,524301,1,79,M,56.2,68.0,4,0,0,0,0,0
Rahul Rao,+91-00000-80366,1964-11-21,524201,0,60,M,62.9,86.0,3,0,0,0,0,0
Ravi Rao,+91-00000-22745,1939-02-23,524121,0,86,F,69.4,51.0,4,0,0,1,0,1
Kavya Rao,+91-00000-56391,1936-05-30,524003,1,89,M,61.9,51.0,4,1,0,0,0,0
Ganesh Patel,+91-00000-55641,1981-10-10,524137,0,43,M,72.1,117.0,2,0,1,0,0,0
Arjun Sharma,+91-00000-91604,1959-01-01,524201,1,66,F,76.1,,6,0,0,0,0,0
Suresh Nair,+91-00000-17666,1969-07-08,524301,1,55,M,62.1,74.0,3,0,0,0,0,0
Meena Nair,+91-00000-59287,1949-11-01,524137,1,75,M,51.1,82.0,5,0,1,0,0,0
Vikram Patel,+91-00000-50207,1963-07-15,524101,1,61,M,53.7,85.0,4,0,1,0,0,0
Priya Naidu,+91-00000-70567,1985-02-22,524001,0,40,M,54.0,109.0,3,0,0,0,0,0
Meena Naidu,+91-00000-92003,1943-02-09,524003,0,82,F,58.3,70.0,6,0,1,0,0,0
Swathi Singh,+91-00000-88119,1951-02-01,524001,1,74,F,61.8,84.0,5,0,0,0,0,0
Aarav Das,+91-00000-33284,1966-08-12,524201,0,58,F,49.4,108.0,7,0,0,0,1,0
Naveen Singh,+91-00000-17320,1956-08-09,524002,1,68,F,66.3,80.0,6,0,0,0,0,0
Diya Rao,+91-00000-15008,1983-08-27,524301,0,41,M,52.1,103.0,5,1,0,1,0,0
Pooja Das,+91-00000-30671,1956-12-05,524137,0,68,F,54.1,79.0,6,0,0,0,0,0
Divya Naidu,+91-00000-11628,1999-02-02,524003,1,26,M,62.2,,3,1,1,1,0,1
Swathi Nair,+91-00000-72301,1967-07-11,524001,0,57,F,64.5,78.0,5,0,0,0,0,0
Naveen Rao,+91-00000-43370,1970-01-12,524002,0,55,M,70.4,103.0,7,1,0,1,0,0
Rahul Das,+91-00000-44785,1964-11-09,524121,0,60,F,44.2,,5,0,0,0,1,1
Swathi Reddy,+91-00000-26803,1952-03-06,524301,0,73,M,55.9,60.0,9,1,0,0,0,0
Arjun Naidu,+91-00000-29740,1945-06-07,524002,1,80,M,73.7,,9,1,0,1,1,0
Meena Khan,+91-00000-58471,1949-10-02,524101,1,75,F,50.3,,4,0,0,0,0,0
Ravi Singh,+91-00000-95325,1974-07-15,524003,1,50,M,64.4,56.0,7,0,0,1,1,0
Pooja Singh,+91-00000-17300,1973-01-22,524121,1,52,F,64.4,,6,0,0,0,0,0
Sita Singh,+91-00000-35283,1960-01-23,524001,0,65,F,62.8,67.0,3,0,1,0,0,0
Naveen Reddy,+91-00000-68046,1931-07-13,524001,1,93,F,55.7,66.0,4,1,0,0,0,0
Diya Rao,+91-00000-93784,1984-09-17,524002,0,40,F,42.3,103.0,5,0,1,0,0,0
Aarav Das,+91-00000-94583,1984-12-10,524201,1,40,M,74.6,,2,0,0,0,0,0
Vikram Patel,+91-00000-68056,1995-10-13,524301,0,29,M,73.5,97.0,4,0,0,0,0,0
Manoj Patel,+91-00000-66633,1981-06-16,524002,1,44,F,53.2,98.0,1,0,0,1,0,0
Swathi Das,+91-00000-97888,1974-01-03,524121,0,51,M,78.2,72.0,7,1,0,0,1,1
Lakshmi Nair,+91-00000-29849,1971-02-03,524201,0,54,M,60.2,91.0,1,0,0,0,0,0
Rahul Rao,+91-00000-99375,1975-01-18,524101,0,50,F,53.2,82.0,4,0,1,0,0,0
Manoj Singh,+91-00000-36045,1956-06-23,524121,0,69,M,87.7,45.0,6,0,0,1,0,0
Vikram Patel,+91-00000-76033,1949-10-13,524101,0,75,M,59.1,47.0,6,0,0,0,0,0
Naveen Naidu,+91-00000-60194,1969-12-07,524301,1,55,M,74.3,90.0,2,0,0,0,1,1
Ravi Nair,+91-00000-75760,1963-05-17,524201,1,62,M,50.6,62.0,4,0,1,1,0,0
Kavya Das,+91-00000-48397,1976-12-19,524121,0,48,M,68.2,85.0,2,0,0,0,0,0
Lakshmi Patel,+91-00000-10539,1963-02-13,524001,1,62,F,60.8,,4,0,0,0,0,0
Suresh Patel,+91-00000-22320,1958-10-15,524201,0,66,F,57.2,75.0,6,0,0,0,0,0
Vikram Naidu,+91-00000-31536,1970-06-23,524201,0,55,F,49.0,95.0,5,0,0,0,0,0
Rahul Das,+91-00000-58952,1960-06-29,524301,0,65,M,65.4,75.0,5,0,0,0,0,0
Manoj Das,+91-00000-94280,1935-03-17,524121,0,90,M,67.1,64.0,5,1,0,0,0,0
Swathi Rao,+91-00000-40770,1965-01-02,524101,0,60,M,65.3,98.0,7,1,0,0,0,0
Rahul Naidu,+91-00000-12399,1950-10-20,524003,0,74,M,79.4,73.0,4,0,0,0,1,1
Kavya Rao,+91-00000-73659,1941-11-22,524301,0,83,M,68.1,34.0,6,1,0,0,0,0
Kavya Patel,+91-00000-32914,1936-06-29,524001,0,89,M,50.0,60.0,6,1,0,0,0,0
Aarav Khan,+91-00000-25843,1961-08-27,524201,1,63,M,77.9,,3,0,1,0,0,0
Meena Naidu,+91-00000-14378,1982-06-13,524137,1,43,M,57.6,107.0,7,1,0,0,0,0
Pooja Singh,+91-00000-91717,1959-11-29,524002,1,65,M,76.2,,4,0,1,0,0,0
Kiran Nair,+91-00000-11070,1962-07-12,524001,1,62,F,47.2,,6,1,0,0,0,0
Lakshmi Sharma,+91-00000-95608,1974-03-06,524201,1,51,F,71.0,,2,0,0,0,0,0
Sita Singh,+91-00000-14710,1954-12-22,524301,1,70,F,44.6,75.0,7,0,0,1,0,0
Naveen Rao,+91-00000-94143,1956-02-21,524301,1,69,M,67.2,83.0,5,1,0,0,0,0
Anjali Khan,+91-00000-69989,1968-06-29,524002,1,57,M,78.8,90.0,2,0,0,0,0,0
Priya Naidu,+91-00000-76134,1971-04-30,524121,1,54,F,65.4,,7,0,0,0,0,0
Anjali Naidu,+91-00000-69324,1951-01-05,524101,0,74,F,55.7,,7,0,1,0,0,0
Suresh Sharma,+91-00000-25450,1971-08-16,524001,0,53,M,57.0,83.0,3,0,0,0,1,0
Kiran Naidu,+91-00000-57878,1970-06-30,524201,0,55,M,64.2,46.0,7,0,0,0,0,0
Diya Iyer,+91-00000-34013,1945-08-01,524101,1,79,M,71.2,73.0,6,0,0,0,0,0
Meena Iyer,+91-00000-84595,1988-01-18,524002,0,37,F,40.2,102.0,4,0,1,0,0,0
Arjun Khan,+91-00000-73153,1962-10-24,524001,0,62,M,74.1,110.0,4,1,1,0,1,1
Pooja Rao,+91-00000-80982,1962-11-14,524101,0,62,M,60.5,115.0,4,0,1,0,0,0
Divya Khan,+91-00000-85041,1956-11-04,524003,0,68,M,54.2,82.0,6,0,0,0,0,0
Lakshmi Iyer,+91-00000-54484,1972-02-13,524101,1,53,M,72.0,,3,0,1,0,0,0
Suresh Reddy,+91-00000-20986,1957-08-29,524001,0,67,F,55.6,45.0,6,0,1,0,0,0
Priya Patel,+91-00000-81626,1995-08-07,524002,0,29,M,48.5,109.0,3,0,1,0,0,0
Kavya Nair,+91-00000-29186,1988-01-28,524201,1,37,M,60.1,102.0,1,0,1,0,1,0
Divya Naidu,+91-00000-90544,1956-01-22,524001,0,69,F,51.4,71.0,2,0,0,0,0,0
Ganesh Patel,+91-00000-23355,1977-10-08,524201,0,47,F,58.3,80.0,3,0,1,0,0,0
Diya Nair,+91-00000-43541,1958-08-28,524121,1,66,M,52.6,85.0,4,0,0,0,0,0
Pooja Reddy,+91-00000-16594,1966-07-05,524101,0,58,M,53.8,,5,0,1,0,0,0
Anjali Reddy,+91-00000-60937,1972-05-10,524121,0,53,F,71.2,71.0,5,0,0,0,0,0
Lakshmi Singh,+91-00000-62258,1963-01-21,524201,1,62,F,66.7,74.0,4,0,0,0,0,0
Rahul Reddy,+91-00000-61315,1974-02-02,524121,0,51,M,58.7,122.0,6,1,0,0,0,0
Aarav Sharma,+91-00000-14744,1946-06-19,524001,1,79,M,71.2,52.0,4,0,1,1,0,0
Naveen Patel,+91-00000-56214,1947-08-18,524101,0,77,F,42.5,68.0,6,0,1,0,0,0
Pooja Rao,+91-00000-50998,1980-02-03,524137,1,45,F,46.3,98.0,5,0,0,0,0,0
Arjun Das,+91-00000-53621,1984-08-09,524201,0,40,F,55.7,,2,0,1,0,0,0
Arjun Khan,+91-00000-62741,1993-03-30,524121,0,32,M,74.2,106.0,1,0,1,1,0,0
Ravi Reddy,+91-00000-27273,1980-07-24,524301,1,44,F,42.6,,4,0,1,0,1,0
Sita Naidu,+91-00000-84967,1975-04-04,524201,0,50,M,87.5,,4,0,0,0,0,0
Suresh Rao,+91-00000-60221,1991-04-18,524137,0,34,F,60.4,126.0,3,0,0,0,0,0
Lakshmi Iyer,+91-00000-53165,1949-05-21,524301,0,76,M,71.8,84.0,7,0,0,0,0,0
Ravi Sharma,+91-00000-13872,1993-05-17,524201,1,32,M,53.4,96.0,4,1,0,0,0,0
Anjali Sharma,+91-00000-72947,1942-12-26,524001,0,82,M,83.8,52.0,3,0,0,0,0,0
Naveen Iyer,+91-00000-12769,1943-04-22,524001,0,82,M,65.1,57.0,6,0,1,1,0,0
Manoj Iyer,+91-00000-88237,1956-01-20,524137,0,69,M,70.1,85.0,6,0,0,0,0,0
Manoj Naidu,+91-00000-44075,1985-06-07,524137,0,40,M,82.6,77.0,2,0,0,0,0,0
Ravi Nair,+91-00000-43731,1965-10-10,524301,1,59,F,48.2,86.0,7,1,0,0,0,1
Vikram Naidu,+91-00000-76649,1977-11-06,524121,0,47,M,67.1,79.0,3,0,0,1,1,0
Kiran Sharma,+91-00000-66100,1972-01-05,524301,0,53,M,60.7,74.0,3,1,0,0,0,0
Arjun Singh,+91-00000-84153,1974-02-20,524201,1,51,M,84.6,80.0,1,0,0,0,0,0
Divya Sharma,+91-00000-18393,1973-11-05,524137,1,51,F,54.7,,3,1,0,0,0,0
Anjali Singh,+91-00000-56096,1975-01-22,524301,0,50,M,53.5,122.0,1,0,0,1,1,0
Suresh Singh,+91-00000-80639,1952-09-26,524121,0,72,M,51.1,66.0,2,1,0,0,0,0
Priya Khan,+91-00000-76091,1961-11-29,524101,0,63,F,66.6,81.0,2,0,1,0,0,0
Pooja Khan,+91-00000-33215,1963-05-18,524201,0,62,M,62.3,,7,0,0,0,1,0
Sita Iyer,+91-00000-84895,1934-04-19,524001,0,91,M,84.4,66.0,10,0,0,1,0,1
Rahul Das,+91-00000-70834,1960-11-22,524001,1,64,F,65.6,,10,0,0,0,0,0
Anjali Patel,+91-00000-26011,1971-01-25,524137,1,54,M,54.6,,5,0,0,0,0,1
Lakshmi Patel,+91-00000-21766,1955-03-31,524137,0,70,F,50.2,60.0,2,0,0,0,0,0
Kavya Patel,+91-00000-10197,1978-01-26,524301,0,47,M,87.9,78.0,2,0,0,0,0,0
Sita Naidu,+91-00000-72629,1976-02-29,524003,0,49,F,79.3,91.0,3,1,0,0,0,0
Pooja Patel,+91-00000-41498,1981-08-26,524101,0,43,M,74.0,95.0,6,0,0,0,0,0
Anjali Iyer,+91-00000-40775,1963-03-23,524201,0,62,F,41.8,96.0,4,0,0,0,1,0
Anjali Reddy,+91-00000-33907,1957-04-10,524121,0,68,F,59.8,63.0,7,0,1,0,0,0
Lakshmi Singh,+91-00000-73969,1993-06-04,524121,0,32,F,35.6,124.0,1,1,0,1,0,0
Sita Khan,+91-00000-94549,1969-09-28,524101,0,55,F,62.0,77.0,10,0,0,0,0,0
Sita Naidu,+91-00000-36369,1974-06-21,524121,0,51,F,38.3,,5,0,1,0,0,0
Ravi Das,+91-00000-22344,1957-08-21,524001,1,67,M,59.3,103.0,5,1,1,0,0,1
Kiran Reddy,+91-00000-27688,1988-11-13,524101,0,36,F,51.4,93.0,4,0,1,0,0,0
Manoj Reddy,+91-00000-18937,1940-11-14,524121,0,84,M,55.3,62.0,6,1,0,0,0,1
Lakshmi Iyer,+91-00000-50367,1949-06-22,524101,0,76,M,73.8,61.0,9,0,0,0,0,0
Swathi Rao,+91-00000-46810,1972-09-20,524002,0,52,F,80.3,62.0,2,0,0,0,0,0
Manoj Rao,+91-00000-59906,1963-07-03,524201,1,61,F,40.3,80.0,5,1,0,0,0,1
Ganesh Reddy,+91-00000-65218,1961-12-21,524002,0,63,F,63.3,54.0,1,0,0,1,0,0
Priya Nair,+91-00000-38234,1987-05-15,524002,1,38,F,51.0,93.0,6,0,0,0,0,0
Kiran Reddy,+91-00000-40638,1946-03-07,524101,1,79,M,66.9,63.0,8,0,0,0,0,0
Kavya Iyer,+91-00000-18119,1953-02-07,524201,0,72,M,78.0,75.0,8,0,0,0,1,1
Anjali Das,+91-00000-45495,1948-10-30,524003,1,76,F,74.6,49.0,6,0,0,0,0,0
Sita Iyer,+91-00000-50634,1965-06-06,524002,0,60,F,66.4,80.0,4,0,1,0,0,0
Kavya Singh,+91-00000-65820,1978-05-25,524301,1,47,M,57.9,83.0,2,0,0,0,0,0
Aarav Reddy,+91-00000-35082,1944-11-24,524201,1,80,F,40.5,,8,0,0,0,0,1
Kiran Naidu,+91-00000-12394,1970-03-18,524301,0,55,M,74.2,91.0,5,0,0,0,0,0
Kiran Nair,+91-00000-68842,1966-11-25,524201,0,58,F,35.0,109.0,3,0,0,0,0,0
Naveen Iyer,+91-00000-11853,1967-06-19,524001,0,58,M,76.3,86.0,4,1,0,0,0,0
Suresh Rao,+91-00000-31665,1960-07-19,524137,1,64,F,64.6,,6,0,1,0,0,1
Vikram Patel,+91-00000-15031,1988-08-02,524003,1,36,F,50.2,,5,0,0,0,0,0
Swathi Patel,+91-00000-47980,1954-06-07,524001,0,71,M,73.0,56.0,4,0,0,0,1,0
Suresh Iyer,+91-00000-34601,1980-08-29,524201,0,44,M,68.6,98.0,1,1,0,0,0,0
Arjun Khan,+91-00000-69024,1957-07-02,524201,1,67,F,52.0,70.0,4,1,0,0,0,0
Suresh Iyer,+91-00000-85444,1942-05-01,524003,1,83,M,76.8,,5,0,0,0,0,0
Kavya Patel,+91-00000-42926,1964-05-20,524003,0,61,M,58.3,,11,0,1,0,0,0
Sita Rao,+91-00000-59700,1933-08-12,524301,0,91,F,56.8,68.0,4,0,0,0,0,0
Kiran Sharma,+91-00000-46526,1963-10-04,524003,0,61,F,56.5,91.0,5,1,0,1,0,1
Kavya Patel,+91-00000-93403,1995-10-09,524201,0,29,F,35.8,98.0,2,0,0,0,0,0
Naveen Nair,+91-00000-80173,1972-12-03,524002,0,52,M,65.5,98.0,4,0,0,0,0,0
Aarav Sharma,+91-00000-96540,1969-07-31,524301,1,55,F,62.5,72.0,5,1,0,0,0,0
Rahul Khan,+91-00000-91799,1960-08-24,524003,1,64,F,54.4,83.0,10,0,0,0,0,0
Ganesh Naidu,+91-00000-41784,1979-12-13,524003,0,45,M,65.0,110.0,5,0,0,0,0,0
Meena Khan,+91-00000-42485,1964-05-26,524001,0,61,F,45.3,67.0,4,0,0,0,0,0
Diya Das,+91-00000-91856,1961-10-04,524002,0,63,M,57.9,75.0,4,0,0,0,0,0
Anjali Iyer,+91-00000-42498,1966-10-07,524201,0,58,F,41.7,97.0,8,0,0,0,0,0
Kavya Reddy,+91-00000-89198,1984-09-29,524101,0,40,F,57.6,71.0,5,0,1,0,0,0
Naveen Singh,+91-00000-41965,1960-11-23,524301,0,64,F,54.5,87.0,7,0,0,0,0,1
Ravi Das,+91-00000-51427,1950-11-25,524121,0,74,M,69.8,71.0,5,1,0,0,0,0
Divya Naidu,+91-00000-29037,1940-01-30,524137,1,85,M,56.2,,1,0,1,0,0,0
Sita Rao,+91-00000-48940,1964-05-31,524121,1,61,M,61.6,83.0,8,1,1,0,1,0
Priya Singh,+91-00000-56893,1948-06-03,524301,0,77,F,48.6,65.0,5,0,0,0,0,0
Lakshmi Reddy,+91-00000-95801,1955-05-18,524121,0,70,M,63.4,37.0,5,0,1,0,0,1
Lakshmi Iyer,+91-00000-39025,1962-06-08,524301,1,63,M,86.6,87.0,5,1,0,0,0,0
Arjun Sharma,+91-00000-36843,1956-04-24,524001,0,69,F,62.0,73.0,3,1,0,0,0,0
Lakshmi Rao,+91-00000-18772,1982-06-22,524301,0,43,F,54.2,63.0,5,0,0,0,0,0
Rahul Das,+91-00000-15292,1982-05-24,524002,0,43,F,59.7,93.0,1,0,1,0,0,0
Lakshmi Naidu,+91-00000-77432,1951-02-12,524137,0,74,F,58.7,70.0,4,0,1,0,0,0
Naveen Khan,+91-00000-64347,1963-12-16,524201,1,61,F,48.1,,5,1,0,0,0,0
Diya Patel,+91-00000-84271,1992-12-21,524003,0,32,F,51.6,112.0,2,0,0,0,0,0
Diya Nair,+91-00000-75246,1957-05-13,524301,1,68,M,71.1,64.0,9,0,0,0,1,1
Arjun Iyer,+91-00000-92320,1938-10-23,524101,1,86,M,74.5,,12,1,0,0,0,1
Lakshmi Reddy,+91-00000-19214,1990-10-16,524301,0,34,M,41.6,111.0,5,0,0,0,0,0
Suresh Sharma,+91-00000-64493,1978-06-05,524003,0,47,F,42.4,94.0,3,0,1,0,0,0
Kiran Iyer,+91-00000-40296,1968-09-13,524002,0,56,F,53.8,97.0,5,1,1,0,1,0
Kavya Naidu,+91-00000-38934,1955-08-13,524002,1,69,M,73.9,62.0,6,0,0,0,0,1
Kavya Naidu,+91-00000-84059,1978-02-27,524002,0,47,F,41.0,108.0,3,0,0,0,0,0
Rahul Khan,+91-00000-41825,1964-06-12,524001,0,61,F,53.7,94.0,7,0,0,1,0,0
Priya Khan,+91-00000-67374,1976-08-26,524301,0,48,M,62.8,,5,0,0,0,0,0
Suresh Sharma,+91-00000-21457,1975-06-02,524003,0,50,M,75.1,78.0,5,1,1,0,0,0
Kiran Iyer,+91-00000-26548,1964-11-19,524137,1,60,F,55.8,,5,0,0,0,0,0
Naveen Sharma,+91-00000-48075,1971-01-31,524002,0,54,M,57.8,93.0,1,1,0,1,0,0
Vikram Iyer,+91-00000-92890,1991-12-31,524002,0,33,M,87.1,90.0,2,0,1,0,0,0
Arjun Rao,+91-00000-35331,1951-04-20,524201,1,74,M,63.6,,5,0,1,0,0,0
Pooja Naidu,+91-00000-20326,1983-02-13,524121,0,42,F,68.8,97.0,5,0,0,0,0,0
Kavya Naidu,+91-00000-80585,1986-09-29,524002,0,38,F,50.2,102.0,3,0,0,0,0,0
Diya Iyer,+91-00000-16173,1946-01-28,524301,0,79,M,72.2,98.0,9,1,1,0,0,0
Kavya Das,+91-00000-63949,1966-04-07,524301,0,59,F,71.3,105.0,5,0,0,0,0,0
Manoj Das,+91-00000-85914,1942-10-19,524201,1,82,F,60.1,69.0,3,1,0,0,0,0
Rahul Reddy,+91-00000-72510,1961-03-10,524201,1,64,M,71.6,75.0,3,0,1,0,0,0
Manoj Nair,+91-00000-25282,1982-12-15,524101,0,42,M,82.3,79.0,2,0,0,0,0,0
Diya Singh,+91-00000-28043,1962-05-29,524101,1,63,M,74.3,111.0,4,0,0,0,0,0
Arjun Rao,+91-00000-52515,1973-03-30,524137,0,52,M,72.0,115.0,7,1,0,0,0,0
Lakshmi Sharma,+91-00000-99977,1963-03-28,524137,1,62,M,67.0,79.0,2,0,0,0,0,0
Vikram Das,+91-00000-91016,1929-11-14,524301,1,95,F,35.0,43.0,6,0,1,0,0,0
Suresh Das,+91-00000-46220,1982-02-25,524301,0,43,F,61.7,99.0,6,1,0,0,0,0
Naveen Sharma,+91-00000-89928,1935-02-08,524002,1,90,M,68.0,,9,0,0,0,0,0
Sita Das,+91-00000-92845,1988-03-17,524121,0,37,F,53.2,103.0,3,1,0,0,0,0
Manoj Reddy,+91-00000-55148,1966-05-28,524101,1,59,M,45.5,56.0,7,0,0,0,0,0
Suresh Sharma,+91-00000-74974,1956-09-29,524201,0,68,F,73.1,76.0,2,0,1,0,0,0
Anjali Sharma,+91-00000-92149,1972-10-29,524137,0,52,F,58.4,106.0,5,0,0,0,0,0
Pooja Rao,+91-00000-89240,1967-01-18,524002,1,58,M,82.4,84.0,7,0,1,0,0,0
Kavya Das,+91-00000-67965,1964-01-17,524137,0,61,M,64.6,100.0,4,1,1,0,0,0
Arjun Reddy,+91-00000-71797,1961-07-22,524121,0,63,M,63.0,63.0,2,0,1,0,0,0
Kiran Singh,+91-00000-64038,1977-07-11,524003,0,47,F,50.2,74.0,4,0,0,0,0,0
Diya Nair,+91-00000-99271,1968-06-27,524003,0,57,M,68.9,92.0,3,0,1,0,0,0
Anjali Sharma,+91-00000-15882,1941-07-18,524101,0,83,M,58.1,62.0,4,0,0,0,0,0
Vikram Sharma,+91-00000-91463,1957-01-18,524201,0,68,F,56.2,79.0,3,0,0,0,0,0
Ganesh Naidu,+91-00000-79688,1958-04-22,524003,0,67,F,61.8,70.0,4,1,0,1,0,0
Suresh Nair,+91-00000-76004,1966-10-31,524201,0,58,F,57.2,85.0,4,1,0,0,1,0
Aarav Sharma,+91-00000-77581,1987-07-04,524003,0,37,M,52.3,83.0,3,0,0,1,0,0
Suresh Patel,+91-00000-21890,1981-02-19,524001,0,44,F,57.4,106.0,5,0,1,0,0,0
Vikram Reddy,+91-00000-34732,1953-05-11,524121,0,72,F,70.6,64.0,7,0,1,0,0,0
Priya Patel,+91-00000-33041,1990-11-12,524003,1,34,F,60.4,,1,0,0,0,0,0
Manoj Rao,+91-00000-60461,1974-04-24,524001,1,51,M,61.2,103.0,4,0,0,0,0,0
Ravi Iyer,+91-00000-58040,1967-01-21,524001,0,58,M,84.8,76.0,3,0,0,0,0,0
Vikram Das,+91-00000-91132,1985-11-03,524201,1,39,M,62.8,103.0,3,1,0,0,0,0
Ganesh Iyer,+91-00000-53460,1983-12-31,524001,0,41,M,50.4,101.0,4,0,0,0,0,0
Priya Iyer,+91-00000-57178,1952-04-14,524121,0,73,F,56.4,,6,0,0,1,0,0
Pooja Naidu,+91-00000-98410,1969-07-10,524101,1,55,M,70.8,87.0,5,0,1,0,0,0
Divya Nair,+91-00000-35795,1975-04-05,524301,1,50,F,60.2,69.0,5,1,1,0,0,0
Kiran Sharma,+91-00000-21128,1962-06-20,524201,0,63,M,47.4,68.0,7,0,0,0,0,0
Manoj Patel,+91-00000-83283,1970-10-19,524003,0,54,M,75.7,121.0,9,0,0,0,0,0
Aarav Naidu,+91-00000-23582,1983-06-06,524201,0,42,F,38.6,108.0,2,0,0,1,0,0
Suresh Nair,+91-00000-83994,1955-12-02,524121,1,69,F,54.2,,4,0,0,0,0,1
Ravi Sharma,+91-00000-33436,1985-06-22,524121,1,40,F,52.3,,2,0,1,0,0,0
Rahul Naidu,+91-00000-24896,1978-06-11,524201,1,47,M,66.7,94.0,5,0,0,0,0,0
Pooja Reddy,+91-00000-84224,1965-08-14,524001,1,59,F,46.8,85.0,2,0,0,0,0,0
Meena Khan,+91-00000-25734,1941-04-22,524101,0,84,F,58.6,68.0,8,1,0,0,0,0
Meena Naidu,+91-00000-66928,1980-12-19,524001,0,44,F,47.1,103.0,4,1,0,0,1,0
Pooja Rao,+91-00000-81203,1974-03-04,524301,1,51,M,76.4,,5,1,0,0,0,0
Manoj Iyer,+91-00000-20774,1943-05-20,524201,0,82,F,50.1,26.0,7,1,0,1,0,1
Pooja Reddy,+91-00000-85657,1954-11-30,524301,0,70,F,35.0,69.0,8,1,1,0,0,1
Vikram Singh,+91-00000-33699,1968-07-07,524001,0,56,M,72.3,76.0,6,0,1,0,1,1
Swathi Naidu,+91-00000-84208,1965-07-05,524001,1,59,F,58.2,52.0,4,0,0,0,0,0
Naveen Naidu,+91-00000-36781,1964-07-25,524002,0,60,F,41.3,92.0,1,0,1,0,0,0
Aarav Rao,+91-00000-96229,1972-06-08,524137,0,53,M,54.7,86.0,1,0,0,1,0,0
Kavya Naidu,+91-00000-70193,1968-04-16,524121,0,57,M,72.8,87.0,5,0,1,0,1,0
Meena Das,+91-00000-85348,1959-11-02,524121,1,65,M,59.9,86.0,7,0,0,1,0,0
Anjali Nair,+91-00000-65726,1930-07-04,524201,0,94,M,49.5,61.0,6,0,0,0,0,0
Arjun Sharma,+91-00000-21008,1985-02-25,524002,1,40,M,59.7,,2,0,1,0,0,0
Vikram Reddy,+91-00000-26605,1965-08-06,524002,1,59,M,89.9,,6,0,1,0,0,0
Manoj Iyer,+91-00000-47948,1965-05-22,524121,1,60,M,72.5,68.0,3,0,0,0,0,0
Lakshmi Nair,+91-00000-36384,1996-07-03,524101,0,28,F,61.0,124.0,4,1,0,0,0,0
Priya Reddy,+91-00000-67315,1967-05-30,524003,1,58,M,58.9,,7,0,0,0,0,0
Vikram Naidu,+91-00000-16208,1959-01-28,524301,1,66,F,66.2,81.0,6,1,1,0,0,0
Meena Patel,+91-00000-99046,1989-10-22,524003,1,35,F,59.9,,4,1,0,0,1,0
Sita Sharma,+91-00000-24543,1939-03-07,524301,0,86,M,84.9,69.0,15,0,0,0,0,0
Aarav Sharma,+91-00000-90262,1953-10-18,524101,1,71,M,66.2,58.0,4,0,0,0,0,0
Lakshmi Das,+91-00000-10278,1979-01-03,524121,0,46,M,75.9,118.0,5,0,0,0,0,0
Suresh Reddy,+91-00000-51006,1965-01-14,524121,0,60,M,57.9,108.0,4,0,0,0,0,0
Kavya Sharma,+91-00000-72650,1966-03-03,524001,1,59,F,52.7,,4,0,0,1,0,0
Suresh Khan,+91-00000-37009,1944-10-18,524201,0,80,F,58.3,49.0,10,1,0,0,0,1
Lakshmi Reddy,+91-00000-17179,1940-06-26,524121,0,85,M,84.5,82.0,8,1,0,0,0,0
Kavya Das,+91-00000-67126,1992-08-27,524001,0,32,M,62.1,135.0,3,0,0,1,0,0
Meena Khan,+91-00000-88328,1962-12-26,524301,1,62,F,65.7,85.0,3,0,0,0,0,0
Ravi Singh,+91-00000-96450,1968-05-20,524301,0,57,F,53.4,93.0,11,0,1,0,0,0
Anjali Patel,+91-00000-79235,1943-03-02,524121,1,82,F,58.9,,8,0,0,0,0,0
Divya Khan,+91-00000-12670,1982-04-29,524301,1,43,F,57.8,102.0,5,0,1,0,0,0
Naveen Sharma,+91-00000-51972,1966-03-20,524201,1,59,M,80.2,,4,0,0,0,0,1
Lakshmi Reddy,+91-00000-31887,1970-08-03,524301,0,54,M,53.0,83.0,5,0,0,0,0,0
Aarav Khan,+91-00000-66041,1965-07-12,524121,1,59,M,82.8,75.0,7,1,0,0,0,0
Rahul Iyer,+91-00000-72766,1987-03-09,524001,1,38,M,80.3,85.0,4,0,0,0,0,0
Kiran Das,+91-00000-25248,1964-07-16,524002,1,60,F,59.7,59.0,4,0,1,0,0,0
Rahul Sharma,+91-00000-92154,1947-05-19,524201,1,78,M,51.2,67.0,8,0,0,0,0,0
Sita Rao,+91-00000-20369,1956-01-12,524001,1,69,M,67.8,47.0,8,1,1,0,0,1
Meena Iyer,+91-00000-68133,1971-04-30,524003,1,54,M,58.5,,5,0,1,1,0,0
Priya Rao,+91-00000-84376,1934-08-24,524201,1,90,F,47.2,71.0,4,0,1,0,0,0
Ravi Naidu,+91-00000-37168,1981-02-06,524137,1,44,F,56.3,,4,0,1,0,0,0
Kavya Singh,+91-00000-88901,1956-08-10,524002,1,68,F,39.4,91.0,5,1,0,0,0,0
Divya Rao,+91-00000-14197,1994-12-16,524101,1,30,F,56.1,115.0,7,0,0,0,0,0
Swathi Rao,+91-00000-69311,1975-09-18,524002,0,49,F,38.0,67.0,6,0,0,0,0,0
Naveen Naidu,+91-00000-62972,1942-05-10,524137,0,83,M,63.8,58.0,5,0,1,1,0,0
Priya Das,+91-00000-76940,1976-03-22,524101,1,49,M,55.7,83.0,2,0,0,0,0,0
Divya Iyer,+91-00000-63708,1984-01-12,524301,1,41,M,69.7,78.0,3,0,0,0,0,0
Vikram Singh,+91-00000-57669,1974-10-15,524301,0,50,M,57.3,104.0,8,1,0,0,0,0
Pooja Sharma,+91-00000-30039,1970-11-14,524301,0,54,M,68.6,48.0,3,1,1,0,0,0
Rahul Sharma,+91-00000-68746,1943-10-23,524003,1,81,M,59.0,68.0,4,0,1,0,1,0
Anjali Khan,+91-00000-79868,1980-02-15,524121,0,45,M,57.2,124.0,4,0,0,0,0,0
Pooja Patel,+91-00000-23978,1937-09-07,524301,1,87,F,61.2,,5,0,0,1,0,1
Manoj Sharma,+91-00000-96442,1987-04-17,524301,1,38,F,61.9,,5,0,0,0,1,0
Swathi Das,+91-00000-53307,1975-10-01,524121,1,49,M,75.0,,3,0,0,0,1,0
Vikram Sharma,+91-00000-28183,1966-03-24,524121,0,59,M,66.2,94.0,3,1,0,1,0,0
Ravi Sharma,+91-00000-99797,1970-09-23,524003,1,54,F,60.6,77.0,8,1,0,0,0,0
Pooja Naidu,+91-00000-69075,1982-03-28,524137,1,43,M,77.5,,4,0,0,1,0,0
Divya Das,+91-00000-96416,1967-01-13,524301,1,58,M,80.1,,3,1,1,0,1,0
Aarav Patel,+91-00000-40145,1975-12-16,524003,0,49,M,59.3,96.0,4,0,1,1,0,0
Anjali Naidu,+91-00000-56897,1961-04-20,524121,1,64,F,64.2,65.0,4,1,0,0,0,0
Priya Reddy,+91-00000-75228,1975-04-27,524121,0,50,F,53.6,99.0,2,0,1,1,0,0
Pooja Das,+91-00000-40676,1958-05-25,524201,0,67,M,61.9,71.0,4,0,0,0,0,0
Kavya Singh,+91-00000-64135,1969-11-06,524002,1,55,M,66.6,,5,0,1,1,0,1
Ravi Singh,+91-00000-87173,1977-11-03,524001,0,47,M,79.6,102.0,6,0,1,0,0,0
Arjun Patel,+91-00000-97575,1967-12-18,524301,1,57,M,66.3,75.0,3,1,0,0,0,0
Ganesh Reddy,+91-00000-42061,2001-10-26,524201,0,23,M,62.8,108.0,2,0,1,0,0,0
Aarav Iyer,+91-00000-76315,1942-02-10,524002,1,83,M,64.2,,10,0,0,0,0,0
Kavya Iyer,+91-00000-33889,1943-08-20,524201,1,81,M,82.8,,5,1,0,0,0,1
Diya Patel,+91-00000-40537,1982-12-27,524301,1,42,M,75.1,114.0,6,0,0,1,0,0
Anjali Khan,+91-00000-30982,1986-03-14,524121,0,39,M,65.1,94.0,2,1,0,0,0,0
Manoj Sharma,+91-00000-76954,1980-06-05,524301,0,45,M,73.7,123.0,4,0,1,0,0,0
Pooja Das,+91-00000-11024,1955-10-12,524101,1,69,F,60.2,,10,1,0,1,0,0
Meena Singh,+91-00000-14823,1959-03-22,524002,0,66,F,66.3,91.0,9,0,0,0,0,0
Divya Sharma,+91-00000-98648,1964-04-23,524003,1,61,F,64.1,68.0,3,1,1,0,0,1
Ganesh Das,+91-00000-51167,1942-10-23,524121,0,82,M,79.5,67.0,7,1,1,0,0,0
Kavya Rao,+91-00000-96379,1977-03-22,524121,1,48,M,62.8,,4,0,1,0,0,0
Arjun Singh,+91-00000-72111,1960-06-08,524001,1,65,M,50.8,,1,0,0,0,0,0
Vikram Das,+91-00000-22176,1972-07-21,524101,0,52,M,77.8,92.0,2,0,0,0,0,0
Lakshmi Iyer,+91-00000-69547,1960-02-20,524137,0,65,M,64.1,77.0,10,0,1,0,0,1
Priya Reddy,+91-00000-19158,1948-02-22,524201,1,77,M,56.9,,6,0,0,1,0,0
Priya Khan,+91-00000-88582,1945-02-05,524137,1,80,M,62.4,41.0,4,0,1,0,0,0
Kiran Khan,+91-00000-13649,1939-03-19,524121,0,86,F,53.7,72.0,5,0,0,0,0,0
Kiran Patel,+91-00000-47132,1967-11-29,524002,0,57,M,73.0,94.0,4,0,0,0,0,0
Manoj Iyer,+91-00000-97399,1986-08-18,524201,0,38,M,62.7,90.0,7,0,1,0,0,0
Manoj Singh,+91-00000-30779,1972-06-26,524137,1,53,F,70.7,70.0,6,0,0,0,0,0
Ravi Patel,+91-00000-21177,1955-11-26,524137,0,69,F,61.2,,9,1,0,0,0,0
Naveen Singh,+91-00000-44355,1965-08-02,524101,0,59,F,73.5,,4,1,0,1,1,0
Ganesh Khan,+91-00000-65437,1945-06-05,524001,0,80,F,47.6,70.0,6,0,0,0,0,0
Swathi Reddy,+91-00000-70737,1971-10-17,524201,1,53,M,68.4,,4,1,0,0,0,0
Manoj Rao,+91-00000-93851,1950-03-23,524137,1,75,M,47.5,,6,0,1,0,1,0
Ganesh Sharma,+91-00000-94088,1946-01-28,524137,0,79,F,57.9,31.0,5,0,0,0,0,0
Vikram Khan,+91-00000-17037,1962-10-14,524121,0,62,F,46.8,64.0,5,0,0,0,0,0
Sita Singh,+91-00000-96227,1940-12-04,524201,1,84,F,35.0,,7,1,1,0,0,0
Sita Nair,+91-00000-69829,1969-02-13,524137,1,56,M,61.0,,6,0,0,0,0,0
Manoj Patel,+91-00000-30251,1961-09-25,524101,0,63,M,52.6,83.0,6,1,0,0,0,0
Manoj Rao,+91-00000-58352,1969-07-26,524301,0,55,F,56.2,96.0,3,1,0,0,0,0
Priya Rao,+91-00000-90136,1951-07-23,524121,0,73,F,55.7,90.0,4,0,0,1,0,0
Vikram Naidu,+91-00000-48663,1957-09-21,524201,1,67,F,47.9,68.0,4,0,0,0,1,0
Naveen Patel,+91-00000-42324,1950-12-30,524137,0,74,M,80.5,47.0,7,0,0,1,0,0
Priya Khan,+91-00000-42109,1958-04-14,524301,0,67,M,72.7,87.0,4,0,0,0,0,0
Swathi Singh,+91-00000-56232,1995-05-05,524101,0,30,M,63.4,98.0,3,1,1,0,0,1
Arjun Rao,+91-00000-62580,1963-07-27,524201,0,61,F,37.2,83.0,9,0,0,0,0,0
Arjun Patel,+91-00000-37735,1963-01-12,524201,0,62,M,52.2,68.0,3,1,0,0,0,0
Divya Singh,+91-00000-27926,1992-09-03,524137,1,32,M,85.4,110.0,1,0,0,1,0,0
Kiran Rao,+91-00000-12089,1975-11-06,524137,0,49,M,86.3,77.0,3,0,0,0,0,0
Manoj Sharma,+91-00000-59146,2001-12-28,524121,1,23,F,56.9,110.0,3,0,1,0,1,0
Divya Naidu,+91-00000-25944,1958-08-06,524002,0,66,M,88.8,79.0,4,1,1,0,0,0
Naveen Singh,+91-00000-29932,1941-07-10,524001,0,83,M,54.4,54.0,3,0,0,0,0,0
Naveen Patel,+91-00000-22333,1960-05-05,524003,1,65,M,66.4,56.0,2,0,1,0,0,0
Ganesh Singh,+91-00000-33891,1967-05-27,524121,1,58,F,57.2,68.0,3,1,0,0,0,0
Vikram Nair,+91-00000-53210,1951-08-13,524137,0,73,M,73.6,73.0,4,0,0,0,0,0
Pooja Das,+91-00000-91171,1957-07-26,524001,1,67,F,35.0,,5,0,1,0,1,0
Ravi Iyer,+91-00000-93782,1985-01-08,524301,0,40,F,46.1,132.0,3,0,0,0,0,0
Manoj Rao,+91-00000-56079,1990-12-02,524002,1,34,F,60.8,,2,0,0,0,0,0
Vikram Khan,+91-00000-97120,1935-08-20,524001,0,89,M,77.3,69.0,3,1,0,0,0,1
Kavya Khan,+91-00000-38123,1970-10-04,524101,0,54,M,72.1,89.0,5,0,0,0,1,0
Kavya Patel,+91-00000-42998,1970-04-07,524003,1,55,F,65.7,129.0,6,0,0,1,0,0
Rahul Das,+91-00000-40307,1954-03-03,524003,0,71,M,68.4,83.0,2,0,0,0,0,0
Arjun Iyer,+91-00000-35447,1955-02-18,524101,0,70,F,54.6,,8,0,1,0,0,0
Naveen Patel,+91-00000-15488,1945-09-25,524003,0,79,M,79.1,77.0,2,0,0,0,0,0
Anjali Das,+91-00000-79477,1955-01-31,524001,1,70,F,47.7,43.0,6,1,1,0,0,1
Ganesh Das,+91-00000-81603,2006-05-04,524201,1,19,F,73.5,96.0,3,0,0,0,0,0
Naveen Naidu,+91-00000-52707,1983-06-21,524101,0,42,F,64.4,,2,1,0,1,0,0
Sita Nair,+91-00000-66528,1976-01-17,524201,0,49,F,47.7,67.0,5,1,0,0,0,0
Lakshmi Sharma,+91-00000-42760,1965-02-10,524001,0,60,M,54.9,80.0,3,0,0,0,0,0
Sita Das,+91-00000-32265,1956-12-22,524101,1,68,M,57.8,,7,0,0,1,0,0
Naveen Rao,+91-00000-15452,1983-09-30,524301,1,41,M,69.6,91.0,6,0,0,0,0,0
Vikram Iyer,+91-00000-50362,1964-09-29,524002,1,60,M,71.3,,2,0,0,0,0,0
Swathi Naidu,+91-00000-89533,1967-08-30,524002,1,57,M,65.8,87.0,2,0,1,0,0,0
Divya Das,+91-00000-46415,1957-03-08,524121,0,68,M,64.5,67.0,10,0,1,1,0,1
Ravi Singh,+91-00000-65292,1952-04-27,524101,0,73,F,69.1,55.0,8,0,0,0,1,0
Naveen Khan,+91-00000-77292,1981-07-28,524101,0,43,M,71.6,114.0,5,0,0,0,0,0
Sita Sharma,+91-00000-51063,1975-08-30,524003,1,49,F,72.5,71.0,9,0,1,1,0,1
Rahul Patel,+91-00000-66863,1962-06-22,524201,1,63,M,72.2,77.0,6,1,1,0,1,1
Meena Iyer,+91-00000-96727,1985-07-25,524137,0,39,M,86.9,122.0,4,0,1,1,0,0
Vikram Rao,+91-00000-75251,1985-04-29,524002,1,40,M,69.3,,3,0,0,0,0,0
Naveen Rao,+91-00000-94372,1963-11-15,524301,0,61,F,51.1,92.0,5,0,1,1,0,0
Swathi Naidu,+91-00000-41227,1973-04-07,524002,0,52,M,68.2,72.0,6,0,0,0,0,0
Kiran Reddy,+91-00000-81354,1970-07-17,524201,1,54,F,66.2,,4,1,0,0,0,0
Kiran Khan,+91-00000-34662,1948-09-10,524003,0,76,M,53.3,58.0,6,0,0,0,0,0
Arjun Reddy,+91-00000-43034,1979-05-09,524001,0,46,F,58.8,76.0,3,0,0,1,0,0
Aarav Naidu,+91-00000-14927,1930-09-03,524121,1,94,M,56.1,48.0,7,1,0,0,0,0
Vikram Iyer,+91-00000-83508,1973-06-21,524137,1,52,F,55.1,91.0,4,0,0,0,0,0
Sita Iyer,+91-00000-29152,1971-07-08,524121,1,53,M,68.4,99.0,5,1,0,1,0,0
Kavya Naidu,+91-00000-51262,1978-11-09,524137,0,46,F,71.8,104.0,5,1,1,0,0,0
Pooja Sharma,+91-00000-32920,1959-07-22,524003,0,65,M,67.2,97.0,9,0,0,0,0,0
Kiran Naidu,+91-00000-63280,1951-06-05,524137,0,74,M,56.2,78.0,3,0,1,0,0,0
Kiran Naidu,+91-00000-66249,1944-12-18,524121,1,80,F,60.3,49.0,8,1,0,0,0,0
Ganesh Reddy,+91-00000-37128,1964-01-12,524001,1,61,M,77.1,,4,1,0,1,0,0
Rahul Nair,+91-00000-56736,1962-08-15,524101,1,62,M,56.5,76.0,2,0,1,0,0,0
Vikram Rao,+91-00000-86591,1974-03-18,524137,1,51,M,83.1,109.0,6,1,0,0,1,0
Divya Das,+91-00000-79765,1961-02-13,524002,0,64,M,60.4,70.0,3,0,0,1,0,0
Kavya Rao,+91-00000-76050,1960-12-03,524137,0,64,M,74.6,60.0,7,0,0,0,0,0
Manoj Nair,+91-00000-26784,1973-09-15,524301,0,51,M,57.9,117.0,3,0,1,0,0,0
Swathi Patel,+91-00000-38822,1968-08-03,524201,0,56,F,43.8,89.0,5,0,0,1,0,0
Manoj Rao,+91-00000-79425,1953-06-13,524301,0,72,M,53.5,87.0,4,0,0,0,0,0
Kiran Rao,+91-00000-74769,1976-05-03,524101,1,49,M,67.9,70.0,2,0,0,0,0,0
Anjali Reddy,+91-00000-83804,1973-07-23,524101,0,51,F,66.6,94.0,9,0,1,0,0,0
Kiran Reddy,+91-00000-38125,1950-07-13,524201,0,74,M,84.9,52.0,5,1,1,1,0,1
Rahul Khan,+91-00000-43473,1973-09-27,524301,0,51,M,72.4,,6,0,0,0,0,0
Diya Khan,+91-00000-37887,1949-09-04,524002,0,75,M,79.1,75.0,5,0,1,0,0,0
Vikram Nair,+91-00000-82832,1976-12-26,524201,1,48,F,49.5,,5,1,1,0,0,0
Rahul Nair,+91-00000-52346,1969-05-27,524002,0,56,M,52.9,96.0,3,0,0,1,0,0
Anjali Khan,+91-00000-77759,1966-06-30,524137,1,59,F,63.4,,4,0,0,0,0,0
Lakshmi Khan,+91-00000-62988,1971-09-17,524301,0,53,F,54.8,68.0,3,1,0,0,0,0
Ganesh Reddy,+91-00000-70974,1956-11-16,524101,0,68,M,82.6,86.0,3,0,0,0,0,0
Kiran Nair,+91-00000-20430,1956-03-16,524003,0,69,M,51.9,105.0,7,0,1,0,0,0
Anjali Patel,+91-00000-14424,1951-09-12,524121,1,73,M,54.7,55.0,6,0,0,0,0,0
Diya Naidu,+91-00000-18026,1973-01-04,524002,0,52,F,55.5,80.0,6,0,0,1,0,0
Swathi Rao,+91-00000-80271,1961-01-01,524201,1,64,M,69.2,86.0,5,0,1,0,0,0
Pooja Naidu,+91-00000-71895,1979-08-21,524002,0,45,M,58.0,89.0,4,0,0,0,0,0
Rahul Das,+91-00000-41692,1968-06-16,524121,1,57,F,70.6,80.0,6,0,0,0,0,0
Rahul Khan,+91-00000-11339,1952-07-24,524121,1,72,F,35.1,60.0,6,0,0,0,0,0
Meena Sharma,+91-00000-22176,1964-03-05,524201,0,61,F,56.8,87.0,3,0,0,0,0,0
Swathi Iyer,+91-00000-65344,1973-03-12,524002,1,52,M,73.4,75.0,4,0,1,0,0,0
Kiran Rao,+91-00000-86831,1959-08-07,524101,0,65,M,77.7,93.0,3,1,0,0,0,0
Divya Rao,+91-00000-97736,1952-01-15,524201,1,73,M,67.4,67.0,5,0,0,1,0,0
Suresh Khan,+91-00000-18616,1961-11-29,524002,0,63,F,70.1,102.0,3,0,1,0,0,0
Swathi Singh,+91-00000-25202,1938-07-25,524201,1,86,M,43.6,40.0,5,0,1,0,0,0
Ravi Reddy,+91-00000-48071,1957-03-09,524101,1,68,M,68.6,,3,0,0,0,0,0
Diya Rao,+91-00000-48622,1967-03-29,524003,1,58,F,66.3,95.0,7,1,0,0,0,0
Arjun Reddy,+91-00000-40280,1949-12-19,524121,0,75,M,88.6,90.0,4,0,0,0,0,0
Swathi Das,+91-00000-87402,1960-01-23,524101,0,65,F,59.0,75.0,6,0,1,0,0,0
Aarav Reddy,+91-00000-26204,1957-09-02,524137,0,67,M,72.8,91.0,4,0,0,0,0,0
Rahul Iyer,+91-00000-75114,1969-11-25,524003,0,55,F,58.7,92.0,5,0,0,1,0,0
Suresh Nair,+91-00000-89776,1958-03-31,524101,0,67,F,47.5,81.0,6,0,0,1,0,1
Kavya Reddy,+91-00000-10466,1967-11-04,524101,0,57,F,71.2,67.0,4,0,0,1,0,0
Sita Khan,+91-00000-97660,1978-10-30,524121,0,46,F,50.0,74.0,5,0,0,0,0,0
Manoj Das,+91-00000-30261,1968-09-22,524201,0,56,M,62.0,83.0,7,0,0,0,0,0
Naveen Naidu,+91-00000-61890,1948-12-27,524001,1,76,F,37.5,75.0,4,0,0,0,0,0
Anjali Das,+91-00000-44654,1965-07-10,524101,0,59,M,53.9,88.0,6,0,0,0,0,0
Sita Sharma,+91-00000-82502,1957-01-06,524201,0,68,F,49.4,50.0,6,1,0,1,0,1
Aarav Patel,+91-00000-41771,1965-09-23,524002,0,59,F,59.9,,5,0,1,0,0,0
Rahul Nair,+91-00000-51985,1938-03-22,524301,0,87,F,46.1,65.0,9,0,0,0,0,1
Naveen Sharma,+91-00000-67471,1942-01-18,524301,0,83,M,60.3,79.0,8,0,0,0,0,0
Pooja Reddy,+91-00000-77132,1970-12-08,524002,0,54,M,71.6,70.0,3,0,0,0,0,0
Sita Das,+91-00000-83441,1943-09-22,524003,0,81,F,58.5,24.0,3,0,0,1,0,1
Kavya Das,+91-00000-87608,1965-08-10,524137,1,59,F,63.1,47.0,5,1,1,0,0,0
Vikram Sharma,+91-00000-53310,1974-06-01,524002,0,51,M,77.0,100.0,4,1,0,0,0,0
Arjun Khan,+91-00000-80445,1969-02-16,524301,0,56,M,77.5,100.0,8,0,1,0,0,0
Ganesh Patel,+91-00000-65362,1960-01-16,524137,1,65,M,61.5,74.0,7,1,0,0,0,0
Priya Singh,+91-00000-22381,1954-07-02,524201,0,70,F,61.9,76.0,3,0,1,0,0,0
Aarav Reddy,+91-00000-48545,1949-11-07,524201,0,75,M,60.6,55.0,5,0,0,0,0,0
Lakshmi Nair,+91-00000-30214,1960-11-16,524002,0,64,F,51.6,81.0,5,1,0,0,0,0
Swathi Iyer,+91-00000-75294,1942-01-11,524137,0,83,M,74.7,42.0,8,0,0,1,0,0
Ganesh Sharma,+91-00000-36045,1942-07-10,524002,0,82,M,63.6,86.0,3,0,0,0,0,0
Sita Naidu,+91-00000-20630,1943-01-14,524101,0,82,M,89.8,53.0,6,0,1,0,0,0
Naveen Rao,+91-00000-13235,1968-12-02,524002,1,56,F,66.7,,5,1,0,0,0,1
Sita Khan,+91-00000-32728,1965-01-16,524301,1,60,M,72.4,55.0,9,0,1,0,0,0
Priya Rao,+91-00000-88121,1981-10-01,524002,1,43,M,63.9,,3,0,0,0,0,0
Ganesh Nair,+91-00000-75124,1960-12-10,524137,0,64,M,76.8,,9,0,0,0,0,0
Arjun Das,+91-00000-10499,1983-11-22,524137,1,41,M,52.9,70.0,4,0,1,0,0,0
Kavya Khan,+91-00000-65268,1968-06-22,524101,0,57,F,47.1,116.0,3,0,1,0,0,0
Arjun Nair,+91-00000-58578,1955-12-27,524301,0,69,F,56.7,74.0,7,0,0,0,0,0
Suresh Das,+91-00000-40295,1992-06-18,524201,0,33,M,64.1,,5,0,0,0,0,0
Suresh Nair,+91-00000-45317,1988-12-09,524121,0,36,F,70.2,135.0,2,1,0,0,0,0
Kiran Iyer,+91-00000-83524,1979-02-10,524101,0,46,M,74.0,96.0,3,0,0,0,0,0
Ravi Khan,+91-00000-94625,1965-01-05,524003,1,60,M,63.6,,7,0,0,0,0,0
Vikram Das,+91-00000-21987,1968-10-09,524121,1,56,M,84.5,,4,0,0,0,1,0
Ganesh Reddy,+91-00000-58365,1972-05-18,524101,1,53,F,73.3,90.0,7,1,0,0,0,0
Suresh Singh,+91-00000-31473,1938-06-14,524201,0,87,M,72.5,47.0,8,0,1,0,0,1
Priya Rao,+91-00000-31561,1954-09-21,524201,0,70,M,73.4,,5,0,0,0,0,0
Lakshmi Reddy,+91-00000-16289,1990-05-13,524121,0,35,F,49.9,87.0,6,0,0,0,0,0
Ganesh Patel,+91-00000-44588,1973-01-05,524003,1,52,M,70.4,85.0,6,0,0,0,1,0
Diya Khan,+91-00000-27490,1959-09-28,524301,0,65,F,57.2,89.0,3,0,1,0,0,0
Anjali Sharma,+91-00000-27711,1969-08-24,524002,0,55,M,54.3,80.0,5,0,0,1,0,0
Aarav Rao,+91-00000-90794,1961-01-30,524301,0,64,F,66.2,84.0,7,1,1,0,0,0
Lakshmi Khan,+91-00000-76161,1957-06-17,524137,0,68,M,68.4,91.0,3,0,0,0,0,0
Pooja Khan,+91-00000-70985,1963-11-29,524137,0,61,F,52.0,99.0,9,0,0,0,1,0
Sita Sharma,+91-00000-86915,1983-02-14,524003,1,42,F,61.3,78.0,4,0,0,0,0,0
Priya Nair,+91-00000-84464,1945-04-13,524137,0,80,F,58.3,76.0,7,0,0,0,0,1
Swathi Sharma,+91-00000-48814,1937-08-18,524003,1,87,M,82.8,,9,0,1,0,0,0
Vikram Iyer,+91-00000-68503,1936-02-08,524003,1,89,M,49.0,,8,0,0,0,0,0
Sita Rao,+91-00000-42097,1948-02-14,524201,0,77,F,54.3,80.0,6,1,0,0,0,0
Meena Khan,+91-00000-58230,1963-10-08,524003,0,61,M,50.6,94.0,8,0,0,0,0,0
Diya Singh,+91-00000-94800,1975-10-11,524101,0,49,M,63.8,84.0,4,0,0,0,0,0
Arjun Das,+91-00000-56366,1979-01-05,524121,0,46,M,60.3,103.0,3,1,0,0,0,0
Arjun Das,+91-00000-29894,1936-10-15,524003,0,88,F,66.2,69.0,6,0,0,0,1,0
Aarav Naidu,+91-00000-97848,1967-07-13,524301,0,57,M,57.1,79.0,8,0,1,0,0,0
Manoj Iyer,+91-00000-17170,1930-05-17,524201,0,95,F,82.8,60.0,12,0,1,0,0,0
Manoj Nair,+91-00000-40983,1942-04-13,524001,1,83,M,59.0,,7,0,0,0,0,0
Pooja Singh,+91-00000-71469,1955-07-27,524001,0,69,M,62.1,66.0,5,0,0,0,0,1
Vikram Das,+91-00000-30596,1990-03-08,524201,0,35,F,62.4,100.0,4,0,1,0,0,0
Meena Khan,+91-00000-32820,1959-10-03,524137,0,65,F,74.6,94.0,8,1,0,1,0,0
Kavya Iyer,+91-00000-55078,1939-06-01,524001,0,86,F,43.3,60.0,8,0,1,0,0,0
Manoj Reddy,+91-00000-66891,1959-12-26,524201,0,65,F,43.2,111.0,5,1,0,1,0,0
Meena Das,+91-00000-58687,1970-10-12,524201,0,54,M,72.2,84.0,4,0,0,0,0,0
Pooja Naidu,+91-00000-15981,1958-12-10,524301,0,66,M,66.5,107.0,5,0,0,0,1,0
Meena Sharma,+91-00000-66264,1955-06-13,524001,0,70,F,38.2,109.0,2,0,1,0,0,0
Sita Naidu,+91-00000-25294,1949-12-23,524101,1,75,F,76.8,,5,0,0,0,0,0
Swathi Naidu,+91-00000-62843,1964-04-27,524001,0,61,F,45.9,85.0,5,0,0,0,0,0
Rahul Naidu,+91-00000-62791,1989-04-05,524101,0,36,F,59.8,103.0,8,1,0,0,0,0
Rahul Naidu,+91-00000-56596,1965-06-08,524137,1,60,F,47.9,60.0,3,0,0,0,0,0
Ravi Reddy,+91-00000-82287,1981-10-21,524001,1,43,F,67.4,80.0,3,0,0,0,0,0
Suresh Sharma,+91-00000-28225,1960-09-24,524137,0,64,F,52.5,,5,0,0,0,0,0
Ganesh Singh,+91-00000-24306,1973-05-18,524201,1,52,M,61.1,,5,1,0,0,0,0
Manoj Nair,+91-00000-97153,1967-12-15,524001,0,57,F,62.8,91.0,5,0,0,1,0,0
Diya Singh,+91-00000-31174,1966-04-24,524001,1,59,M,64.7,75.0,4,1,0,0,0,0
Aarav Das,+91-00000-49684,1963-12-25,524201,1,61,M,85.6,101.0,9,0,0,0,0,1
Lakshmi Naidu,+91-00000-99574,1978-10-24,524121,1,46,M,79.6,101.0,6,0,0,0,0,0
Anjali Reddy,+91-00000-18473,1992-09-30,524121,0,32,M,71.9,111.0,1,0,0,0,0,0
Vikram Singh,+91-00000-24063,1967-07-25,524121,0,57,M,68.6,100.0,5,0,0,0,0,0
Sita Iyer,+91-00000-74185,1968-10-18,524201,0,56,F,50.8,89.0,2,0,0,0,0,0
Kiran Khan,+91-00000-25129,1975-05-14,524201,0,50,F,55.0,83.0,4,0,0,0,0,0
Naveen Patel,+91-00000-58763,1970-10-01,524003,0,54,F,59.6,119.0,3,0,0,0,0,0
Anjali Nair,+91-00000-84881,1958-10-29,524201,1,66,F,59.6,,7,0,0,0,0,0
Kavya Reddy,+91-00000-36896,1958-06-22,524001,0,67,F,41.7,84.0,9,0,1,0,0,0
Manoj Singh,+91-00000-21527,1959-07-15,524002,0,65,M,54.9,65.0,9,0,0,0,0,0
Naveen Patel,+91-00000-44913,1943-01-21,524201,0,82,F,59.6,85.0,8,0,0,0,1,0
Divya Patel,+91-00000-87843,1981-11-16,524002,0,43,M,59.5,109.0,4,0,1,0,1,0
Rahul Iyer,+91-00000-99252,1964-08-11,524003,0,60,M,61.0,73.0,6,1,0,1,0,0
Rahul Iyer,+91-00000-62541,1961-07-20,524137,0,63,M,57.1,53.0,3,0,0,0,1,0
Suresh Reddy,+91-00000-89005,1961-01-03,524001,0,64,M,54.9,89.0,8,0,0,0,0,0
Ravi Singh,+91-00000-68918,1947-11-22,524001,1,77,M,71.3,104.0,2,1,1,0,0,0
Meena Rao,+91-00000-69943,1975-10-31,524301,1,49,M,64.1,109.0,13,0,0,0,0,0
Divya Rao,+91-00000-17466,1967-10-08,524121,1,57,M,76.4,,3,0,0,0,0,0
Lakshmi Patel,+91-00000-34823,1955-12-16,524201,1,69,F,35.0,28.0,10,0,0,0,0,1
Pooja Rao,+91-00000-15933,1969-04-29,524001,1,56,F,57.0,83.0,6,1,0,0,0,0
Divya Naidu,+91-00000-46741,1964-10-23,524201,0,60,M,68.5,83.0,3,0,1,0,0,1
Manoj Reddy,+91-00000-37436,1951-05-03,524137,1,74,F,50.7,74.0,4,0,0,0,0,0
Pooja Sharma,+91-00000-64739,1969-10-03,524137,0,55,M,83.0,84.0,9,0,0,0,0,0
Swathi Naidu,+91-00000-99561,1988-05-24,524137,0,37,F,69.5,,4,0,0,1,0,0
Sita Reddy,+91-00000-43043,1964-10-20,524003,0,60,M,70.7,99.0,4,0,0,0,1,0
Sita Rao,+91-00000-44318,1971-08-19,524101,1,53,M,74.8,90.0,6,0,1,0,0,0
Anjali Das,+91-00000-84052,1954-08-20,524201,0,70,M,83.7,57.0,7,0,1,0,0,0
Vikram Nair,+91-00000-28967,1942-12-30,524301,1,82,F,54.8,48.0,5,0,0,0,0,0
Kavya Nair,+91-00000-35296,1965-02-13,524002,0,60,M,84.5,88.0,6,0,1,0,0,0
Diya Nair,+91-00000-88024,1968-03-14,524137,1,57,F,51.3,47.0,3,0,0,0,0,1
Rahul Sharma,+91-00000-64730,1977-06-27,524137,1,48,F,43.8,,2,0,0,0,0,0
Pooja Naidu,+91-00000-60079,1940-11-22,524137,1,84,F,62.4,51.0,4,1,0,0,1,1
Vikram Rao,+91-00000-97736,1975-07-15,524001,1,49,M,71.5,106.0,5,0,0,0,0,0
Priya Nair,+91-00000-90014,1959-12-08,524001,1,65,M,51.4,67.0,5,0,0,0,0,0
Rahul Patel,+91-00000-77944,1953-10-06,524001,0,71,M,60.2,63.0,6,0,0,0,0,0
Divya Khan,+91-00000-64615,1958-01-11,524002,0,67,M,61.1,,9,0,0,0,0,0
Naveen Reddy,+91-00000-87335,1946-08-26,524003,0,78,M,55.7,64.0,6,0,0,0,0,0
Suresh Rao,+91-00000-84018,1955-12-28,524002,1,69,M,85.0,77.0,8,0,0,0,0,0
Priya Iyer,+91-00000-78919,1962-06-01,524121,0,63,M,59.2,87.0,2,0,1,0,0,0
Aarav Naidu,+91-00000-18914,1979-09-24,524301,0,45,F,47.4,109.0,7,0,0,0,0,0
Aarav Das,+91-00000-16203,1984-01-28,524137,1,41,M,51.6,,3,0,0,0,0,0
Suresh Das,+91-00000-56475,1949-10-01,524001,1,75,F,41.5,58.0,7,0,1,0,0,0
Suresh Singh,+91-00000-37445,1937-03-13,524121,0,88,M,62.0,73.0,6,0,0,0,0,1
Vikram Khan,+91-00000-55721,1942-10-14,524301,0,82,F,62.2,44.0,5,0,1,0,0,1
Rahul Sharma,+91-00000-91068,1977-10-04,524121,1,47,M,51.4,82.0,4,1,0,0,0,0
Sita Khan,+91-00000-73104,1953-06-25,524137,0,72,M,45.9,88.0,3,0,0,0,0,0
Diya Reddy,+91-00000-24639,1971-01-12,524121,0,54,F,64.1,108.0,7,0,0,0,0,0
Meena Nair,+91-00000-92443,1987-02-12,524121,1,38,M,64.6,101.0,2,1,0,0,0,0
Lakshmi Iyer,+91-00000-54503,1968-03-01,524101,0,57,F,38.7,72.0,6,0,0,1,0,1
Anjali Das,+91-00000-96869,1973-04-04,524201,0,52,M,78.0,100.0,3,1,1,0,0,0
Pooja Reddy,+91-00000-21459,1980-11-03,524101,1,44,F,73.5,68.0,5,1,1,0,0,0
Divya Rao,+91-00000-71528,1943-12-31,524301,0,81,F,55.0,75.0,3,0,0,0,0,0
Pooja Khan,+91-00000-81562,1957-07-10,524201,0,67,M,61.3,68.0,5,0,0,0,0,0
Pooja Khan,+91-00000-31660,1959-07-09,524101,1,65,F,47.8,,5,0,0,0,0,0
Suresh Rao,+91-00000-92196,1948-11-04,524002,0,76,F,55.0,71.0,4,1,0,1,0,0
Lakshmi Khan,+91-00000-46020,1969-05-10,524137,0,56,F,41.7,,4,0,0,0,0,0
