patient_id,fill_date,days_supply
R2001,2025-01-01,30
R2001,2025-02-07,30
R2001,2025-03-09,30
R2001,2025-04-08,30
R2001,2025-05-08,30
R2001,2025-06-07,30
R2001,2025-07-07,30
R2001,2025-08-18,30
R2001,2025-09-17,30
R2001,2025-10-17,30
R2001,2025-11-16,30
R2001,2025-12-16,30
R2002,2025-01-01,30
R2002,2025-01-31,30
R2002,2025-03-02,30
R2002,2025-04-01,30
R2002,2025-05-01,30
R2002,2025-05-31,30
R2002,2025-06-30,30
R2002,2025-07-30,30
R2002,2025-08-29,30
R2002,2025-09-28,30
R2002,2025-10-28,30
R2002,2025-11-27,30
R2002,2025-12-27,30
R2003,2025-01-01,30
R2003,2025-01-31,30
R2003,2025-03-02,30
R2003,2025-04-11,30
R2003,2025-05-11,30
R2003,2025-06-10,30
R2003,2025-07-10,30
R2003,2025-08-28,30
R2003,2025-09-27,30
R2003,2025-10-27,30
R2003,2025-11-26,30
R2004,2025-01-01,30
R2004,2025-01-31,30
R2004,2025-04-03,30
R2004,2025-05-28,30
R2004,2025-07-28,30
R2004,2025-09-20,30
R2004,2025-12-19,30
R2005,2025-01-01,30
R2005,2025-02-25,30
R2005,2025-03-27,30
R2005,2025-04-26,30
R2005,2025-05-26,30
R2005,2025-06-25,30
R2005,2025-07-25,30
R2005,2025-08-24,30
R2005,2025-09-23,30
R2005,2025-10-23,30
R2005,2025-11-22,30
R2005,2025-12-22,30
R2006,2025-01-01,30
R2006,2025-01-31,30
R2006,2025-03-02,30
R2006,2025-04-01,30
R2006,2025-05-01,30
R2006,2025-05-31,30
R2006,2025-07-08,30
R2006,2025-08-07,30
R2006,2025-11-07,30
R2006,2025-12-07,30
R2007,2025-01-01,30
R2007,2025-01-31,30
R2007,2025-03-02,30
R2007,2025-04-01,30
R2007,2025-05-01,30
R2007,2025-05-31,30
R2007,2025-06-30,30
R2007,2025-08-22,30
R2007,2025-09-21,30
R2007,2025-10-21,30
R2007,2025-11-20,30
R2008,2025-01-01,30
R2008,2025-01-31,30
R2008,2025-03-17,30
R2008,2025-04-16,30
R2008,2025-06-10,30
R2008,2025-07-10,30
R2008,2025-09-13,30
R2008,2025-10-13,30
R2008,2025-11-12,30
R2008,2025-12-12,30
R2009,2025-01-01,30
R2009,2025-02-14,30
R2009,2025-04-03,30
R2009,2025-05-03,30
R2009,2025-06-02,30
R2009,2025-07-02,30
R2009,2025-08-01,30
R2009,2025-08-31,30
R2009,2025-10-25,30
R2009,2025-11-24,30
R2009,2025-12-24,30
R2010,2025-01-01,30
R2010,2025-03-04,30
R2010,2025-04-14,30
R2010,2025-05-14,30
R2010,2025-06-13,30
R2010,2025-07-13,30
R2010,2025-08-12,30
R2010,2025-09-11,30
R2010,2025-10-11,30
R2010,2025-12-14,30
R2011,2025-01-01,30
R2011,2025-01-31,30
R2011,2025-04-10,30
R2011,2025-05-30,30
R2011,2025-06-29,30
R2011,2025-07-29,30
R2011,2025-08-28,30
R2011,2025-09-28,30
R2011,2025-11-20,30
R2012,2025-01-01,30
R2012,2025-01-31,30
R2012,2025-03-02,30
R2012,2025-04-01,30
R2012,2025-05-01,30
R2012,2025-05-31,30
R2012,2025-06-30,30
R2012,2025-08-16,30
R2012,2025-09-15,30
R2012,2025-10-15,30
R2012,2025-11-14,30
R2012,2025-12-31,30
R2013,2025-01-01,30
R2013,2025-01-31,30
R2013,2025-03-02,30
R2013,2025-04-01,30
R2013,2025-05-01,30
R2013,2025-05-31,30
R2013,2025-06-30,30
R2013,2025-08-18,30
R2013,2025-09-17,30
R2013,2025-10-17,30
R2013,2025-11-16,30
R2013,2025-12-16,30
R2014,2025-01-01,30
R2014,2025-01-31,30
R2014,2025-03-02,30
R2014,2025-04-01,30
R2014,2025-05-01,30
R2014,2025-06-11,30
R2014,2025-07-11,30
R2014,2025-08-10,30
R2014,2025-09-09,30
R2014,2025-10-09,30
R2014,2025-11-08,30
R2014,2025-12-08,30
R2015,2025-01-01,30
R2015,2025-01-31,30
R2015,2025-03-02,30
R2015,2025-04-01,30
R2015,2025-05-01,30
R2015,2025-05-31,30
R2015,2025-06-30,30
R2015,2025-07-30,30
R2015,2025-08-29,30
R2015,2025-09-28,30
R2015,2025-10-28,30
R2015,2025-11-27,30
R2015,2025-12-27,30
R2016,2025-01-01,30
R2016,2025-02-02,30
R2016,2025-03-04,30
R2016,2025-04-03,30
R2016,2025-05-03,30
R2016,2025-06-02,30
R2016,2025-07-02,30
R2016,2025-08-01,30
R2016,2025-08-31,30
R2016,2025-10-22,30
R2017,2025-01-01,30
R2017,2025-01-31,30
R2017,2025-03-02,30
R2017,2025-04-01,30
R2017,2025-05-01,30
R2017,2025-05-31,30
R2017,2025-06-30,30
R2017,2025-07-30,30
R2017,2025-08-29,30
R2017,2025-10-08,30
R2017,2025-11-07,30
R2017,2025-12-26,30
R2018,2025-01-01,30
R2018,2025-01-31,30
R2018,2025-03-29,30
R2018,2025-04-28,30
R2018,2025-05-28,30
R2018,2025-06-27,30
R2018,2025-09-03,30
R2018,2025-10-03,30
R2018,2025-11-08,30
R2018,2025-12-08,30
R2019,2025-01-01,30
R2019,2025-01-31,30
R2019,2025-03-08,30
R2019,2025-04-07,30
R2019,2025-05-07,30
R2019,2025-06-06,30
R2019,2025-07-06,30
R2019,2025-08-05,30
R2019,2025-09-04,30
R2019,2025-10-04,30
R2019,2025-12-04,30
R2020,2025-01-01,30
R2020,2025-01-31,30
R2020,2025-03-02,30
R2020,2025-04-01,30
R2020,2025-05-01,30
R2020,2025-05-31,30
R2020,2025-06-30,30
R2020,2025-07-30,30
R2020,2025-08-29,30
R2020,2025-09-28,30
R2020,2025-10-28,30
R2020,2025-11-27,30
R2020,2025-12-27,30
R2021,2025-01-01,30
R2021,2025-01-31,30
R2021,2025-03-02,30
R2021,2025-04-05,30
R2021,2025-05-05,30
R2021,2025-06-04,30
R2021,2025-07-04,30
R2021,2025-08-03,30
R2021,2025-09-02,30
R2021,2025-10-02,30
R2021,2025-11-01,30
R2021,2025-12-01,30
R2021,2025-12-31,30
R2022,2025-01-01,30
R2022,2025-01-31,30
R2022,2025-03-11,30
R2022,2025-04-10,30
R2022,2025-05-22,30
R2022,2025-06-21,30
R2022,2025-07-21,30
R2022,2025-08-20,30
R2022,2025-09-19,30
R2022,2025-10-19,30
R2023,2025-01-01,30
R2023,2025-01-31,30
R2023,2025-03-02,30
R2023,2025-04-01,30
R2023,2025-05-01,30
R2023,2025-05-31,30
R2023,2025-06-30,30
R2023,2025-08-26,30
R2023,2025-09-25,30
R2023,2025-10-25,30
R2023,2025-12-05,30
R2024,2025-01-01,30
R2024,2025-01-31,30
R2024,2025-03-02,30
R2024,2025-04-01,30
R2024,2025-05-01,30
R2024,2025-05-31,30
R2024,2025-07-16,30
R2024,2025-09-12,30
R2024,2025-10-12,30
R2024,2025-11-11,30
R2024,2025-12-11,30
R2025,2025-01-01,30
R2025,2025-02-03,30
R2025,2025-03-05,30
R2025,2025-04-20,30
R2025,2025-05-20,30
R2025,2025-06-19,30
R2025,2025-07-19,30
R2025,2025-08-26,30
R2025,2025-11-08,30
R2025,2025-12-08,30
R2026,2025-01-01,30
R2026,2025-01-31,30
R2026,2025-03-02,30
R2026,2025-04-01,30
R2026,2025-05-01,30
R2026,2025-07-06,30
R2026,2025-08-05,30
R2026,2025-09-11,30
R2026,2025-10-11,30
R2026,2025-12-05,30
R2027,2025-01-01,30
R2027,2025-03-01,30
R2027,2025-03-31,30
R2027,2025-04-30,30
R2027,2025-05-30,30
R2027,2025-09-03,30
R2027,2025-10-03,30
R2027,2025-11-02,30
R2027,2025-12-07,30
R2028,2025-01-01,30
R2028,2025-01-31,30
R2028,2025-03-02,30
R2028,2025-04-01,30
R2028,2025-05-01,30
R2028,2025-05-31,30
R2028,2025-06-30,30
R2028,2025-08-08,30
R2028,2025-09-07,30
R2028,2025-11-08,30
R2028,2025-12-08,30
R2029,2025-01-01,30
R2029,2025-01-31,30
R2029,2025-04-02,30
R2029,2025-05-02,30
R2029,2025-06-01,30
R2029,2025-07-01,30
R2029,2025-07-31,30
R2029,2025-09-07,30
R2029,2025-10-07,30
R2029,2025-11-06,30
R2029,2025-12-23,30
R2030,2025-01-01,30
R2030,2025-01-31,30
R2030,2025-03-02,30
R2030,2025-04-01,30
R2030,2025-05-01,30
R2030,2025-05-31,30
R2030,2025-06-30,30
R2030,2025-07-30,30
R2030,2025-08-29,30
R2030,2025-09-28,30
R2030,2025-10-28,30
R2030,2025-11-27,30
R2030,2025-12-27,30
R2031,2025-01-01,30
R2031,2025-01-31,30
R2031,2025-03-26,30
R2031,2025-05-02,30
R2031,2025-06-01,30
R2031,2025-07-01,30
R2031,2025-09-12,30
R2031,2025-10-12,30
R2031,2025-11-11,30
R2031,2025-12-16,30
R2032,2025-01-01,30
R2032,2025-01-31,30
R2032,2025-03-02,30
R2032,2025-04-05,30
R2032,2025-05-05,30
R2032,2025-06-04,30
R2032,2025-07-04,30
R2032,2025-08-03,30
R2032,2025-09-02,30
R2032,2025-10-02,30
R2032,2025-11-01,30
R2032,2025-12-01,30
R2032,2025-12-31,30
R2033,2025-01-01,30
R2033,2025-01-31,30
R2033,2025-03-17,30
R2033,2025-04-16,30
R2033,2025-05-16,30
R2033,2025-06-15,30
R2033,2025-07-15,30
R2033,2025-11-12,30
R2033,2025-12-12,30
R2034,2025-01-01,30
R2034,2025-01-31,30
R2034,2025-03-28,30
R2034,2025-04-27,30
R2034,2025-05-27,30
R2034,2025-06-26,30
R2034,2025-07-26,30
R2034,2025-08-25,30
R2034,2025-09-24,30
R2034,2025-10-24,30
R2034,2025-11-23,30
R2034,2025-12-23,30
R2035,2025-01-01,30
R2035,2025-02-24,30
R2035,2025-04-07,30
R2035,2025-05-24,30
R2035,2025-06-23,30
R2035,2025-08-10,30
R2035,2025-09-09,30
R2035,2025-10-09,30
R2035,2025-11-30,30
R2035,2025-12-30,30
R2036,2025-01-01,30
R2036,2025-01-31,30
R2036,2025-03-22,30
R2036,2025-04-21,30
R2036,2025-05-21,30
R2036,2025-06-20,30
R2036,2025-07-20,30
R2036,2025-08-19,30
R2036,2025-09-18,30
R2036,2025-10-30,30
R2036,2025-12-12,30
R2037,2025-01-01,30
R2037,2025-02-05,30
R2037,2025-04-02,30
R2037,2025-06-20,30
R2037,2025-08-10,30
R2037,2025-09-22,30
R2037,2025-12-06,30
R2038,2025-01-01,30
R2038,2025-01-31,30
R2038,2025-04-03,30
R2038,2025-05-03,30
R2038,2025-06-02,30
R2038,2025-07-02,30
R2038,2025-08-01,30
R2038,2025-08-31,30
R2038,2025-09-30,30
R2038,2025-10-30,30
R2038,2025-11-29,30
R2038,2025-12-29,30
R2039,2025-01-01,30
R2039,2025-02-04,30
R2039,2025-03-12,30
R2039,2025-04-11,30
R2039,2025-05-11,30
R2039,2025-07-08,30
R2039,2025-08-31,30
R2039,2025-09-30,30
R2039,2025-10-30,30
R2039,2025-12-31,30
R2040,2025-01-01,30
R2040,2025-01-31,30
R2040,2025-03-02,30
R2040,2025-04-01,30
R2040,2025-05-01,30
R2040,2025-05-31,30
R2040,2025-08-01,30
R2040,2025-08-31,30
R2040,2025-10-03,30
R2040,2025-11-23,30
R2040,2025-12-23,30
R2041,2025-01-01,30
R2041,2025-02-17,30
R2041,2025-03-19,30
R2041,2025-05-10,30
R2041,2025-06-09,30
R2041,2025-07-09,30
R2041,2025-08-08,30
R2041,2025-09-07,30
R2041,2025-10-07,30
R2041,2025-11-06,30
R2041,2025-12-06,30
R2042,2025-01-01,30
R2042,2025-01-31,30
R2042,2025-03-13,30
R2042,2025-04-12,30
R2042,2025-05-12,30
R2042,2025-06-11,30
R2042,2025-07-11,30
R2042,2025-09-04,30
R2042,2025-10-12,30
R2042,2025-11-11,30
R2042,2025-12-11,30
R2043,2025-01-01,30
R2043,2025-01-31,30
R2043,2025-04-10,30
R2043,2025-05-10,30
R2043,2025-06-09,30
R2043,2025-07-09,30
R2043,2025-09-09,30
R2043,2025-10-09,30
R2043,2025-11-08,30
R2043,2025-12-08,30
R2044,2025-01-01,30
R2044,2025-01-31,30
R2044,2025-03-02,30
R2044,2025-04-01,30
R2044,2025-05-01,30
R2044,2025-05-31,30
R2044,2025-06-30,30
R2044,2025-07-30,30
R2044,2025-08-29,30
R2044,2025-09-28,30
R2044,2025-10-28,30
R2044,2025-11-27,30
R2044,2025-12-27,30
R2045,2025-01-01,30
R2045,2025-02-17,30
R2045,2025-03-19,30
R2045,2025-04-18,30
R2045,2025-05-18,30
R2045,2025-06-17,30
R2045,2025-08-20,30
R2045,2025-10-14,30
R2045,2025-12-15,30
R2046,2025-01-01,30
R2046,2025-03-17,30
R2046,2025-05-22,30
R2046,2025-06-21,30
R2046,2025-07-29,30
R2046,2025-08-28,30
R2046,2025-09-29,30
R2046,2025-11-08,30
R2046,2025-12-08,30
R2047,2025-01-01,30
R2047,2025-01-31,30
R2047,2025-03-02,30
R2047,2025-04-01,30
R2047,2025-05-01,30
R2047,2025-05-31,30
R2047,2025-06-30,30
R2047,2025-08-19,30
R2047,2025-09-18,30
R2047,2025-10-18,30
R2048,2025-01-01,30
R2048,2025-03-12,30
R2048,2025-04-11,30
R2048,2025-05-26,30
R2048,2025-06-25,30
R2048,2025-07-25,30
R2048,2025-08-24,30
R2048,2025-10-22,30
R2048,2025-11-21,30
R2049,2025-01-01,30
R2049,2025-02-15,30
R2049,2025-04-08,30
R2049,2025-05-16,30
R2049,2025-06-15,30
R2049,2025-07-23,30
R2049,2025-08-25,30
R2049,2025-10-24,30
R2049,2025-11-23,30
R2049,2025-12-23,30
R2050,2025-01-01,30
R2050,2025-01-31,30
R2050,2025-03-02,30
R2050,2025-04-01,30
R2050,2025-05-01,30
R2050,2025-05-31,30
R2050,2025-06-30,30
R2050,2025-07-30,30
R2050,2025-08-29,30
R2050,2025-09-28,30
R2050,2025-10-28,30
R2050,2025-11-27,30
R2050,2025-12-27,30
R2051,2025-01-01,30
R2051,2025-02-18,30
R2051,2025-03-20,30
R2051,2025-05-18,30
R2051,2025-06-17,30
R2051,2025-08-02,30
R2051,2025-09-28,30
R2051,2025-11-05,30
R2051,2025-12-05,30
R2052,2025-01-01,30
R2052,2025-01-31,30
R2052,2025-03-02,30
R2052,2025-04-11,30
R2052,2025-05-11,30
R2052,2025-06-10,30
R2052,2025-07-10,30
R2052,2025-08-09,30
R2052,2025-09-08,30
R2052,2025-10-08,30
R2052,2025-11-07,30
R2052,2025-12-07,30
R2053,2025-01-01,30
R2053,2025-03-11,30
R2053,2025-04-10,30
R2053,2025-05-10,30
R2053,2025-06-30,30
R2053,2025-07-30,30
R2053,2025-10-27,30
R2053,2025-11-26,30
R2053,2025-12-26,30
R2054,2025-01-01,30
R2054,2025-01-31,30
R2054,2025-04-17,30
R2054,2025-06-03,30
R2054,2025-07-03,30
R2054,2025-08-02,30
R2054,2025-09-01,30
R2054,2025-10-01,30
R2054,2025-10-31,30
R2054,2025-11-30,30
R2054,2025-12-30,30
R2055,2025-01-01,30
R2055,2025-02-18,30
R2055,2025-03-20,30
R2055,2025-04-19,30
R2055,2025-05-19,30
R2055,2025-06-18,30
R2055,2025-07-18,30
R2055,2025-08-17,30
R2055,2025-09-16,30
R2055,2025-10-21,30
R2055,2025-11-20,30
R2056,2025-01-01,30
R2056,2025-02-19,30
R2056,2025-03-21,30
R2056,2025-05-07,30
R2056,2025-06-17,30
R2056,2025-09-08,30
R2056,2025-10-17,30
R2056,2025-11-21,30
R2057,2025-01-01,30
R2057,2025-01-31,30
R2057,2025-03-02,30
R2057,2025-04-01,30
R2057,2025-05-01,30
R2057,2025-05-31,30
R2057,2025-07-05,30
R2057,2025-08-04,30
R2057,2025-10-12,30
R2057,2025-11-11,30
R2057,2025-12-11,30
R2058,2025-01-01,30
R2058,2025-01-31,30
R2058,2025-03-22,30
R2058,2025-05-31,30
R2058,2025-07-09,30
R2058,2025-08-22,30
R2058,2025-10-14,30
R2058,2025-11-13,30
R2058,2025-12-13,30
R2059,2025-01-01,30
R2059,2025-01-31,30
R2059,2025-03-02,30
R2059,2025-04-01,30
R2059,2025-05-01,30
R2059,2025-05-31,30
R2059,2025-06-30,30
R2059,2025-07-30,30
R2059,2025-08-29,30
R2059,2025-09-28,30
R2059,2025-10-28,30
R2059,2025-11-27,30
R2059,2025-12-27,30
R2060,2025-01-01,30
R2060,2025-01-31,30
R2060,2025-03-02,30
R2060,2025-04-11,30
R2060,2025-05-11,30
R2060,2025-06-10,30
R2060,2025-08-16,30
R2060,2025-09-15,30
R2060,2025-10-24,30
R2061,2025-01-01,30
R2061,2025-01-31,30
R2061,2025-03-02,30
R2061,2025-04-01,30
R2061,2025-05-01,30
R2061,2025-05-31,30
R2061,2025-06-30,30
R2061,2025-08-13,30
R2061,2025-09-12,30
R2061,2025-10-12,30
R2061,2025-11-11,30
R2061,2025-12-11,30
R2062,2025-01-01,30
R2062,2025-03-04,30
R2062,2025-04-03,30
R2062,2025-05-03,30
R2062,2025-06-02,30
R2062,2025-07-02,30
R2062,2025-08-01,30
R2062,2025-08-31,30
R2062,2025-09-30,30
R2062,2025-10-30,30
R2062,2025-11-29,30
R2062,2025-12-29,30
R2063,2025-01-01,30
R2063,2025-03-11,30
R2063,2025-04-23,30
R2063,2025-05-23,30
R2063,2025-07-10,30
R2063,2025-08-09,30
R2063,2025-09-08,30
R2063,2025-10-08,30
R2063,2025-11-07,30
R2063,2025-12-07,30
R2064,2025-01-01,30
R2064,2025-01-31,30
R2064,2025-03-07,30
R2064,2025-04-06,30
R2064,2025-05-06,30
R2064,2025-06-05,30
R2064,2025-07-05,30
R2064,2025-10-13,30
R2064,2025-11-21,30
R2065,2025-01-01,30
R2065,2025-01-31,30
R2065,2025-03-23,30
R2065,2025-04-22,30
R2065,2025-06-09,30
R2065,2025-07-09,30
R2065,2025-08-29,30
R2065,2025-09-28,30
R2065,2025-11-05,30
R2066,2025-01-01,30
R2066,2025-01-31,30
R2066,2025-03-02,30
R2066,2025-04-01,30
R2066,2025-05-01,30
R2066,2025-05-31,30
R2066,2025-06-30,30
R2066,2025-07-30,30
R2066,2025-08-29,30
R2066,2025-10-08,30
R2066,2025-11-18,30
R2066,2025-12-18,30
R2067,2025-01-01,30
R2067,2025-01-31,30
R2067,2025-04-15,30
R2067,2025-05-15,30
R2067,2025-06-14,30
R2067,2025-07-14,30
R2067,2025-08-13,30
R2067,2025-09-12,30
R2067,2025-10-12,30
R2067,2025-11-11,30
R2067,2025-12-11,30
R2068,2025-01-01,30
R2068,2025-01-31,30
R2068,2025-03-29,30
R2068,2025-04-28,30
R2068,2025-05-28,30
R2068,2025-06-27,30
R2068,2025-07-27,30
R2068,2025-08-26,30
R2068,2025-10-21,30
R2068,2025-11-20,30
R2068,2025-12-20,30
R2069,2025-01-01,30
R2069,2025-03-06,30
R2069,2025-05-03,30
R2069,2025-07-14,30
R2069,2025-09-05,30
R2069,2025-11-16,30
R2070,2025-01-01,30
R2070,2025-01-31,30
R2070,2025-03-02,30
R2070,2025-04-01,30
R2070,2025-05-06,30
R2070,2025-06-05,30
R2070,2025-09-03,30
R2070,2025-10-03,30
R2070,2025-11-02,30
R2070,2025-12-26,30
R2071,2025-01-01,30
R2071,2025-01-31,30
R2071,2025-03-02,30
R2071,2025-04-11,30
R2071,2025-05-11,30
R2071,2025-07-10,30
R2071,2025-09-02,30
R2071,2025-10-02,30
R2071,2025-11-01,30
R2071,2025-12-13,30
R2072,2025-01-01,30
R2072,2025-01-31,30
R2072,2025-03-02,30
R2072,2025-04-01,30
R2072,2025-05-01,30
R2072,2025-05-31,30
R2072,2025-06-30,30
R2072,2025-07-30,30
R2072,2025-08-29,30
R2072,2025-10-13,30
R2072,2025-11-12,30
R2072,2025-12-12,30
R2073,2025-01-01,30
R2073,2025-01-31,30
R2073,2025-03-02,30
R2073,2025-04-01,30
R2073,2025-05-01,30
R2073,2025-05-31,30
R2073,2025-06-30,30
R2073,2025-07-30,30
R2073,2025-08-29,30
R2073,2025-09-28,30
R2073,2025-10-28,30
R2073,2025-11-27,30
R2073,2025-12-27,30
R2074,2025-01-01,30
R2074,2025-01-31,30
R2074,2025-03-02,30
R2074,2025-04-28,30
R2074,2025-05-28,30
R2074,2025-06-27,30
R2074,2025-07-27,30
R2074,2025-08-26,30
R2074,2025-09-25,30
R2074,2025-10-25,30
R2074,2025-11-24,30
R2074,2025-12-24,30
R2075,2025-01-01,30
R2075,2025-01-31,30
R2075,2025-03-30,30
R2075,2025-04-29,30
R2075,2025-05-29,30
R2075,2025-06-28,30
R2075,2025-07-28,30
R2075,2025-09-12,30
R2075,2025-10-12,30
R2075,2025-11-11,30
R2075,2025-12-11,30
R2076,2025-01-01,30
R2076,2025-01-31,30
R2076,2025-03-02,30
R2076,2025-04-01,30
R2076,2025-05-01,30
R2076,2025-05-31,30
R2076,2025-06-30,30
R2076,2025-07-30,30
R2076,2025-08-29,30
R2076,2025-09-28,30
R2076,2025-10-28,30
R2076,2025-11-27,30
R2076,2025-12-27,30
R2077,2025-01-01,30
R2077,2025-01-31,30
R2077,2025-04-09,30
R2077,2025-05-09,30
R2077,2025-07-12,30
R2077,2025-08-11,30
R2077,2025-09-10,30
R2077,2025-10-10,30
R2077,2025-11-09,30
R2077,2025-12-09,30
R2078,2025-01-01,30
R2078,2025-01-31,30
R2078,2025-03-02,30
R2078,2025-04-01,30
R2078,2025-05-30,30
R2078,2025-06-29,30
R2078,2025-08-14,30
R2078,2025-09-13,30
R2078,2025-11-12,30
R2078,2025-12-17,30
R2079,2025-01-01,30
R2079,2025-02-11,30
R2079,2025-04-07,30
R2079,2025-05-07,30
R2079,2025-06-06,30
R2079,2025-07-06,30
R2079,2025-08-05,30
R2079,2025-11-01,30
R2079,2025-12-10,30
R2080,2025-01-01,30
R2080,2025-01-31,30
R2080,2025-03-02,30
R2080,2025-04-19,30
R2080,2025-05-19,30
R2080,2025-06-18,30
R2080,2025-07-18,30
R2080,2025-09-19,30
R2080,2025-10-19,30
R2080,2025-11-18,30
R2080,2025-12-18,30
R2081,2025-01-01,30
R2081,2025-01-31,30
R2081,2025-03-02,30
R2081,2025-04-23,30
R2081,2025-06-19,30
R2081,2025-07-19,30
R2081,2025-08-18,30
R2081,2025-10-08,30
R2081,2025-11-07,30
R2081,2025-12-26,30
R2082,2025-01-01,30
R2082,2025-01-31,30
R2082,2025-03-02,30
R2082,2025-04-01,30
R2082,2025-05-01,30
R2082,2025-07-01,30
R2082,2025-07-31,30
R2082,2025-09-20,30
R2082,2025-10-20,30
R2082,2025-11-19,30
R2082,2025-12-19,30
R2083,2025-01-01,30
R2083,2025-01-31,30
R2083,2025-03-02,30
R2083,2025-04-01,30
R2083,2025-05-14,30
R2083,2025-06-13,30
R2083,2025-07-13,30
R2083,2025-08-12,30
R2083,2025-09-11,30
R2083,2025-10-11,30
R2083,2025-11-10,30
R2083,2025-12-10,30
R2084,2025-01-01,30
R2084,2025-01-31,30
R2084,2025-03-02,30
R2084,2025-04-01,30
R2084,2025-05-01,30
R2084,2025-05-31,30
R2084,2025-06-30,30
R2084,2025-07-30,30
R2084,2025-08-29,30
R2084,2025-09-28,30
R2084,2025-12-17,30
R2085,2025-01-01,30
R2085,2025-01-31,30
R2085,2025-03-02,30
R2085,2025-04-01,30
R2085,2025-05-01,30
R2085,2025-05-31,30
R2085,2025-06-30,30
R2085,2025-07-30,30
R2085,2025-08-29,30
R2085,2025-09-30,30
R2085,2025-11-13,30
R2085,2025-12-13,30
R2086,2025-01-01,30
R2086,2025-01-31,30
R2086,2025-03-02,30
R2086,2025-04-01,30
R2086,2025-05-01,30
R2086,2025-05-31,30
R2086,2025-06-30,30
R2086,2025-07-30,30
R2086,2025-08-29,30
R2086,2025-09-28,30
R2086,2025-10-28,30
R2086,2025-11-27,30
R2086,2025-12-27,30
R2087,2025-01-01,30
R2087,2025-01-31,30
R2087,2025-03-02,30
R2087,2025-04-01,30
R2087,2025-05-01,30
R2087,2025-07-26,30
R2087,2025-08-25,30
R2087,2025-09-24,30
R2087,2025-11-10,30
R2087,2025-12-10,30
R2088,2025-01-01,30
R2088,2025-02-10,30
R2088,2025-03-12,30
R2088,2025-06-03,30
R2088,2025-07-03,30
R2088,2025-08-02,30
R2088,2025-09-01,30
R2088,2025-10-01,30
R2088,2025-10-31,30
R2088,2025-11-30,30
R2088,2025-12-30,30
R2089,2025-01-01,30
R2089,2025-01-31,30
R2089,2025-03-02,30
R2089,2025-05-01,30
R2089,2025-06-19,30
R2089,2025-07-19,30
R2089,2025-08-28,30
R2089,2025-09-27,30
R2089,2025-11-14,30
R2089,2025-12-14,30
R2090,2025-01-01,30
R2090,2025-01-31,30
R2090,2025-04-02,30
R2090,2025-05-02,30
R2090,2025-06-01,30
R2090,2025-07-01,30
R2090,2025-07-31,30
R2090,2025-10-01,30
R2090,2025-10-31,30
R2090,2025-11-30,30
R2090,2025-12-30,30
R2091,2025-01-01,30
R2091,2025-01-31,30
R2091,2025-03-02,30
R2091,2025-04-09,30
R2091,2025-05-09,30
R2091,2025-06-20,30
R2091,2025-07-20,30
R2091,2025-08-19,30
R2091,2025-09-18,30
R2091,2025-10-24,30
R2092,2025-01-01,30
R2092,2025-01-31,30
R2092,2025-03-20,30
R2092,2025-04-19,30
R2092,2025-06-02,30
R2092,2025-07-02,30
R2092,2025-08-01,30
R2092,2025-08-31,30
R2092,2025-09-30,30
R2092,2025-11-19,30
R2092,2025-12-19,30
R2093,2025-01-01,30
R2093,2025-01-31,30
R2093,2025-03-02,30
R2093,2025-04-01,30
R2093,2025-06-25,30
R2093,2025-07-25,30
R2093,2025-08-24,30
R2093,2025-10-11,30
R2093,2025-12-04,30
R2094,2025-01-01,30
R2094,2025-02-03,30
R2094,2025-03-05,30
R2094,2025-04-04,30
R2094,2025-05-04,30
R2094,2025-06-03,30
R2094,2025-07-03,30
R2094,2025-08-02,30
R2094,2025-09-01,30
R2094,2025-10-01,30
R2094,2025-12-16,30
R2095,2025-01-01,30
R2095,2025-01-31,30
R2095,2025-03-29,30
R2095,2025-04-28,30
R2095,2025-05-28,30
R2095,2025-06-27,30
R2095,2025-07-27,30
R2095,2025-09-07,30
R2095,2025-10-07,30
R2095,2025-11-06,30
R2095,2025-12-06,30
R2096,2025-01-01,30
R2096,2025-01-31,30
R2096,2025-03-02,30
R2096,2025-04-08,30
R2096,2025-05-08,30
R2096,2025-07-20,30
R2096,2025-08-19,30
R2096,2025-09-18,30
R2096,2025-10-18,30
R2096,2025-12-05,30
R2097,2025-01-01,30
R2097,2025-01-31,30
R2097,2025-03-02,30
R2097,2025-04-01,30
R2097,2025-05-01,30
R2097,2025-05-31,30
R2097,2025-07-07,30
R2097,2025-08-06,30
R2097,2025-09-05,30
R2097,2025-10-05,30
R2097,2025-11-04,30
R2097,2025-12-04,30
R2098,2025-01-01,30
R2098,2025-02-21,30
R2098,2025-04-06,30
R2098,2025-05-06,30
R2098,2025-06-23,30
R2098,2025-07-23,30
R2098,2025-08-22,30
R2098,2025-11-11,30
R2098,2025-12-23,30
R2099,2025-01-01,30
R2099,2025-01-31,30
R2099,2025-03-02,30
R2099,2025-04-01,30
R2099,2025-05-01,30
R2099,2025-05-31,30
R2099,2025-06-30,30
R2099,2025-07-30,30
R2099,2025-09-17,30
R2099,2025-10-17,30
R2099,2025-11-16,30
R2099,2025-12-24,30
R2100,2025-01-01,30
R2100,2025-01-31,30
R2100,2025-03-02,30
R2100,2025-04-01,30
R2100,2025-06-08,30
R2100,2025-07-08,30
R2100,2025-08-07,30
R2100,2025-09-06,30
R2100,2025-10-06,30
R2100,2025-11-05,30
R2100,2025-12-05,30
R2101,2025-01-01,30
R2101,2025-02-14,30
R2101,2025-04-02,30
R2101,2025-06-17,30
R2101,2025-08-04,30
R2101,2025-09-03,30
R2101,2025-11-29,30
R2101,2025-12-29,30
R2102,2025-01-01,30
R2102,2025-03-18,30
R2102,2025-04-17,30
R2102,2025-05-17,30
R2102,2025-07-21,30
R2102,2025-09-19,30
R2102,2025-10-21,30
R2102,2025-11-20,30
R2102,2025-12-20,30
R2103,2025-01-01,30
R2103,2025-01-31,30
R2103,2025-03-02,30
R2103,2025-04-17,30
R2103,2025-05-17,30
R2103,2025-06-21,30
R2103,2025-08-16,30
R2103,2025-09-15,30
R2103,2025-10-15,30
R2103,2025-11-14,30
R2103,2025-12-14,30
R2104,2025-01-01,30
R2104,2025-01-31,30
R2104,2025-04-03,30
R2104,2025-05-20,30
R2104,2025-07-12,30
R2104,2025-09-05,30
R2104,2025-10-05,30
R2104,2025-11-04,30
R2104,2025-12-26,30
R2105,2025-01-01,30
R2105,2025-01-31,30
R2105,2025-03-02,30
R2105,2025-05-01,30
R2105,2025-05-31,30
R2105,2025-06-30,30
R2105,2025-07-30,30
R2105,2025-08-29,30
R2105,2025-09-28,30
R2105,2025-10-28,30
R2105,2025-11-27,30
R2105,2025-12-27,30
R2106,2025-01-01,30
R2106,2025-01-31,30
R2106,2025-03-02,30
R2106,2025-04-01,30
R2106,2025-05-01,30
R2106,2025-05-31,30
R2106,2025-06-30,30
R2106,2025-08-08,30
R2106,2025-09-16,30
R2106,2025-10-16,30
R2106,2025-12-24,30
R2107,2025-01-01,30
R2107,2025-01-31,30
R2107,2025-03-02,30
R2107,2025-04-01,30
R2107,2025-05-01,30
R2107,2025-05-31,30
R2107,2025-06-30,30
R2107,2025-07-30,30
R2107,2025-08-29,30
R2107,2025-10-12,30
R2107,2025-11-11,30
R2107,2025-12-11,30
R2108,2025-01-01,30
R2108,2025-02-12,30
R2108,2025-05-07,30
R2108,2025-06-06,30
R2108,2025-07-06,30
R2108,2025-08-25,30
R2108,2025-09-24,30
R2108,2025-11-14,30
R2108,2025-12-14,30
R2109,2025-01-01,30
R2109,2025-01-31,30
R2109,2025-03-02,30
R2109,2025-04-16,30
R2109,2025-05-16,30
R2109,2025-06-15,30
R2109,2025-08-02,30
R2109,2025-09-01,30
R2109,2025-10-01,30
R2109,2025-10-31,30
R2109,2025-11-30,30
R2109,2025-12-30,30
R2110,2025-01-01,30
R2110,2025-01-31,30
R2110,2025-03-23,30
R2110,2025-04-22,30
R2110,2025-05-22,30
R2110,2025-08-11,30
R2110,2025-09-14,30
R2110,2025-10-14,30
R2110,2025-11-13,30
R2110,2025-12-13,30
R2111,2025-01-01,30
R2111,2025-01-31,30
R2111,2025-03-02,30
R2111,2025-04-01,30
R2111,2025-07-06,30
R2111,2025-08-05,30
R2111,2025-09-13,30
R2111,2025-10-13,30
R2111,2025-11-16,30
R2111,2025-12-16,30
R2112,2025-01-01,30
R2112,2025-01-31,30
R2112,2025-03-02,30
R2112,2025-04-01,30
R2112,2025-05-18,30
R2112,2025-06-17,30
R2112,2025-07-17,30
R2112,2025-09-08,30
R2112,2025-10-08,30
R2112,2025-11-28,30
R2113,2025-01-01,30
R2113,2025-01-31,30
R2113,2025-03-02,30
R2113,2025-04-01,30
R2113,2025-05-01,30
R2113,2025-07-04,30
R2113,2025-08-03,30
R2113,2025-09-15,30
R2113,2025-10-15,30
R2113,2025-11-14,30
R2113,2025-12-14,30
R2114,2025-01-01,30
R2114,2025-01-31,30
R2114,2025-03-02,30
R2114,2025-04-01,30
R2114,2025-05-12,30
R2114,2025-06-11,30
R2114,2025-07-11,30
R2114,2025-08-10,30
R2114,2025-09-09,30
R2114,2025-10-09,30
R2114,2025-11-08,30
R2115,2025-01-01,30
R2115,2025-01-31,30
R2115,2025-04-06,30
R2115,2025-05-23,30
R2115,2025-06-22,30
R2115,2025-07-27,30
R2115,2025-08-26,30
R2115,2025-10-15,30
R2115,2025-11-14,30
R2115,2025-12-14,30
R2116,2025-01-01,30
R2116,2025-01-31,30
R2116,2025-03-02,30
R2116,2025-04-01,30
R2116,2025-05-01,30
R2116,2025-05-31,30
R2116,2025-06-30,30
R2116,2025-07-30,30
R2116,2025-08-29,30
R2116,2025-09-28,30
R2116,2025-10-28,30
R2116,2025-11-27,30
R2116,2025-12-27,30
R2117,2025-01-01,30
R2117,2025-01-31,30
R2117,2025-03-02,30
R2117,2025-04-01,30
R2117,2025-05-01,30
R2117,2025-05-31,30
R2117,2025-06-30,30
R2117,2025-07-30,30
R2117,2025-08-29,30
R2117,2025-09-28,30
R2117,2025-10-28,30
R2117,2025-11-27,30
R2117,2025-12-27,30
R2118,2025-01-01,30
R2118,2025-01-31,30
R2118,2025-03-02,30
R2118,2025-04-01,30
R2118,2025-05-01,30
R2118,2025-05-31,30
R2118,2025-06-30,30
R2118,2025-07-30,30
R2118,2025-08-29,30
R2118,2025-09-28,30
R2118,2025-10-28,30
R2118,2025-11-27,30
R2118,2025-12-27,30
R2119,2025-01-01,30
R2119,2025-02-23,30
R2119,2025-03-25,30
R2119,2025-04-24,30
R2119,2025-05-24,30
R2119,2025-07-10,30
R2119,2025-08-09,30
R2119,2025-09-08,30
R2119,2025-10-08,30
R2119,2025-11-07,30
R2119,2025-12-07,30
R2120,2025-01-01,30
R2120,2025-01-31,30
R2120,2025-03-02,30
R2120,2025-04-01,30
R2120,2025-05-01,30
R2120,2025-05-31,30
R2120,2025-06-30,30
R2120,2025-07-30,30
R2120,2025-08-29,30
R2120,2025-09-28,30
R2120,2025-10-28,30
R2120,2025-11-27,30
R2121,2025-01-01,30
R2121,2025-01-31,30
R2121,2025-03-02,30
R2121,2025-04-01,30
R2121,2025-05-01,30
R2121,2025-06-22,30
R2121,2025-08-30,30
R2121,2025-09-29,30
R2121,2025-11-20,30
R2121,2025-12-20,30
R2122,2025-01-01,30
R2122,2025-01-31,30
R2122,2025-03-21,30
R2122,2025-04-20,30
R2122,2025-06-24,30
R2122,2025-07-26,30
R2122,2025-08-25,30
R2122,2025-10-25,30
R2122,2025-11-24,30
R2122,2025-12-24,30
R2123,2025-01-01,30
R2123,2025-01-31,30
R2123,2025-03-02,30
R2123,2025-04-01,30
R2123,2025-05-01,30
R2123,2025-05-31,30
R2123,2025-06-30,30
R2123,2025-07-30,30
R2123,2025-09-30,30
R2123,2025-10-30,30
R2123,2025-11-29,30
R2123,2025-12-29,30
R2124,2025-01-01,30
R2124,2025-02-04,30
R2124,2025-04-01,30
R2124,2025-05-01,30
R2124,2025-07-14,30
R2124,2025-08-13,30
R2124,2025-09-12,30
R2124,2025-10-12,30
R2124,2025-11-11,30
R2124,2025-12-11,30
R2125,2025-01-01,30
R2125,2025-01-31,30
R2125,2025-03-02,30
R2125,2025-04-01,30
R2125,2025-05-01,30
R2125,2025-07-31,30
R2125,2025-08-30,30
R2125,2025-09-29,30
R2125,2025-10-29,30
R2125,2025-11-28,30
R2125,2025-12-28,30
R2126,2025-01-01,30
R2126,2025-03-03,30
R2126,2025-05-07,30
R2126,2025-06-06,30
R2126,2025-08-31,30
R2126,2025-10-10,30
R2126,2025-12-11,30
R2127,2025-01-01,30
R2127,2025-01-31,30
R2127,2025-03-02,30
R2127,2025-04-01,30
R2127,2025-05-01,30
R2127,2025-06-17,30
R2127,2025-07-17,30
R2127,2025-08-16,30
R2127,2025-09-15,30
R2127,2025-10-15,30
R2127,2025-11-14,30
R2127,2025-12-27,30
R2128,2025-01-01,30
R2128,2025-02-18,30
R2128,2025-03-20,30
R2128,2025-05-25,30
R2128,2025-06-24,30
R2128,2025-07-24,30
R2128,2025-08-23,30
R2128,2025-10-14,30
R2128,2025-11-13,30
R2128,2025-12-13,30
R2129,2025-01-01,30
R2129,2025-02-22,30
R2129,2025-03-24,30
R2129,2025-04-23,30
R2129,2025-05-23,30
R2129,2025-08-27,30
R2129,2025-09-26,30
R2129,2025-10-26,30
R2129,2025-11-25,30
R2129,2025-12-25,30
R2130,2025-01-01,30
R2130,2025-02-04,30
R2130,2025-03-06,30
R2130,2025-04-05,30
R2130,2025-05-10,30
R2130,2025-06-09,30
R2130,2025-07-09,30
R2130,2025-08-08,30
R2130,2025-09-07,30
R2130,2025-11-06,30
R2130,2025-12-06,30
R2131,2025-01-01,30
R2131,2025-01-31,30
R2131,2025-03-02,30
R2131,2025-04-01,30
R2131,2025-05-01,30
R2131,2025-05-31,30
R2131,2025-06-30,30
R2131,2025-07-30,30
R2131,2025-08-29,30
R2131,2025-09-28,30
R2131,2025-11-28,30
R2131,2025-12-28,30
R2132,2025-01-01,30
R2132,2025-01-31,30
R2132,2025-03-02,30
R2132,2025-04-01,30
R2132,2025-05-01,30
R2132,2025-06-21,30
R2132,2025-07-21,30
R2132,2025-08-20,30
R2132,2025-10-08,30
R2132,2025-11-07,30
R2132,2025-12-07,30
R2133,2025-01-01,30
R2133,2025-01-31,30
R2133,2025-03-02,30
R2133,2025-04-01,30
R2133,2025-05-01,30
R2133,2025-05-31,30
R2133,2025-06-30,30
R2133,2025-09-11,30
R2133,2025-10-31,30
R2133,2025-11-30,30
R2133,2025-12-30,30
R2134,2025-01-01,30
R2134,2025-03-10,30
R2134,2025-05-07,30
R2134,2025-06-06,30
R2134,2025-07-06,30
R2134,2025-08-05,30
R2134,2025-09-04,30
R2134,2025-10-04,30
R2134,2025-11-03,30
R2134,2025-12-20,30
R2135,2025-01-01,30
R2135,2025-01-31,30
R2135,2025-03-07,30
R2135,2025-05-19,30
R2135,2025-07-07,30
R2135,2025-08-30,30
R2135,2025-11-03,30
R2135,2025-12-10,30
R2136,2025-01-01,30
R2136,2025-01-31,30
R2136,2025-03-02,30
R2136,2025-04-01,30
R2136,2025-05-01,30
R2136,2025-05-31,30
R2136,2025-06-30,30
R2136,2025-08-31,30
R2136,2025-09-30,30
R2136,2025-10-30,30
R2137,2025-01-01,30
R2137,2025-02-07,30
R2137,2025-03-25,30
R2137,2025-05-12,30
R2137,2025-07-03,30
R2137,2025-08-02,30
R2137,2025-09-01,30
R2137,2025-10-30,30
R2137,2025-11-29,30
R2137,2025-12-29,30
R2138,2025-01-01,30
R2138,2025-01-31,30
R2138,2025-03-02,30
R2138,2025-04-01,30
R2138,2025-05-01,30
R2138,2025-05-31,30
R2138,2025-06-30,30
R2138,2025-07-30,30
R2138,2025-08-29,30
R2138,2025-09-28,30
R2138,2025-10-28,30
R2138,2025-11-27,30
R2138,2025-12-27,30
R2139,2025-01-01,30
R2139,2025-02-25,30
R2139,2025-03-27,30
R2139,2025-05-16,30
R2139,2025-06-15,30
R2139,2025-07-15,30
R2139,2025-08-14,30
R2139,2025-09-13,30
R2139,2025-10-13,30
R2139,2025-12-18,30
R2140,2025-01-01,30
R2140,2025-01-31,30
R2140,2025-03-02,30
R2140,2025-04-01,30
R2140,2025-05-01,30
R2140,2025-05-31,30
R2140,2025-06-30,30
R2140,2025-07-30,30
R2140,2025-08-29,30
R2140,2025-09-28,30
R2140,2025-11-09,30
R2140,2025-12-09,30
R2141,2025-01-01,30
R2141,2025-01-31,30
R2141,2025-03-02,30
R2141,2025-04-01,30
R2141,2025-05-01,30
R2141,2025-05-31,30
R2141,2025-07-01,30
R2141,2025-08-15,30
R2141,2025-09-14,30
R2141,2025-10-26,30
R2142,2025-01-01,30
R2142,2025-01-31,30
R2142,2025-03-02,30
R2142,2025-04-01,30
R2142,2025-05-01,30
R2142,2025-05-31,30
R2142,2025-06-30,30
R2142,2025-07-30,30
R2142,2025-08-29,30
R2142,2025-09-28,30
R2142,2025-10-28,30
R2142,2025-11-27,30
R2142,2025-12-27,30
R2143,2025-01-01,30
R2143,2025-01-31,30
R2143,2025-03-02,30
R2143,2025-04-01,30
R2143,2025-05-08,30
R2143,2025-06-07,30
R2143,2025-07-14,30
R2143,2025-08-13,30
R2143,2025-10-17,30
R2143,2025-11-16,30
R2143,2025-12-16,30
R2144,2025-01-01,30
R2144,2025-02-17,30
R2144,2025-03-19,30
R2144,2025-04-18,30
R2144,2025-05-18,30
R2144,2025-06-21,30
R2144,2025-08-05,30
R2144,2025-09-12,30
R2144,2025-10-13,30
R2144,2025-11-12,30
R2145,2025-01-01,30
R2145,2025-02-25,30
R2145,2025-03-27,30
R2145,2025-04-26,30
R2145,2025-06-05,30
R2145,2025-07-05,30
R2145,2025-08-18,30
R2145,2025-09-28,30
R2145,2025-11-12,30
R2145,2025-12-12,30
R2146,2025-01-01,30
R2146,2025-01-31,30
R2146,2025-03-02,30
R2146,2025-05-15,30
R2146,2025-06-23,30
R2146,2025-07-23,30
R2146,2025-08-22,30
R2146,2025-09-21,30
R2146,2025-10-21,30
R2146,2025-11-20,30
R2146,2025-12-20,30
R2147,2025-01-01,30
R2147,2025-01-31,30
R2147,2025-03-02,30
R2147,2025-04-06,30
R2147,2025-05-06,30
R2147,2025-06-05,30
R2147,2025-07-05,30
R2147,2025-08-04,30
R2147,2025-09-03,30
R2147,2025-10-03,30
R2147,2025-11-02,30
R2147,2025-12-02,30
R2148,2025-01-01,30
R2148,2025-01-31,30
R2148,2025-03-10,30
R2148,2025-04-09,30
R2148,2025-05-09,30
R2148,2025-06-08,30
R2148,2025-07-08,30
R2148,2025-08-07,30
R2148,2025-09-06,30
R2148,2025-10-13,30
R2148,2025-11-12,30
R2148,2025-12-12,30
R2149,2025-01-01,30
R2149,2025-02-15,30
R2149,2025-03-17,30
R2149,2025-06-02,30
R2149,2025-07-02,30
R2149,2025-08-01,30
R2149,2025-08-31,30
R2149,2025-09-30,30
R2149,2025-10-30,30
R2149,2025-11-29,30
R2149,2025-12-29,30
R2150,2025-01-01,30
R2150,2025-01-31,30
R2150,2025-03-02,30
R2150,2025-04-01,30
R2150,2025-05-06,30
R2150,2025-06-05,30
R2150,2025-07-05,30
R2150,2025-08-04,30
R2150,2025-09-03,30
R2150,2025-10-03,30
R2150,2025-11-02,30
R2150,2025-12-02,30
R2151,2025-01-01,30
R2151,2025-01-31,30
R2151,2025-03-02,30
R2151,2025-04-01,30
R2151,2025-05-05,30
R2151,2025-06-04,30
R2151,2025-07-28,30
R2151,2025-08-27,30
R2151,2025-09-26,30
R2151,2025-10-26,30
R2151,2025-11-25,30
R2151,2025-12-25,30
R2152,2025-01-01,30
R2152,2025-03-31,30
R2152,2025-04-30,30
R2152,2025-05-30,30
R2152,2025-06-29,30
R2152,2025-07-29,30
R2152,2025-08-28,30
R2152,2025-10-25,30
R2152,2025-12-31,30
R2153,2025-01-01,30
R2153,2025-01-31,30
R2153,2025-03-02,30
R2153,2025-04-01,30
R2153,2025-05-01,30
R2153,2025-05-31,30
R2153,2025-06-30,30
R2153,2025-07-30,30
R2153,2025-08-29,30
R2153,2025-09-28,30
R2153,2025-10-28,30
R2153,2025-11-27,30
R2153,2025-12-27,30
R2154,2025-01-01,30
R2154,2025-01-31,30
R2154,2025-03-02,30
R2154,2025-04-01,30
R2154,2025-05-01,30
R2154,2025-06-10,30
R2154,2025-07-10,30
R2154,2025-08-09,30
R2154,2025-09-08,30
R2154,2025-11-16,30
R2155,2025-01-01,30
R2155,2025-03-05,30
R2155,2025-04-04,30
R2155,2025-06-14,30
R2155,2025-07-14,30
R2155,2025-08-13,30
R2155,2025-09-12,30
R2155,2025-11-02,30
R2155,2025-12-02,30
R2156,2025-01-01,30
R2156,2025-02-07,30
R2156,2025-03-09,30
R2156,2025-05-18,30
R2156,2025-06-17,30
R2156,2025-08-07,30
R2156,2025-09-30,30
R2156,2025-11-20,30
R2156,2025-12-20,30
R2157,2025-01-01,30
R2157,2025-02-20,30
R2157,2025-03-22,30
R2157,2025-04-21,30
R2157,2025-05-21,30
R2157,2025-06-20,30
R2157,2025-07-20,30
R2157,2025-08-19,30
R2157,2025-09-18,30
R2157,2025-10-18,30
R2157,2025-11-17,30
R2157,2025-12-17,30
R2158,2025-01-01,30
R2158,2025-02-09,30
R2158,2025-03-11,30
R2158,2025-04-10,30
R2158,2025-05-10,30
R2158,2025-06-09,30
R2158,2025-07-09,30
R2158,2025-08-08,30
R2158,2025-09-07,30
R2158,2025-10-07,30
R2158,2025-11-06,30
R2158,2025-12-06,30
R2159,2025-01-01,30
R2159,2025-02-12,30
R2159,2025-03-20,30
R2159,2025-04-19,30
R2159,2025-06-08,30
R2159,2025-07-08,30
R2159,2025-08-26,30
R2159,2025-09-25,30
R2159,2025-10-25,30
R2159,2025-12-03,30
R2160,2025-01-01,30
R2160,2025-01-31,30
R2160,2025-03-02,30
R2160,2025-04-01,30
R2160,2025-05-01,30
R2160,2025-05-31,30
R2160,2025-07-05,30
R2160,2025-08-04,30
R2160,2025-09-03,30
R2160,2025-10-03,30
R2160,2025-11-27,30
R2160,2025-12-27,30
R2161,2025-01-01,30
R2161,2025-01-31,30
R2161,2025-03-31,30
R2161,2025-04-30,30
R2161,2025-05-30,30
R2161,2025-06-29,30
R2161,2025-09-08,30
R2161,2025-10-08,30
R2161,2025-11-21,30
R2161,2025-12-21,30
R2162,2025-01-01,30
R2162,2025-02-28,30
R2162,2025-03-30,30
R2162,2025-05-15,30
R2162,2025-06-24,30
R2162,2025-07-24,30
R2162,2025-09-02,30
R2162,2025-10-02,30
R2162,2025-11-10,30
R2162,2025-12-22,30
R2163,2025-01-01,30
R2163,2025-03-02,30
R2163,2025-04-01,30
R2163,2025-05-01,30
R2163,2025-05-31,30
R2163,2025-06-30,30
R2163,2025-07-30,30
R2163,2025-08-29,30
R2163,2025-09-28,30
R2163,2025-10-28,30
R2163,2025-11-27,30
R2163,2025-12-27,30
R2164,2025-01-01,30
R2164,2025-01-31,30
R2164,2025-03-02,30
R2164,2025-04-21,30
R2164,2025-05-21,30
R2164,2025-06-20,30
R2164,2025-07-20,30
R2164,2025-08-19,30
R2164,2025-09-18,30
R2164,2025-10-18,30
R2164,2025-11-17,30
R2164,2025-12-17,30
R2165,2025-01-01,30
R2165,2025-01-31,30
R2165,2025-03-02,30
R2165,2025-04-18,30
R2165,2025-05-18,30
R2165,2025-07-27,30
R2165,2025-08-26,30
R2165,2025-09-25,30
R2165,2025-10-25,30
R2165,2025-12-10,30
R2166,2025-01-01,30
R2166,2025-01-31,30
R2166,2025-03-07,30
R2166,2025-04-12,30
R2166,2025-06-05,30
R2166,2025-07-05,30
R2166,2025-08-04,30
R2166,2025-09-03,30
R2166,2025-10-27,30
R2166,2025-11-26,30
R2166,2025-12-26,30
R2167,2025-01-01,30
R2167,2025-01-31,30
R2167,2025-03-02,30
R2167,2025-04-01,30
R2167,2025-05-01,30
R2167,2025-05-31,30
R2167,2025-06-30,30
R2167,2025-07-30,30
R2167,2025-08-29,30
R2167,2025-09-28,30
R2167,2025-10-28,30
R2167,2025-11-27,30
R2167,2025-12-27,30
R2168,2025-01-01,30
R2168,2025-01-31,30
R2168,2025-03-02,30
R2168,2025-04-01,30
R2168,2025-06-01,30
R2168,2025-07-01,30
R2168,2025-07-31,30
R2168,2025-08-30,30
R2168,2025-09-29,30
R2168,2025-10-29,30
R2168,2025-11-28,30
R2168,2025-12-28,30
R2169,2025-01-01,30
R2169,2025-01-31,30
R2169,2025-03-24,30
R2169,2025-04-23,30
R2169,2025-05-23,30
R2169,2025-06-26,30
R2169,2025-07-28,30
R2169,2025-10-02,30
R2169,2025-11-01,30
R2169,2025-12-01,30
R2169,2025-12-31,30
R2170,2025-01-01,30
R2170,2025-01-31,30
R2170,2025-03-31,30
R2170,2025-04-30,30
R2170,2025-05-30,30
R2170,2025-06-29,30
R2170,2025-07-29,30
R2170,2025-08-28,30
R2170,2025-09-27,30
R2170,2025-10-27,30
R2170,2025-12-23,30
R2171,2025-01-01,30
R2171,2025-01-31,30
R2171,2025-03-02,30
R2171,2025-04-01,30
R2171,2025-05-01,30
R2171,2025-06-13,30
R2171,2025-07-13,30
R2171,2025-09-04,30
R2171,2025-10-04,30
R2171,2025-12-23,30
R2172,2025-01-01,30
R2172,2025-01-31,30
R2172,2025-03-02,30
R2172,2025-04-01,30
R2172,2025-05-01,30
R2172,2025-06-11,30
R2172,2025-07-11,30
R2172,2025-08-10,30
R2172,2025-09-09,30
R2172,2025-10-14,30
R2172,2025-11-28,30
R2173,2025-01-01,30
R2173,2025-02-17,30
R2173,2025-03-19,30
R2173,2025-04-18,30
R2173,2025-05-22,30
R2173,2025-06-29,30
R2173,2025-07-29,30
R2173,2025-08-28,30
R2173,2025-10-27,30
R2173,2025-11-26,30
R2173,2025-12-26,30
R2174,2025-01-01,30
R2174,2025-01-31,30
R2174,2025-03-02,30
R2174,2025-04-01,30
R2174,2025-05-01,30
R2174,2025-05-31,30
R2174,2025-07-11,30
R2174,2025-08-10,30
R2174,2025-09-09,30
R2174,2025-10-09,30
R2174,2025-11-08,30
R2174,2025-12-08,30
R2175,2025-01-01,30
R2175,2025-01-31,30
R2175,2025-03-02,30
R2175,2025-04-01,30
R2175,2025-05-01,30
R2175,2025-05-31,30
R2175,2025-06-30,30
R2175,2025-07-30,30
R2175,2025-08-29,30
R2175,2025-09-28,30
R2175,2025-10-28,30
R2175,2025-11-27,30
R2175,2025-12-27,30
R2176,2025-01-01,30
R2176,2025-01-31,30
R2176,2025-03-02,30
R2176,2025-04-01,30
R2176,2025-05-01,30
R2176,2025-05-31,30
R2176,2025-06-30,30
R2176,2025-07-30,30
R2176,2025-09-14,30
R2176,2025-10-14,30
R2176,2025-11-13,30
R2176,2025-12-13,30
R2177,2025-01-01,30
R2177,2025-02-24,30
R2177,2025-03-26,30
R2177,2025-04-25,30
R2177,2025-05-25,30
R2177,2025-06-24,30
R2177,2025-07-24,30
R2177,2025-08-23,30
R2177,2025-09-22,30
R2177,2025-10-22,30
R2177,2025-12-10,30
R2178,2025-01-01,30
R2178,2025-01-31,30
R2178,2025-03-02,30
R2178,2025-04-13,30
R2178,2025-05-13,30
R2178,2025-09-13,30
R2178,2025-10-13,30
R2178,2025-11-12,30
R2179,2025-01-01,30
R2179,2025-01-31,30
R2179,2025-03-02,30
R2179,2025-04-01,30
R2179,2025-05-13,30
R2179,2025-06-12,30
R2179,2025-07-12,30
R2179,2025-08-11,30
R2179,2025-09-10,30
R2179,2025-10-10,30
R2179,2025-11-09,30
R2179,2025-12-09,30
R2180,2025-01-01,30
R2180,2025-01-31,30
R2180,2025-03-02,30
R2180,2025-04-01,30
R2180,2025-05-01,30
R2180,2025-05-31,30
R2180,2025-06-30,30
R2180,2025-07-30,30
R2180,2025-08-29,30
R2180,2025-09-28,30
R2180,2025-10-28,30
R2180,2025-11-27,30
R2180,2025-12-27,30
R2181,2025-01-01,30
R2181,2025-01-31,30
R2181,2025-03-02,30
R2181,2025-05-01,30
R2181,2025-05-31,30
R2181,2025-08-03,30
R2181,2025-09-02,30
R2181,2025-10-02,30
R2181,2025-11-01,30
R2181,2025-12-25,30
R2182,2025-01-01,30
R2182,2025-02-18,30
R2182,2025-03-20,30
R2182,2025-04-19,30
R2182,2025-05-19,30
R2182,2025-06-18,30
R2182,2025-07-18,30
R2182,2025-08-17,30
R2182,2025-10-01,30
R2182,2025-10-31,30
R2182,2025-12-05,30
R2183,2025-01-01,30
R2183,2025-01-31,30
R2183,2025-03-02,30
R2183,2025-04-01,30
R2183,2025-05-01,30
R2183,2025-05-31,30
R2183,2025-06-30,30
R2183,2025-07-30,30
R2183,2025-10-05,30
R2183,2025-11-04,30
R2183,2025-12-04,30
R2184,2025-01-01,30
R2184,2025-01-31,30
R2184,2025-03-02,30
R2184,2025-04-30,30
R2184,2025-05-30,30
R2184,2025-06-29,30
R2184,2025-07-29,30
R2184,2025-08-28,30
R2184,2025-09-27,30
R2184,2025-10-27,30
R2184,2025-11-26,30
R2185,2025-01-01,30
R2185,2025-01-31,30
R2185,2025-04-08,30
R2185,2025-05-08,30
R2185,2025-06-07,30
R2185,2025-08-30,30
R2185,2025-09-29,30
R2185,2025-12-02,30
R2186,2025-01-01,30
R2186,2025-01-31,30
R2186,2025-03-02,30
R2186,2025-04-01,30
R2186,2025-05-01,30
R2186,2025-05-31,30
R2186,2025-06-30,30
R2186,2025-09-08,30
R2186,2025-10-08,30
R2186,2025-11-07,30
R2186,2025-12-07,30
R2187,2025-01-01,30
R2187,2025-01-31,30
R2187,2025-03-02,30
R2187,2025-04-01,30
R2187,2025-05-01,30
R2187,2025-05-31,30
R2187,2025-06-30,30
R2187,2025-07-30,30
R2187,2025-08-29,30
R2187,2025-09-28,30
R2187,2025-10-28,30
R2187,2025-11-27,30
R2188,2025-01-01,30
R2188,2025-02-08,30
R2188,2025-03-23,30
R2188,2025-06-10,30
R2188,2025-08-19,30
R2188,2025-09-18,30
R2188,2025-10-18,30
R2188,2025-12-16,30
R2189,2025-01-01,30
R2189,2025-01-31,30
R2189,2025-03-02,30
R2189,2025-04-01,30
R2189,2025-05-01,30
R2189,2025-05-31,30
R2189,2025-06-30,30
R2189,2025-07-30,30
R2189,2025-08-29,30
R2189,2025-09-28,30
R2189,2025-10-28,30
R2189,2025-11-27,30
R2189,2025-12-27,30
R2190,2025-01-01,30
R2190,2025-01-31,30
R2190,2025-03-02,30
R2190,2025-04-01,30
R2190,2025-05-01,30
R2190,2025-05-31,30
R2190,2025-07-27,30
R2190,2025-08-26,30
R2190,2025-09-25,30
R2190,2025-10-25,30
R2190,2025-11-24,30
R2190,2025-12-24,30
R2191,2025-01-01,30
R2191,2025-02-23,30
R2191,2025-03-25,30
R2191,2025-04-24,30
R2191,2025-05-24,30
R2191,2025-06-23,30
R2191,2025-08-18,30
R2191,2025-09-17,30
R2191,2025-10-17,30
R2191,2025-11-25,30
R2191,2025-12-25,30
R2192,2025-01-01,30
R2192,2025-01-31,30
R2192,2025-03-02,30
R2192,2025-04-01,30
R2192,2025-05-01,30
R2192,2025-05-31,30
R2192,2025-06-30,30
R2192,2025-07-30,30
R2192,2025-08-29,30
R2192,2025-09-28,30
R2192,2025-10-28,30
R2192,2025-11-27,30
R2192,2025-12-27,30
R2193,2025-01-01,30
R2193,2025-02-27,30
R2193,2025-04-12,30
R2193,2025-05-12,30
R2193,2025-06-17,30
R2193,2025-07-17,30
R2193,2025-08-16,30
R2193,2025-09-15,30
R2193,2025-11-26,30
R2194,2025-01-01,30
R2194,2025-02-19,30
R2194,2025-03-21,30
R2194,2025-04-20,30
R2194,2025-05-23,30
R2194,2025-06-22,30
R2194,2025-07-22,30
R2194,2025-08-21,30
R2194,2025-09-20,30
R2194,2025-10-20,30
R2194,2025-11-19,30
R2194,2025-12-19,30
R2195,2025-01-01,30
R2195,2025-01-31,30
R2195,2025-03-08,30
R2195,2025-04-07,30
R2195,2025-05-07,30
R2195,2025-06-06,30
R2195,2025-07-06,30
R2195,2025-08-05,30
R2195,2025-09-20,30
R2195,2025-10-20,30
R2195,2025-11-19,30
R2195,2025-12-19,30
R2196,2025-01-01,30
R2196,2025-02-15,30
R2196,2025-03-17,30
R2196,2025-04-16,30
R2196,2025-05-16,30
R2196,2025-06-28,30
R2196,2025-07-28,30
R2196,2025-08-27,30
R2196,2025-09-26,30
R2196,2025-10-26,30
R2196,2025-11-25,30
R2196,2025-12-25,30
R2197,2025-01-01,30
R2197,2025-01-31,30
R2197,2025-03-02,30
R2197,2025-04-01,30
R2197,2025-06-02,30
R2197,2025-07-02,30
R2197,2025-08-21,30
R2197,2025-09-20,30
R2197,2025-10-20,30
R2197,2025-11-25,30
R2197,2025-12-25,30
R2198,2025-01-01,30
R2198,2025-01-31,30
R2198,2025-03-02,30
R2198,2025-04-12,30
R2198,2025-05-12,30
R2198,2025-06-11,30
R2198,2025-07-11,30
R2198,2025-08-10,30
R2198,2025-09-09,30
R2198,2025-10-23,30
R2198,2025-11-22,30
R2198,2025-12-29,30
R2199,2025-01-01,30
R2199,2025-01-31,30
R2199,2025-03-10,30
R2199,2025-04-27,30
R2199,2025-07-03,30
R2199,2025-08-02,30
R2199,2025-10-05,30
R2199,2025-11-04,30
R2199,2025-12-04,30
R2200,2025-01-01,30
R2200,2025-01-31,30
R2200,2025-03-02,30
R2200,2025-04-01,30
R2200,2025-05-01,30
R2200,2025-05-31,30
R2200,2025-07-18,30
R2200,2025-08-17,30
R2200,2025-09-30,30
R2200,2025-10-30,30
R2200,2025-12-27,30
R2201,2025-01-01,30
R2201,2025-02-16,30
R2201,2025-03-18,30
R2201,2025-04-17,30
R2201,2025-05-17,30
R2201,2025-07-02,30
R2201,2025-08-01,30
R2201,2025-08-31,30
R2201,2025-09-30,30
R2201,2025-10-30,30
R2201,2025-11-29,30
R2201,2025-12-29,30
R2202,2025-01-01,30
R2202,2025-01-31,30
R2202,2025-03-02,30
R2202,2025-04-11,30
R2202,2025-06-09,30
R2202,2025-07-22,30
R2202,2025-08-21,30
R2202,2025-09-20,30
R2202,2025-10-20,30
R2202,2025-11-19,30
R2203,2025-01-01,30
R2203,2025-01-31,30
R2203,2025-03-02,30
R2203,2025-04-01,30
R2203,2025-05-01,30
R2203,2025-05-31,30
R2203,2025-06-30,30
R2203,2025-07-30,30
R2203,2025-08-29,30
R2203,2025-09-28,30
R2203,2025-10-28,30
R2203,2025-12-26,30
R2204,2025-01-01,30
R2204,2025-02-12,30
R2204,2025-03-14,30
R2204,2025-04-13,30
R2204,2025-07-18,30
R2204,2025-08-17,30
R2204,2025-09-18,30
R2204,2025-10-18,30
R2204,2025-11-17,30
R2204,2025-12-17,30
R2205,2025-01-01,30
R2205,2025-02-03,30
R2205,2025-03-16,30
R2205,2025-04-15,30
R2205,2025-05-15,30
R2205,2025-07-28,30
R2205,2025-08-27,30
R2205,2025-10-09,30
R2205,2025-11-13,30
R2206,2025-01-01,30
R2206,2025-01-31,30
R2206,2025-03-02,30
R2206,2025-04-15,30
R2206,2025-05-15,30
R2206,2025-06-14,30
R2206,2025-07-14,30
R2206,2025-08-13,30
R2206,2025-10-14,30
R2206,2025-11-13,30
R2206,2025-12-13,30
R2207,2025-01-01,30
R2207,2025-02-13,30
R2207,2025-03-15,30
R2207,2025-04-20,30
R2207,2025-06-02,30
R2207,2025-07-02,30
R2207,2025-08-16,30
R2207,2025-09-15,30
R2207,2025-10-15,30
R2207,2025-11-23,30
R2208,2025-01-01,30
R2208,2025-01-31,30
R2208,2025-03-02,30
R2208,2025-05-05,30
R2208,2025-06-26,30
R2208,2025-07-26,30
R2208,2025-09-03,30
R2208,2025-10-17,30
R2208,2025-11-16,30
R2209,2025-01-01,30
R2209,2025-03-24,30
R2209,2025-05-15,30
R2209,2025-06-29,30
R2209,2025-07-29,30
R2209,2025-09-03,30
R2209,2025-11-13,30
R2209,2025-12-13,30
R2210,2025-01-01,30
R2210,2025-01-31,30
R2210,2025-03-02,30
R2210,2025-04-01,30
R2210,2025-05-12,30
R2210,2025-06-11,30
R2210,2025-07-11,30
R2210,2025-08-10,30
R2210,2025-09-09,30
R2210,2025-10-09,30
R2210,2025-11-08,30
R2211,2025-01-01,30
R2211,2025-03-08,30
R2211,2025-05-10,30
R2211,2025-06-09,30
R2211,2025-07-26,30
R2211,2025-08-25,30
R2211,2025-09-24,30
R2211,2025-10-24,30
R2211,2025-11-23,30
R2211,2025-12-23,30
R2212,2025-01-01,30
R2212,2025-01-31,30
R2212,2025-03-02,30
R2212,2025-04-01,30
R2212,2025-05-01,30
R2212,2025-06-02,30
R2212,2025-07-02,30
R2212,2025-08-01,30
R2212,2025-10-08,30
R2212,2025-11-07,30
R2212,2025-12-07,30
R2213,2025-01-01,30
R2213,2025-01-31,30
R2213,2025-03-02,30
R2213,2025-04-01,30
R2213,2025-05-01,30
R2213,2025-05-31,30
R2213,2025-06-30,30
R2213,2025-07-30,30
R2213,2025-08-29,30
R2213,2025-09-28,30
R2213,2025-10-28,30
R2213,2025-12-23,30
R2214,2025-01-01,30
R2214,2025-01-31,30
R2214,2025-03-02,30
R2214,2025-04-01,30
R2214,2025-05-01,30
R2214,2025-05-31,30
R2214,2025-06-30,30
R2214,2025-07-30,30
R2214,2025-08-29,30
R2214,2025-12-30,30
R2215,2025-01-01,30
R2215,2025-01-31,30
R2215,2025-03-02,30
R2215,2025-04-26,30
R2215,2025-05-26,30
R2215,2025-06-25,30
R2215,2025-07-25,30
R2215,2025-08-24,30
R2215,2025-12-06,30
R2216,2025-01-01,30
R2216,2025-01-31,30
R2216,2025-03-14,30
R2216,2025-04-13,30
R2216,2025-05-13,30
R2216,2025-06-12,30
R2216,2025-07-12,30
R2216,2025-08-11,30
R2216,2025-09-10,30
R2216,2025-10-10,30
R2216,2025-11-09,30
R2216,2025-12-09,30
R2217,2025-01-01,30
R2217,2025-03-12,30
R2217,2025-05-03,30
R2217,2025-06-27,30
R2217,2025-07-27,30
R2217,2025-08-26,30
R2217,2025-09-25,30
R2217,2025-10-25,30
R2217,2025-11-24,30
R2217,2025-12-24,30
R2218,2025-01-01,30
R2218,2025-01-31,30
R2218,2025-04-14,30
R2218,2025-05-14,30
R2218,2025-06-13,30
R2218,2025-07-13,30
R2218,2025-08-23,30
R2218,2025-11-22,30
R2218,2025-12-22,30
R2219,2025-01-01,30
R2219,2025-01-31,30
R2219,2025-03-02,30
R2219,2025-04-01,30
R2219,2025-05-08,30
R2219,2025-06-07,30
R2219,2025-07-07,30
R2219,2025-08-06,30
R2219,2025-09-05,30
R2219,2025-10-28,30
R2220,2025-01-01,30
R2220,2025-01-31,30
R2220,2025-03-02,30
R2220,2025-04-01,30
R2220,2025-05-01,30
R2220,2025-05-31,30
R2220,2025-06-30,30
R2220,2025-07-30,30
R2220,2025-08-29,30
R2220,2025-09-28,30
R2220,2025-10-28,30
R2220,2025-12-01,30
R2221,2025-01-01,30
R2221,2025-01-31,30
R2221,2025-03-26,30
R2221,2025-04-25,30
R2221,2025-08-06,30
R2221,2025-09-05,30
R2221,2025-10-05,30
R2221,2025-11-04,30
R2222,2025-01-01,30
R2222,2025-03-21,30
R2222,2025-04-20,30
R2222,2025-05-20,30
R2222,2025-07-05,30
R2222,2025-08-04,30
R2222,2025-09-03,30
R2222,2025-10-03,30
R2222,2025-11-02,30
R2223,2025-01-01,30
R2223,2025-01-31,30
R2223,2025-03-02,30
R2223,2025-04-01,30
R2223,2025-05-01,30
R2223,2025-05-31,30
R2223,2025-06-30,30
R2223,2025-07-30,30
R2223,2025-08-29,30
R2223,2025-09-28,30
R2223,2025-10-28,30
R2223,2025-11-27,30
R2223,2025-12-27,30
R2224,2025-01-01,30
R2224,2025-01-31,30
R2224,2025-03-02,30
R2224,2025-04-01,30
R2224,2025-05-01,30
R2224,2025-05-31,30
R2224,2025-06-30,30
R2224,2025-07-30,30
R2224,2025-08-29,30
R2224,2025-09-28,30
R2224,2025-10-28,30
R2224,2025-11-27,30
R2224,2025-12-27,30
R2225,2025-01-01,30
R2225,2025-02-18,30
R2225,2025-03-20,30
R2225,2025-05-29,30
R2225,2025-06-28,30
R2225,2025-08-03,30
R2225,2025-09-18,30
R2225,2025-10-18,30
R2225,2025-12-16,30
R2226,2025-01-01,30
R2226,2025-01-31,30
R2226,2025-03-12,30
R2226,2025-04-11,30
R2226,2025-05-16,30
R2226,2025-06-15,30
R2226,2025-07-15,30
R2226,2025-08-14,30
R2226,2025-09-13,30
R2226,2025-10-13,30
R2226,2025-11-12,30
R2226,2025-12-12,30
R2227,2025-01-01,30
R2227,2025-02-23,30
R2227,2025-03-25,30
R2227,2025-04-24,30
R2227,2025-05-24,30
R2227,2025-07-13,30
R2227,2025-08-23,30
R2227,2025-11-27,30
R2228,2025-01-01,30
R2228,2025-01-31,30
R2228,2025-03-27,30
R2228,2025-05-01,30
R2228,2025-05-31,30
R2228,2025-06-30,30
R2228,2025-07-30,30
R2228,2025-09-21,30
R2228,2025-11-22,30
R2229,2025-01-01,30
R2229,2025-01-31,30
R2229,2025-03-17,30
R2229,2025-04-16,30
R2229,2025-05-16,30
R2229,2025-06-15,30
R2229,2025-07-15,30
R2229,2025-08-31,30
R2229,2025-10-23,30
R2229,2025-11-22,30
R2229,2025-12-22,30
R2230,2025-01-01,30
R2230,2025-01-31,30
R2230,2025-03-02,30
R2230,2025-04-01,30
R2230,2025-05-01,30
R2230,2025-05-31,30
R2230,2025-06-30,30
R2230,2025-07-30,30
R2230,2025-08-29,30
R2230,2025-09-28,30
R2230,2025-10-28,30
R2230,2025-11-27,30
R2230,2025-12-27,30
R2231,2025-01-01,30
R2231,2025-01-31,30
R2231,2025-03-02,30
R2231,2025-04-01,30
R2231,2025-06-02,30
R2231,2025-07-02,30
R2231,2025-08-01,30
R2231,2025-09-12,30
R2231,2025-10-12,30
R2231,2025-11-11,30
R2231,2025-12-11,30
R2232,2025-01-01,30
R2232,2025-01-31,30
R2232,2025-03-02,30
R2232,2025-04-18,30
R2232,2025-06-13,30
R2232,2025-07-13,30
R2232,2025-08-12,30
R2232,2025-09-11,30
R2232,2025-10-11,30
R2232,2025-11-26,30
R2232,2025-12-26,30
R2233,2025-01-01,30
R2233,2025-01-31,30
R2233,2025-03-02,30
R2233,2025-04-01,30
R2233,2025-05-01,30
R2233,2025-05-31,30
R2233,2025-06-30,30
R2233,2025-07-30,30
R2233,2025-08-29,30
R2233,2025-09-28,30
R2233,2025-10-28,30
R2234,2025-01-01,30
R2234,2025-02-15,30
R2234,2025-03-17,30
R2234,2025-04-16,30
R2234,2025-05-16,30
R2234,2025-06-15,30
R2234,2025-07-15,30
R2234,2025-09-19,30
R2234,2025-10-19,30
R2234,2025-11-18,30
R2235,2025-01-01,30
R2235,2025-01-31,30
R2235,2025-03-02,30
R2235,2025-04-13,30
R2235,2025-05-13,30
R2235,2025-08-04,30
R2235,2025-09-03,30
R2235,2025-10-03,30
R2235,2025-11-02,30
R2235,2025-12-02,30
R2236,2025-01-01,30
R2236,2025-01-31,30
R2236,2025-03-02,30
R2236,2025-04-01,30
R2236,2025-05-01,30
R2236,2025-05-31,30
R2236,2025-06-30,30
R2236,2025-07-30,30
R2236,2025-10-21,30
R2236,2025-11-20,30
R2236,2025-12-20,30
R2237,2025-01-01,30
R2237,2025-01-31,30
R2237,2025-03-02,30
R2237,2025-04-01,30
R2237,2025-05-01,30
R2237,2025-05-31,30
R2237,2025-06-30,30
R2237,2025-07-30,30
R2237,2025-08-29,30
R2237,2025-09-28,30
R2237,2025-10-28,30
R2237,2025-11-27,30
R2237,2025-12-27,30
R2238,2025-01-01,30
R2238,2025-02-20,30
R2238,2025-03-24,30
R2238,2025-04-23,30
R2238,2025-06-23,30
R2238,2025-07-23,30
R2238,2025-08-22,30
R2238,2025-09-21,30
R2238,2025-10-21,30
R2238,2025-11-20,30
R2239,2025-01-01,30
R2239,2025-02-26,30
R2239,2025-03-28,30
R2239,2025-04-27,30
R2239,2025-05-27,30
R2239,2025-06-26,30
R2239,2025-07-26,30
R2239,2025-09-08,30
R2239,2025-10-08,30
R2239,2025-11-22,30
R2239,2025-12-22,30
R2240,2025-01-01,30
R2240,2025-01-31,30
R2240,2025-03-02,30
R2240,2025-04-01,30
R2240,2025-05-08,30
R2240,2025-06-16,30
R2240,2025-08-16,30
R2240,2025-09-15,30
R2240,2025-10-15,30
R2240,2025-11-14,30
R2240,2025-12-14,30
R2241,2025-01-01,30
R2241,2025-01-31,30
R2241,2025-03-02,30
R2241,2025-04-01,30
R2241,2025-05-01,30
R2241,2025-05-31,30
R2241,2025-07-06,30
R2241,2025-08-05,30
R2241,2025-09-04,30
R2241,2025-10-24,30
R2241,2025-11-23,30
R2241,2025-12-23,30
R2242,2025-01-01,30
R2242,2025-01-31,30
R2242,2025-03-02,30
R2242,2025-04-01,30
R2242,2025-05-01,30
R2242,2025-05-31,30
R2242,2025-07-17,30
R2242,2025-08-16,30
R2242,2025-09-15,30
R2242,2025-11-12,30
R2242,2025-12-12,30
R2243,2025-01-01,30
R2243,2025-01-31,30
R2243,2025-04-07,30
R2243,2025-07-13,30
R2243,2025-08-12,30
R2243,2025-09-11,30
R2243,2025-10-11,30
R2243,2025-11-10,30
R2244,2025-01-01,30
R2244,2025-01-31,30
R2244,2025-03-21,30
R2244,2025-05-13,30
R2244,2025-07-16,30
R2244,2025-08-15,30
R2244,2025-09-14,30
R2244,2025-10-14,30
R2244,2025-11-13,30
R2245,2025-01-01,30
R2245,2025-03-14,30
R2245,2025-04-13,30
R2245,2025-05-13,30
R2245,2025-06-12,30
R2245,2025-07-26,30
R2245,2025-08-25,30
R2245,2025-11-07,30
R2245,2025-12-07,30
R2246,2025-01-01,30
R2246,2025-01-31,30
R2246,2025-03-02,30
R2246,2025-05-09,30
R2246,2025-06-08,30
R2246,2025-07-08,30
R2246,2025-08-07,30
R2246,2025-09-06,30
R2246,2025-10-06,30
R2246,2025-11-11,30
R2246,2025-12-11,30
R2247,2025-01-01,30
R2247,2025-01-31,30
R2247,2025-03-02,30
R2247,2025-04-01,30
R2247,2025-05-01,30
R2247,2025-05-31,30
R2247,2025-07-21,30
R2247,2025-08-20,30
R2247,2025-09-19,30
R2247,2025-10-19,30
R2247,2025-11-18,30
R2248,2025-01-01,30
R2248,2025-02-19,30
R2248,2025-03-21,30
R2248,2025-04-20,30
R2248,2025-05-20,30
R2248,2025-06-19,30
R2248,2025-08-04,30
R2248,2025-09-19,30
R2248,2025-10-19,30
R2248,2025-11-18,30
R2248,2025-12-18,30
R2249,2025-01-01,30
R2249,2025-02-23,30
R2249,2025-03-25,30
R2249,2025-04-24,30
R2249,2025-05-24,30
R2249,2025-06-23,30
R2249,2025-07-23,30
R2249,2025-10-14,30
R2249,2025-11-13,30
R2250,2025-01-01,30
R2250,2025-01-31,30
R2250,2025-03-25,30
R2250,2025-04-24,30
R2250,2025-05-29,30
R2250,2025-07-18,30
R2250,2025-09-01,30
R2250,2025-10-13,30
R2250,2025-11-23,30
R2250,2025-12-23,30
R2251,2025-01-01,30
R2251,2025-03-09,30
R2251,2025-06-21,30
R2251,2025-07-21,30
R2251,2025-08-20,30
R2251,2025-10-07,30
R2251,2025-11-12,30
R2252,2025-01-01,30
R2252,2025-01-31,30
R2252,2025-03-02,30
R2252,2025-04-01,30
R2252,2025-05-01,30
R2252,2025-06-21,30
R2252,2025-07-21,30
R2252,2025-08-20,30
R2252,2025-09-19,30
R2252,2025-10-19,30
R2252,2025-11-18,30
R2253,2025-01-01,30
R2253,2025-03-27,30
R2253,2025-04-26,30
R2253,2025-06-20,30
R2253,2025-07-20,30
R2253,2025-08-19,30
R2253,2025-09-18,30
R2253,2025-10-18,30
R2253,2025-11-17,30
R2253,2025-12-17,30
R2254,2025-01-01,30
R2254,2025-02-25,30
R2254,2025-03-27,30
R2254,2025-04-26,30
R2254,2025-05-26,30
R2254,2025-07-16,30
R2254,2025-09-29,30
R2254,2025-10-29,30
R2254,2025-11-28,30
R2254,2025-12-28,30
R2255,2025-01-01,30
R2255,2025-01-31,30
R2255,2025-03-02,30
R2255,2025-04-13,30
R2255,2025-05-13,30
R2255,2025-06-12,30
R2255,2025-07-12,30
R2255,2025-08-11,30
R2255,2025-09-10,30
R2255,2025-10-10,30
R2255,2025-11-09,30
R2255,2025-12-09,30
R2256,2025-01-01,30
R2256,2025-01-31,30
R2256,2025-03-02,30
R2256,2025-04-01,30
R2256,2025-05-01,30
R2256,2025-05-31,30
R2256,2025-06-30,30
R2256,2025-09-22,30
R2256,2025-11-02,30
R2256,2025-12-10,30
R2257,2025-01-01,30
R2257,2025-01-31,30
R2257,2025-03-02,30
R2257,2025-04-01,30
R2257,2025-05-01,30
R2257,2025-06-04,30
R2257,2025-07-04,30
R2257,2025-08-03,30
R2257,2025-09-02,30
R2257,2025-10-02,30
R2257,2025-11-01,30
R2257,2025-12-01,30
R2257,2025-12-31,30
R2258,2025-01-01,30
R2258,2025-01-31,30
R2258,2025-03-02,30
R2258,2025-04-01,30
R2258,2025-05-18,30
R2258,2025-06-17,30
R2258,2025-07-17,30
R2258,2025-08-16,30
R2258,2025-09-15,30
R2258,2025-10-15,30
R2258,2025-11-14,30
R2258,2025-12-14,30
R2259,2025-01-01,30
R2259,2025-01-31,30
R2259,2025-03-02,30
R2259,2025-04-01,30
R2259,2025-05-01,30
R2259,2025-06-14,30
R2259,2025-07-14,30
R2259,2025-08-13,30
R2259,2025-09-12,30
R2259,2025-10-21,30
R2259,2025-11-20,30
R2259,2025-12-20,30
R2260,2025-01-01,30
R2260,2025-03-03,30
R2260,2025-04-02,30
R2260,2025-05-02,30
R2260,2025-06-01,30
R2260,2025-07-01,30
R2260,2025-07-31,30
R2260,2025-08-30,30
R2260,2025-10-08,30
R2260,2025-11-07,30
R2260,2025-12-26,30
R2261,2025-01-01,30
R2261,2025-02-06,30
R2261,2025-03-19,30
R2261,2025-04-18,30
R2261,2025-05-18,30
R2261,2025-07-03,30
R2261,2025-08-02,30
R2261,2025-09-16,30
R2262,2025-01-01,30
R2262,2025-01-31,30
R2262,2025-03-02,30
R2262,2025-04-08,30
R2262,2025-05-12,30
R2262,2025-06-17,30
R2262,2025-07-17,30
R2262,2025-08-16,30
R2263,2025-01-01,30
R2263,2025-01-31,30
R2263,2025-03-02,30
R2263,2025-05-01,30
R2263,2025-05-31,30
R2263,2025-06-30,30
R2263,2025-08-29,30
R2263,2025-10-12,30
R2263,2025-11-11,30
R2263,2025-12-11,30
R2264,2025-01-01,30
R2264,2025-01-31,30
R2264,2025-03-02,30
R2264,2025-04-01,30
R2264,2025-05-01,30
R2264,2025-05-31,30
R2264,2025-06-30,30
R2264,2025-07-30,30
R2264,2025-08-29,30
R2264,2025-09-28,30
R2264,2025-10-28,30
R2264,2025-11-27,30
R2265,2025-01-01,30
R2265,2025-01-31,30
R2265,2025-03-02,30
R2265,2025-04-01,30
R2265,2025-05-01,30
R2265,2025-07-12,30
R2265,2025-09-09,30
R2265,2025-10-11,30
R2265,2025-11-10,30
R2265,2025-12-10,30
R2266,2025-01-01,30
R2266,2025-01-31,30
R2266,2025-03-02,30
R2266,2025-04-01,30
R2266,2025-05-01,30
R2266,2025-05-31,30
R2266,2025-06-30,30
R2266,2025-07-30,30
R2266,2025-08-29,30
R2266,2025-09-28,30
R2266,2025-10-28,30
R2266,2025-11-27,30
R2266,2025-12-27,30
R2267,2025-01-01,30
R2267,2025-01-31,30
R2267,2025-04-05,30
R2267,2025-05-05,30
R2267,2025-06-04,30
R2267,2025-07-04,30
R2267,2025-08-03,30
R2267,2025-09-02,30
R2267,2025-10-02,30
R2267,2025-11-01,30
R2267,2025-12-23,30
R2268,2025-01-01,30
R2268,2025-01-31,30
R2268,2025-03-02,30
R2268,2025-04-01,30
R2268,2025-06-10,30
R2268,2025-07-10,30
R2268,2025-10-04,30
R2268,2025-11-03,30
R2268,2025-12-03,30
R2269,2025-01-01,30
R2269,2025-01-31,30
R2269,2025-03-02,30
R2269,2025-04-01,30
R2269,2025-05-01,30
R2269,2025-05-31,30
R2269,2025-06-30,30
R2269,2025-07-30,30
R2269,2025-08-29,30
R2269,2025-09-28,30
R2269,2025-11-11,30
R2269,2025-12-31,30
R2270,2025-01-01,30
R2270,2025-01-31,30
R2270,2025-03-02,30
R2270,2025-04-01,30
R2270,2025-05-01,30
R2270,2025-07-07,30
R2270,2025-09-04,30
R2270,2025-10-04,30
R2270,2025-11-03,30
R2270,2025-12-07,30
R2271,2025-01-01,30
R2271,2025-01-31,30
R2271,2025-03-28,30
R2271,2025-04-27,30
R2271,2025-05-27,30
R2271,2025-07-17,30
R2271,2025-08-16,30
R2271,2025-09-15,30
R2271,2025-10-15,30
R2271,2025-11-14,30
R2271,2025-12-14,30
R2272,2025-01-01,30
R2272,2025-01-31,30
R2272,2025-03-02,30
R2272,2025-04-01,30
R2272,2025-05-01,30
R2272,2025-05-31,30
R2272,2025-07-14,30
R2272,2025-08-13,30
R2272,2025-09-12,30
R2272,2025-10-12,30
R2272,2025-11-11,30
R2272,2025-12-22,30
R2273,2025-01-01,30
R2273,2025-01-31,30
R2273,2025-03-08,30
R2273,2025-04-07,30
R2273,2025-05-22,30
R2273,2025-06-21,30
R2273,2025-07-21,30
R2273,2025-09-20,30
R2273,2025-10-20,30
R2274,2025-01-01,30
R2274,2025-01-31,30
R2274,2025-03-02,30
R2274,2025-04-01,30
R2274,2025-05-01,30
R2274,2025-05-31,30
R2274,2025-06-30,30
R2274,2025-07-30,30
R2274,2025-08-29,30
R2274,2025-09-28,30
R2274,2025-10-28,30
R2274,2025-11-27,30
R2274,2025-12-27,30
R2275,2025-01-01,30
R2275,2025-02-27,30
R2275,2025-05-18,30
R2275,2025-07-03,30
R2275,2025-08-02,30
R2275,2025-09-01,30
R2275,2025-10-16,30
R2275,2025-11-20,30
R2275,2025-12-20,30
R2276,2025-01-01,30
R2276,2025-01-31,30
R2276,2025-03-02,30
R2276,2025-04-16,30
R2276,2025-05-16,30
R2276,2025-06-15,30
R2276,2025-08-08,30
R2276,2025-09-07,30
R2276,2025-10-07,30
R2276,2025-11-06,30
R2276,2025-12-06,30
R2277,2025-01-01,30
R2277,2025-01-31,30
R2277,2025-03-02,30
R2277,2025-04-01,30
R2277,2025-05-01,30
R2277,2025-05-31,30
R2277,2025-06-30,30
R2277,2025-07-30,30
R2277,2025-08-29,30
R2277,2025-10-29,30
R2277,2025-11-28,30
R2277,2025-12-28,30
R2278,2025-01-01,30
R2278,2025-01-31,30
R2278,2025-03-02,30
R2278,2025-04-01,30
R2278,2025-05-01,30
R2278,2025-05-31,30
R2278,2025-06-30,30
R2278,2025-07-30,30
R2278,2025-10-13,30
R2278,2025-12-12,30
R2279,2025-01-01,30
R2279,2025-03-03,30
R2279,2025-04-02,30
R2279,2025-06-27,30
R2279,2025-08-06,30
R2279,2025-09-11,30
R2279,2025-10-11,30
R2279,2025-11-29,30
R2279,2025-12-29,30
R2280,2025-01-01,30
R2280,2025-01-31,30
R2280,2025-03-02,30
R2280,2025-05-12,30
R2280,2025-06-30,30
R2280,2025-07-30,30
R2280,2025-08-29,30
R2280,2025-09-28,30
R2280,2025-10-28,30
R2280,2025-11-27,30
R2281,2025-01-01,30
R2281,2025-01-31,30
R2281,2025-03-02,30
R2281,2025-04-01,30
R2281,2025-05-01,30
R2281,2025-05-31,30
R2281,2025-06-30,30
R2281,2025-07-30,30
R2281,2025-08-29,30
R2281,2025-09-28,30
R2281,2025-10-28,30
R2281,2025-11-27,30
R2282,2025-01-01,30
R2282,2025-01-31,30
R2282,2025-03-02,30
R2282,2025-04-01,30
R2282,2025-05-01,30
R2282,2025-05-31,30
R2282,2025-06-30,30
R2282,2025-07-30,30
R2282,2025-08-29,30
R2282,2025-09-28,30
R2282,2025-11-18,30
R2282,2025-12-18,30
R2283,2025-01-01,30
R2283,2025-02-04,30
R2283,2025-03-29,30
R2283,2025-05-30,30
R2283,2025-06-29,30
R2283,2025-07-29,30
R2283,2025-09-16,30
R2283,2025-11-02,30
R2284,2025-01-01,30
R2284,2025-01-31,30
R2284,2025-03-02,30
R2284,2025-04-01,30
R2284,2025-05-01,30
R2284,2025-05-31,30
R2284,2025-06-30,30
R2284,2025-07-30,30
R2284,2025-09-17,30
R2284,2025-10-17,30
R2284,2025-11-16,30
R2284,2025-12-16,30
R2285,2025-01-01,30
R2285,2025-01-31,30
R2285,2025-03-02,30
R2285,2025-04-01,30
R2285,2025-05-01,30
R2285,2025-06-28,30
R2285,2025-08-30,30
R2285,2025-10-11,30
R2285,2025-11-10,30
R2285,2025-12-10,30
R2286,2025-01-01,30
R2286,2025-02-10,30
R2286,2025-03-12,30
R2286,2025-04-11,30
R2286,2025-06-06,30
R2286,2025-09-11,30
R2286,2025-10-11,30
R2286,2025-11-10,30
R2286,2025-12-10,30
R2287,2025-01-01,30
R2287,2025-03-04,30
R2287,2025-04-03,30
R2287,2025-05-03,30
R2287,2025-06-02,30
R2287,2025-07-02,30
R2287,2025-08-03,30
R2287,2025-09-02,30
R2287,2025-10-02,30
R2287,2025-11-01,30
R2287,2025-12-01,30
R2287,2025-12-31,30
R2288,2025-01-01,30
R2288,2025-01-31,30
R2288,2025-03-02,30
R2288,2025-05-06,30
R2288,2025-06-19,30
R2288,2025-07-19,30
R2288,2025-08-18,30
R2288,2025-09-17,30
R2288,2025-10-17,30
R2288,2025-11-16,30
R2288,2025-12-16,30
R2289,2025-01-01,30
R2289,2025-03-13,30
R2289,2025-04-12,30
R2289,2025-05-12,30
R2289,2025-06-19,30
R2289,2025-07-19,30
R2289,2025-09-23,30
R2289,2025-11-27,30
R2289,2025-12-27,30
R2290,2025-01-01,30
R2290,2025-03-10,30
R2290,2025-04-09,30
R2290,2025-05-09,30
R2290,2025-07-21,30
R2290,2025-08-20,30
R2290,2025-09-19,30
R2290,2025-10-19,30
R2290,2025-11-18,30
R2290,2025-12-18,30
R2291,2025-01-01,30
R2291,2025-05-07,30
R2291,2025-06-13,30
R2291,2025-08-18,30
R2291,2025-11-01,30
R2291,2025-12-01,30
R2291,2025-12-31,30
R2292,2025-01-01,30
R2292,2025-02-07,30
R2292,2025-03-09,30
R2292,2025-05-05,30
R2292,2025-06-28,30
R2292,2025-07-28,30
R2292,2025-08-27,30
R2292,2025-09-26,30
R2292,2025-11-03,30
R2292,2025-12-03,30
R2293,2025-01-01,30
R2293,2025-02-10,30
R2293,2025-03-17,30
R2293,2025-04-16,30
R2293,2025-05-24,30
R2293,2025-06-23,30
R2293,2025-07-31,30
R2293,2025-10-05,30
R2293,2025-11-29,30
R2293,2025-12-29,30
R2294,2025-01-01,30
R2294,2025-01-31,30
R2294,2025-03-02,30
R2294,2025-04-01,30
R2294,2025-05-19,30
R2294,2025-06-18,30
R2294,2025-07-18,30
R2294,2025-09-08,30
R2294,2025-10-08,30
R2294,2025-11-07,30
R2294,2025-12-07,30
R2295,2025-01-01,30
R2295,2025-02-14,30
R2295,2025-03-16,30
R2295,2025-04-15,30
R2295,2025-05-15,30
R2295,2025-06-14,30
R2295,2025-07-14,30
R2295,2025-08-13,30
R2295,2025-09-12,30
R2295,2025-10-12,30
R2295,2025-11-11,30
R2295,2025-12-20,30
R2296,2025-01-01,30
R2296,2025-01-31,30
R2296,2025-03-02,30
R2296,2025-04-01,30
R2296,2025-05-01,30
R2296,2025-05-31,30
R2296,2025-06-30,30
R2296,2025-07-30,30
R2296,2025-08-29,30
R2296,2025-09-28,30
R2296,2025-10-28,30
R2296,2025-11-27,30
R2297,2025-01-01,30
R2297,2025-01-31,30
R2297,2025-03-02,30
R2297,2025-04-01,30
R2297,2025-05-01,30
R2297,2025-07-08,30
R2297,2025-09-12,30
R2297,2025-10-12,30
R2297,2025-11-11,30
R2297,2025-12-11,30
R2298,2025-01-01,30
R2298,2025-01-31,30
R2298,2025-03-02,30
R2298,2025-04-01,30
R2298,2025-05-01,30
R2298,2025-05-31,30
R2298,2025-06-30,30
R2298,2025-07-30,30
R2298,2025-08-29,30
R2298,2025-09-28,30
R2298,2025-10-28,30
R2298,2025-11-27,30
R2298,2025-12-27,30
R2299,2025-01-01,30
R2299,2025-01-31,30
R2299,2025-03-02,30
R2299,2025-04-30,30
R2299,2025-05-30,30
R2299,2025-06-29,30
R2299,2025-07-29,30
R2299,2025-08-28,30
R2299,2025-09-27,30
R2299,2025-10-30,30
R2299,2025-11-29,30
R2299,2025-12-29,30
R2300,2025-01-01,30
R2300,2025-01-31,30
R2300,2025-03-02,30
R2300,2025-04-01,30
R2300,2025-05-01,30
R2300,2025-06-29,30
R2300,2025-07-29,30
R2300,2025-08-28,30
R2300,2025-09-27,30
R2300,2025-10-27,30
R2300,2025-11-26,30
R2301,2025-01-01,30
R2301,2025-03-03,30
R2301,2025-04-02,30
R2301,2025-05-20,30
R2301,2025-06-19,30
R2301,2025-07-19,30
R2301,2025-08-18,30
R2301,2025-10-27,30
R2301,2025-11-30,30
R2302,2025-01-01,30
R2302,2025-01-31,30
R2302,2025-03-02,30
R2302,2025-04-01,30
R2302,2025-05-01,30
R2302,2025-05-31,30
R2302,2025-06-30,30
R2302,2025-07-30,30
R2302,2025-08-29,30
R2302,2025-09-28,30
R2302,2025-10-28,30
R2302,2025-11-27,30
R2302,2025-12-27,30
R2303,2025-01-01,30
R2303,2025-01-31,30
R2303,2025-03-02,30
R2303,2025-04-01,30
R2303,2025-05-01,30
R2303,2025-05-31,30
R2303,2025-06-30,30
R2303,2025-07-30,30
R2303,2025-08-29,30
R2303,2025-09-28,30
R2303,2025-11-06,30
R2303,2025-12-06,30
R2304,2025-01-01,30
R2304,2025-01-31,30
R2304,2025-03-02,30
R2304,2025-04-01,30
R2304,2025-05-01,30
R2304,2025-05-31,30
R2304,2025-06-30,30
R2304,2025-09-12,30
R2304,2025-10-12,30
R2304,2025-11-26,30
R2304,2025-12-26,30
R2305,2025-01-01,30
R2305,2025-01-31,30
R2305,2025-03-14,30
R2305,2025-04-20,30
R2305,2025-05-20,30
R2305,2025-06-23,30
R2305,2025-09-01,30
R2305,2025-10-01,30
R2305,2025-10-31,30
R2305,2025-11-30,30
R2305,2025-12-30,30
R2306,2025-01-01,30
R2306,2025-01-31,30
R2306,2025-03-02,30
R2306,2025-04-01,30
R2306,2025-05-01,30
R2306,2025-06-09,30
R2306,2025-07-09,30
R2306,2025-08-08,30
R2306,2025-09-07,30
R2306,2025-10-07,30
R2306,2025-11-06,30
R2306,2025-12-06,30
R2307,2025-01-01,30
R2307,2025-01-31,30
R2307,2025-03-15,30
R2307,2025-04-14,30
R2307,2025-05-14,30
R2307,2025-06-13,30
R2307,2025-07-13,30
R2307,2025-08-12,30
R2307,2025-09-11,30
R2307,2025-10-18,30
R2307,2025-11-17,30
R2307,2025-12-17,30
R2308,2025-01-01,30
R2308,2025-01-31,30
R2308,2025-03-02,30
R2308,2025-04-13,30
R2308,2025-05-13,30
R2308,2025-06-12,30
R2308,2025-07-12,30
R2308,2025-08-11,30
R2308,2025-09-10,30
R2308,2025-10-10,30
R2308,2025-11-09,30
R2308,2025-12-09,30
R2309,2025-01-01,30
R2309,2025-01-31,30
R2309,2025-03-02,30
R2309,2025-04-01,30
R2309,2025-05-01,30
R2309,2025-06-10,30
R2309,2025-07-10,30
R2309,2025-08-09,30
R2309,2025-09-08,30
R2309,2025-10-25,30
R2309,2025-11-24,30
R2309,2025-12-24,30
R2310,2025-01-01,30
R2310,2025-02-06,30
R2310,2025-03-19,30
R2310,2025-04-18,30
R2310,2025-05-18,30
R2310,2025-08-12,30
R2310,2025-09-11,30
R2310,2025-10-11,30
R2310,2025-11-10,30
R2311,2025-01-01,30
R2311,2025-01-31,30
R2311,2025-03-16,30
R2311,2025-04-15,30
R2311,2025-05-15,30
R2311,2025-06-14,30
R2311,2025-07-14,30
R2311,2025-08-13,30
R2311,2025-09-12,30
R2311,2025-10-12,30
R2311,2025-11-20,30
R2311,2025-12-31,30
R2312,2025-01-01,30
R2312,2025-01-31,30
R2312,2025-03-02,30
R2312,2025-04-26,30
R2312,2025-05-26,30
R2312,2025-06-25,30
R2312,2025-07-25,30
R2312,2025-08-24,30
R2312,2025-09-23,30
R2312,2025-10-23,30
R2312,2025-11-22,30
R2312,2025-12-22,30
R2313,2025-01-01,30
R2313,2025-01-31,30
R2313,2025-03-15,30
R2313,2025-04-27,30
R2313,2025-05-27,30
R2313,2025-07-29,30
R2313,2025-08-28,30
R2313,2025-10-14,30
R2313,2025-11-13,30
R2314,2025-01-01,30
R2314,2025-01-31,30
R2314,2025-03-02,30
R2314,2025-04-01,30
R2314,2025-05-01,30
R2314,2025-05-31,30
R2314,2025-08-07,30
R2314,2025-09-06,30
R2314,2025-10-06,30
R2314,2025-11-05,30
R2314,2025-12-05,30
R2315,2025-01-01,30
R2315,2025-01-31,30
R2315,2025-03-02,30
R2315,2025-05-25,30
R2315,2025-06-24,30
R2315,2025-07-24,30
R2315,2025-08-23,30
R2315,2025-09-22,30
R2315,2025-10-22,30
R2315,2025-11-21,30
R2315,2025-12-21,30
R2316,2025-01-01,30
R2316,2025-01-31,30
R2316,2025-03-30,30
R2316,2025-06-23,30
R2316,2025-07-23,30
R2316,2025-10-20,30
R2316,2025-11-19,30
R2316,2025-12-19,30
R2317,2025-01-01,30
R2317,2025-03-01,30
R2317,2025-03-31,30
R2317,2025-04-30,30
R2317,2025-06-16,30
R2317,2025-07-16,30
R2317,2025-08-15,30
R2317,2025-09-14,30
R2317,2025-10-23,30
R2317,2025-12-31,30
R2318,2025-01-01,30
R2318,2025-01-31,30
R2318,2025-03-17,30
R2318,2025-04-16,30
R2318,2025-06-29,30
R2318,2025-07-29,30
R2318,2025-08-28,30
R2318,2025-09-27,30
R2318,2025-11-02,30
R2318,2025-12-02,30
R2319,2025-01-01,30
R2319,2025-01-31,30
R2319,2025-03-02,30
R2319,2025-04-01,30
R2319,2025-05-01,30
R2319,2025-06-07,30
R2319,2025-07-07,30
R2319,2025-08-06,30
R2319,2025-09-05,30
R2319,2025-10-05,30
R2319,2025-11-04,30
R2319,2025-12-04,30
R2320,2025-01-01,30
R2320,2025-01-31,30
R2320,2025-03-02,30
R2320,2025-04-03,30
R2320,2025-05-03,30
R2320,2025-06-02,30
R2320,2025-07-02,30
R2320,2025-08-01,30
R2320,2025-08-31,30
R2320,2025-09-30,30
R2320,2025-10-30,30
R2320,2025-11-29,30
R2321,2025-01-01,30
R2321,2025-01-31,30
R2321,2025-03-02,30
R2321,2025-04-01,30
R2321,2025-05-01,30
R2321,2025-05-31,30
R2321,2025-06-30,30
R2321,2025-07-30,30
R2321,2025-08-29,30
R2321,2025-09-28,30
R2321,2025-10-28,30
R2321,2025-11-27,30
R2321,2025-12-27,30
R2322,2025-01-01,30
R2322,2025-01-31,30
R2322,2025-03-02,30
R2322,2025-04-01,30
R2322,2025-05-01,30
R2322,2025-05-31,30
R2322,2025-06-30,30
R2322,2025-07-30,30
R2322,2025-08-29,30
R2322,2025-10-03,30
R2322,2025-11-02,30
R2323,2025-01-01,30
R2323,2025-01-31,30
R2323,2025-04-17,30
R2323,2025-05-17,30
R2323,2025-07-01,30
R2323,2025-08-19,30
R2323,2025-09-18,30
R2323,2025-10-18,30
R2323,2025-11-17,30
R2323,2025-12-17,30
R2324,2025-01-01,30
R2324,2025-01-31,30
R2324,2025-03-02,30
R2324,2025-04-01,30
R2324,2025-05-01,30
R2324,2025-05-31,30
R2324,2025-08-03,30
R2324,2025-09-02,30
R2324,2025-10-02,30
R2324,2025-11-01,30
R2324,2025-12-01,30
R2324,2025-12-31,30
R2325,2025-01-01,30
R2325,2025-01-31,30
R2325,2025-03-02,30
R2325,2025-05-16,30
R2325,2025-06-15,30
R2325,2025-07-15,30
R2325,2025-08-14,30
R2325,2025-09-13,30
R2325,2025-10-13,30
R2325,2025-11-18,30
R2325,2025-12-18,30
R2326,2025-01-01,30
R2326,2025-01-31,30
R2326,2025-03-24,30
R2326,2025-05-02,30
R2326,2025-06-15,30
R2326,2025-07-26,30
R2326,2025-09-25,30
R2326,2025-10-25,30
R2327,2025-01-01,30
R2327,2025-01-31,30
R2327,2025-03-02,30
R2327,2025-05-12,30
R2327,2025-06-22,30
R2327,2025-07-22,30
R2327,2025-09-01,30
R2327,2025-10-17,30
R2327,2025-12-26,30
R2328,2025-01-01,30
R2328,2025-01-31,30
R2328,2025-03-02,30
R2328,2025-04-15,30
R2328,2025-05-15,30
R2328,2025-06-14,30
R2328,2025-07-14,30
R2328,2025-08-13,30
R2328,2025-09-12,30
R2328,2025-10-12,30
R2328,2025-11-11,30
R2328,2025-12-11,30
R2329,2025-01-01,30
R2329,2025-01-31,30
R2329,2025-03-16,30
R2329,2025-04-15,30
R2329,2025-05-15,30
R2329,2025-06-24,30
R2329,2025-08-06,30
R2329,2025-09-23,30
R2329,2025-10-23,30
R2329,2025-11-22,30
R2329,2025-12-29,30
R2330,2025-01-01,30
R2330,2025-03-06,30
R2330,2025-04-05,30
R2330,2025-05-05,30
R2330,2025-06-04,30
R2330,2025-07-04,30
R2330,2025-08-03,30
R2330,2025-09-02,30
R2330,2025-10-02,30
R2330,2025-11-01,30
R2330,2025-12-01,30
R2330,2025-12-31,30
R2331,2025-01-01,30
R2331,2025-01-31,30
R2331,2025-03-02,30
R2331,2025-04-01,30
R2331,2025-05-01,30
R2331,2025-05-31,30
R2331,2025-06-30,30
R2331,2025-07-30,30
R2331,2025-08-29,30
R2331,2025-09-28,30
R2331,2025-10-28,30
R2331,2025-11-27,30
R2331,2025-12-27,30
R2332,2025-01-01,30
R2332,2025-01-31,30
R2332,2025-04-03,30
R2332,2025-05-03,30
R2332,2025-06-02,30
R2332,2025-07-02,30
R2332,2025-09-28,30
R2332,2025-10-28,30
R2332,2025-12-12,30
R2333,2025-01-01,30
R2333,2025-01-31,30
R2333,2025-03-08,30
R2333,2025-04-07,30
R2333,2025-05-07,30
R2333,2025-06-06,30
R2333,2025-07-06,30
R2333,2025-08-05,30
R2333,2025-09-04,30
R2333,2025-10-04,30
R2333,2025-11-03,30
R2333,2025-12-03,30
R2334,2025-01-01,30
R2334,2025-01-31,30
R2334,2025-03-02,30
R2334,2025-04-01,30
R2334,2025-05-01,30
R2334,2025-05-31,30
R2334,2025-06-30,30
R2334,2025-07-30,30
R2334,2025-08-29,30
R2334,2025-09-28,30
R2334,2025-10-28,30
R2334,2025-11-27,30
R2335,2025-01-01,30
R2335,2025-01-31,30
R2335,2025-03-02,30
R2335,2025-04-01,30
R2335,2025-05-01,30
R2335,2025-05-31,30
R2335,2025-06-30,30
R2335,2025-07-30,30
R2335,2025-08-29,30
R2335,2025-09-28,30
R2335,2025-10-28,30
R2335,2025-11-27,30
R2336,2025-01-01,30
R2336,2025-02-20,30
R2336,2025-03-22,30
R2336,2025-04-21,30
R2336,2025-05-21,30
R2336,2025-06-20,30
R2336,2025-08-21,30
R2336,2025-09-20,30
R2336,2025-10-20,30
R2336,2025-11-19,30
R2336,2025-12-19,30
R2337,2025-01-01,30
R2337,2025-01-31,30
R2337,2025-03-02,30
R2337,2025-04-17,30
R2337,2025-05-17,30
R2337,2025-06-16,30
R2337,2025-07-16,30
R2337,2025-08-15,30
R2337,2025-09-14,30
R2337,2025-10-14,30
R2337,2025-11-19,30
R2337,2025-12-19,30
R2338,2025-01-01,30
R2338,2025-03-01,30
R2338,2025-03-31,30
R2338,2025-04-30,30
R2338,2025-05-30,30
R2338,2025-07-30,30
R2338,2025-09-15,30
R2338,2025-10-30,30
R2338,2025-12-15,30
R2339,2025-01-01,30
R2339,2025-02-21,30
R2339,2025-03-23,30
R2339,2025-05-05,30
R2339,2025-06-04,30
R2339,2025-07-04,30
R2339,2025-08-03,30
R2339,2025-09-02,30
R2339,2025-10-02,30
R2339,2025-11-12,30
R2339,2025-12-12,30
R2340,2025-01-01,30
R2340,2025-01-31,30
R2340,2025-03-02,30
R2340,2025-05-01,30
R2340,2025-05-31,30
R2340,2025-06-30,30
R2340,2025-10-16,30
R2340,2025-11-15,30
R2340,2025-12-20,30
R2341,2025-01-01,30
R2341,2025-01-31,30
R2341,2025-03-02,30
R2341,2025-04-01,30
R2341,2025-05-01,30
R2341,2025-06-24,30
R2341,2025-07-24,30
R2341,2025-10-05,30
R2341,2025-11-04,30
R2341,2025-12-04,30
R2342,2025-01-01,30
R2342,2025-02-08,30
R2342,2025-03-10,30
R2342,2025-04-09,30
R2342,2025-05-09,30
R2342,2025-06-08,30
R2342,2025-07-19,30
R2342,2025-09-05,30
R2342,2025-10-05,30
R2342,2025-11-04,30
R2342,2025-12-04,30
R2343,2025-01-01,30
R2343,2025-01-31,30
R2343,2025-03-02,30
R2343,2025-04-01,30
R2343,2025-05-01,30
R2343,2025-05-31,30
R2343,2025-06-30,30
R2343,2025-07-30,30
R2343,2025-08-29,30
R2343,2025-09-28,30
R2343,2025-11-17,30
R2343,2025-12-17,30
R2344,2025-01-01,30
R2344,2025-01-31,30
R2344,2025-03-02,30
R2344,2025-04-01,30
R2344,2025-05-01,30
R2344,2025-05-31,30
R2344,2025-06-30,30
R2344,2025-07-30,30
R2344,2025-08-29,30
R2344,2025-10-12,30
R2344,2025-12-08,30
R2345,2025-01-01,30
R2345,2025-01-31,30
R2345,2025-03-02,30
R2345,2025-04-01,30
R2345,2025-05-01,30
R2345,2025-06-18,30
R2345,2025-07-18,30
R2345,2025-08-17,30
R2345,2025-09-16,30
R2345,2025-10-16,30
R2345,2025-11-15,30
R2345,2025-12-15,30
R2346,2025-01-01,30
R2346,2025-01-31,30
R2346,2025-03-02,30
R2346,2025-04-01,30
R2346,2025-05-01,30
R2346,2025-05-31,30
R2346,2025-06-30,30
R2346,2025-07-30,30
R2346,2025-09-08,30
R2346,2025-10-08,30
R2346,2025-11-07,30
R2346,2025-12-07,30
R2347,2025-01-01,30
R2347,2025-01-31,30
R2347,2025-03-02,30
R2347,2025-04-01,30
R2347,2025-05-01,30
R2347,2025-05-31,30
R2347,2025-07-09,30
R2347,2025-08-16,30
R2347,2025-09-15,30
R2347,2025-10-15,30
R2347,2025-12-16,30
R2348,2025-01-01,30
R2348,2025-02-10,30
R2348,2025-03-12,30
R2348,2025-04-25,30
R2348,2025-06-22,30
R2348,2025-08-10,30
R2348,2025-09-09,30
R2348,2025-10-09,30
R2348,2025-11-20,30
R2349,2025-01-01,30
R2349,2025-01-31,30
R2349,2025-03-02,30
R2349,2025-05-16,30
R2349,2025-06-15,30
R2349,2025-08-11,30
R2349,2025-09-10,30
R2349,2025-10-10,30
R2349,2025-11-17,30
R2350,2025-01-01,30
R2350,2025-02-11,30
R2350,2025-03-13,30
R2350,2025-04-12,30
R2350,2025-05-12,30
R2350,2025-06-11,30
R2350,2025-07-11,30
R2350,2025-08-10,30
R2350,2025-09-16,30
R2350,2025-11-02,30
R2350,2025-12-19,30
R2351,2025-01-01,30
R2351,2025-01-31,30
R2351,2025-03-02,30
R2351,2025-04-01,30
R2351,2025-05-01,30
R2351,2025-05-31,30
R2351,2025-06-30,30
R2351,2025-07-30,30
R2351,2025-09-03,30
R2351,2025-10-03,30
R2351,2025-11-07,30
R2351,2025-12-07,30
R2352,2025-01-01,30
R2352,2025-01-31,30
R2352,2025-03-12,30
R2352,2025-04-11,30
R2352,2025-05-11,30
R2352,2025-06-10,30
R2352,2025-08-15,30
R2352,2025-09-14,30
R2352,2025-10-30,30
R2352,2025-11-29,30
R2352,2025-12-29,30
R2353,2025-01-01,30
R2353,2025-01-31,30
R2353,2025-03-02,30
R2353,2025-04-01,30
R2353,2025-05-01,30
R2353,2025-05-31,30
R2353,2025-06-30,30
R2353,2025-07-30,30
R2353,2025-08-29,30
R2353,2025-09-28,30
R2353,2025-10-28,30
R2353,2025-11-27,30
R2353,2025-12-27,30
R2354,2025-01-01,30
R2354,2025-01-31,30
R2354,2025-03-02,30
R2354,2025-06-01,30
R2354,2025-07-01,30
R2354,2025-07-31,30
R2354,2025-08-30,30
R2354,2025-09-29,30
R2354,2025-10-29,30
R2354,2025-11-28,30
R2354,2025-12-28,30
R2355,2025-01-01,30
R2355,2025-01-31,30
R2355,2025-03-02,30
R2355,2025-05-05,30
R2355,2025-06-28,30
R2355,2025-07-28,30
R2355,2025-08-27,30
R2355,2025-09-26,30
R2355,2025-10-26,30
R2355,2025-11-25,30
R2356,2025-01-01,30
R2356,2025-02-18,30
R2356,2025-03-20,30
R2356,2025-05-06,30
R2356,2025-06-05,30
R2356,2025-09-30,30
R2356,2025-10-30,30
R2356,2025-11-29,30
R2356,2025-12-29,30
R2357,2025-01-01,30
R2357,2025-03-04,30
R2357,2025-04-03,30
R2357,2025-05-07,30
R2357,2025-06-06,30
R2357,2025-07-19,30
R2357,2025-08-18,30
R2357,2025-10-03,30
R2357,2025-11-02,30
R2357,2025-12-02,30
R2358,2025-01-01,30
R2358,2025-02-06,30
R2358,2025-03-08,30
R2358,2025-04-07,30
R2358,2025-05-07,30
R2358,2025-06-12,30
R2358,2025-07-12,30
R2358,2025-08-11,30
R2358,2025-09-29,30
R2358,2025-10-29,30
R2358,2025-11-28,30
R2358,2025-12-28,30
R2359,2025-01-01,30
R2359,2025-01-31,30
R2359,2025-03-02,30
R2359,2025-04-01,30
R2359,2025-05-25,30
R2359,2025-06-24,30
R2359,2025-07-24,30
R2359,2025-08-23,30
R2359,2025-09-22,30
R2359,2025-10-22,30
R2359,2025-11-21,30
R2359,2025-12-21,30
R2360,2025-01-01,30
R2360,2025-01-31,30
R2360,2025-03-09,30
R2360,2025-04-08,30
R2360,2025-05-31,30
R2360,2025-06-30,30
R2360,2025-07-30,30
R2360,2025-08-29,30
R2360,2025-09-28,30
R2360,2025-10-28,30
R2360,2025-11-27,30
R2360,2025-12-27,30
R2361,2025-01-01,30
R2361,2025-01-31,30
R2361,2025-03-02,30
R2361,2025-04-01,30
R2361,2025-05-01,30
R2361,2025-07-03,30
R2361,2025-08-02,30
R2361,2025-09-01,30
R2361,2025-10-07,30
R2361,2025-11-06,30
R2361,2025-12-06,30
R2362,2025-01-01,30
R2362,2025-01-31,30
R2362,2025-03-02,30
R2362,2025-04-12,30
R2362,2025-05-12,30
R2362,2025-06-11,30
R2362,2025-07-11,30
R2362,2025-08-10,30
R2362,2025-09-09,30
R2362,2025-10-09,30
R2362,2025-11-08,30
R2362,2025-12-17,30
R2363,2025-01-01,30
R2363,2025-01-31,30
R2363,2025-03-02,30
R2363,2025-04-01,30
R2363,2025-05-04,30
R2363,2025-06-03,30
R2363,2025-07-03,30
R2363,2025-08-02,30
R2363,2025-09-01,30
R2363,2025-11-11,30
R2363,2025-12-11,30
R2364,2025-01-01,30
R2364,2025-01-31,30
R2364,2025-03-03,30
R2364,2025-04-02,30
R2364,2025-05-02,30
R2364,2025-06-01,30
R2364,2025-07-01,30
R2364,2025-07-31,30
R2364,2025-08-30,30
R2364,2025-09-29,30
R2364,2025-10-29,30
R2364,2025-11-28,30
R2364,2025-12-28,30
R2365,2025-01-01,30
R2365,2025-01-31,30
R2365,2025-03-02,30
R2365,2025-04-01,30
R2365,2025-05-01,30
R2365,2025-05-31,30
R2365,2025-06-30,30
R2365,2025-07-30,30
R2365,2025-08-29,30
R2365,2025-09-28,30
R2365,2025-10-28,30
R2365,2025-11-27,30
R2365,2025-12-27,30
R2366,2025-01-01,30
R2366,2025-01-31,30
R2366,2025-03-02,30
R2366,2025-04-01,30
R2366,2025-05-01,30
R2366,2025-06-23,30
R2366,2025-07-23,30
R2366,2025-08-22,30
R2366,2025-09-21,30
R2366,2025-10-21,30
R2366,2025-12-03,30
R2367,2025-01-01,30
R2367,2025-01-31,30
R2367,2025-03-02,30
R2367,2025-04-01,30
R2367,2025-05-21,30
R2367,2025-06-20,30
R2367,2025-08-08,30
R2367,2025-10-06,30
R2367,2025-11-05,30
R2367,2025-12-21,30
R2368,2025-01-01,30
R2368,2025-01-31,30
R2368,2025-03-02,30
R2368,2025-04-01,30
R2368,2025-05-01,30
R2368,2025-05-31,30
R2368,2025-06-30,30
R2368,2025-07-30,30
R2368,2025-08-29,30
R2368,2025-10-29,30
R2368,2025-11-28,30
R2368,2025-12-28,30
R2369,2025-01-01,30
R2369,2025-02-12,30
R2369,2025-03-14,30
R2369,2025-05-31,30
R2369,2025-07-15,30
R2369,2025-08-14,30
R2369,2025-10-09,30
R2369,2025-11-23,30
R2370,2025-01-01,30
R2370,2025-01-31,30
R2370,2025-03-02,30
R2370,2025-04-01,30
R2370,2025-05-05,30
R2370,2025-06-04,30
R2370,2025-07-04,30
R2370,2025-08-03,30
R2370,2025-09-02,30
R2370,2025-10-02,30
R2370,2025-11-01,30
R2370,2025-12-01,30
R2370,2025-12-31,30
R2371,2025-01-01,30
R2371,2025-01-31,30
R2371,2025-04-04,30
R2371,2025-05-04,30
R2371,2025-07-01,30
R2371,2025-09-10,30
R2371,2025-10-10,30
R2371,2025-11-09,30
R2371,2025-12-09,30
R2372,2025-01-01,30
R2372,2025-01-31,30
R2372,2025-03-02,30
R2372,2025-04-01,30
R2372,2025-05-01,30
R2372,2025-05-31,30
R2372,2025-08-16,30
R2372,2025-09-24,30
R2372,2025-12-21,30
R2373,2025-01-01,30
R2373,2025-01-31,30
R2373,2025-03-02,30
R2373,2025-04-01,30
R2373,2025-05-01,30
R2373,2025-05-31,30
R2373,2025-06-30,30
R2373,2025-07-30,30
R2373,2025-08-29,30
R2373,2025-09-28,30
R2373,2025-11-20,30
R2373,2025-12-20,30
R2374,2025-01-01,30
R2374,2025-02-02,30
R2374,2025-03-17,30
R2374,2025-04-16,30
R2374,2025-05-30,30
R2374,2025-06-29,30
R2374,2025-08-06,30
R2374,2025-09-05,30
R2374,2025-10-20,30
R2374,2025-11-19,30
R2374,2025-12-19,30
R2375,2025-01-01,30
R2375,2025-01-31,30
R2375,2025-03-02,30
R2375,2025-06-20,30
R2375,2025-08-09,30
R2375,2025-11-01,30
R2376,2025-01-01,30
R2376,2025-01-31,30
R2376,2025-03-02,30
R2376,2025-04-01,30
R2376,2025-05-01,30
R2376,2025-05-31,30
R2376,2025-06-30,30
R2376,2025-07-30,30
R2376,2025-08-29,30
R2376,2025-09-28,30
R2376,2025-10-28,30
R2376,2025-11-27,30
R2376,2025-12-27,30
R2377,2025-01-01,30
R2377,2025-04-15,30
R2377,2025-05-15,30
R2377,2025-06-14,30
R2377,2025-07-25,30
R2377,2025-08-24,30
R2377,2025-09-23,30
R2377,2025-10-23,30
R2377,2025-11-22,30
R2377,2025-12-22,30
R2378,2025-01-01,30
R2378,2025-01-31,30
R2378,2025-03-02,30
R2378,2025-04-01,30
R2378,2025-05-01,30
R2378,2025-05-31,30
R2378,2025-06-30,30
R2378,2025-07-30,30
R2378,2025-08-29,30
R2378,2025-09-28,30
R2378,2025-10-28,30
R2378,2025-11-27,30
R2378,2025-12-27,30
R2379,2025-01-01,30
R2379,2025-03-07,30
R2379,2025-04-06,30
R2379,2025-05-26,30
R2379,2025-06-25,30
R2379,2025-07-25,30
R2379,2025-08-24,30
R2379,2025-10-07,30
R2379,2025-11-06,30
R2379,2025-12-06,30
R2380,2025-01-01,30
R2380,2025-01-31,30
R2380,2025-03-02,30
R2380,2025-04-01,30
R2380,2025-05-01,30
R2380,2025-05-31,30
R2380,2025-06-30,30
R2380,2025-07-30,30
R2380,2025-09-27,30
R2380,2025-10-27,30
R2380,2025-12-24,30
R2381,2025-01-01,30
R2381,2025-01-31,30
R2381,2025-03-02,30
R2381,2025-04-01,30
R2381,2025-05-01,30
R2381,2025-05-31,30
R2381,2025-06-30,30
R2381,2025-07-30,30
R2381,2025-10-05,30
R2381,2025-12-16,30
R2382,2025-01-01,30
R2382,2025-03-14,30
R2382,2025-04-13,30
R2382,2025-06-21,30
R2382,2025-07-21,30
R2382,2025-08-20,30
R2382,2025-09-19,30
R2382,2025-10-19,30
R2382,2025-12-11,30
R2383,2025-01-01,30
R2383,2025-01-31,30
R2383,2025-03-20,30
R2383,2025-04-25,30
R2383,2025-06-26,30
R2383,2025-07-26,30
R2383,2025-08-25,30
R2383,2025-10-18,30
R2383,2025-11-17,30
R2383,2025-12-17,30
R2384,2025-01-01,30
R2384,2025-02-07,30
R2384,2025-04-25,30
R2384,2025-05-25,30
R2384,2025-06-24,30
R2384,2025-07-24,30
R2384,2025-08-23,30
R2384,2025-09-22,30
R2384,2025-10-22,30
R2384,2025-11-21,30
R2385,2025-01-01,30
R2385,2025-01-31,30
R2385,2025-03-02,30
R2385,2025-04-01,30
R2385,2025-05-01,30
R2385,2025-05-31,30
R2385,2025-07-08,30
R2385,2025-08-07,30
R2385,2025-09-06,30
R2385,2025-11-06,30
R2385,2025-12-06,30
R2386,2025-01-01,30
R2386,2025-01-31,30
R2386,2025-03-02,30
R2386,2025-05-10,30
R2386,2025-06-09,30
R2386,2025-08-01,30
R2386,2025-08-31,30
R2386,2025-10-24,30
R2386,2025-11-23,30
R2387,2025-01-01,30
R2387,2025-02-27,30
R2387,2025-05-13,30
R2387,2025-06-12,30
R2387,2025-07-12,30
R2387,2025-08-11,30
R2387,2025-09-18,30
R2387,2025-10-18,30
R2387,2025-11-17,30
R2388,2025-01-01,30
R2388,2025-02-15,30
R2388,2025-04-04,30
R2388,2025-06-09,30
R2388,2025-07-09,30
R2388,2025-08-31,30
R2388,2025-11-08,30
R2388,2025-12-08,30
R2389,2025-01-01,30
R2389,2025-01-31,30
R2389,2025-03-26,30
R2389,2025-05-16,30
R2389,2025-06-15,30
R2389,2025-07-15,30
R2389,2025-08-14,30
R2389,2025-09-13,30
R2389,2025-10-18,30
R2389,2025-12-02,30
R2390,2025-01-01,30
R2390,2025-01-31,30
R2390,2025-03-02,30
R2390,2025-04-01,30
R2390,2025-05-01,30
R2390,2025-05-31,30
R2390,2025-06-30,30
R2390,2025-07-30,30
R2390,2025-08-29,30
R2390,2025-09-28,30
R2390,2025-12-28,30
R2391,2025-01-01,30
R2391,2025-01-31,30
R2391,2025-03-02,30
R2391,2025-04-01,30
R2391,2025-05-01,30
R2391,2025-07-10,30
R2391,2025-08-09,30
R2391,2025-09-08,30
R2391,2025-10-08,30
R2391,2025-11-07,30
R2391,2025-12-07,30
R2392,2025-01-01,30
R2392,2025-02-11,30
R2392,2025-04-18,30
R2392,2025-05-18,30
R2392,2025-08-06,30
R2392,2025-09-29,30
R2392,2025-11-16,30
R2393,2025-01-01,30
R2393,2025-02-05,30
R2393,2025-03-21,30
R2393,2025-04-20,30
R2393,2025-07-14,30
R2393,2025-08-13,30
R2393,2025-09-12,30
R2393,2025-11-15,30
R2393,2025-12-15,30
R2394,2025-01-01,30
R2394,2025-01-31,30
R2394,2025-03-02,30
R2394,2025-04-01,30
R2394,2025-05-01,30
R2394,2025-05-31,30
R2394,2025-06-30,30
R2394,2025-07-30,30
R2394,2025-08-29,30
R2394,2025-09-28,30
R2394,2025-10-28,30
R2394,2025-11-27,30
R2394,2025-12-27,30
R2395,2025-01-01,30
R2395,2025-01-31,30
R2395,2025-03-02,30
R2395,2025-04-01,30
R2395,2025-05-01,30
R2395,2025-05-31,30
R2395,2025-06-30,30
R2395,2025-07-30,30
R2395,2025-08-29,30
R2395,2025-09-28,30
R2395,2025-10-28,30
R2395,2025-11-27,30
R2395,2025-12-27,30
R2396,2025-01-01,30
R2396,2025-01-31,30
R2396,2025-03-02,30
R2396,2025-04-01,30
R2396,2025-05-27,30
R2396,2025-06-26,30
R2396,2025-08-08,30
R2396,2025-09-07,30
R2396,2025-10-28,30
R2396,2025-11-27,30
R2396,2025-12-27,30
R2397,2025-01-01,30
R2397,2025-01-31,30
R2397,2025-03-02,30
R2397,2025-04-16,30
R2397,2025-06-02,30
R2397,2025-07-02,30
R2397,2025-09-02,30
R2397,2025-10-11,30
R2397,2025-11-10,30
R2398,2025-01-01,30
R2398,2025-01-31,30
R2398,2025-03-25,30
R2398,2025-04-30,30
R2398,2025-06-26,30
R2398,2025-07-26,30
R2398,2025-08-25,30
R2398,2025-09-24,30
R2398,2025-10-24,30
R2399,2025-01-01,30
R2399,2025-01-31,30
R2399,2025-03-02,30
R2399,2025-04-01,30
R2399,2025-05-01,30
R2399,2025-05-31,30
R2399,2025-06-30,30
R2399,2025-07-30,30
R2399,2025-08-29,30
R2399,2025-09-28,30
R2399,2025-10-28,30
R2400,2025-01-01,30
R2400,2025-01-31,30
R2400,2025-03-02,30
R2400,2025-04-01,30
R2400,2025-05-01,30
R2400,2025-05-31,30
R2400,2025-06-30,30
R2400,2025-07-30,30
R2400,2025-08-29,30
R2400,2025-10-09,30
R2400,2025-11-08,30
R2400,2025-12-08,30
R2401,2025-01-01,30
R2401,2025-01-31,30
R2401,2025-03-02,30
R2401,2025-04-01,30
R2401,2025-05-01,30
R2401,2025-05-31,30
R2401,2025-07-05,30
R2401,2025-08-04,30
R2401,2025-09-03,30
R2401,2025-10-14,30
R2401,2025-11-13,30
R2401,2025-12-13,30
R2402,2025-01-01,30
R2402,2025-01-31,30
R2402,2025-03-02,30
R2402,2025-04-01,30
R2402,2025-05-09,30
R2402,2025-06-08,30
R2402,2025-07-08,30
R2402,2025-08-20,30
R2402,2025-10-06,30
R2402,2025-11-05,30
R2402,2025-12-05,30
R2403,2025-01-01,30
R2403,2025-02-14,30
R2403,2025-03-16,30
R2403,2025-04-15,30
R2403,2025-05-15,30
R2403,2025-06-14,30
R2403,2025-07-14,30
R2403,2025-08-13,30
R2403,2025-09-12,30
R2403,2025-10-12,30
R2403,2025-11-11,30
R2403,2025-12-11,30
R2404,2025-01-01,30
R2404,2025-01-31,30
R2404,2025-03-02,30
R2404,2025-04-01,30
R2404,2025-05-01,30
R2404,2025-05-31,30
R2404,2025-06-30,30
R2404,2025-07-30,30
R2404,2025-08-29,30
R2404,2025-10-06,30
R2404,2025-11-05,30
R2404,2025-12-05,30
R2405,2025-01-01,30
R2405,2025-01-31,30
R2405,2025-03-02,30
R2405,2025-04-19,30
R2405,2025-05-19,30
R2405,2025-06-18,30
R2405,2025-07-18,30
R2405,2025-09-16,30
R2405,2025-10-16,30
R2405,2025-12-06,30
R2406,2025-01-01,30
R2406,2025-01-31,30
R2406,2025-03-19,30
R2406,2025-04-18,30
R2406,2025-05-18,30
R2406,2025-06-17,30
R2406,2025-07-17,30
R2406,2025-08-16,30
R2406,2025-10-10,30
R2406,2025-11-09,30
R2406,2025-12-09,30
R2407,2025-01-01,30
R2407,2025-01-31,30
R2407,2025-03-02,30
R2407,2025-04-01,30
R2407,2025-05-01,30
R2407,2025-05-31,30
R2407,2025-06-30,30
R2407,2025-07-30,30
R2407,2025-08-29,30
R2407,2025-09-28,30
R2407,2025-10-28,30
R2407,2025-11-27,30
R2407,2025-12-27,30
R2408,2025-01-01,30
R2408,2025-01-31,30
R2408,2025-03-02,30
R2408,2025-04-11,30
R2408,2025-05-21,30
R2408,2025-06-27,30
R2408,2025-07-27,30
R2408,2025-09-04,30
R2408,2025-10-04,30
R2408,2025-11-08,30
R2409,2025-01-01,30
R2409,2025-01-31,30
R2409,2025-03-02,30
R2409,2025-04-01,30
R2409,2025-05-01,30
R2409,2025-05-31,30
R2409,2025-06-30,30
R2409,2025-08-15,30
R2409,2025-09-14,30
R2409,2025-10-22,30
R2409,2025-11-21,30
R2409,2025-12-21,30
R2410,2025-01-01,30
R2410,2025-01-31,30
R2410,2025-03-02,30
R2410,2025-05-13,30
R2410,2025-06-12,30
R2410,2025-07-12,30
R2410,2025-08-11,30
R2410,2025-09-10,30
R2410,2025-10-10,30
R2410,2025-11-09,30
R2410,2025-12-09,30
R2411,2025-01-01,30
R2411,2025-01-31,30
R2411,2025-03-02,30
R2411,2025-04-01,30
R2411,2025-05-01,30
R2411,2025-05-31,30
R2411,2025-08-03,30
R2411,2025-09-02,30
R2411,2025-10-02,30
R2411,2025-11-01,30
R2411,2025-12-01,30
R2412,2025-01-01,30
R2412,2025-01-31,30
R2412,2025-03-22,30
R2412,2025-05-19,30
R2412,2025-06-18,30
R2412,2025-07-18,30
R2412,2025-08-22,30
R2412,2025-10-14,30
R2412,2025-11-13,30
R2412,2025-12-13,30
R2413,2025-01-01,30
R2413,2025-01-31,30
R2413,2025-03-02,30
R2413,2025-04-10,30
R2413,2025-05-10,30
R2413,2025-06-17,30
R2413,2025-07-17,30
R2413,2025-11-11,30
R2414,2025-01-01,30
R2414,2025-01-31,30
R2414,2025-03-02,30
R2414,2025-04-01,30
R2414,2025-05-29,30
R2414,2025-06-28,30
R2414,2025-07-28,30
R2414,2025-08-27,30
R2414,2025-10-27,30
R2414,2025-12-21,30
R2415,2025-01-01,30
R2415,2025-01-31,30
R2415,2025-03-15,30
R2415,2025-04-14,30
R2415,2025-05-14,30
R2415,2025-06-13,30
R2415,2025-07-13,30
R2415,2025-08-26,30
R2415,2025-12-14,30
R2416,2025-01-01,30
R2416,2025-01-31,30
R2416,2025-04-09,30
R2416,2025-05-09,30
R2416,2025-07-14,30
R2416,2025-08-13,30
R2416,2025-09-12,30
R2416,2025-10-12,30
R2417,2025-01-01,30
R2417,2025-02-23,30
R2417,2025-03-25,30
R2417,2025-04-24,30
R2417,2025-05-24,30
R2417,2025-06-23,30
R2417,2025-07-23,30
R2417,2025-08-22,30
R2417,2025-09-21,30
R2417,2025-10-21,30
R2417,2025-11-20,30
R2417,2025-12-20,30
R2418,2025-01-01,30
R2418,2025-01-31,30
R2418,2025-03-02,30
R2418,2025-04-01,30
R2418,2025-05-01,30
R2418,2025-05-31,30
R2418,2025-06-30,30
R2418,2025-07-30,30
R2418,2025-08-29,30
R2418,2025-10-09,30
R2418,2025-11-08,30
R2418,2025-12-08,30
R2419,2025-01-01,30
R2419,2025-01-31,30
R2419,2025-03-28,30
R2419,2025-04-27,30
R2419,2025-05-27,30
R2419,2025-06-26,30
R2419,2025-07-26,30
R2419,2025-08-25,30
R2419,2025-09-24,30
R2419,2025-10-24,30
R2419,2025-11-23,30
R2419,2025-12-23,30
R2420,2025-01-01,30
R2420,2025-02-08,30
R2420,2025-03-10,30
R2420,2025-04-09,30
R2420,2025-05-09,30
R2420,2025-06-08,30
R2420,2025-07-08,30
R2420,2025-08-07,30
R2420,2025-09-20,30
R2420,2025-10-20,30
R2420,2025-11-19,30
R2420,2025-12-19,30
R2421,2025-01-01,30
R2421,2025-02-16,30
R2421,2025-04-07,30
R2421,2025-05-11,30
R2421,2025-06-19,30
R2421,2025-07-19,30
R2421,2025-08-18,30
R2421,2025-09-17,30
R2421,2025-10-17,30
R2421,2025-12-12,30
R2422,2025-01-01,30
R2422,2025-02-15,30
R2422,2025-03-17,30
R2422,2025-04-16,30
R2422,2025-05-16,30
R2422,2025-06-15,30
R2422,2025-07-27,30
R2422,2025-08-26,30
R2422,2025-09-25,30
R2422,2025-10-25,30
R2422,2025-12-17,30
R2423,2025-01-01,30
R2423,2025-01-31,30
R2423,2025-03-02,30
R2423,2025-04-01,30
R2423,2025-05-06,30
R2423,2025-06-05,30
R2423,2025-08-22,30
R2423,2025-09-21,30
R2423,2025-10-21,30
R2423,2025-11-28,30
R2423,2025-12-28,30
R2424,2025-01-01,30
R2424,2025-01-31,30
R2424,2025-03-02,30
R2424,2025-04-01,30
R2424,2025-05-01,30
R2424,2025-05-31,30
R2424,2025-06-30,30
R2424,2025-07-30,30
R2424,2025-11-02,30
R2424,2025-12-02,30
R2425,2025-01-01,30
R2425,2025-01-31,30
R2425,2025-03-02,30
R2425,2025-04-01,30
R2425,2025-05-18,30
R2425,2025-06-17,30
R2425,2025-07-17,30
R2425,2025-08-16,30
R2425,2025-09-15,30
R2425,2025-10-15,30
R2425,2025-11-14,30
R2425,2025-12-14,30
R2426,2025-01-01,30
R2426,2025-02-28,30
R2426,2025-03-30,30
R2426,2025-04-29,30
R2426,2025-06-12,30
R2426,2025-07-12,30
R2426,2025-08-11,30
R2426,2025-09-10,30
R2426,2025-11-12,30
R2426,2025-12-12,30
R2427,2025-01-01,30
R2427,2025-03-02,30
R2427,2025-05-10,30
R2427,2025-06-09,30
R2427,2025-07-17,30
R2427,2025-08-16,30
R2427,2025-09-15,30
R2427,2025-10-15,30
R2427,2025-11-14,30
R2427,2025-12-14,30
R2428,2025-01-01,30
R2428,2025-01-31,30
R2428,2025-03-02,30
R2428,2025-04-01,30
R2428,2025-05-04,30
R2428,2025-06-03,30
R2428,2025-07-03,30
R2428,2025-08-02,30
R2428,2025-09-01,30
R2428,2025-11-25,30
R2428,2025-12-25,30
R2429,2025-01-01,30
R2429,2025-01-31,30
R2429,2025-03-02,30
R2429,2025-04-01,30
R2429,2025-05-01,30
R2429,2025-05-31,30
R2429,2025-06-30,30
R2429,2025-07-30,30
R2429,2025-08-29,30
R2429,2025-09-28,30
R2429,2025-10-28,30
R2429,2025-11-27,30
R2429,2025-12-27,30
R2430,2025-01-01,30
R2430,2025-01-31,30
R2430,2025-03-02,30
R2430,2025-04-01,30
R2430,2025-05-01,30
R2430,2025-07-08,30
R2430,2025-08-07,30
R2430,2025-09-06,30
R2430,2025-10-06,30
R2430,2025-11-10,30
R2430,2025-12-10,30
R2431,2025-01-01,30
R2431,2025-01-31,30
R2431,2025-04-10,30
R2431,2025-05-10,30
R2431,2025-09-13,30
R2431,2025-10-13,30
R2431,2025-11-12,30
R2431,2025-12-12,30
R2432,2025-01-01,30
R2432,2025-01-31,30
R2432,2025-03-29,30
R2432,2025-04-28,30
R2432,2025-05-28,30
R2432,2025-07-16,30
R2432,2025-08-15,30
R2432,2025-09-14,30
R2432,2025-10-14,30
R2432,2025-12-04,30
R2433,2025-01-01,30
R2433,2025-01-31,30
R2433,2025-03-02,30
R2433,2025-04-01,30
R2433,2025-05-01,30
R2433,2025-05-31,30
R2433,2025-06-30,30
R2433,2025-08-16,30
R2433,2025-09-15,30
R2433,2025-10-15,30
R2433,2025-12-20,30
R2434,2025-01-01,30
R2434,2025-01-31,30
R2434,2025-03-02,30
R2434,2025-04-01,30
R2434,2025-05-26,30
R2434,2025-06-25,30
R2434,2025-07-25,30
R2434,2025-10-12,30
R2434,2025-11-11,30
R2434,2025-12-11,30
R2435,2025-01-01,30
R2435,2025-01-31,30
R2435,2025-03-02,30
R2435,2025-04-01,30
R2435,2025-05-01,30
R2435,2025-05-31,30
R2435,2025-06-30,30
R2435,2025-07-30,30
R2435,2025-08-29,30
R2435,2025-09-28,30
R2435,2025-10-28,30
R2435,2025-11-27,30
R2435,2025-12-27,30
R2436,2025-01-01,30
R2436,2025-01-31,30
R2436,2025-03-02,30
R2436,2025-04-04,30
R2436,2025-05-22,30
R2436,2025-06-21,30
R2436,2025-07-21,30
R2436,2025-08-20,30
R2436,2025-09-19,30
R2436,2025-10-23,30
R2436,2025-12-14,30
R2437,2025-01-01,30
R2437,2025-02-23,30
R2437,2025-03-25,30
R2437,2025-05-01,30
R2437,2025-05-31,30
R2437,2025-06-30,30
R2437,2025-07-30,30
R2437,2025-09-06,30
R2437,2025-11-29,30
R2437,2025-12-29,30
R2438,2025-01-01,30
R2438,2025-02-20,30
R2438,2025-03-22,30
R2438,2025-04-21,30
R2438,2025-05-21,30
R2438,2025-06-20,30
R2438,2025-07-20,30
R2438,2025-08-19,30
R2438,2025-09-18,30
R2438,2025-10-18,30
R2438,2025-11-17,30
R2438,2025-12-17,30
R2439,2025-01-01,30
R2439,2025-01-31,30
R2439,2025-03-02,30
R2439,2025-04-01,30
R2439,2025-05-01,30
R2439,2025-05-31,30
R2439,2025-06-30,30
R2439,2025-07-30,30
R2439,2025-09-20,30
R2439,2025-10-20,30
R2439,2025-11-19,30
R2440,2025-01-01,30
R2440,2025-01-31,30
R2440,2025-03-02,30
R2440,2025-04-20,30
R2440,2025-05-20,30
R2440,2025-06-19,30
R2440,2025-07-19,30
R2440,2025-08-18,30
R2440,2025-09-17,30
R2440,2025-12-11,30
R2441,2025-01-01,30
R2441,2025-03-05,30
R2441,2025-04-04,30
R2441,2025-05-04,30
R2441,2025-06-03,30
R2441,2025-07-03,30
R2441,2025-08-02,30
R2441,2025-09-01,30
R2441,2025-10-01,30
R2441,2025-10-31,30
R2441,2025-11-30,30
R2441,2025-12-30,30
R2442,2025-01-01,30
R2442,2025-02-17,30
R2442,2025-04-02,30
R2442,2025-05-02,30
R2442,2025-06-01,30
R2442,2025-08-08,30
R2442,2025-09-27,30
R2442,2025-12-09,30
R2443,2025-01-01,30
R2443,2025-01-31,30
R2443,2025-03-02,30
R2443,2025-04-01,30
R2443,2025-05-01,30
R2443,2025-05-31,30
R2443,2025-06-30,30
R2443,2025-07-30,30
R2443,2025-08-29,30
R2443,2025-09-28,30
R2443,2025-10-28,30
R2443,2025-11-27,30
R2443,2025-12-27,30
R2444,2025-01-01,30
R2444,2025-01-31,30
R2444,2025-03-02,30
R2444,2025-04-01,30
R2444,2025-05-01,30
R2444,2025-05-31,30
R2444,2025-06-30,30
R2444,2025-07-30,30
R2444,2025-08-29,30
R2444,2025-09-28,30
R2444,2025-10-28,30
R2444,2025-11-27,30
R2444,2025-12-27,30
R2445,2025-01-01,30
R2445,2025-02-12,30
R2445,2025-03-14,30
R2445,2025-04-13,30
R2445,2025-05-19,30
R2445,2025-06-18,30
R2445,2025-08-27,30
R2445,2025-09-26,30
R2445,2025-11-05,30
R2445,2025-12-15,30
R2446,2025-01-01,30
R2446,2025-01-31,30
R2446,2025-03-02,30
R2446,2025-04-11,30
R2446,2025-06-03,30
R2446,2025-07-03,30
R2446,2025-08-02,30
R2446,2025-09-01,30
R2446,2025-10-01,30
R2446,2025-10-31,30
R2446,2025-11-30,30
R2447,2025-01-01,30
R2447,2025-01-31,30
R2447,2025-03-10,30
R2447,2025-04-09,30
R2447,2025-05-09,30
R2447,2025-07-10,30
R2447,2025-08-31,30
R2447,2025-10-13,30
R2447,2025-12-01,30
R2447,2025-12-31,30
R2448,2025-01-01,30
R2448,2025-01-31,30
R2448,2025-03-02,30
R2448,2025-04-01,30
R2448,2025-05-01,30
R2448,2025-05-31,30
R2448,2025-06-30,30
R2448,2025-09-09,30
R2448,2025-10-09,30
R2448,2025-11-08,30
R2448,2025-12-08,30
R2449,2025-01-01,30
R2449,2025-01-31,30
R2449,2025-03-02,30
R2449,2025-04-01,30
R2449,2025-05-01,30
R2449,2025-05-31,30
R2449,2025-06-30,30
R2449,2025-07-30,30
R2449,2025-08-29,30
R2449,2025-09-28,30
R2449,2025-10-28,30
R2449,2025-11-27,30
R2449,2025-12-27,30
R2450,2025-01-01,30
R2450,2025-01-31,30
R2450,2025-03-28,30
R2450,2025-05-12,30
R2450,2025-06-11,30
R2450,2025-08-11,30
R2450,2025-09-10,30
R2450,2025-10-10,30
R2450,2025-11-09,30
R2450,2025-12-09,30
R2451,2025-01-01,30
R2451,2025-01-31,30
R2451,2025-03-02,30
R2451,2025-04-01,30
R2451,2025-05-01,30
R2451,2025-06-27,30
R2451,2025-07-27,30
R2451,2025-08-26,30
R2451,2025-09-25,30
R2451,2025-10-25,30
R2451,2025-11-24,30
R2451,2025-12-24,30
R2452,2025-01-01,30
R2452,2025-01-31,30
R2452,2025-03-02,30
R2452,2025-04-01,30
R2452,2025-05-01,30
R2452,2025-05-31,30
R2452,2025-07-09,30
R2452,2025-08-08,30
R2452,2025-09-16,30
R2452,2025-11-05,30
R2452,2025-12-13,30
R2453,2025-01-01,30
R2453,2025-01-31,30
R2453,2025-03-02,30
R2453,2025-04-01,30
R2453,2025-05-12,30
R2453,2025-07-09,30
R2453,2025-08-08,30
R2453,2025-09-07,30
R2453,2025-10-07,30
R2453,2025-11-06,30
R2453,2025-12-06,30
R2454,2025-01-01,30
R2454,2025-01-31,30
R2454,2025-03-02,30
R2454,2025-04-01,30
R2454,2025-05-01,30
R2454,2025-05-31,30
R2454,2025-06-30,30
R2454,2025-07-30,30
R2454,2025-08-29,30
R2454,2025-09-28,30
R2454,2025-12-10,30
R2455,2025-01-01,30
R2455,2025-01-31,30
R2455,2025-03-02,30
R2455,2025-04-01,30
R2455,2025-05-01,30
R2455,2025-05-31,30
R2455,2025-07-11,30
R2455,2025-08-10,30
R2455,2025-09-09,30
R2455,2025-10-09,30
R2455,2025-11-08,30
R2455,2025-12-08,30
R2456,2025-01-01,30
R2456,2025-01-31,30
R2456,2025-03-02,30
R2456,2025-04-01,30
R2456,2025-05-01,30
R2456,2025-05-31,30
R2456,2025-06-30,30
R2456,2025-07-30,30
R2456,2025-08-29,30
R2456,2025-09-28,30
R2456,2025-10-28,30
R2456,2025-11-27,30
R2456,2025-12-27,30
R2457,2025-01-01,30
R2457,2025-01-31,30
R2457,2025-03-02,30
R2457,2025-04-01,30
R2457,2025-05-01,30
R2457,2025-05-31,30
R2457,2025-07-20,30
R2457,2025-08-27,30
R2457,2025-09-26,30
R2457,2025-11-03,30
R2457,2025-12-28,30
R2458,2025-01-01,30
R2458,2025-01-31,30
R2458,2025-03-25,30
R2458,2025-04-24,30
R2458,2025-05-24,30
R2458,2025-06-23,30
R2458,2025-07-23,30
R2458,2025-08-22,30
R2458,2025-09-21,30
R2458,2025-10-21,30
R2458,2025-12-01,30
R2458,2025-12-31,30
R2459,2025-01-01,30
R2459,2025-01-31,30
R2459,2025-04-28,30
R2459,2025-05-28,30
R2459,2025-06-27,30
R2459,2025-07-27,30
R2459,2025-08-26,30
R2459,2025-09-25,30
R2459,2025-10-25,30
R2460,2025-01-01,30
R2460,2025-01-31,30
R2460,2025-03-02,30
R2460,2025-04-01,30
R2460,2025-05-01,30
R2460,2025-05-31,30
R2460,2025-06-30,30
R2460,2025-07-30,30
R2460,2025-08-29,30
R2460,2025-09-28,30
R2460,2025-10-28,30
R2460,2025-11-27,30
R2460,2025-12-27,30
R2461,2025-01-01,30
R2461,2025-02-14,30
R2461,2025-03-16,30
R2461,2025-04-15,30
R2461,2025-05-15,30
R2461,2025-06-26,30
R2461,2025-07-26,30
R2461,2025-09-30,30
R2461,2025-10-30,30
R2461,2025-11-29,30
R2461,2025-12-29,30
R2462,2025-01-01,30
R2462,2025-02-24,30
R2462,2025-03-26,30
R2462,2025-04-25,30
R2462,2025-06-11,30
R2462,2025-07-11,30
R2462,2025-08-31,30
R2462,2025-09-30,30
R2462,2025-10-30,30
R2462,2025-11-29,30
R2463,2025-01-01,30
R2463,2025-01-31,30
R2463,2025-03-02,30
R2463,2025-04-01,30
R2463,2025-05-01,30
R2463,2025-05-31,30
R2463,2025-06-30,30
R2463,2025-08-25,30
R2463,2025-09-24,30
R2463,2025-10-24,30
R2463,2025-11-23,30
R2463,2025-12-23,30
R2464,2025-01-01,30
R2464,2025-01-31,30
R2464,2025-03-02,30
R2464,2025-04-01,30
R2464,2025-05-01,30
R2464,2025-06-26,30
R2464,2025-08-10,30
R2464,2025-09-09,30
R2464,2025-10-09,30
R2464,2025-11-08,30
R2464,2025-12-08,30
R2465,2025-01-01,30
R2465,2025-01-31,30
R2465,2025-05-15,30
R2465,2025-06-14,30
R2465,2025-07-14,30
R2465,2025-08-13,30
R2465,2025-09-12,30
R2465,2025-10-12,30
R2465,2025-11-11,30
R2465,2025-12-13,30
R2466,2025-01-01,30
R2466,2025-01-31,30
R2466,2025-03-02,30
R2466,2025-04-01,30
R2466,2025-05-01,30
R2466,2025-05-31,30
R2466,2025-07-29,30
R2466,2025-08-28,30
R2466,2025-10-09,30
R2466,2025-11-23,30
R2466,2025-12-23,30
R2467,2025-01-01,30
R2467,2025-01-31,30
R2467,2025-03-02,30
R2467,2025-04-01,30
R2467,2025-05-01,30
R2467,2025-05-31,30
R2467,2025-07-22,30
R2467,2025-08-21,30
R2467,2025-09-26,30
R2467,2025-10-26,30
R2467,2025-12-10,30
R2468,2025-01-01,30
R2468,2025-01-31,30
R2468,2025-03-02,30
R2468,2025-04-01,30
R2468,2025-05-01,30
R2468,2025-05-31,30
R2468,2025-06-30,30
R2468,2025-07-30,30
R2468,2025-08-29,30
R2468,2025-09-28,30
R2468,2025-10-28,30
R2468,2025-11-27,30
R2469,2025-01-01,30
R2469,2025-01-31,30
R2469,2025-03-02,30
R2469,2025-04-01,30
R2469,2025-06-10,30
R2469,2025-07-28,30
R2469,2025-08-27,30
R2469,2025-09-26,30
R2469,2025-10-26,30
R2469,2025-12-06,30
R2470,2025-01-01,30
R2470,2025-01-31,30
R2470,2025-03-02,30
R2470,2025-04-01,30
R2470,2025-05-01,30
R2470,2025-05-31,30
R2470,2025-06-30,30
R2470,2025-07-30,30
R2470,2025-08-29,30
R2470,2025-09-28,30
R2470,2025-10-28,30
R2470,2025-12-17,30
R2471,2025-01-01,30
R2471,2025-03-20,30
R2471,2025-05-07,30
R2471,2025-06-14,30
R2471,2025-07-14,30
R2471,2025-08-13,30
R2471,2025-09-24,30
R2471,2025-11-22,30
R2472,2025-01-01,30
R2472,2025-01-31,30
R2472,2025-03-02,30
R2472,2025-04-01,30
R2472,2025-05-01,30
R2472,2025-05-31,30
R2472,2025-06-30,30
R2472,2025-08-18,30
R2472,2025-09-17,30
R2472,2025-10-17,30
R2472,2025-11-19,30
R2472,2025-12-19,30
R2473,2025-01-01,30
R2473,2025-01-31,30
R2473,2025-03-02,30
R2473,2025-04-01,30
R2473,2025-05-01,30
R2473,2025-05-31,30
R2473,2025-06-30,30
R2473,2025-07-30,30
R2473,2025-08-29,30
R2473,2025-09-28,30
R2473,2025-12-03,30
R2474,2025-01-01,30
R2474,2025-01-31,30
R2474,2025-03-02,30
R2474,2025-04-01,30
R2474,2025-05-01,30
R2474,2025-05-31,30
R2474,2025-06-30,30
R2474,2025-07-30,30
R2474,2025-08-29,30
R2474,2025-10-15,30
R2474,2025-11-14,30
R2474,2025-12-14,30
R2475,2025-01-01,30
R2475,2025-01-31,30
R2475,2025-03-02,30
R2475,2025-04-01,30
R2475,2025-05-01,30
R2475,2025-05-31,30
R2475,2025-06-30,30
R2475,2025-07-30,30
R2475,2025-08-29,30
R2475,2025-09-28,30
R2475,2025-10-28,30
R2475,2025-11-27,30
R2475,2025-12-27,30
R2476,2025-01-01,30
R2476,2025-01-31,30
R2476,2025-03-05,30
R2476,2025-04-21,30
R2476,2025-05-31,30
R2476,2025-06-30,30
R2476,2025-07-30,30
R2476,2025-09-29,30
R2476,2025-11-26,30
R2476,2025-12-26,30
R2477,2025-01-01,30
R2477,2025-01-31,30
R2477,2025-03-02,30
R2477,2025-04-01,30
R2477,2025-05-01,30
R2477,2025-05-31,30
R2477,2025-06-30,30
R2477,2025-08-10,30
R2477,2025-09-12,30
R2477,2025-11-29,30
R2478,2025-01-01,30
R2478,2025-01-31,30
R2478,2025-03-02,30
R2478,2025-04-04,30
R2478,2025-05-04,30
R2478,2025-06-03,30
R2478,2025-07-03,30
R2478,2025-08-02,30
R2478,2025-09-01,30
R2478,2025-10-17,30
R2478,2025-12-02,30
R2479,2025-01-01,30
R2479,2025-02-23,30
R2479,2025-04-01,30
R2479,2025-05-13,30
R2479,2025-06-12,30
R2479,2025-08-06,30
R2479,2025-09-05,30
R2479,2025-10-05,30
R2479,2025-11-04,30
R2480,2025-01-01,30
R2480,2025-01-31,30
R2480,2025-03-16,30
R2480,2025-05-01,30
R2480,2025-07-12,30
R2480,2025-08-11,30
R2480,2025-09-10,30
R2480,2025-10-10,30
R2480,2025-11-27,30
R2480,2025-12-27,30
R2481,2025-01-01,30
R2481,2025-01-31,30
R2481,2025-03-02,30
R2481,2025-04-12,30
R2481,2025-05-12,30
R2481,2025-06-19,30
R2481,2025-08-17,30
R2481,2025-10-21,30
R2481,2025-12-04,30
R2482,2025-01-01,30
R2482,2025-01-31,30
R2482,2025-04-05,30
R2482,2025-05-05,30
R2482,2025-06-04,30
R2482,2025-07-04,30
R2482,2025-08-03,30
R2482,2025-09-02,30
R2482,2025-10-02,30
R2482,2025-12-02,30
R2483,2025-01-01,30
R2483,2025-02-05,30
R2483,2025-03-15,30
R2483,2025-04-14,30
R2483,2025-05-14,30
R2483,2025-06-13,30
R2483,2025-07-26,30
R2483,2025-10-18,30
R2483,2025-11-17,30
R2484,2025-01-01,30
R2484,2025-03-12,30
R2484,2025-05-11,30
R2484,2025-06-10,30
R2484,2025-07-10,30
R2484,2025-08-09,30
R2484,2025-09-08,30
R2484,2025-10-08,30
R2484,2025-11-07,30
R2484,2025-12-20,30
R2485,2025-01-01,30
R2485,2025-01-31,30
R2485,2025-03-02,30
R2485,2025-04-01,30
R2485,2025-06-28,30
R2485,2025-07-28,30
R2485,2025-08-27,30
R2485,2025-11-01,30
R2485,2025-12-09,30
R2486,2025-01-01,30
R2486,2025-01-31,30
R2486,2025-04-01,30
R2486,2025-05-01,30
R2486,2025-06-09,30
R2486,2025-08-01,30
R2486,2025-08-31,30
R2486,2025-09-30,30
R2486,2025-10-30,30
R2486,2025-11-29,30
R2487,2025-01-01,30
R2487,2025-01-31,30
R2487,2025-04-12,30
R2487,2025-06-08,30
R2487,2025-07-08,30
R2487,2025-08-07,30
R2487,2025-11-01,30
R2487,2025-12-13,30
R2488,2025-01-01,30
R2488,2025-01-31,30
R2488,2025-03-02,30
R2488,2025-04-01,30
R2488,2025-05-09,30
R2488,2025-06-08,30
R2488,2025-07-08,30
R2488,2025-08-07,30
R2488,2025-09-06,30
R2488,2025-11-21,30
R2488,2025-12-21,30
R2489,2025-01-01,30
R2489,2025-01-31,30
R2489,2025-04-03,30
R2489,2025-05-19,30
R2489,2025-06-18,30
R2489,2025-07-18,30
R2489,2025-08-17,30
R2489,2025-09-16,30
R2489,2025-10-16,30
R2489,2025-11-15,30
R2490,2025-01-01,30
R2490,2025-01-31,30
R2490,2025-03-02,30
R2490,2025-04-01,30
R2490,2025-05-01,30
R2490,2025-05-31,30
R2490,2025-06-30,30
R2490,2025-07-30,30
R2490,2025-08-29,30
R2490,2025-09-28,30
R2490,2025-10-28,30
R2490,2025-11-27,30
R2491,2025-01-01,30
R2491,2025-03-02,30
R2491,2025-04-27,30
R2491,2025-05-27,30
R2491,2025-06-30,30
R2491,2025-07-30,30
R2491,2025-10-08,30
R2491,2025-12-02,30
R2492,2025-01-01,30
R2492,2025-01-31,30
R2492,2025-04-24,30
R2492,2025-05-24,30
R2492,2025-06-30,30
R2492,2025-08-21,30
R2492,2025-10-03,30
R2492,2025-11-02,30
R2492,2025-12-02,30
R2493,2025-01-01,30
R2493,2025-01-31,30
R2493,2025-03-02,30
R2493,2025-05-09,30
R2493,2025-06-08,30
R2493,2025-07-08,30
R2493,2025-08-07,30
R2493,2025-09-06,30
R2493,2025-11-01,30
R2493,2025-12-01,30
R2494,2025-01-01,30
R2494,2025-03-03,30
R2494,2025-04-02,30
R2494,2025-05-05,30
R2494,2025-06-04,30
R2494,2025-07-09,30
R2494,2025-08-19,30
R2494,2025-09-18,30
R2494,2025-10-18,30
R2494,2025-11-28,30
R2495,2025-01-01,30
R2495,2025-01-31,30
R2495,2025-03-02,30
R2495,2025-04-01,30
R2495,2025-05-01,30
R2495,2025-05-31,30
R2495,2025-06-30,30
R2495,2025-07-30,30
R2495,2025-09-21,30
R2495,2025-10-21,30
R2495,2025-11-20,30
R2495,2025-12-20,30
R2496,2025-01-01,30
R2496,2025-01-31,30
R2496,2025-03-02,30
R2496,2025-04-08,30
R2496,2025-05-08,30
R2496,2025-06-07,30
R2496,2025-07-07,30
R2496,2025-08-06,30
R2496,2025-09-05,30
R2496,2025-10-05,30
R2497,2025-01-01,30
R2497,2025-02-06,30
R2497,2025-03-08,30
R2497,2025-04-07,30
R2497,2025-05-07,30
R2497,2025-06-06,30
R2497,2025-07-06,30
R2497,2025-08-05,30
R2497,2025-09-04,30
R2497,2025-10-04,30
R2497,2025-11-03,30
R2497,2025-12-03,30
R2498,2025-01-01,30
R2498,2025-01-31,30
R2498,2025-03-02,30
R2498,2025-04-03,30
R2498,2025-06-01,30
R2498,2025-07-01,30
R2498,2025-07-31,30
R2498,2025-08-30,30
R2498,2025-09-29,30
R2498,2025-10-29,30
R2498,2025-12-17,30
R2499,2025-01-01,30
R2499,2025-01-31,30
R2499,2025-03-02,30
R2499,2025-04-01,30
R2499,2025-05-01,30
R2499,2025-05-31,30
R2499,2025-06-30,30
R2499,2025-07-30,30
R2499,2025-08-29,30
R2499,2025-10-28,30
R2499,2025-12-29,30
R2500,2025-01-01,30
R2500,2025-01-31,30
R2500,2025-03-02,30
R2500,2025-04-01,30
R2500,2025-05-01,30
R2500,2025-05-31,30
R2500,2025-06-30,30
R2500,2025-07-30,30
R2500,2025-08-29,30
R2500,2025-10-29,30
R2500,2025-11-28,30
R2500,2025-12-28,30
