encounter_id,drug
E000001,spironolactone
E000001,prednisolone
E000001,metformin
E000001,warfarin
E000002,prednisolone
E000002,enalapril
E000002,warfarin
E000002,furosemide
E000002,amlodipine
E000003,paracetamol
E000003,amlodipine
E000003,pantoprazole
E000003,spironolactone
E000003,salbutamol
E000003,enalapril
E000003,ceftriaxone
E000004,amlodipine
E000004,furosemide
E000004,insulin
E000004,digoxin
E000004,salbutamol
E000005,enalapril
E000005,amlodipine
E000005,metformin
E000005,prednisolone
E000005,furosemide
E000005,pantoprazole
E000005,insulin
E000005,spironolactone
E000005,warfarin
E000005,salbutamol
E000006,prednisolone
E000006,amlodipine
E000006,digoxin
E000006,salbutamol
E000006,furosemide
E000006,insulin
E000006,atorvastatin
E000007,furosemide
E000007,warfarin
E000007,metformin
E000007,enalapril
E000007,prednisolone
E000007,metoprolol
E000007,salbutamol
E000007,atorvastatin
E000007,paracetamol
E000008,metoprolol
E000008,paracetamol
E000008,amlodipine
E000008,pantoprazole
E000008,warfarin
E000008,salbutamol
E000008,spironolactone
E000009,furosemide
E000009,paracetamol
E000009,metoprolol
E000009,atorvastatin
E000009,warfarin
E000009,prednisolone
E000009,digoxin
E000010,digoxin
E000010,furosemide
E000010,spironolactone
E000010,aspirin
E000010,pantoprazole
E000010,insulin
E000011,prednisolone
E000011,enalapril
E000011,spironolactone
E000011,insulin
E000011,pantoprazole
E000012,atorvastatin
E000012,warfarin
E000012,aspirin
E000012,furosemide
E000012,paracetamol
E000012,ceftriaxone
E000012,metformin
E000012,spironolactone
E000012,metoprolol
E000013,atorvastatin
E000013,metoprolol
E000013,pantoprazole
E000013,warfarin
E000013,furosemide
E000013,amlodipine
E000014,salbutamol
E000014,atorvastatin
E000014,aspirin
E000014,warfarin
E000014,prednisolone
E000014,paracetamol
E000014,digoxin
E000014,metformin
E000015,salbutamol
E000015,metformin
E000016,amlodipine
E000016,digoxin
E000016,spironolactone
E000016,enalapril
E000016,ceftriaxone
E000016,metformin
E000016,prednisolone
E000017,salbutamol
E000017,amlodipine
E000018,aspirin
E000018,spironolactone
E000019,furosemide
E000019,digoxin
E000019,spironolactone
E000020,warfarin
E000020,digoxin
E000020,paracetamol
E000020,prednisolone
E000020,pantoprazole
E000020,furosemide
E000020,metformin
E000020,metoprolol
E000021,spironolactone
E000021,atorvastatin
E000021,furosemide
E000021,amlodipine
E000022,enalapril
E000022,prednisolone
E000022,furosemide
E000022,amlodipine
E000022,warfarin
E000023,spironolactone
E000023,pantoprazole
E000023,prednisolone
E000024,salbutamol
E000025,enalapril
E000025,warfarin
E000025,paracetamol
E000025,furosemide
E000025,prednisolone
E000025,amlodipine
E000025,pantoprazole
E000026,warfarin
E000026,atorvastatin
E000026,metformin
E000026,paracetamol
E000026,salbutamol
E000026,prednisolone
E000027,pantoprazole
E000027,insulin
E000027,aspirin
E000028,salbutamol
E000028,warfarin
E000028,metformin
E000028,paracetamol
E000028,pantoprazole
E000028,metoprolol
E000029,furosemide
E000029,metformin
E000029,paracetamol
E000029,metoprolol
E000029,warfarin
E000030,salbutamol
E000030,enalapril
E000030,ceftriaxone
E000030,pantoprazole
E000031,metformin
E000031,spironolactone
E000031,atorvastatin
E000031,aspirin
E000031,metoprolol
E000031,ceftriaxone
E000031,paracetamol
E000031,salbutamol
E000031,prednisolone
E000032,atorvastatin
E000032,metoprolol
E000032,furosemide
E000033,atorvastatin
E000033,insulin
E000033,digoxin
E000034,metoprolol
E000034,amlodipine
E000034,prednisolone
E000034,salbutamol
E000034,metformin
E000034,insulin
E000034,enalapril
E000035,pantoprazole
E000035,metoprolol
E000035,furosemide
E000036,metoprolol
E000036,paracetamol
E000036,metformin
E000036,prednisolone
E000036,spironolactone
E000036,pantoprazole
E000037,prednisolone
E000037,furosemide
E000037,atorvastatin
E000038,metoprolol
E000038,enalapril
E000038,salbutamol
E000038,prednisolone
E000038,pantoprazole
E000038,metformin
E000039,salbutamol
E000039,digoxin
E000039,furosemide
E000039,atorvastatin
E000039,insulin
E000039,prednisolone
E000040,salbutamol
E000040,ceftriaxone
E000040,metoprolol
E000040,spironolactone
E000040,paracetamol
E000040,metformin
E000040,furosemide
E000040,insulin
E000041,enalapril
E000041,spironolactone
E000041,aspirin
E000041,amlodipine
E000041,paracetamol
E000041,ceftriaxone
E000041,metoprolol
E000042,metformin
E000042,spironolactone
E000042,insulin
E000042,enalapril
E000042,metoprolol
E000042,prednisolone
E000042,pantoprazole
E000042,atorvastatin
E000042,aspirin
E000042,digoxin
E000042,amlodipine
E000042,salbutamol
E000043,metformin
E000043,ceftriaxone
E000043,pantoprazole
E000043,metoprolol
E000044,pantoprazole
E000044,aspirin
E000044,metformin
E000044,spironolactone
E000044,paracetamol
E000044,furosemide
E000044,insulin
E000044,warfarin
E000045,amlodipine
E000045,ceftriaxone
E000045,spironolactone
E000045,enalapril
E000045,furosemide
E000046,spironolactone
E000046,insulin
E000046,enalapril
E000046,furosemide
E000046,ceftriaxone
E000046,prednisolone
E000047,spironolactone
E000047,enalapril
E000048,enalapril
E000048,warfarin
E000048,furosemide
E000048,prednisolone
E000048,atorvastatin
E000048,amlodipine
E000048,aspirin
E000049,pantoprazole
E000049,metformin
E000049,warfarin
E000049,insulin
E000049,prednisolone
E000049,furosemide
E000049,enalapril
E000050,prednisolone
E000050,metformin
E000050,warfarin
E000051,enalapril
E000051,spironolactone
E000052,atorvastatin
E000052,digoxin
E000052,enalapril
E000052,metformin
E000052,salbutamol
E000052,paracetamol
E000053,digoxin
E000053,ceftriaxone
E000053,spironolactone
E000054,digoxin
E000054,aspirin
E000054,metformin
E000054,furosemide
E000054,salbutamol
E000054,insulin
E000054,spironolactone
E000054,ceftriaxone
E000055,ceftriaxone
E000055,amlodipine
E000055,metoprolol
E000055,pantoprazole
E000055,digoxin
E000055,aspirin
E000055,spironolactone
E000056,amlodipine
E000056,prednisolone
E000056,paracetamol
E000056,metformin
E000056,aspirin
E000057,enalapril
E000057,furosemide
E000057,atorvastatin
E000057,paracetamol
E000057,aspirin
E000057,digoxin
E000057,metoprolol
E000058,paracetamol
E000058,aspirin
E000058,digoxin
E000058,furosemide
E000058,spironolactone
E000058,metformin
E000059,spironolactone
E000059,metoprolol
E000059,paracetamol
E000059,digoxin
E000060,digoxin
E000060,spironolactone
E000060,salbutamol
E000060,ceftriaxone
E000060,insulin
E000060,prednisolone
E000060,enalapril
E000060,pantoprazole
E000060,furosemide
E000060,warfarin
E000060,metoprolol
E000060,amlodipine
E000061,ceftriaxone
E000061,atorvastatin
E000061,salbutamol
E000061,metformin
E000061,pantoprazole
E000062,salbutamol
E000062,ceftriaxone
E000062,atorvastatin
E000063,enalapril
E000063,pantoprazole
E000063,atorvastatin
E000063,amlodipine
E000063,metoprolol
E000063,warfarin
E000063,furosemide
E000063,salbutamol
E000063,insulin
E000063,prednisolone
E000063,ceftriaxone
E000063,spironolactone
E000064,amlodipine
E000064,pantoprazole
E000064,metoprolol
E000064,enalapril
E000064,furosemide
E000064,atorvastatin
E000065,digoxin
E000065,warfarin
E000065,enalapril
E000065,spironolactone
E000065,prednisolone
E000065,insulin
E000065,salbutamol
E000065,amlodipine
E000065,paracetamol
E000065,furosemide
E000066,ceftriaxone
E000066,digoxin
E000066,prednisolone
E000066,metformin
E000067,ceftriaxone
E000067,salbutamol
E000067,spironolactone
E000067,atorvastatin
E000067,metformin
E000067,digoxin
E000067,warfarin
E000067,pantoprazole
E000068,prednisolone
E000068,enalapril
E000068,aspirin
E000068,atorvastatin
E000069,atorvastatin
E000069,furosemide
E000069,warfarin
E000069,pantoprazole
E000069,paracetamol
E000069,insulin
E000069,digoxin
E000070,ceftriaxone
E000070,pantoprazole
E000070,enalapril
E000070,aspirin
E000070,digoxin
E000070,prednisolone
E000070,insulin
E000070,metoprolol
E000070,warfarin
E000070,paracetamol
E000070,spironolactone
E000070,furosemide
E000070,salbutamol
E000071,insulin
E000071,pantoprazole
E000071,prednisolone
E000072,enalapril
E000072,aspirin
E000072,pantoprazole
E000072,furosemide
E000072,salbutamol
E000072,insulin
E000072,prednisolone
E000072,metformin
E000073,warfarin
E000073,ceftriaxone
E000073,aspirin
E000073,enalapril
E000073,pantoprazole
E000073,spironolactone
E000073,metformin
E000074,amlodipine
E000074,spironolactone
E000074,digoxin
E000074,furosemide
E000074,paracetamol
E000074,enalapril
E000074,prednisolone
E000075,furosemide
E000075,amlodipine
E000075,atorvastatin
E000075,metformin
E000075,pantoprazole
E000075,prednisolone
E000075,ceftriaxone
E000075,salbutamol
E000075,paracetamol
E000075,digoxin
E000076,metformin
E000076,digoxin
E000076,metoprolol
E000076,furosemide
E000076,aspirin
E000076,amlodipine
E000076,salbutamol
E000076,atorvastatin
E000076,pantoprazole
E000076,paracetamol
E000076,insulin
E000076,enalapril
E000077,amlodipine
E000077,insulin
E000077,prednisolone
E000077,digoxin
E000077,furosemide
E000078,metoprolol
E000078,atorvastatin
E000078,amlodipine
E000078,ceftriaxone
E000078,insulin
E000078,prednisolone
E000078,pantoprazole
E000078,enalapril
E000079,warfarin
E000079,atorvastatin
E000079,ceftriaxone
E000079,digoxin
E000079,spironolactone
E000079,prednisolone
E000079,pantoprazole
E000080,salbutamol
E000080,digoxin
E000080,ceftriaxone
E000080,insulin
E000080,furosemide
E000080,metoprolol
E000080,warfarin
E000081,insulin
E000081,digoxin
E000081,aspirin
E000081,paracetamol
E000082,pantoprazole
E000082,enalapril
E000082,prednisolone
E000082,paracetamol
E000082,insulin
E000082,ceftriaxone
E000082,atorvastatin
E000083,metoprolol
E000083,metformin
E000083,atorvastatin
E000083,salbutamol
E000083,pantoprazole
E000083,aspirin
E000084,paracetamol
E000084,digoxin
E000084,warfarin
E000084,prednisolone
E000085,warfarin
E000085,prednisolone
E000085,salbutamol
E000085,pantoprazole
E000085,ceftriaxone
E000085,spironolactone
E000085,insulin
E000085,metformin
E000085,digoxin
E000086,digoxin
E000086,furosemide
E000086,atorvastatin
E000086,amlodipine
E000086,aspirin
E000086,metformin
E000086,insulin
E000086,warfarin
E000086,pantoprazole
E000087,prednisolone
E000087,pantoprazole
E000087,digoxin
E000087,warfarin
E000087,ceftriaxone
E000087,insulin
E000087,spironolactone
E000087,salbutamol
E000087,metoprolol
E000087,aspirin
E000087,paracetamol
E000088,prednisolone
E000088,furosemide
E000088,pantoprazole
E000088,digoxin
E000088,metoprolol
E000088,metformin
E000088,warfarin
E000089,metoprolol
E000089,metformin
E000090,prednisolone
E000090,salbutamol
E000090,amlodipine
E000091,paracetamol
E000091,warfarin
E000091,salbutamol
E000091,digoxin
E000091,amlodipine
E000091,metoprolol
E000091,enalapril
E000091,furosemide
E000091,insulin
E000091,pantoprazole
E000092,warfarin
E000092,atorvastatin
E000092,metformin
E000093,paracetamol
E000093,enalapril
E000093,pantoprazole
E000093,atorvastatin
E000093,insulin
E000093,salbutamol
E000093,digoxin
E000094,pantoprazole
E000094,amlodipine
E000094,metformin
E000094,insulin
E000094,ceftriaxone
E000094,enalapril
E000095,warfarin
E000095,salbutamol
E000095,digoxin
E000095,spironolactone
E000095,ceftriaxone
E000095,amlodipine
E000096,salbutamol
E000096,metformin
E000096,insulin
E000096,warfarin
E000096,prednisolone
E000096,aspirin
E000097,paracetamol
E000097,salbutamol
E000097,prednisolone
E000097,metformin
E000097,ceftriaxone
E000097,insulin
E000097,pantoprazole
E000097,atorvastatin
E000097,furosemide
E000097,metoprolol
E000098,ceftriaxone
E000098,atorvastatin
E000098,furosemide
E000098,salbutamol
E000098,warfarin
E000098,amlodipine
E000098,paracetamol
E000098,enalapril
E000098,prednisolone
E000098,aspirin
E000098,insulin
E000098,digoxin
E000099,amlodipine
E000099,furosemide
E000099,paracetamol
E000100,prednisolone
E000100,digoxin
E000100,amlodipine
E000100,aspirin
E000100,pantoprazole
E000100,spironolactone
E000101,enalapril
E000101,amlodipine
E000101,ceftriaxone
E000102,amlodipine
E000102,pantoprazole
E000102,furosemide
E000102,digoxin
E000102,salbutamol
E000103,salbutamol
E000103,amlodipine
E000104,warfarin
E000104,metoprolol
E000104,salbutamol
E000104,metformin
E000104,ceftriaxone
E000104,enalapril
E000104,furosemide
E000105,metoprolol
E000105,amlodipine
E000105,ceftriaxone
E000105,salbutamol
E000105,paracetamol
E000105,digoxin
E000105,prednisolone
E000105,warfarin
E000105,enalapril
E000105,insulin
E000105,furosemide
E000106,metoprolol
E000106,spironolactone
E000106,atorvastatin
E000106,amlodipine
E000106,salbutamol
E000106,paracetamol
E000106,metformin
E000106,enalapril
E000106,prednisolone
E000106,ceftriaxone
E000106,pantoprazole
E000107,digoxin
E000107,amlodipine
E000107,ceftriaxone
E000108,warfarin
E000108,salbutamol
E000108,digoxin
E000108,enalapril
E000108,furosemide
E000109,insulin
E000109,prednisolone
E000109,aspirin
E000109,paracetamol
E000109,metformin
E000109,enalapril
E000109,spironolactone
E000109,atorvastatin
E000109,warfarin
E000109,salbutamol
E000109,amlodipine
E000110,pantoprazole
E000110,metformin
E000110,ceftriaxone
E000110,atorvastatin
E000110,warfarin
E000110,enalapril
E000111,aspirin
E000111,salbutamol
E000111,warfarin
E000111,pantoprazole
E000111,atorvastatin
E000111,spironolactone
E000111,ceftriaxone
E000112,paracetamol
E000112,aspirin
E000112,prednisolone
E000112,ceftriaxone
E000112,salbutamol
E000112,amlodipine
E000113,paracetamol
E000113,furosemide
E000113,aspirin
E000113,metoprolol
E000113,amlodipine
E000114,insulin
E000114,aspirin
E000114,paracetamol
E000114,pantoprazole
E000114,ceftriaxone
E000114,warfarin
E000115,metformin
E000115,amlodipine
E000115,paracetamol
E000115,prednisolone
E000115,digoxin
E000115,ceftriaxone
E000116,atorvastatin
E000116,digoxin
E000116,insulin
E000116,metformin
E000116,metoprolol
E000117,paracetamol
E000117,prednisolone
E000117,digoxin
E000117,metoprolol
E000117,atorvastatin
E000117,enalapril
E000117,aspirin
E000118,paracetamol
E000118,metformin
E000118,metoprolol
E000118,spironolactone
E000119,metformin
E000119,prednisolone
E000119,warfarin
E000119,paracetamol
E000119,atorvastatin
E000119,aspirin
E000119,insulin
E000119,ceftriaxone
E000119,amlodipine
E000119,pantoprazole
E000120,atorvastatin
E000120,amlodipine
E000120,salbutamol
E000120,paracetamol
E000120,prednisolone
E000121,spironolactone
E000121,prednisolone
E000121,metformin
E000121,enalapril
E000121,insulin
E000121,warfarin
E000122,paracetamol
E000122,ceftriaxone
E000122,salbutamol
E000122,furosemide
E000122,pantoprazole
E000122,spironolactone
E000122,digoxin
E000122,enalapril
E000123,spironolactone
E000123,digoxin
E000123,amlodipine
E000123,metoprolol
E000123,aspirin
E000123,pantoprazole
E000123,salbutamol
E000123,atorvastatin
E000124,amlodipine
E000124,paracetamol
E000124,pantoprazole
E000124,metoprolol
E000125,furosemide
E000125,enalapril
E000125,ceftriaxone
E000125,digoxin
E000125,insulin
E000125,warfarin
E000125,metformin
E000125,atorvastatin
E000126,digoxin
E000127,ceftriaxone
E000127,enalapril
E000127,warfarin
E000127,pantoprazole
E000127,aspirin
E000128,spironolactone
E000128,paracetamol
E000128,salbutamol
E000128,metformin
E000129,furosemide
E000129,salbutamol
E000129,digoxin
E000129,metformin
E000130,paracetamol
E000130,warfarin
E000130,spironolactone
E000130,furosemide
E000130,metoprolol
E000130,pantoprazole
E000130,atorvastatin
E000131,enalapril
E000131,paracetamol
E000131,aspirin
E000131,amlodipine
E000131,spironolactone
E000132,aspirin
E000132,furosemide
E000133,enalapril
E000133,digoxin
E000133,ceftriaxone
E000133,warfarin
E000134,metoprolol
E000134,paracetamol
E000134,warfarin
E000135,ceftriaxone
E000135,insulin
E000135,paracetamol
E000135,warfarin
E000135,metoprolol
E000135,pantoprazole
E000136,digoxin
E000136,paracetamol
E000137,prednisolone
E000137,metoprolol
E000137,digoxin
E000138,salbutamol
E000138,atorvastatin
E000138,furosemide
E000138,metformin
E000139,metoprolol
E000139,enalapril
E000139,digoxin
E000139,aspirin
E000140,salbutamol
E000140,insulin
E000140,paracetamol
E000140,amlodipine
E000140,pantoprazole
E000140,enalapril
E000140,prednisolone
E000140,aspirin
E000140,metoprolol
E000141,salbutamol
E000141,furosemide
E000141,warfarin
E000141,atorvastatin
E000141,enalapril
E000141,amlodipine
E000142,insulin
E000142,furosemide
E000142,amlodipine
E000142,enalapril
E000142,atorvastatin
E000143,spironolactone
E000143,furosemide
E000143,digoxin
E000143,aspirin
E000143,warfarin
E000143,insulin
E000143,paracetamol
E000143,metoprolol
E000144,spironolactone
E000144,digoxin
E000144,amlodipine
E000144,insulin
E000144,warfarin
E000145,atorvastatin
E000146,salbutamol
E000146,insulin
E000147,atorvastatin
E000147,ceftriaxone
E000147,metformin
E000147,aspirin
E000147,furosemide
E000148,amlodipine
E000148,paracetamol
E000149,furosemide
E000149,paracetamol
E000149,digoxin
E000149,salbutamol
E000149,spironolactone
E000149,amlodipine
E000149,prednisolone
E000149,metformin
E000149,ceftriaxone
E000150,enalapril
E000150,metoprolol
E000150,warfarin
E000150,amlodipine
E000151,prednisolone
E000152,pantoprazole
E000152,furosemide
E000152,warfarin
E000153,furosemide
E000153,paracetamol
E000153,pantoprazole
E000153,enalapril
E000153,prednisolone
E000154,warfarin
E000154,paracetamol
E000154,furosemide
E000154,enalapril
E000154,insulin
E000154,atorvastatin
E000154,metoprolol
E000154,salbutamol
E000154,spironolactone
E000154,aspirin
E000155,amlodipine
E000155,spironolactone
E000155,salbutamol
E000155,pantoprazole
E000155,furosemide
E000155,metformin
E000155,insulin
E000156,digoxin
E000156,prednisolone
E000156,atorvastatin
E000156,amlodipine
E000156,metformin
E000156,spironolactone
E000156,salbutamol
E000156,aspirin
E000156,warfarin
E000156,enalapril
E000156,metoprolol
E000156,insulin
E000157,atorvastatin
E000157,warfarin
E000157,enalapril
E000157,metformin
E000157,insulin
E000157,metoprolol
E000157,pantoprazole
E000157,paracetamol
E000157,salbutamol
E000158,amlodipine
E000158,spironolactone
E000158,paracetamol
E000158,salbutamol
E000158,warfarin
E000158,insulin
E000158,ceftriaxone
E000158,pantoprazole
E000158,aspirin
E000159,digoxin
E000159,salbutamol
E000159,spironolactone
E000159,furosemide
E000159,atorvastatin
E000159,insulin
E000159,aspirin
E000160,atorvastatin
E000160,furosemide
E000160,enalapril
E000160,salbutamol
E000160,metoprolol
E000160,pantoprazole
E000160,amlodipine
E000160,prednisolone
E000160,ceftriaxone
E000161,warfarin
E000161,paracetamol
E000161,pantoprazole
E000162,spironolactone
E000162,furosemide
E000162,ceftriaxone
E000162,metoprolol
E000162,warfarin
E000162,metformin
E000162,aspirin
E000162,enalapril
E000163,digoxin
E000163,atorvastatin
E000163,metformin
E000163,paracetamol
E000163,ceftriaxone
E000163,amlodipine
E000163,warfarin
E000163,pantoprazole
E000163,spironolactone
E000163,furosemide
E000164,aspirin
E000164,spironolactone
E000164,prednisolone
E000164,pantoprazole
E000164,ceftriaxone
E000164,metoprolol
E000164,metformin
E000164,enalapril
E000165,aspirin
E000166,ceftriaxone
E000166,paracetamol
E000166,salbutamol
E000166,prednisolone
E000166,spironolactone
E000166,atorvastatin
E000167,spironolactone
E000167,prednisolone
E000167,amlodipine
E000167,atorvastatin
E000167,pantoprazole
E000168,ceftriaxone
E000168,digoxin
E000168,spironolactone
E000169,furosemide
E000169,digoxin
E000169,amlodipine
E000169,salbutamol
E000169,metformin
E000169,enalapril
E000169,prednisolone
E000169,insulin
E000169,ceftriaxone
E000169,paracetamol
E000170,prednisolone
E000171,ceftriaxone
E000171,paracetamol
E000171,warfarin
E000171,metoprolol
E000172,warfarin
E000172,prednisolone
E000172,ceftriaxone
E000172,spironolactone
E000172,aspirin
E000172,amlodipine
E000172,metoprolol
E000172,metformin
E000172,paracetamol
E000172,pantoprazole
E000172,atorvastatin
E000172,insulin
E000173,digoxin
E000174,metformin
E000174,furosemide
E000174,metoprolol
E000174,ceftriaxone
E000174,spironolactone
E000174,prednisolone
E000174,atorvastatin
E000174,pantoprazole
E000174,paracetamol
E000175,paracetamol
E000175,digoxin
E000175,insulin
E000175,enalapril
E000175,aspirin
E000175,furosemide
E000175,amlodipine
E000175,ceftriaxone
E000175,spironolactone
E000176,metformin
E000176,amlodipine
E000176,pantoprazole
E000176,insulin
E000176,prednisolone
E000176,aspirin
E000176,spironolactone
E000177,atorvastatin
E000177,digoxin
E000177,spironolactone
E000178,insulin
E000178,enalapril
E000178,atorvastatin
E000178,pantoprazole
E000178,amlodipine
E000179,pantoprazole
E000179,ceftriaxone
E000179,metoprolol
E000179,digoxin
E000179,amlodipine
E000179,spironolactone
E000179,atorvastatin
E000179,furosemide
E000180,spironolactone
E000180,metoprolol
E000180,insulin
E000180,amlodipine
E000181,enalapril
E000181,digoxin
E000181,metformin
E000181,metoprolol
E000182,amlodipine
E000182,insulin
E000182,furosemide
E000183,spironolactone
E000183,atorvastatin
E000183,enalapril
E000183,ceftriaxone
E000183,digoxin
E000183,prednisolone
E000184,metoprolol
E000184,furosemide
E000184,ceftriaxone
E000184,atorvastatin
E000184,pantoprazole
E000184,warfarin
E000185,insulin
E000185,pantoprazole
E000185,warfarin
E000185,paracetamol
E000185,metformin
E000185,salbutamol
E000186,paracetamol
E000186,insulin
E000186,warfarin
E000186,metformin
E000187,salbutamol
E000187,amlodipine
E000188,paracetamol
E000188,pantoprazole
E000188,atorvastatin
E000189,ceftriaxone
E000189,paracetamol
E000189,warfarin
E000189,aspirin
E000189,metformin
E000189,furosemide
E000189,metoprolol
E000189,enalapril
E000190,digoxin
E000190,amlodipine
E000190,paracetamol
E000190,enalapril
E000190,insulin
E000190,aspirin
E000190,prednisolone
E000190,warfarin
E000191,spironolactone
E000191,enalapril
E000191,atorvastatin
E000191,insulin
E000191,metformin
E000192,insulin
E000192,paracetamol
E000192,spironolactone
E000192,ceftriaxone
E000192,warfarin
E000192,enalapril
E000192,prednisolone
E000192,pantoprazole
E000192,metformin
E000192,aspirin
E000192,digoxin
E000193,metformin
E000193,insulin
E000193,digoxin
E000193,enalapril
E000194,ceftriaxone
E000194,furosemide
E000194,salbutamol
E000194,warfarin
E000194,metformin
E000194,spironolactone
E000194,atorvastatin
E000194,enalapril
E000194,paracetamol
E000194,prednisolone
E000195,pantoprazole
E000195,insulin
E000195,ceftriaxone
E000195,prednisolone
E000195,salbutamol
E000195,amlodipine
E000196,insulin
E000196,atorvastatin
E000196,digoxin
E000196,ceftriaxone
E000197,insulin
E000198,prednisolone
E000198,pantoprazole
E000199,enalapril
E000199,atorvastatin
E000199,amlodipine
E000199,spironolactone
E000199,prednisolone
E000199,paracetamol
E000199,furosemide
E000199,pantoprazole
E000200,metoprolol
E000200,paracetamol
E000200,digoxin
E000200,prednisolone
E000201,warfarin
E000201,amlodipine
E000201,salbutamol
E000201,digoxin
E000202,amlodipine
E000202,pantoprazole
E000202,salbutamol
E000202,ceftriaxone
E000202,insulin
E000202,aspirin
E000202,enalapril
E000202,warfarin
E000202,spironolactone
E000203,salbutamol
E000203,digoxin
E000203,paracetamol
E000203,enalapril
E000203,aspirin
E000204,salbutamol
E000204,ceftriaxone
E000204,insulin
E000204,paracetamol
E000205,ceftriaxone
E000205,enalapril
E000205,paracetamol
E000205,furosemide
E000205,insulin
E000205,metformin
E000205,atorvastatin
E000206,warfarin
E000206,enalapril
E000206,atorvastatin
E000207,pantoprazole
E000207,amlodipine
E000207,prednisolone
E000207,aspirin
E000207,metformin
E000207,insulin
E000208,furosemide
E000208,digoxin
E000208,metoprolol
E000208,pantoprazole
E000208,amlodipine
E000209,insulin
E000209,warfarin
E000209,ceftriaxone
E000210,furosemide
E000210,atorvastatin
E000210,pantoprazole
E000210,enalapril
E000210,amlodipine
E000210,digoxin
E000210,metoprolol
E000210,spironolactone
E000210,prednisolone
E000210,ceftriaxone
E000211,atorvastatin
E000211,spironolactone
E000211,metoprolol
E000211,paracetamol
E000211,prednisolone
E000211,pantoprazole
E000211,enalapril
E000211,ceftriaxone
E000212,atorvastatin
E000212,paracetamol
E000212,spironolactone
E000212,salbutamol
E000212,insulin
E000212,pantoprazole
E000213,amlodipine
E000213,insulin
E000213,atorvastatin
E000213,ceftriaxone
E000213,pantoprazole
E000213,prednisolone
E000213,aspirin
E000214,metformin
E000214,amlodipine
E000214,salbutamol
E000214,furosemide
E000214,paracetamol
E000214,ceftriaxone
E000214,aspirin
E000214,digoxin
E000214,pantoprazole
E000214,insulin
E000214,atorvastatin
E000214,prednisolone
E000215,prednisolone
E000215,metformin
E000215,digoxin
E000215,ceftriaxone
E000215,enalapril
E000216,prednisolone
E000216,metoprolol
E000216,aspirin
E000216,amlodipine
E000217,spironolactone
E000217,digoxin
E000217,paracetamol
E000217,metformin
E000217,aspirin
E000217,furosemide
E000217,atorvastatin
E000217,warfarin
E000218,paracetamol
E000218,metformin
E000218,ceftriaxone
E000218,amlodipine
E000218,pantoprazole
E000218,furosemide
E000218,spironolactone
E000219,digoxin
E000219,warfarin
E000219,amlodipine
E000219,metformin
E000219,prednisolone
E000220,furosemide
E000220,amlodipine
E000220,paracetamol
E000220,insulin
E000220,ceftriaxone
E000220,enalapril
E000220,metoprolol
E000221,metoprolol
E000221,paracetamol
E000221,metformin
E000221,prednisolone
E000221,insulin
E000221,warfarin
E000222,paracetamol
E000222,atorvastatin
E000222,enalapril
E000222,metoprolol
E000222,prednisolone
E000222,warfarin
E000222,pantoprazole
E000222,ceftriaxone
E000222,spironolactone
E000222,salbutamol
E000222,insulin
E000223,metformin
E000223,prednisolone
E000223,paracetamol
E000223,spironolactone
E000223,enalapril
E000224,warfarin
E000224,insulin
E000224,pantoprazole
E000224,ceftriaxone
E000224,atorvastatin
E000224,metformin
E000224,digoxin
E000225,prednisolone
E000225,warfarin
E000225,insulin
E000225,ceftriaxone
E000225,aspirin
E000225,metoprolol
E000226,atorvastatin
E000226,furosemide
E000226,metoprolol
E000226,ceftriaxone
E000226,digoxin
E000227,salbutamol
E000227,paracetamol
E000228,amlodipine
E000228,furosemide
E000228,aspirin
E000228,metformin
E000228,atorvastatin
E000228,insulin
E000229,paracetamol
E000229,insulin
E000230,spironolactone
E000230,enalapril
E000230,metformin
E000230,pantoprazole
E000230,insulin
E000230,salbutamol
E000231,enalapril
E000231,spironolactone
E000231,metformin
E000231,amlodipine
E000232,furosemide
E000232,enalapril
E000232,prednisolone
E000232,aspirin
E000232,insulin
E000232,pantoprazole
E000232,metformin
E000232,atorvastatin
E000232,digoxin
E000232,warfarin
E000232,spironolactone
E000232,ceftriaxone
E000233,spironolactone
E000233,digoxin
E000233,ceftriaxone
E000234,furosemide
E000234,warfarin
E000234,pantoprazole
E000235,furosemide
E000235,metoprolol
E000235,salbutamol
E000235,enalapril
E000235,digoxin
E000235,insulin
E000235,spironolactone
E000235,paracetamol
E000236,pantoprazole
E000236,salbutamol
E000236,insulin
E000236,metoprolol
E000236,furosemide
E000236,spironolactone
E000236,aspirin
E000237,atorvastatin
E000237,insulin
E000237,aspirin
E000237,metformin
E000237,pantoprazole
E000237,warfarin
E000237,enalapril
E000237,ceftriaxone
E000238,warfarin
E000238,atorvastatin
E000238,metoprolol
E000238,aspirin
E000238,ceftriaxone
E000239,spironolactone
E000239,metformin
E000239,aspirin
E000239,digoxin
E000239,atorvastatin
E000239,paracetamol
E000240,ceftriaxone
E000240,insulin
E000240,aspirin
E000240,furosemide
E000240,amlodipine
E000240,metformin
E000240,prednisolone
E000240,warfarin
E000240,metoprolol
E000240,spironolactone
E000241,salbutamol
E000241,atorvastatin
E000241,insulin
E000241,aspirin
E000241,spironolactone
E000241,digoxin
E000241,furosemide
E000241,enalapril
E000241,ceftriaxone
E000241,prednisolone
E000241,metformin
E000241,metoprolol
E000241,warfarin
E000241,amlodipine
E000241,paracetamol
E000242,salbutamol
E000242,ceftriaxone
E000242,warfarin
E000243,paracetamol
E000243,metoprolol
E000243,aspirin
E000243,metformin
E000243,furosemide
E000243,spironolactone
E000243,insulin
E000243,warfarin
E000243,digoxin
E000244,spironolactone
E000244,warfarin
E000244,enalapril
E000244,amlodipine
E000244,furosemide
E000245,metoprolol
E000246,paracetamol
E000246,salbutamol
E000246,digoxin
E000246,amlodipine
E000247,pantoprazole
E000247,warfarin
E000248,pantoprazole
E000248,spironolactone
E000248,enalapril
E000248,amlodipine
E000249,metformin
E000249,salbutamol
E000250,salbutamol
E000250,paracetamol
E000251,paracetamol
E000251,salbutamol
E000251,insulin
E000251,warfarin
E000251,atorvastatin
E000251,aspirin
E000252,ceftriaxone
E000252,warfarin
E000252,prednisolone
E000252,furosemide
E000252,salbutamol
E000252,aspirin
E000252,paracetamol
E000252,enalapril
E000252,insulin
E000252,atorvastatin
E000252,digoxin
E000252,metoprolol
E000253,paracetamol
E000253,furosemide
E000253,warfarin
E000253,prednisolone
E000253,ceftriaxone
E000254,spironolactone
E000254,atorvastatin
E000254,amlodipine
E000254,ceftriaxone
E000254,paracetamol
E000254,furosemide
E000254,pantoprazole
E000254,prednisolone
E000255,prednisolone
E000255,metformin
E000255,warfarin
E000255,paracetamol
E000255,digoxin
E000255,pantoprazole
E000256,digoxin
E000256,salbutamol
E000256,paracetamol
E000256,metoprolol
E000256,ceftriaxone
E000256,warfarin
E000256,amlodipine
E000257,insulin
E000257,pantoprazole
E000257,amlodipine
E000257,salbutamol
E000257,spironolactone
E000257,aspirin
E000257,furosemide
E000257,warfarin
E000258,aspirin
E000258,warfarin
E000258,spironolactone
E000258,insulin
E000258,furosemide
E000258,prednisolone
E000259,salbutamol
E000259,atorvastatin
E000259,warfarin
E000259,insulin
E000259,pantoprazole
E000260,aspirin
E000260,prednisolone
E000260,insulin
E000260,metformin
E000260,ceftriaxone
E000261,furosemide
E000261,aspirin
E000261,prednisolone
E000261,ceftriaxone
E000261,amlodipine
E000261,spironolactone
E000261,pantoprazole
E000261,metformin
E000261,warfarin
E000262,metoprolol
E000262,furosemide
E000262,digoxin
E000262,insulin
E000262,metformin
E000262,prednisolone
E000262,amlodipine
E000263,digoxin
E000263,furosemide
E000263,prednisolone
E000263,spironolactone
E000263,salbutamol
E000263,warfarin
E000264,warfarin
E000264,pantoprazole
E000264,metformin
E000264,salbutamol
E000264,digoxin
E000264,furosemide
E000264,atorvastatin
E000265,paracetamol
E000265,digoxin
E000265,furosemide
E000265,insulin
E000265,atorvastatin
E000266,salbutamol
E000266,furosemide
E000266,prednisolone
E000267,furosemide
E000267,spironolactone
E000268,enalapril
E000268,aspirin
E000269,warfarin
E000269,pantoprazole
E000269,ceftriaxone
E000269,paracetamol
E000269,atorvastatin
E000270,pantoprazole
E000270,insulin
E000270,metoprolol
E000270,metformin
E000270,paracetamol
E000270,spironolactone
E000270,prednisolone
E000271,prednisolone
E000271,paracetamol
E000271,amlodipine
E000271,metformin
E000272,metoprolol
E000272,aspirin
E000272,spironolactone
E000272,warfarin
E000272,ceftriaxone
E000272,paracetamol
E000272,furosemide
E000272,insulin
E000273,salbutamol
E000273,metformin
E000273,prednisolone
E000273,pantoprazole
E000273,digoxin
E000273,aspirin
E000273,paracetamol
E000274,spironolactone
E000274,atorvastatin
E000274,metformin
E000274,salbutamol
E000274,insulin
E000274,paracetamol
E000274,enalapril
E000275,paracetamol
E000275,spironolactone
E000275,salbutamol
E000275,metoprolol
E000276,digoxin
E000276,ceftriaxone
E000276,enalapril
E000276,furosemide
E000276,salbutamol
E000277,metformin
E000277,metoprolol
E000277,paracetamol
E000277,amlodipine
E000278,warfarin
E000278,furosemide
E000278,ceftriaxone
E000278,salbutamol
E000278,enalapril
E000279,insulin
E000279,furosemide
E000279,pantoprazole
E000279,enalapril
E000279,ceftriaxone
E000279,prednisolone
E000279,metformin
E000280,enalapril
E000280,pantoprazole
E000281,warfarin
E000282,pantoprazole
E000282,warfarin
E000282,aspirin
E000282,enalapril
E000282,insulin
E000282,furosemide
E000282,metoprolol
E000282,digoxin
E000282,prednisolone
E000282,salbutamol
E000283,spironolactone
E000283,warfarin
E000283,aspirin
E000283,ceftriaxone
E000283,pantoprazole
E000283,insulin
E000283,amlodipine
E000283,metformin
E000284,aspirin
E000284,warfarin
E000284,paracetamol
E000284,metformin
E000284,spironolactone
E000284,ceftriaxone
E000284,enalapril
E000285,spironolactone
E000285,furosemide
E000285,metoprolol
E000285,enalapril
E000285,pantoprazole
E000285,salbutamol
E000286,digoxin
E000286,ceftriaxone
E000286,atorvastatin
E000286,insulin
E000286,warfarin
E000286,aspirin
E000287,paracetamol
E000287,atorvastatin
E000287,salbutamol
E000287,digoxin
E000287,enalapril
E000287,metoprolol
E000287,spironolactone
E000287,amlodipine
E000288,enalapril
E000288,amlodipine
E000288,metformin
E000288,warfarin
E000288,aspirin
E000288,prednisolone
E000288,digoxin
E000289,prednisolone
E000290,warfarin
E000290,spironolactone
E000290,metoprolol
E000290,metformin
E000290,insulin
E000290,aspirin
E000290,ceftriaxone
E000291,pantoprazole
E000291,insulin
E000291,warfarin
E000291,salbutamol
E000292,aspirin
E000292,amlodipine
E000292,prednisolone
E000292,metoprolol
E000292,insulin
E000292,spironolactone
E000292,pantoprazole
E000292,paracetamol
E000292,furosemide
E000292,salbutamol
E000293,metoprolol
E000293,warfarin
E000293,spironolactone
E000293,enalapril
E000293,ceftriaxone
E000293,insulin
E000293,amlodipine
E000294,prednisolone
E000294,insulin
E000294,warfarin
E000294,paracetamol
E000294,furosemide
E000294,metoprolol
E000294,ceftriaxone
E000294,digoxin
E000294,metformin
E000294,salbutamol
E000295,enalapril
E000295,digoxin
E000295,insulin
E000295,paracetamol
E000295,ceftriaxone
E000295,spironolactone
E000296,prednisolone
E000296,pantoprazole
E000296,metformin
E000296,salbutamol
E000297,furosemide
E000298,digoxin
E000298,warfarin
E000298,pantoprazole
E000298,amlodipine
E000298,paracetamol
E000298,prednisolone
E000298,salbutamol
E000298,furosemide
E000298,atorvastatin
E000299,pantoprazole
E000299,metoprolol
E000299,warfarin
E000300,furosemide
E000300,metoprolol
E000300,prednisolone
E000300,ceftriaxone
E000300,pantoprazole
E000300,enalapril
E000300,salbutamol
E000300,spironolactone
E000301,pantoprazole
E000301,ceftriaxone
E000301,amlodipine
E000301,insulin
E000302,atorvastatin
E000302,insulin
E000302,furosemide
E000302,metformin
E000302,enalapril
E000303,ceftriaxone
E000303,prednisolone
E000303,salbutamol
E000304,warfarin
E000304,metformin
E000304,spironolactone
E000304,aspirin
E000304,digoxin
E000304,enalapril
E000304,insulin
E000305,prednisolone
E000305,warfarin
E000305,metoprolol
E000305,atorvastatin
E000305,amlodipine
E000305,ceftriaxone
E000306,metformin
E000306,spironolactone
E000306,aspirin
E000306,ceftriaxone
E000306,atorvastatin
E000306,warfarin
E000306,metoprolol
E000306,amlodipine
E000307,pantoprazole
E000307,metformin
E000307,spironolactone
E000307,insulin
E000307,paracetamol
E000307,digoxin
E000307,furosemide
E000308,salbutamol
E000308,paracetamol
E000308,pantoprazole
E000309,digoxin
E000309,paracetamol
E000309,amlodipine
E000309,aspirin
E000309,furosemide
E000309,prednisolone
E000309,pantoprazole
E000310,atorvastatin
E000310,paracetamol
E000310,digoxin
E000310,prednisolone
E000310,warfarin
E000311,pantoprazole
E000311,atorvastatin
E000311,ceftriaxone
E000312,metformin
E000312,salbutamol
E000312,furosemide
E000312,aspirin
E000312,spironolactone
E000312,atorvastatin
E000312,amlodipine
E000312,warfarin
E000313,furosemide
E000313,salbutamol
E000313,amlodipine
E000313,ceftriaxone
E000313,enalapril
E000313,digoxin
E000314,enalapril
E000314,salbutamol
E000314,ceftriaxone
E000315,spironolactone
E000315,warfarin
E000315,enalapril
E000316,digoxin
E000316,pantoprazole
E000316,paracetamol
E000316,warfarin
E000316,prednisolone
E000316,enalapril
E000316,furosemide
E000316,insulin
E000316,ceftriaxone
E000316,atorvastatin
E000317,salbutamol
E000317,aspirin
E000317,warfarin
E000317,metoprolol
E000318,pantoprazole
E000318,furosemide
E000319,furosemide
E000319,amlodipine
E000319,metformin
E000320,paracetamol
E000320,insulin
E000320,enalapril
E000320,prednisolone
E000320,warfarin
E000320,metoprolol
E000320,ceftriaxone
E000321,insulin
E000321,spironolactone
E000321,pantoprazole
E000321,salbutamol
E000321,furosemide
E000321,ceftriaxone
E000321,atorvastatin
E000321,metoprolol
E000322,prednisolone
E000322,spironolactone
E000322,pantoprazole
E000322,metoprolol
E000322,insulin
E000323,furosemide
E000323,paracetamol
E000323,aspirin
E000323,enalapril
E000323,digoxin
E000324,spironolactone
E000324,insulin
E000324,warfarin
E000324,salbutamol
E000324,atorvastatin
E000324,metoprolol
E000324,amlodipine
E000324,pantoprazole
E000325,spironolactone
E000325,atorvastatin
E000325,enalapril
E000325,furosemide
E000325,ceftriaxone
E000325,paracetamol
E000326,digoxin
E000326,ceftriaxone
E000326,paracetamol
E000326,metoprolol
E000326,metformin
E000327,salbutamol
E000327,atorvastatin
E000327,ceftriaxone
E000327,metformin
E000327,pantoprazole
E000327,insulin
E000327,furosemide
E000327,digoxin
E000327,amlodipine
E000328,enalapril
E000328,atorvastatin
E000328,salbutamol
E000328,spironolactone
E000328,aspirin
E000328,metoprolol
E000328,paracetamol
E000329,atorvastatin
E000329,spironolactone
E000329,salbutamol
E000329,pantoprazole
E000329,warfarin
E000330,amlodipine
E000330,aspirin
E000330,warfarin
E000330,atorvastatin
E000330,digoxin
E000331,paracetamol
E000331,atorvastatin
E000331,metoprolol
E000332,paracetamol
E000332,atorvastatin
E000332,pantoprazole
E000332,amlodipine
E000332,salbutamol
E000333,warfarin
E000333,insulin
E000333,paracetamol
E000333,furosemide
E000333,spironolactone
E000334,insulin
E000334,metoprolol
E000334,enalapril
E000334,paracetamol
E000334,metformin
E000334,aspirin
E000334,ceftriaxone
E000334,spironolactone
E000335,furosemide
E000335,prednisolone
E000335,metoprolol
E000335,atorvastatin
E000335,metformin
E000335,aspirin
E000335,ceftriaxone
E000336,enalapril
E000336,insulin
E000336,paracetamol
E000336,atorvastatin
E000336,digoxin
E000336,spironolactone
E000336,warfarin
E000337,paracetamol
E000337,salbutamol
E000337,aspirin
E000337,warfarin
E000337,prednisolone
E000338,warfarin
E000338,prednisolone
E000338,salbutamol
E000338,amlodipine
E000339,atorvastatin
E000339,amlodipine
E000340,metoprolol
E000340,metformin
E000340,spironolactone
E000340,prednisolone
E000341,amlodipine
E000341,paracetamol
E000341,aspirin
E000341,atorvastatin
E000341,spironolactone
E000341,prednisolone
E000341,salbutamol
E000342,ceftriaxone
E000342,pantoprazole
E000342,warfarin
E000342,insulin
E000342,furosemide
E000342,salbutamol
E000342,spironolactone
E000343,pantoprazole
E000343,spironolactone
E000343,aspirin
E000343,furosemide
E000344,insulin
E000344,spironolactone
E000344,metoprolol
E000344,prednisolone
E000344,metformin
E000344,warfarin
E000344,salbutamol
E000344,ceftriaxone
E000344,furosemide
E000344,digoxin
E000345,furosemide
E000345,pantoprazole
E000345,warfarin
E000345,paracetamol
E000346,paracetamol
E000346,furosemide
E000346,aspirin
E000347,paracetamol
E000347,digoxin
E000347,metoprolol
E000347,spironolactone
E000348,atorvastatin
E000348,metoprolol
E000348,furosemide
E000349,prednisolone
E000349,aspirin
E000349,ceftriaxone
E000349,metoprolol
E000349,metformin
E000350,warfarin
E000350,paracetamol
E000350,atorvastatin
E000350,furosemide
E000350,insulin
E000350,spironolactone
E000350,digoxin
E000351,insulin
E000351,amlodipine
E000351,ceftriaxone
E000351,prednisolone
E000352,warfarin
E000352,atorvastatin
E000352,aspirin
E000352,spironolactone
E000352,digoxin
E000352,ceftriaxone
E000352,insulin
E000353,salbutamol
E000353,pantoprazole
E000353,furosemide
E000353,ceftriaxone
E000353,aspirin
E000353,insulin
E000353,enalapril
E000353,metformin
E000353,digoxin
E000353,warfarin
E000354,metformin
E000354,digoxin
E000354,prednisolone
E000354,furosemide
E000354,metoprolol
E000355,ceftriaxone
E000355,paracetamol
E000355,furosemide
E000355,salbutamol
E000355,spironolactone
E000355,warfarin
E000355,aspirin
E000355,metformin
E000355,pantoprazole
E000355,insulin
E000355,digoxin
E000355,atorvastatin
E000356,pantoprazole
E000356,salbutamol
E000356,warfarin
E000356,ceftriaxone
E000356,amlodipine
E000357,digoxin
E000357,insulin
E000358,warfarin
E000358,metoprolol
E000358,enalapril
E000358,paracetamol
E000358,prednisolone
E000359,warfarin
E000359,atorvastatin
E000359,paracetamol
E000359,pantoprazole
E000359,metoprolol
E000359,insulin
E000359,salbutamol
E000359,ceftriaxone
E000360,paracetamol
E000360,warfarin
E000360,pantoprazole
E000361,metformin
E000361,digoxin
E000361,atorvastatin
E000362,enalapril
E000362,atorvastatin
E000362,furosemide
E000363,enalapril
E000363,paracetamol
E000363,warfarin
E000363,aspirin
E000363,pantoprazole
E000363,furosemide
E000364,metformin
E000364,atorvastatin
E000364,paracetamol
E000364,warfarin
E000364,ceftriaxone
E000364,furosemide
E000364,insulin
E000364,aspirin
E000364,digoxin
E000364,salbutamol
E000365,metformin
E000365,digoxin
E000365,prednisolone
E000365,amlodipine
E000365,aspirin
E000366,aspirin
E000366,pantoprazole
E000366,salbutamol
E000367,metformin
E000367,paracetamol
E000367,salbutamol
E000367,warfarin
E000367,ceftriaxone
E000368,metformin
E000368,prednisolone
E000368,paracetamol
E000368,metoprolol
E000369,aspirin
E000369,amlodipine
E000369,metoprolol
E000369,warfarin
E000369,paracetamol
E000369,spironolactone
E000370,insulin
E000370,pantoprazole
E000370,atorvastatin
E000370,aspirin
E000370,ceftriaxone
E000370,enalapril
E000370,paracetamol
E000370,prednisolone
E000371,digoxin
E000371,amlodipine
E000371,spironolactone
E000372,insulin
E000372,aspirin
E000372,digoxin
E000372,salbutamol
E000373,spironolactone
E000373,amlodipine
E000373,furosemide
E000373,atorvastatin
E000373,insulin
E000374,salbutamol
E000374,pantoprazole
E000374,paracetamol
E000374,spironolactone
E000374,atorvastatin
E000374,amlodipine
E000375,amlodipine
E000375,metformin
E000375,metoprolol
E000376,aspirin
E000376,atorvastatin
E000376,metformin
E000376,prednisolone
E000376,enalapril
E000377,insulin
E000377,atorvastatin
E000377,pantoprazole
E000377,metformin
E000377,spironolactone
E000377,digoxin
E000378,pantoprazole
E000378,amlodipine
E000378,aspirin
E000378,metoprolol
E000378,metformin
E000378,spironolactone
E000378,enalapril
E000378,ceftriaxone
E000378,paracetamol
E000378,warfarin
E000378,prednisolone
E000378,salbutamol
E000378,insulin
E000379,prednisolone
E000379,metoprolol
E000379,salbutamol
E000379,amlodipine
E000379,ceftriaxone
E000379,pantoprazole
E000380,salbutamol
E000380,warfarin
E000380,paracetamol
E000380,amlodipine
E000380,aspirin
E000381,ceftriaxone
E000381,atorvastatin
E000381,salbutamol
E000381,prednisolone
E000381,metformin
E000382,warfarin
E000382,atorvastatin
E000382,prednisolone
E000382,furosemide
E000382,ceftriaxone
E000382,pantoprazole
E000382,metformin
E000382,metoprolol
E000383,pantoprazole
E000383,ceftriaxone
E000383,spironolactone
E000383,paracetamol
E000383,warfarin
E000383,prednisolone
E000384,warfarin
E000384,insulin
E000384,amlodipine
E000384,digoxin
E000384,enalapril
E000385,salbutamol
E000385,amlodipine
E000385,aspirin
E000385,spironolactone
E000385,furosemide
E000386,atorvastatin
E000386,aspirin
E000386,furosemide
E000386,pantoprazole
E000386,warfarin
E000386,amlodipine
E000386,insulin
E000386,paracetamol
E000386,metformin
E000386,ceftriaxone
E000387,ceftriaxone
E000387,salbutamol
E000387,paracetamol
E000387,aspirin
E000387,enalapril
E000388,digoxin
E000388,pantoprazole
E000388,salbutamol
E000388,metoprolol
E000388,paracetamol
E000389,atorvastatin
E000389,enalapril
E000389,amlodipine
E000389,metoprolol
E000389,warfarin
E000389,digoxin
E000389,aspirin
E000389,paracetamol
E000390,pantoprazole
E000390,ceftriaxone
E000390,prednisolone
E000390,furosemide
E000390,enalapril
E000390,atorvastatin
E000391,prednisolone
E000391,digoxin
E000392,metoprolol
E000392,enalapril
E000392,ceftriaxone
E000392,prednisolone
E000393,warfarin
E000393,prednisolone
E000393,metformin
E000393,paracetamol
E000393,spironolactone
E000393,ceftriaxone
E000393,metoprolol
E000394,ceftriaxone
E000394,aspirin
E000394,metoprolol
E000394,atorvastatin
E000394,paracetamol
E000394,prednisolone
E000394,digoxin
E000394,spironolactone
E000395,pantoprazole
E000395,enalapril
E000395,furosemide
E000395,salbutamol
E000395,digoxin
E000395,insulin
E000395,spironolactone
E000395,aspirin
E000395,metoprolol
E000395,atorvastatin
E000396,paracetamol
E000396,aspirin
E000396,furosemide
E000396,atorvastatin
E000396,amlodipine
E000397,enalapril
E000397,paracetamol
E000397,prednisolone
E000397,amlodipine
E000397,digoxin
E000397,metoprolol
E000398,paracetamol
E000398,metoprolol
E000398,warfarin
E000398,enalapril
E000398,digoxin
E000399,ceftriaxone
E000400,metformin
E000400,metoprolol
E000400,salbutamol
E000400,prednisolone
E000401,furosemide
E000401,metoprolol
E000401,insulin
E000401,prednisolone
E000402,aspirin
E000402,metoprolol
E000402,spironolactone
E000402,prednisolone
E000402,salbutamol
E000402,atorvastatin
E000402,furosemide
E000402,paracetamol
E000402,pantoprazole
E000403,metoprolol
E000403,prednisolone
E000403,aspirin
E000403,enalapril
E000403,paracetamol
E000404,digoxin
E000404,pantoprazole
E000404,aspirin
E000404,ceftriaxone
E000404,enalapril
E000405,aspirin
E000405,metoprolol
E000405,furosemide
E000405,spironolactone
E000405,paracetamol
E000406,metoprolol
E000406,aspirin
E000406,spironolactone
E000406,paracetamol
E000406,prednisolone
E000406,pantoprazole
E000406,amlodipine
E000406,metformin
E000406,salbutamol
E000407,prednisolone
E000407,paracetamol
E000407,insulin
E000407,metoprolol
E000407,amlodipine
E000407,pantoprazole
E000407,ceftriaxone
E000407,enalapril
E000407,spironolactone
E000408,pantoprazole
E000408,paracetamol
E000408,ceftriaxone
E000408,spironolactone
E000408,warfarin
E000408,atorvastatin
E000408,enalapril
E000408,metformin
E000408,aspirin
E000409,furosemide
E000409,insulin
E000409,salbutamol
E000409,enalapril
E000409,warfarin
E000409,metformin
E000409,pantoprazole
E000409,prednisolone
E000410,insulin
E000410,ceftriaxone
E000410,pantoprazole
E000410,furosemide
E000410,amlodipine
E000410,warfarin
E000410,metoprolol
E000411,ceftriaxone
E000411,enalapril
E000411,paracetamol
E000411,salbutamol
E000411,atorvastatin
E000412,aspirin
E000412,enalapril
E000412,metformin
E000412,metoprolol
E000412,ceftriaxone
E000412,amlodipine
E000412,pantoprazole
E000413,enalapril
E000413,furosemide
E000413,ceftriaxone
E000413,metoprolol
E000413,atorvastatin
E000413,paracetamol
E000413,digoxin
E000413,insulin
E000413,prednisolone
E000413,salbutamol
E000413,metformin
E000414,warfarin
E000414,spironolactone
E000414,metformin
E000415,digoxin
E000415,furosemide
E000415,metoprolol
E000415,atorvastatin
E000416,atorvastatin
E000416,spironolactone
E000416,furosemide
E000417,furosemide
E000417,digoxin
E000417,metformin
E000418,atorvastatin
E000418,ceftriaxone
E000418,prednisolone
E000418,insulin
E000418,furosemide
E000418,amlodipine
E000418,aspirin
E000418,metformin
E000418,pantoprazole
E000418,enalapril
E000418,paracetamol
E000419,metoprolol
E000419,furosemide
E000419,metformin
E000420,spironolactone
E000420,digoxin
E000420,prednisolone
E000420,amlodipine
E000420,salbutamol
E000420,pantoprazole
E000420,furosemide
E000420,aspirin
E000421,digoxin
E000421,paracetamol
E000421,salbutamol
E000421,insulin
E000421,metformin
E000421,prednisolone
E000422,aspirin
E000422,metformin
E000422,salbutamol
E000422,paracetamol
E000422,metoprolol
E000422,amlodipine
E000422,ceftriaxone
E000422,insulin
E000423,metoprolol
E000423,digoxin
E000423,metformin
E000424,spironolactone
E000424,enalapril
E000424,prednisolone
E000424,metformin
E000424,paracetamol
E000424,aspirin
E000424,atorvastatin
E000425,aspirin
E000425,metformin
E000425,ceftriaxone
E000425,metoprolol
E000425,prednisolone
E000426,spironolactone
E000426,insulin
E000426,enalapril
E000426,prednisolone
E000426,amlodipine
E000427,salbutamol
E000427,digoxin
E000427,spironolactone
E000427,ceftriaxone
E000427,atorvastatin
E000428,warfarin
E000428,spironolactone
E000428,pantoprazole
E000428,insulin
E000428,furosemide
E000428,metoprolol
E000429,paracetamol
E000429,metformin
E000429,spironolactone
E000429,metoprolol
E000430,warfarin
E000430,pantoprazole
E000430,insulin
E000431,metoprolol
E000431,prednisolone
E000432,salbutamol
E000432,aspirin
E000432,paracetamol
E000432,insulin
E000432,metformin
E000433,warfarin
E000433,salbutamol
E000433,enalapril
E000434,furosemide
E000434,paracetamol
E000434,insulin
E000434,salbutamol
E000435,furosemide
E000435,atorvastatin
E000435,warfarin
E000435,salbutamol
E000435,paracetamol
E000436,metoprolol
E000436,spironolactone
E000436,warfarin
E000436,prednisolone
E000436,atorvastatin
E000436,aspirin
E000437,digoxin
E000437,warfarin
E000437,spironolactone
E000437,pantoprazole
E000437,salbutamol
E000437,amlodipine
E000438,metoprolol
E000438,spironolactone
E000439,enalapril
E000439,pantoprazole
E000439,amlodipine
E000439,atorvastatin
E000439,prednisolone
E000439,metformin
E000439,paracetamol
E000439,metoprolol
E000439,spironolactone
E000439,insulin
E000439,digoxin
E000439,furosemide
E000440,metformin
E000440,ceftriaxone
E000440,metoprolol
E000440,atorvastatin
E000440,digoxin
E000440,paracetamol
E000440,insulin
E000440,warfarin
E000440,furosemide
E000440,amlodipine
E000440,prednisolone
E000441,atorvastatin
E000441,furosemide
E000441,metoprolol
E000441,pantoprazole
E000441,prednisolone
E000441,ceftriaxone
E000441,warfarin
E000442,metoprolol
E000442,warfarin
E000442,paracetamol
E000442,amlodipine
E000442,digoxin
E000442,insulin
E000442,salbutamol
E000442,spironolactone
E000443,furosemide
E000443,prednisolone
E000443,pantoprazole
E000444,metoprolol
E000444,insulin
E000445,enalapril
E000445,salbutamol
E000445,warfarin
E000445,atorvastatin
E000445,paracetamol
E000446,paracetamol
E000446,pantoprazole
E000446,aspirin
E000447,paracetamol
E000447,pantoprazole
E000447,metoprolol
E000447,spironolactone
E000448,aspirin
E000448,enalapril
E000448,insulin
E000448,atorvastatin
E000449,aspirin
E000449,prednisolone
E000449,warfarin
E000449,ceftriaxone
E000449,metoprolol
E000449,atorvastatin
E000450,digoxin
E000450,salbutamol
E000450,amlodipine
E000451,atorvastatin
E000451,amlodipine
E000452,spironolactone
E000452,insulin
E000452,atorvastatin
E000452,furosemide
E000452,digoxin
E000452,pantoprazole
E000452,metformin
E000452,metoprolol
E000452,salbutamol
E000452,aspirin
E000453,enalapril
E000453,furosemide
E000453,aspirin
E000453,spironolactone
E000453,warfarin
E000453,pantoprazole
E000453,digoxin
E000454,warfarin
E000454,enalapril
E000454,digoxin
E000455,spironolactone
E000455,furosemide
E000455,prednisolone
E000455,paracetamol
E000455,metoprolol
E000455,pantoprazole
E000455,atorvastatin
E000455,amlodipine
E000455,aspirin
E000456,metformin
E000456,prednisolone
E000456,spironolactone
E000456,enalapril
E000456,atorvastatin
E000457,furosemide
E000457,amlodipine
E000457,prednisolone
E000457,metformin
E000457,metoprolol
E000457,paracetamol
E000457,pantoprazole
E000458,metformin
E000458,amlodipine
E000458,enalapril
E000458,paracetamol
E000458,atorvastatin
E000458,aspirin
E000458,furosemide
E000458,insulin
E000459,paracetamol
E000459,ceftriaxone
E000459,salbutamol
E000459,amlodipine
E000460,pantoprazole
E000460,ceftriaxone
E000460,metoprolol
E000460,atorvastatin
E000460,insulin
E000460,salbutamol
E000460,enalapril
E000461,aspirin
E000461,metformin
E000461,metoprolol
E000461,digoxin
E000461,amlodipine
E000461,prednisolone
E000461,enalapril
E000461,warfarin
E000461,salbutamol
E000462,insulin
E000462,furosemide
E000462,pantoprazole
E000462,spironolactone
E000462,paracetamol
E000463,enalapril
E000463,aspirin
E000463,prednisolone
E000463,digoxin
E000464,atorvastatin
E000464,aspirin
E000464,warfarin
E000464,salbutamol
E000464,spironolactone
E000464,metformin
E000465,pantoprazole
E000465,metoprolol
E000465,insulin
E000465,spironolactone
E000465,furosemide
E000465,atorvastatin
E000466,spironolactone
E000466,furosemide
E000466,enalapril
E000467,atorvastatin
E000467,paracetamol
E000467,enalapril
E000467,insulin
E000467,digoxin
E000467,furosemide
E000468,prednisolone
E000468,enalapril
E000468,atorvastatin
E000468,aspirin
E000468,amlodipine
E000469,paracetamol
E000469,warfarin
E000469,spironolactone
E000469,atorvastatin
E000469,ceftriaxone
E000469,digoxin
E000470,enalapril
E000470,salbutamol
E000470,atorvastatin
E000470,pantoprazole
E000471,digoxin
E000471,enalapril
E000471,furosemide
E000471,amlodipine
E000471,metformin
E000471,paracetamol
E000471,insulin
E000472,salbutamol
E000472,aspirin
E000472,pantoprazole
E000472,digoxin
E000473,digoxin
E000473,ceftriaxone
E000474,salbutamol
E000474,insulin
E000474,amlodipine
E000475,insulin
E000475,atorvastatin
E000475,enalapril
E000475,digoxin
E000475,prednisolone
E000475,ceftriaxone
E000476,ceftriaxone
E000476,pantoprazole
E000476,enalapril
E000476,salbutamol
E000477,aspirin
E000477,salbutamol
E000477,atorvastatin
E000477,metoprolol
E000477,prednisolone
E000477,pantoprazole
E000477,insulin
E000477,furosemide
E000478,paracetamol
E000478,furosemide
E000478,salbutamol
E000478,aspirin
E000478,amlodipine
E000478,pantoprazole
E000478,ceftriaxone
E000478,prednisolone
E000478,atorvastatin
E000479,ceftriaxone
E000479,spironolactone
E000480,aspirin
E000480,metoprolol
E000480,atorvastatin
E000480,warfarin
E000480,insulin
E000480,digoxin
E000480,furosemide
E000480,ceftriaxone
E000480,amlodipine
E000481,amlodipine
E000481,ceftriaxone
E000481,furosemide
E000481,pantoprazole
E000481,warfarin
E000481,spironolactone
E000482,ceftriaxone
E000482,atorvastatin
E000482,salbutamol
E000482,paracetamol
E000482,insulin
E000482,amlodipine
E000482,metoprolol
E000482,prednisolone
E000483,ceftriaxone
E000483,furosemide
E000483,aspirin
E000483,metoprolol
E000483,paracetamol
E000483,pantoprazole
E000483,metformin
E000483,enalapril
E000483,digoxin
E000483,amlodipine
E000484,atorvastatin
E000484,prednisolone
E000484,insulin
E000484,metformin
E000484,aspirin
E000485,metoprolol
E000485,paracetamol
E000485,atorvastatin
E000485,ceftriaxone
E000485,aspirin
E000485,pantoprazole
E000485,insulin
E000486,aspirin
E000486,metformin
E000486,spironolactone
E000486,ceftriaxone
E000486,prednisolone
E000486,warfarin
E000486,pantoprazole
E000486,atorvastatin
E000486,enalapril
E000486,metoprolol
E000487,prednisolone
E000487,salbutamol
E000487,atorvastatin
E000488,prednisolone
E000488,pantoprazole
E000488,digoxin
E000488,enalapril
E000488,furosemide
E000488,spironolactone
E000489,furosemide
E000489,prednisolone
E000490,paracetamol
E000490,atorvastatin
E000490,salbutamol
E000491,metoprolol
E000491,metformin
E000491,spironolactone
E000491,furosemide
E000491,digoxin
E000492,metoprolol
E000492,aspirin
E000492,digoxin
E000492,spironolactone
E000492,ceftriaxone
E000492,insulin
E000493,enalapril
E000493,amlodipine
E000493,aspirin
E000493,furosemide
E000493,insulin
E000494,prednisolone
E000494,salbutamol
E000494,furosemide
E000494,enalapril
E000494,warfarin
E000494,paracetamol
E000494,amlodipine
E000494,digoxin
E000495,insulin
E000495,metoprolol
E000495,paracetamol
E000495,salbutamol
E000495,metformin
E000495,furosemide
E000495,atorvastatin
E000495,digoxin
E000496,paracetamol
E000496,ceftriaxone
E000496,amlodipine
E000496,aspirin
E000496,metformin
E000496,prednisolone
E000497,spironolactone
E000497,ceftriaxone
E000497,furosemide
E000497,prednisolone
E000498,amlodipine
E000498,paracetamol
E000498,insulin
E000499,metoprolol
E000499,enalapril
E000499,metformin
E000499,furosemide
E000500,furosemide
E000500,digoxin
E000501,enalapril
E000501,digoxin
E000501,prednisolone
E000502,ceftriaxone
E000502,spironolactone
E000503,furosemide
E000503,ceftriaxone
E000503,aspirin
E000503,prednisolone
E000503,warfarin
E000503,enalapril
E000503,atorvastatin
E000503,spironolactone
E000503,amlodipine
E000504,amlodipine
E000504,furosemide
E000504,metoprolol
E000504,insulin
E000504,enalapril
E000504,digoxin
E000504,aspirin
E000504,spironolactone
E000505,furosemide
E000505,pantoprazole
E000506,salbutamol
E000506,paracetamol
E000506,metformin
E000506,ceftriaxone
E000507,atorvastatin
E000507,paracetamol
E000507,ceftriaxone
E000508,aspirin
E000508,insulin
E000508,digoxin
E000508,ceftriaxone
E000509,metformin
E000510,aspirin
E000510,insulin
E000510,metformin
E000510,spironolactone
E000510,furosemide
E000511,digoxin
E000511,amlodipine
E000511,warfarin
E000511,pantoprazole
E000511,aspirin
E000512,warfarin
E000512,aspirin
E000512,pantoprazole
E000512,enalapril
E000512,spironolactone
E000512,amlodipine
E000512,digoxin
E000512,metoprolol
E000513,warfarin
E000513,prednisolone
E000513,amlodipine
E000513,spironolactone
E000513,salbutamol
E000513,atorvastatin
E000513,digoxin
E000514,paracetamol
E000514,pantoprazole
E000514,warfarin
E000514,amlodipine
E000514,metformin
E000514,digoxin
E000514,spironolactone
E000514,ceftriaxone
E000514,enalapril
E000514,salbutamol
E000514,prednisolone
E000514,atorvastatin
E000514,furosemide
E000515,warfarin
E000515,amlodipine
E000515,salbutamol
E000515,paracetamol
E000515,insulin
E000515,metformin
E000515,atorvastatin
E000515,digoxin
E000515,pantoprazole
E000515,furosemide
E000516,paracetamol
E000516,aspirin
E000516,amlodipine
E000517,aspirin
E000517,ceftriaxone
E000517,warfarin
E000517,digoxin
E000517,prednisolone
E000517,metoprolol
E000517,enalapril
E000517,metformin
E000517,pantoprazole
E000518,insulin
E000518,digoxin
E000518,metformin
E000518,furosemide
E000518,warfarin
E000518,pantoprazole
E000519,digoxin
E000519,ceftriaxone
E000519,aspirin
E000519,insulin
E000519,paracetamol
E000519,prednisolone
E000519,atorvastatin
E000520,insulin
E000520,ceftriaxone
E000520,digoxin
E000520,prednisolone
E000520,furosemide
E000520,salbutamol
E000520,warfarin
E000520,atorvastatin
E000520,enalapril
E000521,salbutamol
E000521,paracetamol
E000521,digoxin
E000521,furosemide
E000521,ceftriaxone
E000521,pantoprazole
E000521,metformin
E000522,prednisolone
E000522,atorvastatin
E000522,aspirin
E000522,paracetamol
E000523,furosemide
E000523,insulin
E000523,aspirin
E000523,digoxin
E000523,ceftriaxone
E000523,prednisolone
E000523,warfarin
E000523,amlodipine
E000524,insulin
E000524,metoprolol
E000524,ceftriaxone
E000524,spironolactone
E000524,salbutamol
E000524,paracetamol
E000524,warfarin
E000525,salbutamol
E000525,digoxin
E000525,prednisolone
E000526,pantoprazole
E000526,furosemide
E000526,enalapril
E000527,amlodipine
E000527,insulin
E000527,digoxin
E000527,pantoprazole
E000527,warfarin
E000527,prednisolone
E000528,enalapril
E000529,insulin
E000529,metoprolol
E000529,furosemide
E000530,insulin
E000530,pantoprazole
E000530,warfarin
E000530,amlodipine
E000530,paracetamol
E000530,ceftriaxone
E000530,enalapril
E000530,aspirin
E000531,insulin
E000531,prednisolone
E000531,aspirin
E000531,spironolactone
E000531,metformin
E000531,pantoprazole
E000532,aspirin
E000532,ceftriaxone
E000532,furosemide
E000532,warfarin
E000532,metformin
E000532,insulin
E000533,salbutamol
E000533,insulin
E000533,prednisolone
E000533,digoxin
E000533,aspirin
E000533,atorvastatin
E000533,spironolactone
E000533,furosemide
E000533,warfarin
E000533,metoprolol
E000533,metformin
E000534,atorvastatin
E000534,spironolactone
E000534,metoprolol
E000534,warfarin
E000534,insulin
E000534,salbutamol
E000534,paracetamol
E000534,ceftriaxone
E000535,digoxin
E000535,insulin
E000535,metformin
E000535,enalapril
E000535,salbutamol
E000536,metoprolol
E000536,salbutamol
E000536,insulin
E000536,aspirin
E000536,metformin
E000536,atorvastatin
E000536,amlodipine
E000536,prednisolone
E000536,digoxin
E000537,prednisolone
E000537,spironolactone
E000537,metformin
E000537,insulin
E000537,aspirin
E000537,ceftriaxone
E000537,digoxin
E000537,furosemide
E000537,amlodipine
E000537,metoprolol
E000537,paracetamol
E000538,furosemide
E000538,insulin
E000538,aspirin
E000538,metformin
E000538,warfarin
E000538,prednisolone
E000538,pantoprazole
E000538,paracetamol
E000538,metoprolol
E000539,salbutamol
E000539,insulin
E000539,pantoprazole
E000539,amlodipine
E000539,metformin
E000539,warfarin
E000539,metoprolol
E000539,atorvastatin
E000539,furosemide
E000540,amlodipine
E000540,furosemide
E000540,metoprolol
E000540,digoxin
E000540,enalapril
E000540,atorvastatin
E000540,salbutamol
E000541,insulin
E000541,warfarin
E000541,metformin
E000541,pantoprazole
E000541,spironolactone
E000541,amlodipine
E000541,prednisolone
E000542,digoxin
E000542,prednisolone
E000542,paracetamol
E000542,atorvastatin
E000542,furosemide
E000542,warfarin
E000542,spironolactone
E000543,spironolactone
E000543,atorvastatin
E000543,paracetamol
E000543,enalapril
E000543,aspirin
E000543,ceftriaxone
E000543,warfarin
E000543,prednisolone
E000543,amlodipine
E000544,aspirin
E000544,insulin
E000544,prednisolone
E000545,furosemide
E000545,amlodipine
E000545,ceftriaxone
E000545,aspirin
E000545,digoxin
E000546,prednisolone
E000546,aspirin
E000546,salbutamol
E000546,pantoprazole
E000546,ceftriaxone
E000546,metoprolol
E000546,metformin
E000546,furosemide
E000546,atorvastatin
E000547,enalapril
E000547,ceftriaxone
E000547,spironolactone
E000547,warfarin
E000547,aspirin
E000547,atorvastatin
E000548,insulin
E000548,warfarin
E000548,furosemide
E000548,atorvastatin
E000549,amlodipine
E000549,salbutamol
E000549,aspirin
E000549,spironolactone
E000549,digoxin
E000549,atorvastatin
E000549,metoprolol
E000549,furosemide
E000549,insulin
E000550,atorvastatin
E000550,paracetamol
E000550,amlodipine
E000550,ceftriaxone
E000550,salbutamol
E000550,pantoprazole
E000550,metformin
E000551,aspirin
E000551,enalapril
E000551,warfarin
E000551,amlodipine
E000552,paracetamol
E000552,spironolactone
E000552,ceftriaxone
E000552,atorvastatin
E000552,aspirin
E000553,warfarin
E000553,pantoprazole
E000553,amlodipine
E000554,metoprolol
E000554,amlodipine
E000554,prednisolone
E000554,aspirin
E000554,furosemide
E000555,warfarin
E000555,metformin
E000555,pantoprazole
E000555,spironolactone
E000555,prednisolone
E000555,metoprolol
E000556,aspirin
E000556,paracetamol
E000556,digoxin
E000556,metoprolol
E000556,pantoprazole
E000557,paracetamol
E000557,insulin
E000557,furosemide
E000557,spironolactone
E000557,salbutamol
E000557,warfarin
E000558,enalapril
E000558,metformin
E000558,digoxin
E000559,prednisolone
E000559,metformin
E000559,aspirin
E000559,atorvastatin
E000559,insulin
E000559,metoprolol
E000559,pantoprazole
E000560,pantoprazole
E000560,metformin
E000560,ceftriaxone
E000560,amlodipine
E000560,prednisolone
E000560,digoxin
E000560,atorvastatin
E000561,paracetamol
E000561,digoxin
E000561,aspirin
E000562,paracetamol
E000562,digoxin
E000562,atorvastatin
E000562,warfarin
E000562,enalapril
E000563,atorvastatin
E000563,warfarin
E000564,enalapril
E000564,metoprolol
E000564,spironolactone
E000565,metformin
E000565,insulin
E000565,ceftriaxone
E000565,prednisolone
E000565,aspirin
E000565,amlodipine
E000566,salbutamol
E000566,furosemide
E000566,paracetamol
E000566,warfarin
E000566,prednisolone
E000566,metoprolol
E000567,paracetamol
E000567,aspirin
E000567,spironolactone
E000567,digoxin
E000567,prednisolone
E000568,pantoprazole
E000568,insulin
E000568,spironolactone
E000568,atorvastatin
E000568,enalapril
E000568,amlodipine
E000568,prednisolone
E000569,metoprolol
E000569,aspirin
E000569,spironolactone
E000569,metformin
E000569,furosemide
E000569,warfarin
E000570,paracetamol
E000570,spironolactone
E000570,warfarin
E000570,metformin
E000570,metoprolol
E000570,amlodipine
E000570,atorvastatin
E000571,amlodipine
E000571,atorvastatin
E000571,metoprolol
E000571,furosemide
E000571,enalapril
E000571,metformin
E000572,paracetamol
E000572,salbutamol
E000572,amlodipine
E000572,metoprolol
E000572,aspirin
E000572,pantoprazole
E000573,paracetamol
E000573,digoxin
E000573,spironolactone
E000574,amlodipine
E000574,insulin
E000574,paracetamol
E000574,furosemide
E000574,pantoprazole
E000574,aspirin
E000574,digoxin
E000574,metoprolol
E000574,warfarin
E000575,warfarin
E000575,metformin
E000575,paracetamol
E000575,amlodipine
E000575,pantoprazole
E000575,spironolactone
E000575,prednisolone
E000575,enalapril
E000575,digoxin
E000575,salbutamol
E000575,atorvastatin
E000575,aspirin
E000576,paracetamol
E000576,prednisolone
E000576,insulin
E000576,pantoprazole
E000577,ceftriaxone
E000577,amlodipine
E000577,aspirin
E000578,prednisolone
E000578,metformin
E000578,aspirin
E000578,spironolactone
E000578,atorvastatin
E000578,amlodipine
E000578,enalapril
E000578,warfarin
E000579,digoxin
E000579,ceftriaxone
E000579,prednisolone
E000579,atorvastatin
E000580,insulin
E000580,prednisolone
E000580,amlodipine
E000580,aspirin
E000580,paracetamol
E000580,metoprolol
E000580,metformin
E000581,prednisolone
E000581,atorvastatin
E000581,metformin
E000581,metoprolol
E000582,aspirin
E000582,metformin
E000582,warfarin
E000582,ceftriaxone
E000582,spironolactone
E000582,prednisolone
E000583,paracetamol
E000583,atorvastatin
E000583,metoprolol
E000583,ceftriaxone
E000583,digoxin
E000583,warfarin
E000583,aspirin
E000583,prednisolone
E000583,salbutamol
E000584,atorvastatin
E000584,pantoprazole
E000584,ceftriaxone
E000584,enalapril
E000585,enalapril
E000585,atorvastatin
E000585,aspirin
E000585,prednisolone
E000585,metoprolol
E000585,spironolactone
E000585,digoxin
E000586,warfarin
E000586,digoxin
E000586,ceftriaxone
E000586,salbutamol
E000586,insulin
E000586,atorvastatin
E000586,aspirin
E000587,atorvastatin
E000587,metoprolol
E000587,digoxin
E000587,pantoprazole
E000588,atorvastatin
E000588,metformin
E000588,furosemide
E000588,paracetamol
E000589,salbutamol
E000589,ceftriaxone
E000589,pantoprazole
E000589,spironolactone
E000589,prednisolone
E000589,warfarin
E000590,spironolactone
E000590,metformin
E000590,amlodipine
E000590,digoxin
E000591,furosemide
E000591,warfarin
E000591,insulin
E000591,salbutamol
E000592,aspirin
E000592,salbutamol
E000592,digoxin
E000592,warfarin
E000593,warfarin
E000593,prednisolone
E000593,amlodipine
E000593,atorvastatin
E000593,metformin
E000593,salbutamol
E000593,enalapril
E000593,spironolactone
E000593,aspirin
E000593,ceftriaxone
E000593,paracetamol
E000593,digoxin
E000593,metoprolol
E000593,insulin
E000593,furosemide
E000593,pantoprazole
E000594,ceftriaxone
E000594,aspirin
E000594,amlodipine
E000594,atorvastatin
E000594,paracetamol
E000594,warfarin
E000594,digoxin
E000595,spironolactone
E000595,enalapril
E000595,ceftriaxone
E000595,paracetamol
E000595,amlodipine
E000596,furosemide
E000596,salbutamol
E000596,metformin
E000596,digoxin
E000596,paracetamol
E000596,warfarin
E000596,amlodipine
E000597,enalapril
E000597,metformin
E000597,atorvastatin
E000597,aspirin
E000597,salbutamol
E000597,ceftriaxone
E000598,prednisolone
E000598,aspirin
E000598,salbutamol
E000598,warfarin
E000598,ceftriaxone
E000598,metoprolol
E000598,insulin
E000598,atorvastatin
E000599,pantoprazole
E000599,ceftriaxone
E000599,atorvastatin
E000599,metformin
E000599,enalapril
E000599,insulin
E000599,amlodipine
E000599,paracetamol
E000599,warfarin
E000600,metformin
E000600,digoxin
E000601,aspirin
E000601,digoxin
E000601,prednisolone
E000601,insulin
E000601,paracetamol
E000601,amlodipine
E000601,enalapril
E000601,pantoprazole
E000602,pantoprazole
E000602,ceftriaxone
E000603,atorvastatin
E000603,aspirin
E000603,enalapril
E000603,prednisolone
E000604,enalapril
E000604,spironolactone
E000604,salbutamol
E000604,amlodipine
E000604,digoxin
E000604,atorvastatin
E000604,warfarin
E000605,digoxin
E000605,insulin
E000606,furosemide
E000606,ceftriaxone
E000606,spironolactone
E000606,metformin
E000606,metoprolol
E000606,paracetamol
E000606,warfarin
E000606,insulin
E000606,pantoprazole
E000606,amlodipine
E000606,enalapril
E000606,prednisolone
E000606,digoxin
E000606,salbutamol
E000606,aspirin
E000607,metformin
E000607,enalapril
E000607,ceftriaxone
E000607,aspirin
E000608,prednisolone
E000608,furosemide
E000608,paracetamol
E000608,enalapril
E000608,insulin
E000608,warfarin
E000608,spironolactone
E000608,metformin
E000608,ceftriaxone
E000608,digoxin
E000608,atorvastatin
E000608,metoprolol
E000608,salbutamol
E000609,salbutamol
E000609,enalapril
E000609,digoxin
E000609,atorvastatin
E000609,metoprolol
E000609,aspirin
E000610,digoxin
E000610,pantoprazole
E000610,warfarin
E000611,salbutamol
E000611,ceftriaxone
E000611,prednisolone
E000611,insulin
E000611,atorvastatin
E000612,atorvastatin
E000612,enalapril
E000612,metoprolol
E000612,amlodipine
E000612,aspirin
E000612,metformin
E000612,paracetamol
E000612,ceftriaxone
E000613,atorvastatin
E000613,metoprolol
E000613,enalapril
E000613,spironolactone
E000613,metformin
E000613,furosemide
E000613,warfarin
E000614,metoprolol
E000614,spironolactone
E000614,digoxin
E000614,salbutamol
E000614,atorvastatin
E000615,digoxin
E000615,salbutamol
E000615,furosemide
E000615,pantoprazole
E000615,prednisolone
E000615,ceftriaxone
E000615,warfarin
E000616,insulin
E000616,amlodipine
E000616,ceftriaxone
E000616,paracetamol
E000616,prednisolone
E000616,enalapril
E000616,digoxin
E000616,salbutamol
E000617,ceftriaxone
E000617,furosemide
E000617,atorvastatin
E000617,metformin
E000617,metoprolol
E000617,amlodipine
E000618,prednisolone
E000619,ceftriaxone
E000619,prednisolone
E000619,metoprolol
E000620,digoxin
E000620,insulin
E000620,atorvastatin
E000620,spironolactone
E000620,amlodipine
E000620,paracetamol
E000620,metoprolol
E000620,ceftriaxone
E000620,aspirin
E000620,furosemide
E000621,pantoprazole
E000621,prednisolone
E000621,salbutamol
E000621,ceftriaxone
E000621,paracetamol
E000621,spironolactone
E000622,warfarin
E000622,salbutamol
E000622,spironolactone
E000622,atorvastatin
E000622,paracetamol
E000622,metoprolol
E000622,prednisolone
E000622,pantoprazole
E000623,furosemide
E000623,prednisolone
E000623,atorvastatin
E000624,spironolactone
E000624,aspirin
E000624,digoxin
E000624,amlodipine
E000624,furosemide
E000625,spironolactone
E000625,enalapril
E000625,warfarin
E000625,pantoprazole
E000625,amlodipine
E000626,metoprolol
E000626,enalapril
E000626,paracetamol
E000626,digoxin
E000626,warfarin
E000626,salbutamol
E000627,salbutamol
E000627,pantoprazole
E000627,metoprolol
E000627,prednisolone
E000628,warfarin
E000629,insulin
E000629,furosemide
E000629,amlodipine
E000629,prednisolone
E000629,aspirin
E000630,salbutamol
E000630,aspirin
E000630,enalapril
E000630,pantoprazole
E000630,amlodipine
E000630,furosemide
E000630,metoprolol
E000631,digoxin
E000631,metoprolol
E000631,atorvastatin
E000631,metformin
E000631,warfarin
E000631,insulin
E000631,salbutamol
E000631,enalapril
E000632,furosemide
E000632,metformin
E000632,ceftriaxone
E000632,metoprolol
E000633,metoprolol
E000633,atorvastatin
E000634,metformin
E000634,amlodipine
E000634,warfarin
E000634,salbutamol
E000634,metoprolol
E000634,digoxin
E000634,spironolactone
E000634,enalapril
E000634,atorvastatin
E000634,insulin
E000635,warfarin
E000635,digoxin
E000635,furosemide
E000635,metoprolol
E000635,spironolactone
E000635,prednisolone
E000635,aspirin
E000636,ceftriaxone
E000636,prednisolone
E000636,paracetamol
E000636,metformin
E000637,metformin
E000637,atorvastatin
E000638,prednisolone
E000638,atorvastatin
E000638,insulin
E000638,salbutamol
E000638,digoxin
E000638,enalapril
E000639,metoprolol
E000639,enalapril
E000639,aspirin
E000639,furosemide
E000639,spironolactone
E000639,atorvastatin
E000639,warfarin
E000639,ceftriaxone
E000639,pantoprazole
E000640,aspirin
E000640,ceftriaxone
E000640,paracetamol
E000640,furosemide
E000640,insulin
E000641,ceftriaxone
E000641,prednisolone
E000641,metoprolol
E000641,enalapril
E000641,digoxin
E000641,metformin
E000641,aspirin
E000641,furosemide
E000641,spironolactone
E000641,amlodipine
E000641,salbutamol
E000642,metformin
E000642,digoxin
E000642,ceftriaxone
E000642,enalapril
E000643,aspirin
E000643,spironolactone
E000643,insulin
E000643,metoprolol
E000643,digoxin
E000643,ceftriaxone
E000644,enalapril
E000644,warfarin
E000644,paracetamol
E000644,atorvastatin
E000644,spironolactone
E000644,aspirin
E000644,prednisolone
E000644,pantoprazole
E000644,ceftriaxone
E000644,digoxin
E000644,salbutamol
E000644,metformin
E000645,paracetamol
E000645,aspirin
E000645,ceftriaxone
E000645,metformin
E000645,furosemide
E000645,digoxin
E000645,metoprolol
E000645,warfarin
E000645,salbutamol
E000646,metoprolol
E000646,spironolactone
E000646,warfarin
E000647,aspirin
E000647,spironolactone
E000647,amlodipine
E000647,digoxin
E000647,metoprolol
E000647,warfarin
E000647,enalapril
E000647,pantoprazole
E000647,furosemide
E000647,salbutamol
E000647,insulin
E000648,digoxin
E000648,salbutamol
E000648,atorvastatin
E000648,enalapril
E000648,metformin
E000648,prednisolone
E000648,aspirin
E000648,insulin
E000649,prednisolone
E000650,amlodipine
E000650,prednisolone
E000650,enalapril
E000650,aspirin
E000650,ceftriaxone
E000650,digoxin
E000650,insulin
E000650,salbutamol
E000650,warfarin
E000651,digoxin
E000651,insulin
E000651,enalapril
E000651,atorvastatin
E000652,furosemide
E000652,digoxin
E000652,insulin
E000652,metoprolol
E000653,spironolactone
E000653,pantoprazole
E000653,atorvastatin
E000653,insulin
E000654,digoxin
E000654,insulin
E000654,paracetamol
E000654,enalapril
E000654,atorvastatin
E000655,aspirin
E000655,salbutamol
E000655,furosemide
E000655,amlodipine
E000656,metoprolol
E000656,warfarin
E000656,insulin
E000656,aspirin
E000656,furosemide
E000656,ceftriaxone
E000657,metformin
E000657,digoxin
E000658,metformin
E000658,salbutamol
E000658,paracetamol
E000658,spironolactone
E000659,atorvastatin
E000659,amlodipine
E000659,insulin
E000659,digoxin
E000659,paracetamol
E000660,metformin
E000660,insulin
E000660,salbutamol
E000660,ceftriaxone
E000660,enalapril
E000660,prednisolone
E000660,metoprolol
E000660,pantoprazole
E000661,pantoprazole
E000661,metoprolol
E000661,prednisolone
E000661,furosemide
E000661,insulin
E000661,paracetamol
E000661,metformin
E000662,warfarin
E000662,digoxin
E000662,aspirin
E000662,salbutamol
E000662,metformin
E000662,ceftriaxone
E000662,enalapril
E000663,ceftriaxone
E000663,metoprolol
E000663,enalapril
E000663,paracetamol
E000663,metformin
E000663,digoxin
E000663,aspirin
E000663,furosemide
E000663,pantoprazole
E000663,prednisolone
E000664,furosemide
E000664,metformin
E000664,warfarin
E000664,pantoprazole
E000665,atorvastatin
E000665,digoxin
E000665,metformin
E000665,ceftriaxone
E000665,warfarin
E000665,pantoprazole
E000666,spironolactone
E000666,insulin
E000666,salbutamol
E000666,amlodipine
E000666,metoprolol
E000666,aspirin
E000667,atorvastatin
E000667,warfarin
E000667,metformin
E000667,ceftriaxone
E000667,digoxin
E000667,aspirin
E000667,spironolactone
E000667,enalapril
E000667,furosemide
E000667,paracetamol
E000668,ceftriaxone
E000668,metoprolol
E000668,metformin
E000668,pantoprazole
E000668,enalapril
E000669,enalapril
E000669,furosemide
E000669,spironolactone
E000669,paracetamol
E000670,ceftriaxone
E000670,amlodipine
E000670,metformin
E000670,digoxin
E000670,prednisolone
E000670,pantoprazole
E000670,aspirin
E000670,atorvastatin
E000670,paracetamol
E000670,metoprolol
E000670,furosemide
E000670,enalapril
E000670,salbutamol
E000671,paracetamol
E000671,aspirin
E000671,digoxin
E000672,spironolactone
E000672,digoxin
E000672,aspirin
E000672,enalapril
E000672,paracetamol
E000672,amlodipine
E000672,metformin
E000672,warfarin
E000672,prednisolone
E000672,atorvastatin
E000672,insulin
E000673,warfarin
E000673,paracetamol
E000674,furosemide
E000674,salbutamol
E000674,paracetamol
E000675,pantoprazole
E000675,digoxin
E000675,metoprolol
E000675,spironolactone
E000675,ceftriaxone
E000675,metformin
E000675,insulin
E000675,prednisolone
E000676,enalapril
E000676,prednisolone
E000676,digoxin
E000676,amlodipine
E000677,insulin
E000677,pantoprazole
E000677,salbutamol
E000677,spironolactone
E000677,enalapril
E000677,digoxin
E000677,prednisolone
E000678,salbutamol
E000678,enalapril
E000678,metformin
E000678,pantoprazole
E000678,metoprolol
E000679,metoprolol
E000679,enalapril
E000679,furosemide
E000680,aspirin
E000680,metoprolol
E000681,prednisolone
E000681,amlodipine
E000681,paracetamol
E000681,atorvastatin
E000682,atorvastatin
E000682,amlodipine
E000682,digoxin
E000682,furosemide
E000683,paracetamol
E000683,warfarin
E000683,metoprolol
E000683,digoxin
E000683,prednisolone
E000683,furosemide
E000683,salbutamol
E000683,pantoprazole
E000683,aspirin
E000683,ceftriaxone
E000683,amlodipine
E000684,salbutamol
E000684,atorvastatin
E000684,aspirin
E000684,metoprolol
E000684,furosemide
E000684,pantoprazole
E000684,enalapril
E000685,spironolactone
E000685,enalapril
E000685,aspirin
E000686,atorvastatin
E000686,metoprolol
E000686,spironolactone
E000686,ceftriaxone
E000686,enalapril
E000687,pantoprazole
E000687,atorvastatin
E000687,insulin
E000687,metformin
E000687,digoxin
E000687,furosemide
E000687,metoprolol
E000687,spironolactone
E000687,warfarin
E000688,pantoprazole
E000688,spironolactone
E000688,metoprolol
E000688,digoxin
E000688,amlodipine
E000688,enalapril
E000688,insulin
E000689,paracetamol
E000689,insulin
E000689,salbutamol
E000689,metformin
E000689,furosemide
E000689,warfarin
E000690,digoxin
E000690,enalapril
E000690,insulin
E000690,metoprolol
E000690,atorvastatin
E000690,amlodipine
E000690,pantoprazole
E000691,enalapril
E000691,salbutamol
E000691,ceftriaxone
E000692,ceftriaxone
E000692,amlodipine
E000692,salbutamol
E000692,prednisolone
E000692,metformin
E000692,aspirin
E000693,metoprolol
E000693,digoxin
E000693,ceftriaxone
E000693,amlodipine
E000693,spironolactone
E000693,pantoprazole
E000693,insulin
E000693,paracetamol
E000694,paracetamol
E000694,digoxin
E000694,aspirin
E000694,amlodipine
E000694,prednisolone
E000695,spironolactone
E000695,atorvastatin
E000696,metformin
E000696,salbutamol
E000696,enalapril
E000696,amlodipine
E000696,ceftriaxone
E000697,salbutamol
E000697,spironolactone
E000697,ceftriaxone
E000697,prednisolone
E000697,warfarin
E000697,paracetamol
E000697,amlodipine
E000698,metoprolol
E000698,amlodipine
E000698,metformin
E000698,furosemide
E000698,prednisolone
E000698,insulin
E000698,pantoprazole
E000699,atorvastatin
E000699,metoprolol
E000699,insulin
E000700,spironolactone
E000700,aspirin
E000700,furosemide
E000700,enalapril
E000701,salbutamol
E000701,metoprolol
E000701,warfarin
E000701,atorvastatin
E000701,pantoprazole
E000702,metoprolol
E000702,warfarin
E000702,prednisolone
E000702,atorvastatin
E000702,insulin
E000703,digoxin
E000703,paracetamol
E000703,furosemide
E000704,amlodipine
E000704,aspirin
E000704,pantoprazole
E000705,furosemide
E000705,warfarin
E000705,metformin
E000705,paracetamol
E000705,insulin
E000706,amlodipine
E000706,spironolactone
E000706,enalapril
E000706,furosemide
E000706,aspirin
E000706,atorvastatin
E000706,ceftriaxone
E000707,paracetamol
E000707,spironolactone
E000707,insulin
E000707,salbutamol
E000707,pantoprazole
E000707,amlodipine
E000707,prednisolone
E000707,metoprolol
E000707,aspirin
E000708,pantoprazole
E000708,furosemide
E000708,salbutamol
E000708,ceftriaxone
E000708,amlodipine
E000708,insulin
E000708,warfarin
E000708,aspirin
E000708,atorvastatin
E000709,paracetamol
E000709,insulin
E000709,warfarin
E000709,amlodipine
E000709,pantoprazole
E000709,digoxin
E000709,ceftriaxone
E000709,salbutamol
E000710,furosemide
E000710,aspirin
E000710,ceftriaxone
E000710,insulin
E000710,salbutamol
E000710,amlodipine
E000710,metformin
E000711,enalapril
E000711,furosemide
E000711,paracetamol
E000711,metformin
E000711,amlodipine
E000711,metoprolol
E000711,spironolactone
E000712,warfarin
E000712,atorvastatin
E000712,paracetamol
E000712,furosemide
E000712,digoxin
E000712,ceftriaxone
E000712,insulin
E000712,prednisolone
E000712,metformin
E000712,pantoprazole
E000712,salbutamol
E000712,amlodipine
E000712,metoprolol
E000712,spironolactone
E000713,warfarin
E000713,metformin
E000713,prednisolone
E000713,furosemide
E000713,insulin
E000713,metoprolol
E000713,paracetamol
E000714,warfarin
E000714,furosemide
E000714,enalapril
E000714,ceftriaxone
E000714,prednisolone
E000714,metoprolol
E000715,pantoprazole
E000715,enalapril
E000715,warfarin
E000715,metformin
E000715,paracetamol
E000715,furosemide
E000715,salbutamol
E000715,spironolactone
E000716,prednisolone
E000716,digoxin
E000717,enalapril
E000717,prednisolone
E000717,ceftriaxone
E000717,paracetamol
E000717,digoxin
E000717,amlodipine
E000717,warfarin
E000717,metformin
E000717,metoprolol
E000718,digoxin
E000718,ceftriaxone
E000718,metformin
E000719,amlodipine
E000719,furosemide
E000719,prednisolone
E000719,atorvastatin
E000719,aspirin
E000719,enalapril
E000719,metoprolol
E000720,ceftriaxone
E000720,warfarin
E000720,furosemide
E000721,enalapril
E000721,spironolactone
E000721,furosemide
E000721,pantoprazole
E000721,warfarin
E000721,amlodipine
E000722,paracetamol
E000722,atorvastatin
E000722,furosemide
E000722,insulin
E000723,prednisolone
E000723,digoxin
E000723,ceftriaxone
E000723,amlodipine
E000723,insulin
E000723,salbutamol
E000724,aspirin
E000724,pantoprazole
E000724,spironolactone
E000724,metformin
E000724,paracetamol
E000724,salbutamol
E000724,enalapril
E000724,metoprolol
E000724,insulin
E000724,digoxin
E000725,pantoprazole
E000725,metoprolol
E000725,amlodipine
E000725,enalapril
E000725,paracetamol
E000725,digoxin
E000725,metformin
E000725,insulin
E000725,prednisolone
E000725,aspirin
E000726,spironolactone
E000726,digoxin
E000726,amlodipine
E000726,salbutamol
E000726,metformin
E000726,prednisolone
E000726,pantoprazole
E000727,atorvastatin
E000727,furosemide
E000727,metformin
E000727,enalapril
E000727,metoprolol
E000727,spironolactone
E000727,salbutamol
E000727,digoxin
E000728,digoxin
E000728,salbutamol
E000728,ceftriaxone
E000728,insulin
E000728,metformin
E000728,aspirin
E000728,furosemide
E000728,metoprolol
E000728,spironolactone
E000728,paracetamol
E000728,atorvastatin
E000728,amlodipine
E000728,enalapril
E000728,warfarin
E000729,amlodipine
E000729,furosemide
E000729,atorvastatin
E000729,salbutamol
E000729,ceftriaxone
E000729,metoprolol
E000729,paracetamol
E000730,insulin
E000730,aspirin
E000730,enalapril
E000730,pantoprazole
E000730,atorvastatin
E000730,prednisolone
E000730,warfarin
E000730,paracetamol
E000730,ceftriaxone
E000731,furosemide
E000731,pantoprazole
E000731,prednisolone
E000731,amlodipine
E000731,metformin
E000732,metoprolol
E000732,warfarin
E000732,aspirin
E000732,spironolactone
E000732,salbutamol
E000732,digoxin
E000732,pantoprazole
E000732,ceftriaxone
E000732,amlodipine
E000732,metformin
E000733,ceftriaxone
E000733,metoprolol
E000733,prednisolone
E000733,spironolactone
E000733,furosemide
E000733,amlodipine
E000733,aspirin
E000733,pantoprazole
E000733,paracetamol
E000733,enalapril
E000734,pantoprazole
E000734,salbutamol
E000734,digoxin
E000734,furosemide
E000735,atorvastatin
E000735,prednisolone
E000735,digoxin
E000735,furosemide
E000736,spironolactone
E000736,metformin
E000736,amlodipine
E000736,salbutamol
E000736,ceftriaxone
E000736,metoprolol
E000736,paracetamol
E000736,aspirin
E000737,prednisolone
E000737,furosemide
E000737,warfarin
E000737,spironolactone
E000738,metoprolol
E000738,prednisolone
E000738,aspirin
E000738,insulin
E000738,digoxin
E000739,enalapril
E000739,insulin
E000739,spironolactone
E000739,metoprolol
E000739,metformin
E000739,paracetamol
E000739,amlodipine
E000739,digoxin
E000739,warfarin
E000740,enalapril
E000740,pantoprazole
E000740,ceftriaxone
E000740,digoxin
E000741,ceftriaxone
E000741,aspirin
E000741,enalapril
E000741,insulin
E000741,atorvastatin
E000741,warfarin
E000742,amlodipine
E000742,pantoprazole
E000742,paracetamol
E000742,warfarin
E000742,spironolactone
E000742,insulin
E000743,metoprolol
E000743,digoxin
E000743,enalapril
E000743,metformin
E000744,spironolactone
E000744,prednisolone
E000744,salbutamol
E000744,warfarin
E000744,insulin
E000744,ceftriaxone
E000744,aspirin
E000744,pantoprazole
E000745,metoprolol
E000745,salbutamol
E000745,prednisolone
E000745,warfarin
E000745,pantoprazole
E000746,insulin
E000746,enalapril
E000746,metformin
E000747,pantoprazole
E000747,salbutamol
E000747,enalapril
E000747,atorvastatin
E000747,metformin
E000748,salbutamol
E000748,amlodipine
E000748,furosemide
E000748,enalapril
E000748,metformin
E000748,pantoprazole
E000748,spironolactone
E000748,aspirin
E000749,metformin
E000749,atorvastatin
E000750,spironolactone
E000750,warfarin
E000750,prednisolone
E000750,atorvastatin
E000750,digoxin
E000750,amlodipine
E000750,aspirin
E000750,metformin
E000750,paracetamol
E000750,insulin
E000751,metoprolol
E000751,ceftriaxone
E000751,enalapril
E000751,spironolactone
E000752,warfarin
E000752,metoprolol
E000752,metformin
E000752,furosemide
E000752,pantoprazole
E000752,atorvastatin
E000752,insulin
E000752,paracetamol
E000752,prednisolone
E000753,spironolactone
E000753,insulin
E000753,furosemide
E000753,aspirin
E000754,spironolactone
E000754,pantoprazole
E000754,warfarin
E000754,paracetamol
E000755,paracetamol
E000755,aspirin
E000755,prednisolone
E000755,digoxin
E000756,enalapril
E000756,spironolactone
E000756,prednisolone
E000756,warfarin
E000756,amlodipine
E000756,digoxin
E000756,insulin
E000756,metoprolol
E000757,spironolactone
E000757,pantoprazole
E000757,digoxin
E000757,prednisolone
E000758,warfarin
E000758,metformin
E000758,spironolactone
E000758,digoxin
E000758,ceftriaxone
E000759,aspirin
E000759,pantoprazole
E000759,salbutamol
E000759,atorvastatin
E000759,furosemide
E000759,prednisolone
E000759,spironolactone
E000759,metoprolol
E000760,pantoprazole
E000760,metoprolol
E000760,salbutamol
E000760,warfarin
E000760,prednisolone
E000760,digoxin
E000760,ceftriaxone
E000760,insulin
E000761,insulin
E000761,spironolactone
E000762,pantoprazole
E000762,spironolactone
E000762,paracetamol
E000762,aspirin
E000762,metoprolol
E000763,atorvastatin
E000763,digoxin
E000763,aspirin
E000763,insulin
E000763,salbutamol
E000763,warfarin
E000763,amlodipine
E000764,insulin
E000764,metoprolol
E000765,ceftriaxone
E000765,aspirin
E000765,furosemide
E000765,metoprolol
E000765,spironolactone
E000766,pantoprazole
E000766,metoprolol
E000766,metformin
E000766,insulin
E000766,amlodipine
E000767,enalapril
E000767,amlodipine
E000767,spironolactone
E000767,paracetamol
E000767,furosemide
E000767,insulin
E000767,digoxin
E000767,atorvastatin
E000768,insulin
E000768,aspirin
E000768,salbutamol
E000768,prednisolone
E000768,spironolactone
E000769,paracetamol
E000769,enalapril
E000769,prednisolone
E000769,metformin
E000770,digoxin
E000770,prednisolone
E000770,paracetamol
E000770,furosemide
E000770,aspirin
E000770,amlodipine
E000771,amlodipine
E000771,insulin
E000771,furosemide
E000771,paracetamol
E000772,ceftriaxone
E000772,pantoprazole
E000772,prednisolone
E000772,amlodipine
E000773,insulin
E000773,atorvastatin
E000773,metformin
E000773,metoprolol
E000773,digoxin
E000773,pantoprazole
E000773,enalapril
E000773,salbutamol
E000774,amlodipine
E000774,prednisolone
E000774,atorvastatin
E000774,salbutamol
E000774,insulin
E000774,enalapril
E000774,metformin
E000774,digoxin
E000774,pantoprazole
E000774,paracetamol
E000775,paracetamol
E000775,aspirin
E000775,insulin
E000775,prednisolone
E000775,metformin
E000775,amlodipine
E000775,ceftriaxone
E000775,atorvastatin
E000776,furosemide
E000776,spironolactone
E000776,digoxin
E000776,prednisolone
E000776,warfarin
E000776,enalapril
E000776,amlodipine
E000777,insulin
E000777,atorvastatin
E000777,warfarin
E000777,metoprolol
E000777,prednisolone
E000777,paracetamol
E000777,enalapril
E000778,insulin
E000778,ceftriaxone
E000778,prednisolone
E000778,warfarin
E000778,aspirin
E000778,salbutamol
E000778,atorvastatin
E000778,spironolactone
E000778,metformin
E000779,prednisolone
E000779,digoxin
E000779,warfarin
E000779,spironolactone
E000779,insulin
E000779,furosemide
E000779,ceftriaxone
E000779,paracetamol
E000779,amlodipine
E000779,metoprolol
E000779,aspirin
E000780,metformin
E000780,warfarin
E000780,enalapril
E000780,amlodipine
E000780,paracetamol
E000780,salbutamol
E000780,aspirin
E000781,enalapril
E000781,aspirin
E000781,salbutamol
E000781,amlodipine
E000781,metoprolol
E000781,pantoprazole
E000781,digoxin
E000781,spironolactone
E000781,metformin
E000781,ceftriaxone
E000782,insulin
E000782,salbutamol
E000782,pantoprazole
E000782,aspirin
E000782,amlodipine
E000782,furosemide
E000783,enalapril
E000783,amlodipine
E000783,pantoprazole
E000783,furosemide
E000783,digoxin
E000783,aspirin
E000784,digoxin
E000784,salbutamol
E000784,metoprolol
E000784,spironolactone
E000784,insulin
E000785,enalapril
E000785,pantoprazole
E000785,furosemide
E000786,metformin
E000786,salbutamol
E000786,atorvastatin
E000786,metoprolol
E000787,ceftriaxone
E000787,prednisolone
E000787,paracetamol
E000787,insulin
E000788,metoprolol
E000788,prednisolone
E000788,pantoprazole
E000788,furosemide
E000789,pantoprazole
E000789,paracetamol
E000789,aspirin
E000790,salbutamol
E000790,aspirin
E000790,insulin
E000791,ceftriaxone
E000791,pantoprazole
E000791,enalapril
E000791,salbutamol
E000791,insulin
E000791,digoxin
E000791,atorvastatin
E000791,warfarin
E000791,metformin
E000792,aspirin
E000792,paracetamol
E000792,metoprolol
E000792,prednisolone
E000792,spironolactone
E000793,digoxin
E000793,pantoprazole
E000793,paracetamol
E000793,enalapril
E000793,metformin
E000794,amlodipine
E000794,aspirin
E000794,metformin
E000794,salbutamol
E000794,spironolactone
E000794,atorvastatin
E000795,salbutamol
E000795,amlodipine
E000795,pantoprazole
E000795,metoprolol
E000795,insulin
E000795,furosemide
E000795,prednisolone
E000795,spironolactone
E000796,metoprolol
E000796,prednisolone
E000796,ceftriaxone
E000797,prednisolone
E000798,paracetamol
E000798,furosemide
E000798,warfarin
E000798,amlodipine
E000798,pantoprazole
E000798,metformin
E000798,ceftriaxone
E000799,metformin
E000799,prednisolone
E000799,furosemide
E000799,ceftriaxone
E000799,warfarin
E000799,amlodipine
E000799,insulin
E000799,spironolactone
E000800,aspirin
E000800,enalapril
E000800,prednisolone
E000800,spironolactone
E000800,salbutamol
E000800,paracetamol
E000800,atorvastatin
E000801,digoxin
E000801,metformin
E000801,metoprolol
E000801,enalapril
E000801,ceftriaxone
E000801,atorvastatin
E000801,aspirin
E000801,insulin
E000801,warfarin
E000801,amlodipine
E000801,paracetamol
E000802,spironolactone
E000802,metformin
E000802,prednisolone
E000802,warfarin
E000802,insulin
E000803,enalapril
E000803,aspirin
E000803,metoprolol
E000803,atorvastatin
E000803,metformin
E000804,enalapril
E000804,spironolactone
E000804,ceftriaxone
E000804,metformin
E000804,prednisolone
E000804,amlodipine
E000805,atorvastatin
E000805,insulin
E000805,ceftriaxone
E000805,enalapril
E000805,warfarin
E000805,metformin
E000805,salbutamol
E000806,digoxin
E000806,enalapril
E000807,furosemide
E000807,enalapril
E000807,metoprolol
E000807,paracetamol
E000807,salbutamol
E000807,aspirin
E000807,insulin
E000807,warfarin
E000807,digoxin
E000808,furosemide
E000808,spironolactone
E000808,amlodipine
E000808,ceftriaxone
E000808,metoprolol
E000808,paracetamol
E000809,insulin
E000809,paracetamol
E000809,warfarin
E000809,atorvastatin
E000810,enalapril
E000810,metoprolol
E000810,prednisolone
E000810,metformin
E000810,aspirin
E000810,digoxin
E000811,paracetamol
E000811,furosemide
E000811,atorvastatin
E000811,spironolactone
E000812,paracetamol
E000812,atorvastatin
E000812,digoxin
E000812,salbutamol
E000812,enalapril
E000812,ceftriaxone
E000813,insulin
E000813,salbutamol
E000813,enalapril
E000813,pantoprazole
E000813,spironolactone
E000814,metformin
E000814,metoprolol
E000814,paracetamol
E000814,prednisolone
E000814,spironolactone
E000814,atorvastatin
E000814,furosemide
E000815,metoprolol
E000815,ceftriaxone
E000815,pantoprazole
E000815,atorvastatin
E000815,salbutamol
E000816,paracetamol
E000816,metoprolol
E000816,salbutamol
E000816,metformin
E000816,ceftriaxone
E000816,furosemide
E000817,metoprolol
E000817,furosemide
E000817,atorvastatin
E000817,amlodipine
E000817,digoxin
E000818,digoxin
E000818,warfarin
E000818,paracetamol
E000818,salbutamol
E000819,paracetamol
E000819,pantoprazole
E000819,digoxin
E000819,metoprolol
E000819,amlodipine
E000819,salbutamol
E000819,enalapril
E000819,prednisolone
E000819,insulin
E000820,pantoprazole
E000821,ceftriaxone
E000821,amlodipine
E000821,aspirin
E000821,digoxin
E000821,prednisolone
E000821,spironolactone
E000821,enalapril
E000822,insulin
E000822,digoxin
E000822,aspirin
E000822,prednisolone
E000823,pantoprazole
E000823,furosemide
E000823,aspirin
E000823,amlodipine
E000823,insulin
E000824,metformin
E000824,spironolactone
E000824,prednisolone
E000824,enalapril
E000824,aspirin
E000824,atorvastatin
E000824,ceftriaxone
E000824,salbutamol
E000824,warfarin
E000825,salbutamol
E000825,metoprolol
E000825,aspirin
E000825,paracetamol
E000826,atorvastatin
E000826,pantoprazole
E000826,prednisolone
E000826,enalapril
E000826,spironolactone
E000826,furosemide
E000826,ceftriaxone
E000827,prednisolone
E000827,metformin
E000827,digoxin
E000827,enalapril
E000827,ceftriaxone
E000827,warfarin
E000827,paracetamol
E000827,spironolactone
E000828,digoxin
E000828,furosemide
E000828,spironolactone
E000828,warfarin
E000828,metoprolol
E000828,insulin
E000829,spironolactone
E000829,furosemide
E000829,ceftriaxone
E000829,aspirin
E000830,pantoprazole
E000830,digoxin
E000830,atorvastatin
E000830,ceftriaxone
E000831,ceftriaxone
E000831,metformin
E000831,prednisolone
E000831,metoprolol
E000831,aspirin
E000831,insulin
E000832,furosemide
E000832,atorvastatin
E000832,paracetamol
E000832,prednisolone
E000832,amlodipine
E000832,enalapril
E000833,atorvastatin
E000833,ceftriaxone
E000833,amlodipine
E000833,aspirin
E000833,insulin
E000833,furosemide
E000833,pantoprazole
E000833,paracetamol
E000834,atorvastatin
E000834,insulin
E000834,ceftriaxone
E000834,pantoprazole
E000834,furosemide
E000835,insulin
E000835,digoxin
E000835,enalapril
E000835,aspirin
E000836,spironolactone
E000836,pantoprazole
E000836,enalapril
E000836,metoprolol
E000836,furosemide
E000836,prednisolone
E000836,ceftriaxone
E000837,insulin
E000837,furosemide
E000838,paracetamol
E000838,metoprolol
E000838,aspirin
E000838,insulin
E000839,furosemide
E000839,metformin
E000839,amlodipine
E000839,warfarin
E000839,enalapril
E000840,enalapril
E000840,salbutamol
E000840,pantoprazole
E000840,prednisolone
E000840,spironolactone
E000840,paracetamol
E000840,amlodipine
E000840,insulin
E000840,ceftriaxone
E000840,aspirin
E000840,atorvastatin
E000840,metformin
E000840,warfarin
E000841,amlodipine
E000841,aspirin
E000841,pantoprazole
E000841,digoxin
E000841,paracetamol
E000842,insulin
E000842,digoxin
E000842,ceftriaxone
E000842,paracetamol
E000842,aspirin
E000842,amlodipine
E000842,spironolactone
E000842,salbutamol
E000842,atorvastatin
E000843,aspirin
E000843,spironolactone
E000843,salbutamol
E000843,atorvastatin
E000843,metoprolol
E000844,aspirin
E000844,warfarin
E000844,enalapril
E000844,furosemide
E000845,spironolactone
E000845,pantoprazole
E000846,atorvastatin
E000846,salbutamol
E000846,ceftriaxone
E000847,paracetamol
E000847,aspirin
E000847,atorvastatin
E000848,warfarin
E000848,amlodipine
E000848,digoxin
E000848,metoprolol
E000848,metformin
E000848,salbutamol
E000848,atorvastatin
E000849,enalapril
E000850,metformin
E000850,aspirin
E000851,atorvastatin
E000851,ceftriaxone
E000851,aspirin
E000851,metformin
E000851,digoxin
E000851,metoprolol
E000851,enalapril
E000851,spironolactone
E000851,prednisolone
E000852,salbutamol
E000852,metoprolol
E000852,enalapril
E000852,spironolactone
E000852,insulin
E000852,aspirin
E000853,paracetamol
E000853,metoprolol
E000853,metformin
E000853,warfarin
E000854,pantoprazole
E000854,ceftriaxone
E000854,digoxin
E000854,warfarin
E000854,paracetamol
E000854,prednisolone
E000854,atorvastatin
E000854,amlodipine
E000855,warfarin
E000855,spironolactone
E000855,atorvastatin
E000855,ceftriaxone
E000855,enalapril
E000855,salbutamol
E000855,pantoprazole
E000855,furosemide
E000855,paracetamol
E000855,metoprolol
E000856,amlodipine
E000856,warfarin
E000856,enalapril
E000856,atorvastatin
E000856,spironolactone
E000856,prednisolone
E000857,paracetamol
E000857,metformin
E000857,prednisolone
E000857,enalapril
E000857,salbutamol
E000857,metoprolol
E000857,spironolactone
E000857,amlodipine
E000857,ceftriaxone
E000858,metoprolol
E000858,amlodipine
E000858,ceftriaxone
E000858,metformin
E000858,pantoprazole
E000858,furosemide
E000858,prednisolone
E000859,amlodipine
E000859,spironolactone
E000859,aspirin
E000859,ceftriaxone
E000859,digoxin
E000860,metformin
E000860,atorvastatin
E000860,enalapril
E000860,ceftriaxone
E000860,pantoprazole
E000860,digoxin
E000860,aspirin
E000860,warfarin
E000861,ceftriaxone
E000861,warfarin
E000861,paracetamol
E000861,amlodipine
E000861,enalapril
E000861,furosemide
E000862,ceftriaxone
E000862,metformin
E000862,warfarin
E000862,furosemide
E000862,atorvastatin
E000862,metoprolol
E000863,insulin
E000863,pantoprazole
E000863,metformin
E000863,digoxin
E000863,spironolactone
E000864,spironolactone
E000864,prednisolone
E000864,insulin
E000864,furosemide
E000864,enalapril
E000865,digoxin
E000865,furosemide
E000865,salbutamol
E000865,pantoprazole
E000865,aspirin
E000866,digoxin
E000866,insulin
E000866,atorvastatin
E000866,amlodipine
E000866,spironolactone
E000866,warfarin
E000866,ceftriaxone
E000867,pantoprazole
E000868,ceftriaxone
E000868,pantoprazole
E000868,amlodipine
E000868,spironolactone
E000868,digoxin
E000869,enalapril
E000869,spironolactone
E000869,paracetamol
E000869,prednisolone
E000870,enalapril
E000870,warfarin
E000870,insulin
E000870,digoxin
E000870,spironolactone
E000870,atorvastatin
E000870,amlodipine
E000870,metoprolol
E000870,prednisolone
E000870,aspirin
E000871,aspirin
E000871,enalapril
E000872,pantoprazole
E000872,warfarin
E000872,atorvastatin
E000872,ceftriaxone
E000872,insulin
E000872,amlodipine
E000872,furosemide
E000872,salbutamol
E000872,paracetamol
E000872,spironolactone
E000873,amlodipine
E000873,ceftriaxone
E000873,pantoprazole
E000873,metoprolol
E000873,warfarin
E000874,insulin
E000874,metoprolol
E000874,atorvastatin
E000874,furosemide
E000874,spironolactone
E000874,digoxin
E000875,atorvastatin
E000875,enalapril
E000875,amlodipine
E000875,insulin
E000875,paracetamol
E000875,metformin
E000875,furosemide
E000876,enalapril
E000876,digoxin
E000876,spironolactone
E000876,metoprolol
E000876,furosemide
E000876,aspirin
E000876,pantoprazole
E000877,spironolactone
E000877,pantoprazole
E000877,insulin
E000878,prednisolone
E000878,salbutamol
E000878,pantoprazole
E000878,metoprolol
E000878,furosemide
E000878,ceftriaxone
E000879,paracetamol
E000879,spironolactone
E000879,aspirin
E000879,furosemide
E000879,salbutamol
E000879,metformin
E000879,atorvastatin
E000879,ceftriaxone
E000880,spironolactone
E000880,insulin
E000880,paracetamol
E000880,metformin
E000880,aspirin
E000880,furosemide
E000880,enalapril
E000880,digoxin
E000880,atorvastatin
E000880,warfarin
E000881,paracetamol
E000881,metformin
E000881,digoxin
E000881,enalapril
E000881,salbutamol
E000882,prednisolone
E000882,spironolactone
E000882,insulin
E000882,enalapril
E000882,salbutamol
E000882,paracetamol
E000882,metoprolol
E000882,metformin
E000882,atorvastatin
E000882,warfarin
E000882,furosemide
E000882,pantoprazole
E000882,aspirin
E000883,paracetamol
E000883,digoxin
E000883,enalapril
E000883,metformin
E000883,spironolactone
E000883,furosemide
E000883,aspirin
E000883,warfarin
E000883,atorvastatin
E000884,warfarin
E000884,salbutamol
E000884,furosemide
E000884,ceftriaxone
E000884,spironolactone
E000884,metformin
E000885,metformin
E000885,paracetamol
E000885,aspirin
E000885,enalapril
E000885,atorvastatin
E000885,amlodipine
E000885,metoprolol
E000885,ceftriaxone
E000886,salbutamol
E000886,atorvastatin
E000886,enalapril
E000886,insulin
E000886,paracetamol
E000887,paracetamol
E000887,prednisolone
E000887,digoxin
E000887,insulin
E000887,metformin
E000887,spironolactone
E000887,pantoprazole
E000888,salbutamol
E000888,enalapril
E000889,insulin
E000889,spironolactone
E000889,metformin
E000890,atorvastatin
E000890,furosemide
E000890,metformin
E000890,metoprolol
E000890,warfarin
E000890,enalapril
E000890,amlodipine
E000891,atorvastatin
E000891,enalapril
E000891,paracetamol
E000891,salbutamol
E000891,amlodipine
E000891,aspirin
E000891,spironolactone
E000891,insulin
E000891,prednisolone
E000891,metoprolol
E000891,pantoprazole
E000891,warfarin
E000892,insulin
E000892,ceftriaxone
E000892,metoprolol
E000892,atorvastatin
E000892,pantoprazole
E000893,prednisolone
E000893,aspirin
E000893,enalapril
E000893,insulin
E000894,amlodipine
E000894,spironolactone
E000894,insulin
E000894,pantoprazole
E000895,enalapril
E000895,amlodipine
E000895,metformin
E000895,paracetamol
E000895,prednisolone
E000895,pantoprazole
E000895,furosemide
E000895,salbutamol
E000896,paracetamol
E000896,ceftriaxone
E000896,digoxin
E000896,aspirin
E000896,insulin
E000896,amlodipine
E000896,furosemide
E000896,spironolactone
E000897,pantoprazole
E000897,amlodipine
E000897,ceftriaxone
E000897,enalapril
E000897,prednisolone
E000897,aspirin
E000897,salbutamol
E000898,insulin
E000898,ceftriaxone
E000898,paracetamol
E000898,warfarin
E000898,enalapril
E000899,insulin
E000899,atorvastatin
E000899,paracetamol
E000899,digoxin
E000899,ceftriaxone
E000899,metoprolol
E000900,metoprolol
E000900,digoxin
E000901,digoxin
E000901,insulin
E000901,furosemide
E000901,atorvastatin
E000901,amlodipine
E000902,atorvastatin
E000902,amlodipine
E000902,warfarin
E000902,furosemide
E000903,salbutamol
E000903,ceftriaxone
E000903,metformin
E000903,furosemide
E000903,amlodipine
E000903,insulin
E000903,atorvastatin
E000903,warfarin
E000903,paracetamol
E000904,digoxin
E000904,prednisolone
E000904,paracetamol
E000904,atorvastatin
E000904,insulin
E000904,enalapril
E000904,salbutamol
E000905,atorvastatin
E000905,ceftriaxone
E000906,aspirin
E000906,amlodipine
E000906,paracetamol
E000906,insulin
E000906,digoxin
E000906,metformin
E000906,metoprolol
E000906,enalapril
E000906,spironolactone
E000906,prednisolone
E000907,metoprolol
E000907,paracetamol
E000907,enalapril
E000907,metformin
E000907,spironolactone
E000907,prednisolone
E000908,digoxin
E000908,furosemide
E000908,warfarin
E000908,ceftriaxone
E000908,pantoprazole
E000908,atorvastatin
E000908,insulin
E000909,amlodipine
E000909,warfarin
E000909,metoprolol
E000909,metformin
E000909,insulin
E000909,enalapril
E000909,atorvastatin
E000910,ceftriaxone
E000910,metoprolol
E000910,aspirin
E000910,prednisolone
E000910,salbutamol
E000910,warfarin
E000910,paracetamol
E000910,digoxin
E000910,metformin
E000910,amlodipine
E000910,enalapril
E000910,pantoprazole
E000910,spironolactone
E000910,furosemide
E000910,atorvastatin
E000911,metoprolol
E000911,insulin
E000911,salbutamol
E000911,atorvastatin
E000911,spironolactone
E000912,spironolactone
E000912,ceftriaxone
E000912,furosemide
E000912,pantoprazole
E000912,salbutamol
E000912,prednisolone
E000913,paracetamol
E000913,metformin
E000914,pantoprazole
E000914,prednisolone
E000914,enalapril
E000914,aspirin
E000914,ceftriaxone
E000914,salbutamol
E000915,pantoprazole
E000915,amlodipine
E000915,warfarin
E000915,metoprolol
E000916,salbutamol
E000916,amlodipine
E000916,aspirin
E000916,spironolactone
E000916,furosemide
E000916,digoxin
E000916,atorvastatin
E000916,insulin
E000916,enalapril
E000916,metoprolol
E000917,pantoprazole
E000917,metformin
E000917,metoprolol
E000917,enalapril
E000917,amlodipine
E000917,digoxin
E000917,ceftriaxone
E000917,furosemide
E000917,prednisolone
E000917,paracetamol
E000917,salbutamol
E000917,atorvastatin
E000918,furosemide
E000919,metformin
E000919,prednisolone
E000919,warfarin
E000919,atorvastatin
E000919,amlodipine
E000919,spironolactone
E000920,atorvastatin
E000920,pantoprazole
E000920,enalapril
E000920,spironolactone
E000920,ceftriaxone
E000920,metoprolol
E000920,aspirin
E000920,salbutamol
E000920,paracetamol
E000920,digoxin
E000920,warfarin
E000920,metformin
E000921,ceftriaxone
E000921,digoxin
E000922,warfarin
E000922,metoprolol
E000922,insulin
E000922,aspirin
E000922,ceftriaxone
E000923,spironolactone
E000923,aspirin
E000923,digoxin
E000923,prednisolone
E000923,paracetamol
E000923,insulin
E000923,enalapril
E000923,atorvastatin
E000923,warfarin
E000923,amlodipine
E000923,metformin
E000923,salbutamol
E000923,metoprolol
E000923,furosemide
E000923,ceftriaxone
E000923,pantoprazole
E000924,pantoprazole
E000924,aspirin
E000924,metformin
E000924,salbutamol
E000924,atorvastatin
E000924,spironolactone
E000924,prednisolone
E000924,paracetamol
E000924,ceftriaxone
E000925,enalapril
E000925,paracetamol
E000925,amlodipine
E000925,digoxin
E000925,metoprolol
E000925,metformin
E000926,paracetamol
E000926,insulin
E000926,amlodipine
E000926,warfarin
E000926,ceftriaxone
E000926,furosemide
E000926,prednisolone
E000926,salbutamol
E000926,atorvastatin
E000926,enalapril
E000926,metoprolol
E000926,pantoprazole
E000927,digoxin
E000927,insulin
E000927,paracetamol
E000927,metformin
E000927,furosemide
E000927,warfarin
E000927,enalapril
E000928,aspirin
E000928,ceftriaxone
E000928,warfarin
E000928,furosemide
E000928,paracetamol
E000928,spironolactone
E000928,insulin
E000929,ceftriaxone
E000929,warfarin
E000929,pantoprazole
E000929,atorvastatin
E000929,insulin
E000929,spironolactone
E000929,amlodipine
E000929,enalapril
E000929,salbutamol
E000929,aspirin
E000930,spironolactone
E000930,paracetamol
E000930,insulin
E000930,ceftriaxone
E000930,metformin
E000930,metoprolol
E000930,pantoprazole
E000930,atorvastatin
E000930,salbutamol
E000931,metoprolol
E000931,ceftriaxone
E000931,aspirin
E000931,metformin
E000931,pantoprazole
E000931,furosemide
E000931,salbutamol
E000931,paracetamol
E000931,atorvastatin
E000931,amlodipine
E000932,pantoprazole
E000932,enalapril
E000932,atorvastatin
E000932,aspirin
E000933,pantoprazole
E000933,prednisolone
E000934,enalapril
E000934,salbutamol
E000934,amlodipine
E000934,atorvastatin
E000934,insulin
E000934,paracetamol
E000934,furosemide
E000935,paracetamol
E000935,digoxin
E000935,metformin
E000935,aspirin
E000935,amlodipine
E000935,insulin
E000935,salbutamol
E000936,atorvastatin
E000936,salbutamol
E000936,ceftriaxone
E000936,insulin
E000936,metformin
E000936,aspirin
E000936,pantoprazole
E000936,enalapril
E000936,amlodipine
E000936,metoprolol
E000937,metformin
E000937,metoprolol
E000937,ceftriaxone
E000937,pantoprazole
E000937,warfarin
E000937,furosemide
E000937,aspirin
E000938,digoxin
E000938,furosemide
E000938,paracetamol
E000938,metformin
E000938,enalapril
E000938,ceftriaxone
E000938,insulin
E000938,amlodipine
E000938,pantoprazole
E000939,furosemide
E000939,atorvastatin
E000939,aspirin
E000939,metoprolol
E000939,salbutamol
E000939,warfarin
E000939,digoxin
E000939,spironolactone
E000939,amlodipine
E000940,ceftriaxone
E000940,atorvastatin
E000940,metoprolol
E000941,amlodipine
E000941,pantoprazole
E000941,aspirin
E000941,paracetamol
E000942,metoprolol
E000942,paracetamol
E000942,insulin
E000942,furosemide
E000942,atorvastatin
E000942,prednisolone
E000942,aspirin
E000942,warfarin
E000943,ceftriaxone
E000943,spironolactone
E000944,enalapril
E000944,metformin
E000944,ceftriaxone
E000944,paracetamol
E000944,prednisolone
E000944,spironolactone
E000944,insulin
E000945,warfarin
E000945,paracetamol
E000945,amlodipine
E000945,furosemide
E000945,insulin
E000945,spironolactone
E000946,ceftriaxone
E000946,paracetamol
E000946,metformin
E000946,pantoprazole
E000946,furosemide
E000946,aspirin
E000946,amlodipine
E000946,insulin
E000947,enalapril
E000947,aspirin
E000947,salbutamol
E000947,metoprolol
E000948,digoxin
E000948,aspirin
E000948,prednisolone
E000948,warfarin
E000948,ceftriaxone
E000948,amlodipine
E000949,metoprolol
E000949,ceftriaxone
E000949,aspirin
E000949,atorvastatin
E000949,spironolactone
E000949,insulin
E000949,amlodipine
E000949,salbutamol
E000949,prednisolone
E000949,digoxin
E000950,spironolactone
E000950,pantoprazole
E000950,insulin
E000950,metformin
E000951,amlodipine
E000951,ceftriaxone
E000951,atorvastatin
E000951,spironolactone
E000951,paracetamol
E000951,digoxin
E000951,metformin
E000951,warfarin
E000951,insulin
E000951,pantoprazole
E000951,enalapril
E000951,metoprolol
E000951,salbutamol
E000951,aspirin
E000952,ceftriaxone
E000952,metoprolol
E000952,atorvastatin
E000952,aspirin
E000952,prednisolone
E000952,furosemide
E000952,spironolactone
E000952,pantoprazole
E000953,spironolactone
E000953,enalapril
E000953,paracetamol
E000953,salbutamol
E000953,digoxin
E000953,amlodipine
E000953,pantoprazole
E000954,spironolactone
E000954,ceftriaxone
E000954,enalapril
E000954,salbutamol
E000955,metformin
E000955,metoprolol
E000956,furosemide
E000956,ceftriaxone
E000956,pantoprazole
E000956,prednisolone
E000956,metformin
E000956,aspirin
E000956,warfarin
E000956,salbutamol
E000956,insulin
E000957,ceftriaxone
E000957,prednisolone
E000957,aspirin
E000957,metoprolol
E000957,amlodipine
E000958,aspirin
E000958,warfarin
E000959,insulin
E000959,prednisolone
E000960,aspirin
E000960,salbutamol
E000960,metoprolol
E000961,paracetamol
E000961,digoxin
E000961,atorvastatin
E000961,amlodipine
E000961,salbutamol
E000961,furosemide
E000962,aspirin
E000962,ceftriaxone
E000962,warfarin
E000962,metformin
E000962,amlodipine
E000963,insulin
E000963,spironolactone
E000963,atorvastatin
E000963,warfarin
E000963,paracetamol
E000963,enalapril
E000963,prednisolone
E000964,prednisolone
E000964,atorvastatin
E000964,warfarin
E000964,pantoprazole
E000964,insulin
E000964,salbutamol
E000964,digoxin
E000964,spironolactone
E000964,aspirin
E000965,digoxin
E000965,metformin
E000965,enalapril
E000965,furosemide
E000965,salbutamol
E000966,enalapril
E000966,spironolactone
E000966,digoxin
E000966,paracetamol
E000966,pantoprazole
E000966,salbutamol
E000966,amlodipine
E000966,furosemide
E000966,aspirin
E000967,amlodipine
E000967,paracetamol
E000967,furosemide
E000967,warfarin
E000967,digoxin
E000967,spironolactone
E000967,ceftriaxone
E000967,prednisolone
E000967,atorvastatin
E000967,metformin
E000967,insulin
E000968,furosemide
E000968,insulin
E000968,amlodipine
E000968,warfarin
E000968,metoprolol
E000968,atorvastatin
E000968,paracetamol
E000968,digoxin
E000968,pantoprazole
E000968,spironolactone
E000969,paracetamol
E000969,warfarin
E000970,prednisolone
E000970,warfarin
E000970,digoxin
E000970,ceftriaxone
E000970,atorvastatin
E000970,spironolactone
E000970,amlodipine
E000970,metoprolol
E000970,metformin
E000971,paracetamol
E000971,atorvastatin
E000971,furosemide
E000971,salbutamol
E000972,spironolactone
E000972,metformin
E000972,paracetamol
E000972,warfarin
E000972,enalapril
E000973,digoxin
E000973,pantoprazole
E000973,atorvastatin
E000973,spironolactone
E000973,salbutamol
E000973,metoprolol
E000974,digoxin
E000974,prednisolone
E000974,insulin
E000974,enalapril
E000974,metoprolol
E000974,amlodipine
E000974,metformin
E000974,aspirin
E000975,digoxin
E000975,amlodipine
E000975,aspirin
E000975,furosemide
E000976,amlodipine
E000976,metformin
E000977,paracetamol
E000977,spironolactone
E000977,warfarin
E000977,digoxin
E000977,metformin
E000977,enalapril
E000978,prednisolone
E000978,digoxin
E000978,amlodipine
E000978,metformin
E000978,enalapril
E000978,aspirin
E000979,pantoprazole
E000979,amlodipine
E000979,furosemide
E000980,furosemide
E000980,pantoprazole
E000980,aspirin
E000980,metoprolol
E000980,enalapril
E000980,metformin
E000981,insulin
E000981,amlodipine
E000981,spironolactone
E000981,ceftriaxone
E000981,metformin
E000982,salbutamol
E000982,insulin
E000983,aspirin
E000983,paracetamol
E000983,metoprolol
E000984,pantoprazole
E000984,warfarin
E000984,metoprolol
E000985,warfarin
E000985,pantoprazole
E000985,spironolactone
E000985,paracetamol
E000985,ceftriaxone
E000985,enalapril
E000986,warfarin
E000986,digoxin
E000986,paracetamol
E000986,metformin
E000987,aspirin
E000987,atorvastatin
E000987,paracetamol
E000987,prednisolone
E000987,enalapril
E000988,metoprolol
E000988,salbutamol
E000988,atorvastatin
E000989,metoprolol
E000989,prednisolone
E000989,warfarin
E000989,digoxin
E000990,prednisolone
E000990,spironolactone
E000990,insulin
E000990,atorvastatin
E000990,paracetamol
E000990,digoxin
E000990,amlodipine
E000991,amlodipine
E000991,aspirin
E000991,atorvastatin
E000991,metoprolol
E000992,digoxin
E000992,ceftriaxone
E000992,pantoprazole
E000992,insulin
E000992,metoprolol
E000993,digoxin
E000993,paracetamol
E000993,salbutamol
E000993,insulin
E000993,enalapril
E000994,insulin
E000994,metoprolol
E000994,pantoprazole
E000994,furosemide
E000994,metformin
E000994,digoxin
E000994,atorvastatin
E000995,paracetamol
E000995,ceftriaxone
E000995,salbutamol
E000995,metoprolol
E000995,warfarin
E000995,metformin
E000995,aspirin
E000995,enalapril
E000996,paracetamol
E000996,pantoprazole
E000996,spironolactone
E000996,metoprolol
E000996,metformin
E000996,enalapril
E000996,warfarin
E000996,ceftriaxone
E000996,aspirin
E000996,insulin
E000996,atorvastatin
E000996,salbutamol
E000997,pantoprazole
E000997,paracetamol
E000997,atorvastatin
E000997,insulin
E000997,warfarin
E000997,spironolactone
E000997,digoxin
E000997,ceftriaxone
E000998,paracetamol
E000998,warfarin
E000998,prednisolone
E000998,metformin
E000998,atorvastatin
E000998,aspirin
E000998,metoprolol
E000998,amlodipine
E000998,salbutamol
E000998,ceftriaxone
E000998,pantoprazole
E000998,digoxin
E000999,prednisolone
E000999,furosemide
E000999,ceftriaxone
E000999,amlodipine
E001000,enalapril
E001000,metformin
E001000,ceftriaxone
E001000,furosemide
E001000,spironolactone
E001000,insulin
E001000,aspirin
E001001,ceftriaxone
E001001,furosemide
E001001,warfarin
E001001,pantoprazole
E001001,paracetamol
E001001,aspirin
E001001,insulin
E001002,prednisolone
E001002,pantoprazole
E001002,salbutamol
E001002,enalapril
E001002,digoxin
E001002,insulin
E001002,spironolactone
E001002,aspirin
E001002,ceftriaxone
E001003,paracetamol
E001003,metformin
E001003,enalapril
E001004,metoprolol
E001004,spironolactone
E001004,metformin
E001004,warfarin
E001004,insulin
E001005,furosemide
E001005,atorvastatin
E001005,salbutamol
E001005,spironolactone
E001005,amlodipine
E001006,enalapril
E001006,pantoprazole
E001006,furosemide
E001006,aspirin
E001007,amlodipine
E001007,warfarin
E001007,insulin
E001007,enalapril
E001007,metoprolol
E001008,salbutamol
E001008,spironolactone
E001008,enalapril
E001008,ceftriaxone
E001008,prednisolone
E001008,amlodipine
E001008,metoprolol
E001008,metformin
E001008,warfarin
E001008,aspirin
E001009,spironolactone
E001009,digoxin
E001009,prednisolone
E001009,pantoprazole
E001009,metformin
E001009,amlodipine
E001009,salbutamol
E001009,paracetamol
E001010,digoxin
E001010,aspirin
E001010,spironolactone
E001010,atorvastatin
E001010,amlodipine
E001010,ceftriaxone
E001010,metoprolol
E001010,furosemide
E001010,prednisolone
E001010,enalapril
E001010,warfarin
E001010,insulin
E001010,metformin
E001010,pantoprazole
E001010,paracetamol
E001011,warfarin
E001011,amlodipine
E001011,furosemide
E001011,aspirin
E001011,digoxin
E001011,enalapril
E001011,ceftriaxone
E001012,enalapril
E001012,ceftriaxone
E001012,paracetamol
E001012,salbutamol
E001012,prednisolone
E001012,amlodipine
E001012,pantoprazole
E001012,metoprolol
E001012,spironolactone
E001012,digoxin
E001013,digoxin
E001013,prednisolone
E001013,metformin
E001013,pantoprazole
E001014,prednisolone
E001014,metoprolol
E001014,salbutamol
E001015,insulin
E001015,amlodipine
E001015,salbutamol
E001015,paracetamol
E001015,ceftriaxone
E001015,prednisolone
E001015,pantoprazole
E001015,metformin
E001015,warfarin
E001015,spironolactone
E001015,furosemide
E001016,metformin
E001016,enalapril
E001016,warfarin
E001016,ceftriaxone
E001016,salbutamol
E001017,amlodipine
E001017,salbutamol
E001017,insulin
E001017,metoprolol
E001017,pantoprazole
E001017,spironolactone
E001017,atorvastatin
E001017,warfarin
E001017,paracetamol
E001018,paracetamol
E001018,salbutamol
E001018,metoprolol
E001018,metformin
E001019,aspirin
E001019,enalapril
E001019,metformin
E001019,amlodipine
E001019,insulin
E001020,atorvastatin
E001020,insulin
E001020,metformin
E001020,metoprolol
E001020,salbutamol
E001020,aspirin
E001020,prednisolone
E001020,ceftriaxone
E001020,enalapril
E001020,spironolactone
E001020,warfarin
E001020,amlodipine
E001020,digoxin
E001020,paracetamol
E001020,pantoprazole
E001020,furosemide
E001021,ceftriaxone
E001021,paracetamol
E001021,warfarin
E001021,digoxin
E001021,metoprolol
E001021,furosemide
E001022,enalapril
E001022,metformin
E001022,prednisolone
E001022,pantoprazole
E001022,amlodipine
E001022,digoxin
E001022,aspirin
E001022,atorvastatin
E001023,salbutamol
E001023,digoxin
E001023,insulin
E001023,amlodipine
E001023,furosemide
E001023,pantoprazole
E001024,atorvastatin
E001024,paracetamol
E001024,amlodipine
E001024,insulin
E001024,enalapril
E001024,digoxin
E001024,aspirin
E001024,spironolactone
E001025,digoxin
E001025,paracetamol
E001025,prednisolone
E001025,warfarin
E001025,insulin
E001025,furosemide
E001025,salbutamol
E001026,insulin
E001026,paracetamol
E001026,metoprolol
E001026,salbutamol
E001026,enalapril
E001026,pantoprazole
E001026,atorvastatin
E001026,metformin
E001027,amlodipine
E001027,digoxin
E001027,salbutamol
E001027,metoprolol
E001028,insulin
E001028,ceftriaxone
E001028,digoxin
E001028,metformin
E001028,amlodipine
E001028,atorvastatin
E001028,spironolactone
E001029,ceftriaxone
E001029,paracetamol
E001029,digoxin
E001029,enalapril
E001029,atorvastatin
E001030,paracetamol
E001030,furosemide
E001030,spironolactone
E001031,spironolactone
E001031,digoxin
E001031,enalapril
E001031,aspirin
E001031,metoprolol
E001031,ceftriaxone
E001031,salbutamol
E001031,amlodipine
E001032,amlodipine
E001032,warfarin
E001032,furosemide
E001032,paracetamol
E001032,insulin
E001032,pantoprazole
E001032,atorvastatin
E001033,ceftriaxone
E001033,enalapril
E001033,insulin
E001033,metoprolol
E001033,pantoprazole
E001033,digoxin
E001033,aspirin
E001033,salbutamol
E001033,prednisolone
E001034,metformin
E001034,furosemide
E001034,salbutamol
E001034,warfarin
E001034,enalapril
E001034,prednisolone
E001035,prednisolone
E001035,digoxin
E001035,pantoprazole
E001035,insulin
E001035,atorvastatin
E001036,spironolactone
E001036,prednisolone
E001036,aspirin
E001036,furosemide
E001037,metoprolol
E001037,salbutamol
E001037,paracetamol
E001038,furosemide
E001038,amlodipine
E001038,insulin
E001038,ceftriaxone
E001038,enalapril
E001038,prednisolone
E001039,metoprolol
E001039,salbutamol
E001039,insulin
E001039,amlodipine
E001039,enalapril
E001039,aspirin
E001040,warfarin
E001040,spironolactone
E001040,paracetamol
E001041,metoprolol
E001041,enalapril
E001041,ceftriaxone
E001041,amlodipine
E001041,paracetamol
E001042,enalapril
E001042,paracetamol
E001042,ceftriaxone
E001042,insulin
E001042,spironolactone
E001043,furosemide
E001043,metoprolol
E001043,amlodipine
E001044,aspirin
E001044,paracetamol
E001044,ceftriaxone
E001044,salbutamol
E001044,spironolactone
E001044,amlodipine
E001044,prednisolone
E001044,metoprolol
E001044,furosemide
E001044,digoxin
E001044,enalapril
E001044,pantoprazole
E001044,insulin
E001045,spironolactone
E001045,enalapril
E001045,aspirin
E001045,metoprolol
E001045,ceftriaxone
E001046,enalapril
E001046,prednisolone
E001046,aspirin
E001046,salbutamol
E001047,aspirin
E001047,metoprolol
E001047,metformin
E001047,furosemide
E001047,amlodipine
E001048,aspirin
E001048,furosemide
E001048,paracetamol
E001048,salbutamol
E001048,digoxin
E001048,spironolactone
E001048,ceftriaxone
E001049,warfarin
E001049,aspirin
E001049,insulin
E001049,enalapril
E001049,metoprolol
E001049,furosemide
E001050,warfarin
E001050,aspirin
E001050,spironolactone
E001050,insulin
E001050,metformin
E001050,enalapril
E001051,spironolactone
E001052,furosemide
E001052,pantoprazole
E001052,metoprolol
E001052,salbutamol
E001053,salbutamol
E001053,warfarin
E001053,pantoprazole
E001053,aspirin
E001053,furosemide
E001053,spironolactone
E001053,digoxin
E001053,amlodipine
E001053,paracetamol
E001053,prednisolone
E001054,aspirin
E001054,salbutamol
E001054,pantoprazole
E001054,metformin
E001055,furosemide
E001055,insulin
E001055,prednisolone
E001055,paracetamol
E001055,pantoprazole
E001055,atorvastatin
E001056,enalapril
E001056,warfarin
E001056,spironolactone
E001056,paracetamol
E001056,metformin
E001056,furosemide
E001056,amlodipine
E001056,digoxin
E001056,ceftriaxone
E001056,atorvastatin
E001057,digoxin
E001057,insulin
E001057,metoprolol
E001058,enalapril
E001058,digoxin
E001058,insulin
E001058,metformin
E001058,spironolactone
E001059,pantoprazole
E001060,metoprolol
E001060,prednisolone
E001060,insulin
E001060,spironolactone
E001060,warfarin
E001060,aspirin
E001061,spironolactone
E001061,furosemide
E001061,atorvastatin
E001061,insulin
E001061,amlodipine
E001061,pantoprazole
E001061,aspirin
E001061,paracetamol
E001061,salbutamol
E001062,metoprolol
E001062,digoxin
E001062,amlodipine
E001062,aspirin
E001062,salbutamol
E001062,ceftriaxone
E001062,enalapril
E001062,spironolactone
E001062,pantoprazole
E001063,digoxin
E001063,amlodipine
E001063,spironolactone
E001064,enalapril
E001065,atorvastatin
E001065,pantoprazole
E001065,furosemide
E001065,spironolactone
E001065,ceftriaxone
E001065,amlodipine
E001065,paracetamol
E001065,insulin
E001065,warfarin
E001066,furosemide
E001066,spironolactone
E001066,paracetamol
E001066,enalapril
E001066,insulin
E001066,pantoprazole
E001066,amlodipine
E001067,furosemide
E001067,pantoprazole
E001067,metformin
E001067,warfarin
E001068,ceftriaxone
E001068,paracetamol
E001068,amlodipine
E001068,pantoprazole
E001068,aspirin
E001069,atorvastatin
E001069,amlodipine
E001069,metoprolol
E001069,prednisolone
E001069,ceftriaxone
E001070,warfarin
E001070,enalapril
E001070,aspirin
E001071,aspirin
E001072,metoprolol
E001072,digoxin
E001072,metformin
E001072,insulin
E001073,metformin
E001073,salbutamol
E001073,paracetamol
E001073,prednisolone
E001074,salbutamol
E001074,enalapril
E001074,atorvastatin
E001074,metformin
E001074,insulin
E001074,pantoprazole
E001074,furosemide
E001075,metformin
E001075,furosemide
E001075,prednisolone
E001075,enalapril
E001075,salbutamol
E001075,spironolactone
E001075,paracetamol
E001075,amlodipine
E001075,atorvastatin
E001076,furosemide
E001076,pantoprazole
E001076,prednisolone
E001076,spironolactone
E001076,metformin
E001076,atorvastatin
E001077,ceftriaxone
E001077,pantoprazole
E001077,enalapril
E001078,digoxin
E001078,amlodipine
E001078,metoprolol
E001078,paracetamol
E001079,atorvastatin
E001079,prednisolone
E001079,insulin
E001079,digoxin
E001079,warfarin
E001079,paracetamol
E001080,spironolactone
E001080,salbutamol
E001080,aspirin
E001080,metformin
E001080,warfarin
E001081,metoprolol
E001081,prednisolone
E001081,aspirin
E001081,digoxin
E001081,ceftriaxone
E001081,salbutamol
E001081,atorvastatin
E001081,enalapril
E001081,paracetamol
E001081,warfarin
E001081,insulin
E001082,atorvastatin
E001082,salbutamol
E001082,digoxin
E001082,furosemide
E001082,prednisolone
E001082,amlodipine
E001082,warfarin
E001082,metformin
E001083,pantoprazole
E001083,insulin
E001083,aspirin
E001083,furosemide
E001083,ceftriaxone
E001083,prednisolone
E001083,amlodipine
E001084,aspirin
E001084,amlodipine
E001084,furosemide
E001084,metformin
E001084,insulin
E001085,metoprolol
E001085,amlodipine
E001085,prednisolone
E001085,salbutamol
E001085,pantoprazole
E001086,insulin
E001086,amlodipine
E001086,warfarin
E001086,prednisolone
E001086,digoxin
E001086,spironolactone
E001086,furosemide
E001086,paracetamol
E001086,atorvastatin
E001086,metformin
E001086,enalapril
E001086,metoprolol
E001086,salbutamol
E001086,ceftriaxone
E001086,aspirin
E001086,pantoprazole
E001087,furosemide
E001087,metformin
E001087,spironolactone
E001087,aspirin
E001087,salbutamol
E001087,prednisolone
E001087,enalapril
E001088,warfarin
E001088,pantoprazole
E001088,metoprolol
E001089,ceftriaxone
E001089,enalapril
E001089,aspirin
E001089,metoprolol
E001089,paracetamol
E001089,atorvastatin
E001089,prednisolone
E001089,furosemide
E001089,insulin
E001089,amlodipine
E001089,warfarin
E001090,ceftriaxone
E001090,digoxin
E001090,salbutamol
E001090,enalapril
E001091,enalapril
E001091,paracetamol
E001091,aspirin
E001091,metoprolol
E001092,metoprolol
E001092,prednisolone
E001092,paracetamol
E001092,atorvastatin
E001092,insulin
E001092,ceftriaxone
E001092,amlodipine
E001092,digoxin
E001092,pantoprazole
E001092,enalapril
E001092,salbutamol
E001092,warfarin
E001092,metformin
E001092,aspirin
E001092,spironolactone
E001092,furosemide
E001093,metoprolol
E001093,insulin
E001093,spironolactone
E001093,amlodipine
E001093,metformin
E001094,aspirin
E001094,atorvastatin
E001094,metformin
E001094,paracetamol
E001094,furosemide
E001094,warfarin
E001095,furosemide
E001095,insulin
E001095,amlodipine
E001095,ceftriaxone
E001095,salbutamol
E001095,warfarin
E001096,prednisolone
E001096,amlodipine
E001096,insulin
E001096,ceftriaxone
E001096,furosemide
E001096,salbutamol
E001096,warfarin
E001097,paracetamol
E001097,aspirin
E001097,atorvastatin
E001097,enalapril
E001097,digoxin
E001098,enalapril
E001098,metformin
E001098,furosemide
E001098,prednisolone
E001098,atorvastatin
E001098,insulin
E001098,pantoprazole
E001099,aspirin
E001099,furosemide
E001099,digoxin
E001099,paracetamol
E001099,pantoprazole
E001099,atorvastatin
E001099,amlodipine
E001099,ceftriaxone
E001100,furosemide
E001101,insulin
E001101,paracetamol
E001101,amlodipine
E001101,pantoprazole
E001102,metformin
E001102,metoprolol
E001102,salbutamol
E001102,aspirin
E001103,furosemide
E001103,atorvastatin
E001103,digoxin
E001103,insulin
E001103,pantoprazole
E001103,metoprolol
E001103,warfarin
E001104,warfarin
E001105,ceftriaxone
E001105,salbutamol
E001105,furosemide
E001105,insulin
E001105,prednisolone
E001105,enalapril
E001106,paracetamol
E001106,prednisolone
E001106,amlodipine
E001106,atorvastatin
E001107,aspirin
E001107,pantoprazole
E001107,warfarin
E001107,amlodipine
E001107,enalapril
E001107,atorvastatin
E001108,salbutamol
E001108,metformin
E001108,prednisolone
E001108,furosemide
E001108,insulin
E001108,aspirin
E001108,amlodipine
E001109,paracetamol
E001109,aspirin
E001109,warfarin
E001109,insulin
E001109,enalapril
E001109,atorvastatin
E001109,salbutamol
E001109,metoprolol
E001109,pantoprazole
E001109,prednisolone
E001110,prednisolone
E001110,atorvastatin
E001110,spironolactone
E001110,amlodipine
E001110,pantoprazole
E001111,aspirin
E001111,digoxin
E001112,ceftriaxone
E001113,metformin
E001113,furosemide
E001113,prednisolone
E001113,enalapril
E001113,salbutamol
E001113,insulin
E001113,warfarin
E001113,metoprolol
E001114,enalapril
E001115,digoxin
E001115,spironolactone
E001115,furosemide
E001115,warfarin
E001115,ceftriaxone
E001115,paracetamol
E001115,enalapril
E001115,salbutamol
E001115,amlodipine
E001115,aspirin
E001116,warfarin
E001116,paracetamol
E001116,metoprolol
E001116,atorvastatin
E001116,salbutamol
E001116,enalapril
E001116,spironolactone
E001116,pantoprazole
E001116,digoxin
E001117,paracetamol
E001117,insulin
E001117,furosemide
E001117,pantoprazole
E001117,atorvastatin
E001117,salbutamol
E001117,ceftriaxone
E001118,insulin
E001118,metoprolol
E001118,furosemide
E001118,aspirin
E001118,atorvastatin
E001118,pantoprazole
E001118,salbutamol
E001119,atorvastatin
E001119,warfarin
E001119,pantoprazole
E001120,pantoprazole
E001120,enalapril
E001120,atorvastatin
E001120,metoprolol
E001120,digoxin
E001120,aspirin
E001120,paracetamol
E001120,metformin
E001120,amlodipine
E001120,furosemide
E001120,insulin
E001120,prednisolone
E001121,enalapril
E001121,metformin
E001121,paracetamol
E001121,amlodipine
E001121,pantoprazole
E001122,aspirin
E001122,enalapril
E001122,amlodipine
E001122,metformin
E001122,spironolactone
E001122,insulin
E001122,pantoprazole
E001123,ceftriaxone
E001123,prednisolone
E001123,enalapril
E001123,digoxin
E001123,atorvastatin
E001123,metoprolol
E001123,aspirin
E001123,furosemide
E001123,spironolactone
E001123,amlodipine
E001124,furosemide
E001124,paracetamol
E001124,enalapril
E001124,spironolactone
E001125,metoprolol
E001125,prednisolone
E001125,salbutamol
E001125,furosemide
E001125,digoxin
E001125,paracetamol
E001126,digoxin
E001126,metformin
E001126,metoprolol
E001126,aspirin
E001126,prednisolone
E001126,warfarin
E001126,ceftriaxone
E001127,ceftriaxone
E001127,atorvastatin
E001127,digoxin
E001127,spironolactone
E001127,paracetamol
E001127,metformin
E001127,furosemide
E001127,metoprolol
E001127,enalapril
E001127,prednisolone
E001127,warfarin
E001128,metoprolol
E001128,warfarin
E001128,ceftriaxone
E001128,atorvastatin
E001128,furosemide
E001129,pantoprazole
E001129,furosemide
E001129,insulin
E001129,spironolactone
E001129,aspirin
E001130,enalapril
E001130,furosemide
E001130,spironolactone
E001130,ceftriaxone
E001130,aspirin
E001130,salbutamol
E001130,digoxin
E001131,metoprolol
E001131,ceftriaxone
E001131,amlodipine
E001131,salbutamol
E001131,pantoprazole
E001131,digoxin
E001131,aspirin
E001132,spironolactone
E001132,atorvastatin
E001132,prednisolone
E001132,ceftriaxone
E001132,digoxin
E001133,spironolactone
E001133,warfarin
E001133,furosemide
E001133,atorvastatin
E001133,enalapril
E001133,prednisolone
E001133,paracetamol
E001133,amlodipine
E001133,metformin
E001134,warfarin
E001134,paracetamol
E001134,metformin
E001134,insulin
E001134,digoxin
E001134,atorvastatin
E001134,furosemide
E001134,amlodipine
E001134,aspirin
E001135,pantoprazole
E001135,metformin
E001135,aspirin
E001135,furosemide
E001135,insulin
E001135,prednisolone
E001135,ceftriaxone
E001136,metformin
E001136,salbutamol
E001136,spironolactone
E001136,prednisolone
E001136,warfarin
E001136,insulin
E001136,furosemide
E001136,atorvastatin
E001136,pantoprazole
E001136,digoxin
E001136,enalapril
E001137,pantoprazole
E001137,warfarin
E001137,atorvastatin
E001137,prednisolone
E001137,paracetamol
E001138,spironolactone
E001138,insulin
E001138,paracetamol
E001138,metformin
E001138,enalapril
E001138,amlodipine
E001138,digoxin
E001139,enalapril
E001139,insulin
E001139,metformin
E001139,prednisolone
E001139,paracetamol
E001139,ceftriaxone
E001139,atorvastatin
E001139,metoprolol
E001139,warfarin
E001140,ceftriaxone
E001140,prednisolone
E001140,metoprolol
E001140,metformin
E001141,aspirin
E001141,spironolactone
E001141,amlodipine
E001141,digoxin
E001141,enalapril
E001141,paracetamol
E001141,metoprolol
E001141,metformin
E001141,ceftriaxone
E001141,salbutamol
E001142,salbutamol
E001143,warfarin
E001143,atorvastatin
E001143,digoxin
E001143,metformin
E001144,amlodipine
E001144,salbutamol
E001144,warfarin
E001144,metoprolol
E001145,insulin
E001145,metoprolol
E001145,metformin
E001145,warfarin
E001146,atorvastatin
E001146,ceftriaxone
E001146,metoprolol
E001146,salbutamol
E001146,prednisolone
E001146,spironolactone
E001146,warfarin
E001146,amlodipine
E001146,paracetamol
E001147,insulin
E001147,salbutamol
E001147,digoxin
E001147,atorvastatin
E001147,spironolactone
E001147,furosemide
E001148,insulin
E001148,prednisolone
E001148,paracetamol
E001148,pantoprazole
E001148,metoprolol
E001149,insulin
E001149,metoprolol
E001149,aspirin
E001149,pantoprazole
E001149,warfarin
E001150,salbutamol
E001150,digoxin
E001150,metformin
E001150,pantoprazole
E001150,enalapril
E001150,insulin
E001150,spironolactone
E001150,aspirin
E001150,amlodipine
E001151,amlodipine
E001151,prednisolone
E001151,spironolactone
E001151,ceftriaxone
E001151,aspirin
E001151,atorvastatin
E001151,metformin
E001152,aspirin
E001152,metformin
E001152,amlodipine
E001152,paracetamol
E001152,enalapril
E001152,prednisolone
E001152,metoprolol
E001152,insulin
E001152,pantoprazole
E001153,amlodipine
E001153,spironolactone
E001153,atorvastatin
E001153,metoprolol
E001154,enalapril
E001154,pantoprazole
E001154,ceftriaxone
E001155,paracetamol
E001155,warfarin
E001155,salbutamol
E001155,spironolactone
E001156,spironolactone
E001156,salbutamol
E001156,atorvastatin
E001156,furosemide
E001156,insulin
E001156,ceftriaxone
E001157,insulin
E001157,metformin
E001157,digoxin
E001157,metoprolol
E001158,prednisolone
E001158,metformin
E001158,metoprolol
E001158,insulin
E001159,warfarin
E001159,digoxin
E001159,atorvastatin
E001159,furosemide
E001160,insulin
E001160,aspirin
E001161,furosemide
E001161,metformin
E001161,enalapril
E001161,atorvastatin
E001161,metoprolol
E001162,ceftriaxone
E001162,metoprolol
E001162,warfarin
E001162,amlodipine
E001162,enalapril
E001163,atorvastatin
E001163,amlodipine
E001163,digoxin
E001164,enalapril
E001164,prednisolone
E001164,warfarin
E001164,insulin
E001165,paracetamol
E001165,pantoprazole
E001165,digoxin
E001165,amlodipine
E001165,furosemide
E001165,spironolactone
E001165,atorvastatin
E001165,salbutamol
E001165,warfarin
E001166,furosemide
E001166,warfarin
E001166,enalapril
E001167,insulin
E001167,paracetamol
E001167,amlodipine
E001167,digoxin
E001167,furosemide
E001167,metoprolol
E001167,enalapril
E001167,metformin
E001168,pantoprazole
E001168,aspirin
E001168,metformin
E001168,metoprolol
E001168,furosemide
E001169,metformin
E001169,pantoprazole
E001169,atorvastatin
E001169,paracetamol
E001169,ceftriaxone
E001170,amlodipine
E001170,pantoprazole
E001171,amlodipine
E001171,atorvastatin
E001171,metoprolol
E001171,insulin
E001171,digoxin
E001171,aspirin
E001171,ceftriaxone
E001172,metformin
E001172,aspirin
E001172,atorvastatin
E001173,insulin
E001174,furosemide
E001174,digoxin
E001174,enalapril
E001174,pantoprazole
E001174,prednisolone
E001174,metformin
E001174,atorvastatin
E001174,metoprolol
E001174,aspirin
E001174,spironolactone
E001174,warfarin
E001174,paracetamol
E001174,insulin
E001174,amlodipine
E001175,prednisolone
E001175,metoprolol
E001175,atorvastatin
E001175,aspirin
E001175,salbutamol
E001176,metoprolol
E001176,metformin
E001176,salbutamol
E001176,pantoprazole
E001176,aspirin
E001177,metformin
E001177,metoprolol
E001177,paracetamol
E001177,insulin
E001177,atorvastatin
E001178,aspirin
E001178,furosemide
E001178,warfarin
E001178,amlodipine
E001178,salbutamol
E001179,warfarin
E001179,furosemide
E001179,salbutamol
E001180,amlodipine
E001180,metoprolol
E001181,metoprolol
E001181,amlodipine
E001181,aspirin
E001181,furosemide
E001181,paracetamol
E001181,prednisolone
E001181,salbutamol
E001181,spironolactone
E001182,salbutamol
E001182,ceftriaxone
E001182,aspirin
E001182,digoxin
E001182,pantoprazole
E001183,furosemide
E001183,digoxin
E001183,amlodipine
E001183,atorvastatin
E001184,amlodipine
E001184,salbutamol
E001184,prednisolone
E001184,metoprolol
E001184,paracetamol
E001184,enalapril
E001185,metformin
E001185,aspirin
E001185,amlodipine
E001185,paracetamol
E001185,spironolactone
E001185,digoxin
E001186,pantoprazole
E001186,paracetamol
E001186,prednisolone
E001186,enalapril
E001186,metformin
E001187,pantoprazole
E001187,ceftriaxone
E001187,metformin
E001187,insulin
E001187,metoprolol
E001187,digoxin
E001188,digoxin
E001188,enalapril
E001188,warfarin
E001188,metformin
E001188,pantoprazole
E001189,metoprolol
E001189,ceftriaxone
E001189,furosemide
E001189,spironolactone
E001189,enalapril
E001190,furosemide
E001190,atorvastatin
E001190,enalapril
E001190,salbutamol
E001190,pantoprazole
E001191,spironolactone
E001191,ceftriaxone
E001191,metoprolol
E001191,amlodipine
E001192,spironolactone
E001192,insulin
E001192,paracetamol
E001192,amlodipine
E001192,enalapril
E001192,furosemide
E001192,warfarin
E001192,aspirin
E001192,pantoprazole
E001192,digoxin
E001192,atorvastatin
E001193,digoxin
E001193,insulin
E001193,paracetamol
E001193,ceftriaxone
E001193,enalapril
E001193,pantoprazole
E001194,ceftriaxone
E001194,aspirin
E001194,spironolactone
E001194,salbutamol
E001194,prednisolone
E001194,warfarin
E001195,metoprolol
E001195,metformin
E001195,spironolactone
E001195,salbutamol
E001195,atorvastatin
E001196,warfarin
E001196,atorvastatin
E001196,digoxin
E001197,digoxin
E001197,metoprolol
E001197,paracetamol
E001197,aspirin
E001197,salbutamol
E001197,atorvastatin
E001197,enalapril
E001197,prednisolone
E001197,furosemide
E001198,atorvastatin
E001198,digoxin
E001198,insulin
E001198,ceftriaxone
E001198,pantoprazole
E001199,metoprolol
E001199,enalapril
E001199,insulin
E001199,prednisolone
E001199,warfarin
E001199,aspirin
E001199,salbutamol
E001199,ceftriaxone
E001199,paracetamol
E001200,spironolactone
E001200,digoxin
E001200,aspirin
E001200,paracetamol
E001201,aspirin
E001201,spironolactone
E001201,pantoprazole
E001202,atorvastatin
E001202,insulin
E001202,amlodipine
E001203,insulin
E001203,atorvastatin
E001203,metoprolol
E001203,furosemide
E001204,aspirin
E001204,insulin
E001204,metformin
E001204,salbutamol
E001204,enalapril
E001204,amlodipine
E001205,metformin
E001205,furosemide
E001205,prednisolone
E001205,digoxin
E001205,spironolactone
E001206,salbutamol
E001206,pantoprazole
E001206,furosemide
E001206,aspirin
E001206,amlodipine
E001206,metformin
E001206,paracetamol
E001206,insulin
E001207,enalapril
E001207,insulin
E001207,digoxin
E001207,metoprolol
E001208,warfarin
E001208,furosemide
E001208,paracetamol
E001208,salbutamol
E001208,aspirin
E001208,insulin
E001208,ceftriaxone
E001208,pantoprazole
E001208,prednisolone
E001209,metformin
E001209,metoprolol
E001209,insulin
E001209,salbutamol
E001209,paracetamol
E001209,atorvastatin
E001209,prednisolone
E001210,atorvastatin
E001210,pantoprazole
E001210,warfarin
E001210,ceftriaxone
E001210,aspirin
E001210,metoprolol
E001211,amlodipine
E001211,warfarin
E001211,spironolactone
E001211,furosemide
E001211,insulin
E001211,atorvastatin
E001212,prednisolone
E001212,warfarin
E001212,paracetamol
E001212,insulin
E001212,aspirin
E001212,atorvastatin
E001212,amlodipine
E001212,spironolactone
E001212,salbutamol
E001212,metoprolol
E001212,furosemide
E001212,enalapril
E001212,pantoprazole
E001213,insulin
E001213,pantoprazole
E001213,furosemide
E001213,salbutamol
E001213,ceftriaxone
E001214,metformin
E001214,aspirin
E001214,warfarin
E001214,enalapril
E001214,spironolactone
E001214,insulin
E001215,ceftriaxone
E001215,insulin
E001215,prednisolone
E001215,furosemide
E001215,enalapril
E001215,paracetamol
E001215,atorvastatin
E001215,spironolactone
E001216,salbutamol
E001216,prednisolone
E001216,paracetamol
E001216,digoxin
E001216,insulin
E001216,amlodipine
E001216,enalapril
E001216,metformin
E001216,atorvastatin
E001216,warfarin
E001216,pantoprazole
E001216,metoprolol
E001217,insulin
E001217,metformin
E001217,prednisolone
E001217,salbutamol
E001217,warfarin
E001217,digoxin
E001218,warfarin
E001218,ceftriaxone
E001218,insulin
E001218,aspirin
E001218,enalapril
E001218,metformin
E001218,metoprolol
E001218,prednisolone
E001218,spironolactone
E001218,amlodipine
E001219,paracetamol
E001219,metformin
E001219,warfarin
E001219,ceftriaxone
E001219,metoprolol
E001220,digoxin
E001220,metoprolol
E001220,spironolactone
E001220,aspirin
E001220,enalapril
E001220,insulin
E001220,prednisolone
E001220,pantoprazole
E001220,atorvastatin
E001220,ceftriaxone
E001220,amlodipine
E001220,paracetamol
E001220,warfarin
E001221,amlodipine
E001221,pantoprazole
E001221,aspirin
E001221,enalapril
E001221,paracetamol
E001221,insulin
E001222,spironolactone
E001222,digoxin
E001222,enalapril
E001222,metoprolol
E001223,ceftriaxone
E001223,prednisolone
E001223,salbutamol
E001223,amlodipine
E001223,metformin
E001223,furosemide
E001223,aspirin
E001224,prednisolone
E001224,spironolactone
E001224,pantoprazole
E001224,atorvastatin
E001225,digoxin
E001225,metformin
E001225,ceftriaxone
E001225,pantoprazole
E001225,insulin
E001225,paracetamol
E001225,aspirin
E001226,spironolactone
E001226,amlodipine
E001226,metformin
E001226,enalapril
E001227,salbutamol
E001228,aspirin
E001228,furosemide
E001228,pantoprazole
E001229,ceftriaxone
E001229,warfarin
E001230,paracetamol
E001230,pantoprazole
E001230,atorvastatin
E001230,furosemide
E001230,metoprolol
E001230,warfarin
E001231,warfarin
E001231,insulin
E001231,aspirin
E001231,pantoprazole
E001231,paracetamol
E001231,furosemide
E001231,atorvastatin
E001232,paracetamol
E001232,atorvastatin
E001232,spironolactone
E001232,salbutamol
E001232,ceftriaxone
E001232,warfarin
E001233,salbutamol
E001233,atorvastatin
E001233,digoxin
E001233,spironolactone
E001233,pantoprazole
E001233,prednisolone
E001233,ceftriaxone
E001233,insulin
E001233,paracetamol
E001233,metformin
E001233,enalapril
E001234,digoxin
E001234,paracetamol
E001234,spironolactone
E001234,amlodipine
E001234,metoprolol
E001234,warfarin
E001234,insulin
E001234,enalapril
E001234,prednisolone
E001234,metformin
E001234,furosemide
E001234,pantoprazole
E001235,spironolactone
E001235,enalapril
E001235,pantoprazole
E001235,salbutamol
E001235,furosemide
E001235,amlodipine
E001235,atorvastatin
E001236,pantoprazole
E001236,paracetamol
E001236,warfarin
E001236,aspirin
E001236,salbutamol
E001236,metformin
E001236,metoprolol
E001237,insulin
E001237,prednisolone
E001237,amlodipine
E001237,ceftriaxone
E001237,enalapril
E001237,metoprolol
E001237,metformin
E001238,pantoprazole
E001238,aspirin
E001238,spironolactone
E001238,ceftriaxone
E001238,amlodipine
E001238,metformin
E001238,warfarin
E001238,paracetamol
E001239,metformin
E001239,furosemide
E001239,digoxin
E001239,insulin
E001239,amlodipine
E001239,metoprolol
E001239,pantoprazole
E001239,aspirin
E001239,ceftriaxone
E001240,salbutamol
E001240,aspirin
E001240,amlodipine
E001240,prednisolone
E001240,pantoprazole
E001240,warfarin
E001241,insulin
E001241,enalapril
E001242,prednisolone
E001242,salbutamol
E001242,metformin
E001242,ceftriaxone
E001242,digoxin
E001242,pantoprazole
E001242,amlodipine
E001243,paracetamol
E001243,warfarin
E001244,ceftriaxone
E001244,insulin
E001244,warfarin
E001244,metoprolol
E001245,warfarin
E001245,pantoprazole
E001245,paracetamol
E001246,salbutamol
E001246,insulin
E001246,atorvastatin
E001246,pantoprazole
E001246,aspirin
E001246,spironolactone
E001247,warfarin
E001247,salbutamol
E001247,metformin
E001247,digoxin
E001248,warfarin
E001248,pantoprazole
E001248,atorvastatin
E001248,amlodipine
E001248,metoprolol
E001248,paracetamol
E001248,furosemide
E001248,ceftriaxone
E001248,metformin
E001248,prednisolone
E001248,aspirin
E001249,ceftriaxone
E001249,metformin
E001249,amlodipine
E001249,digoxin
E001249,prednisolone
E001249,pantoprazole
E001250,salbutamol
E001250,paracetamol
E001250,metoprolol
E001250,metformin
E001250,atorvastatin
E001250,warfarin
E001251,enalapril
E001251,amlodipine
E001251,furosemide
E001251,ceftriaxone
E001251,metformin
E001251,insulin
E001252,metoprolol
E001252,pantoprazole
E001252,aspirin
E001252,paracetamol
E001252,metformin
E001252,spironolactone
E001252,salbutamol
E001252,insulin
E001252,atorvastatin
E001252,amlodipine
E001252,ceftriaxone
E001253,pantoprazole
E001254,metformin
E001254,enalapril
E001254,furosemide
E001254,amlodipine
E001254,salbutamol
E001254,warfarin
E001254,paracetamol
E001254,atorvastatin
E001254,digoxin
E001254,aspirin
E001255,ceftriaxone
E001255,enalapril
E001255,atorvastatin
E001255,paracetamol
E001255,metformin
E001256,paracetamol
E001256,furosemide
E001256,metformin
E001256,prednisolone
E001257,amlodipine
E001257,metoprolol
E001257,warfarin
E001258,metformin
E001258,enalapril
E001258,insulin
E001258,paracetamol
E001258,ceftriaxone
E001258,digoxin
E001258,metoprolol
E001258,aspirin
E001259,pantoprazole
E001259,atorvastatin
E001259,salbutamol
E001259,furosemide
E001259,digoxin
E001259,prednisolone
E001259,metformin
E001260,metoprolol
E001261,enalapril
E001261,paracetamol
E001261,furosemide
E001261,prednisolone
E001261,metformin
E001261,insulin
E001261,atorvastatin
E001261,aspirin
E001261,amlodipine
E001262,prednisolone
E001262,aspirin
E001262,paracetamol
E001262,atorvastatin
E001262,salbutamol
E001263,atorvastatin
E001263,amlodipine
E001264,prednisolone
E001264,salbutamol
E001264,insulin
E001264,furosemide
E001264,paracetamol
E001265,aspirin
E001265,atorvastatin
E001265,ceftriaxone
E001265,pantoprazole
E001265,salbutamol
E001265,furosemide
E001265,metoprolol
E001265,warfarin
E001265,enalapril
E001265,digoxin
E001265,paracetamol
E001266,insulin
E001266,paracetamol
E001266,metoprolol
E001266,amlodipine
E001266,prednisolone
E001266,warfarin
E001266,ceftriaxone
E001266,atorvastatin
E001266,aspirin
E001266,digoxin
E001267,aspirin
E001267,amlodipine
E001267,furosemide
E001267,ceftriaxone
E001267,digoxin
E001267,insulin
E001267,pantoprazole
E001268,salbutamol
E001268,ceftriaxone
E001268,insulin
E001268,amlodipine
E001268,pantoprazole
E001269,prednisolone
E001269,paracetamol
E001269,enalapril
E001269,warfarin
E001270,atorvastatin
E001270,metformin
E001270,aspirin
E001270,digoxin
E001270,salbutamol
E001271,enalapril
E001271,salbutamol
E001271,metoprolol
E001271,furosemide
E001271,atorvastatin
E001272,spironolactone
E001272,ceftriaxone
E001272,digoxin
E001272,insulin
E001272,atorvastatin
E001272,amlodipine
E001272,aspirin
E001273,digoxin
E001273,aspirin
E001273,atorvastatin
E001273,paracetamol
E001273,metformin
E001274,salbutamol
E001274,atorvastatin
E001274,insulin
E001274,metformin
E001274,enalapril
E001274,furosemide
E001274,pantoprazole
E001275,digoxin
E001275,metformin
E001275,insulin
E001275,atorvastatin
E001275,spironolactone
E001275,pantoprazole
E001276,amlodipine
E001276,furosemide
E001276,paracetamol
E001276,metoprolol
E001277,insulin
E001277,atorvastatin
E001277,warfarin
E001277,aspirin
E001277,ceftriaxone
E001277,enalapril
E001278,prednisolone
E001278,furosemide
E001278,insulin
E001278,pantoprazole
E001278,metformin
E001279,aspirin
E001279,paracetamol
E001279,amlodipine
E001280,ceftriaxone
E001280,prednisolone
E001280,salbutamol
E001280,metformin
E001280,amlodipine
E001281,amlodipine
E001281,insulin
E001281,prednisolone
E001281,spironolactone
E001281,metformin
E001281,paracetamol
E001281,ceftriaxone
E001282,spironolactone
E001282,furosemide
E001282,amlodipine
E001282,enalapril
E001283,metoprolol
E001283,aspirin
E001283,enalapril
E001283,paracetamol
E001283,metformin
E001284,atorvastatin
E001284,pantoprazole
E001284,warfarin
E001284,aspirin
E001285,ceftriaxone
E001285,warfarin
E001285,metformin
E001285,furosemide
E001285,aspirin
E001285,salbutamol
E001285,insulin
E001285,pantoprazole
E001285,digoxin
E001285,atorvastatin
E001285,paracetamol
E001285,spironolactone
E001286,paracetamol
E001286,metformin
E001286,metoprolol
E001286,furosemide
E001286,enalapril
E001286,insulin
E001287,metoprolol
E001287,amlodipine
E001288,enalapril
E001288,atorvastatin
E001288,spironolactone
E001289,warfarin
E001289,atorvastatin
E001289,salbutamol
E001289,enalapril
E001290,atorvastatin
E001290,metformin
E001290,enalapril
E001290,amlodipine
E001290,ceftriaxone
E001291,paracetamol
E001291,spironolactone
E001291,insulin
E001291,metformin
E001291,amlodipine
E001291,furosemide
E001291,digoxin
E001292,metformin
E001292,prednisolone
E001292,amlodipine
E001292,warfarin
E001292,atorvastatin
E001293,prednisolone
E001293,aspirin
E001293,metoprolol
E001293,atorvastatin
E001293,pantoprazole
E001294,metoprolol
E001294,metformin
E001294,prednisolone
E001295,paracetamol
E001295,furosemide
E001295,aspirin
E001295,enalapril
E001295,pantoprazole
E001295,prednisolone
E001295,amlodipine
E001295,digoxin
E001295,metformin
E001295,warfarin
E001295,atorvastatin
E001295,ceftriaxone
E001295,insulin
E001295,salbutamol
E001295,metoprolol
E001295,spironolactone
E001296,furosemide
E001296,digoxin
E001296,atorvastatin
E001297,salbutamol
E001297,warfarin
E001297,pantoprazole
E001297,spironolactone
E001297,metoprolol
E001297,amlodipine
E001297,aspirin
E001297,insulin
E001297,ceftriaxone
E001297,metformin
E001297,enalapril
E001298,amlodipine
E001298,pantoprazole
E001298,salbutamol
E001298,enalapril
E001299,enalapril
E001299,prednisolone
E001299,pantoprazole
E001299,metoprolol
E001299,aspirin
E001300,prednisolone
E001300,aspirin
E001300,ceftriaxone
E001300,enalapril
E001300,salbutamol
E001300,metoprolol
E001300,amlodipine
E001301,spironolactone
E001301,pantoprazole
E001301,digoxin
E001301,atorvastatin
E001301,salbutamol
E001302,furosemide
E001302,metoprolol
E001302,salbutamol
E001302,atorvastatin
E001302,aspirin
E001303,pantoprazole
E001303,metoprolol
E001303,amlodipine
E001303,atorvastatin
E001303,aspirin
E001303,digoxin
E001303,paracetamol
E001303,prednisolone
E001303,insulin
E001304,metoprolol
E001304,metformin
E001304,spironolactone
E001304,ceftriaxone
E001304,digoxin
E001304,insulin
E001304,enalapril
E001304,salbutamol
E001304,warfarin
E001304,aspirin
E001304,amlodipine
E001305,digoxin
E001305,insulin
E001305,enalapril
E001305,ceftriaxone
E001305,amlodipine
E001305,furosemide
E001305,metformin
E001305,salbutamol
E001306,pantoprazole
E001306,aspirin
E001306,digoxin
E001307,enalapril
E001307,insulin
E001307,amlodipine
E001307,metoprolol
E001307,pantoprazole
E001307,paracetamol
E001307,furosemide
E001308,insulin
E001308,warfarin
E001308,furosemide
E001308,digoxin
E001308,enalapril
E001308,aspirin
E001308,ceftriaxone
E001308,pantoprazole
E001309,prednisolone
E001310,prednisolone
E001310,paracetamol
E001310,amlodipine
E001310,pantoprazole
E001311,insulin
E001311,amlodipine
E001311,salbutamol
E001311,metformin
E001311,paracetamol
E001311,enalapril
E001311,warfarin
E001312,enalapril
E001312,metformin
E001312,digoxin
E001312,amlodipine
E001312,atorvastatin
E001313,enalapril
E001313,atorvastatin
E001313,ceftriaxone
E001313,digoxin
E001313,aspirin
E001313,paracetamol
E001313,amlodipine
E001313,insulin
E001313,pantoprazole
E001313,metformin
E001314,digoxin
E001314,spironolactone
E001314,metoprolol
E001314,atorvastatin
E001314,amlodipine
E001314,pantoprazole
E001315,aspirin
E001315,metoprolol
E001315,ceftriaxone
E001315,digoxin
E001315,insulin
E001315,spironolactone
E001316,prednisolone
E001316,salbutamol
E001316,enalapril
E001316,aspirin
E001316,amlodipine
E001316,metoprolol
E001317,warfarin
E001317,spironolactone
E001317,metformin
E001317,metoprolol
E001317,furosemide
E001317,amlodipine
E001317,atorvastatin
E001317,ceftriaxone
E001318,salbutamol
E001318,ceftriaxone
E001318,amlodipine
E001318,enalapril
E001318,metoprolol
E001318,metformin
E001319,digoxin
E001319,metformin
E001319,ceftriaxone
E001319,paracetamol
E001319,salbutamol
E001319,prednisolone
E001319,aspirin
E001319,atorvastatin
E001319,spironolactone
E001319,furosemide
E001320,amlodipine
E001320,salbutamol
E001320,prednisolone
E001320,atorvastatin
E001320,digoxin
E001320,aspirin
E001321,warfarin
E001321,atorvastatin
E001321,furosemide
E001321,digoxin
E001322,salbutamol
E001322,atorvastatin
E001322,prednisolone
E001322,ceftriaxone
E001322,digoxin
E001322,aspirin
E001322,pantoprazole
E001323,enalapril
E001323,warfarin
E001323,atorvastatin
E001323,metoprolol
E001323,furosemide
E001324,metformin
E001324,digoxin
E001324,spironolactone
E001324,warfarin
E001324,furosemide
E001325,salbutamol
E001325,digoxin
E001325,prednisolone
E001325,paracetamol
E001325,enalapril
E001325,spironolactone
E001325,furosemide
E001325,metoprolol
E001326,enalapril
E001326,metformin
E001326,digoxin
E001326,metoprolol
E001326,pantoprazole
E001327,warfarin
E001327,atorvastatin
E001327,enalapril
E001327,ceftriaxone
E001327,metformin
E001327,pantoprazole
E001327,spironolactone
E001327,digoxin
E001327,furosemide
E001327,insulin
E001328,pantoprazole
E001328,ceftriaxone
E001328,furosemide
E001328,prednisolone
E001328,metformin
E001328,aspirin
E001328,digoxin
E001328,spironolactone
E001329,paracetamol
E001329,pantoprazole
E001329,prednisolone
E001329,aspirin
E001329,furosemide
E001329,spironolactone
E001329,metformin
E001329,warfarin
E001329,amlodipine
E001330,salbutamol
E001330,digoxin
E001330,amlodipine
E001331,metformin
E001331,spironolactone
E001331,ceftriaxone
E001331,prednisolone
E001331,metoprolol
E001331,amlodipine
E001331,aspirin
E001331,paracetamol
E001331,atorvastatin
E001331,digoxin
E001332,prednisolone
E001332,furosemide
E001332,metoprolol
E001332,atorvastatin
E001332,aspirin
E001332,metformin
E001332,insulin
E001332,ceftriaxone
E001332,pantoprazole
E001333,salbutamol
E001333,paracetamol
E001333,atorvastatin
E001333,digoxin
E001334,salbutamol
E001334,pantoprazole
E001334,warfarin
E001335,warfarin
E001335,paracetamol
E001335,aspirin
E001335,enalapril
E001335,salbutamol
E001336,insulin
E001336,salbutamol
E001336,spironolactone
E001336,ceftriaxone
E001336,pantoprazole
E001336,prednisolone
E001336,warfarin
E001337,aspirin
E001337,paracetamol
E001337,enalapril
E001337,prednisolone
E001337,ceftriaxone
E001337,insulin
E001337,digoxin
E001337,furosemide
E001337,spironolactone
E001338,metformin
E001338,furosemide
E001338,insulin
E001338,paracetamol
E001338,prednisolone
E001339,salbutamol
E001339,paracetamol
E001339,pantoprazole
E001339,metoprolol
E001339,ceftriaxone
E001339,metformin
E001339,prednisolone
E001339,digoxin
E001340,pantoprazole
E001340,insulin
E001340,salbutamol
E001340,metoprolol
E001341,insulin
E001342,metformin
E001342,atorvastatin
E001342,metoprolol
E001342,ceftriaxone
E001343,metformin
E001343,digoxin
E001343,atorvastatin
E001344,spironolactone
E001344,digoxin
E001344,metformin
E001344,furosemide
E001344,pantoprazole
E001344,amlodipine
E001345,amlodipine
E001345,furosemide
E001345,insulin
E001345,prednisolone
E001345,aspirin
E001345,atorvastatin
E001345,pantoprazole
E001346,aspirin
E001346,atorvastatin
E001346,amlodipine
E001346,paracetamol
E001346,digoxin
E001346,spironolactone
E001347,furosemide
E001347,paracetamol
E001347,ceftriaxone
E001347,prednisolone
E001347,spironolactone
E001347,warfarin
E001348,paracetamol
E001348,insulin
E001348,ceftriaxone
E001348,atorvastatin
E001348,furosemide
E001349,pantoprazole
E001349,metoprolol
E001350,metformin
E001350,metoprolol
E001350,atorvastatin
E001350,furosemide
E001350,insulin
E001350,pantoprazole
E001351,metoprolol
E001351,metformin
E001351,furosemide
E001351,salbutamol
E001351,paracetamol
E001351,pantoprazole
E001352,digoxin
E001352,salbutamol
E001352,ceftriaxone
E001352,metoprolol
E001352,amlodipine
E001353,aspirin
E001353,metformin
E001353,furosemide
E001353,insulin
E001353,metoprolol
E001353,spironolactone
E001353,amlodipine
E001354,amlodipine
E001354,furosemide
E001354,spironolactone
E001354,metformin
E001355,warfarin
E001355,aspirin
E001355,spironolactone
E001355,prednisolone
E001356,aspirin
E001356,prednisolone
E001356,pantoprazole
E001356,warfarin
E001356,furosemide
E001356,spironolactone
E001356,insulin
E001356,ceftriaxone
E001356,metformin
E001357,aspirin
E001357,warfarin
E001357,pantoprazole
E001357,spironolactone
E001357,ceftriaxone
E001357,paracetamol
E001357,insulin
E001358,aspirin
E001358,atorvastatin
E001358,metformin
E001358,pantoprazole
E001358,furosemide
E001358,salbutamol
E001358,amlodipine
E001358,ceftriaxone
E001358,digoxin
E001358,prednisolone
E001359,metoprolol
E001359,ceftriaxone
E001359,warfarin
E001359,digoxin
E001359,pantoprazole
E001359,spironolactone
E001359,insulin
E001359,furosemide
E001359,prednisolone
E001359,enalapril
E001359,atorvastatin
E001360,prednisolone
E001360,atorvastatin
E001361,furosemide
E001361,paracetamol
E001361,salbutamol
E001361,metformin
E001361,warfarin
E001361,ceftriaxone
E001361,pantoprazole
E001361,enalapril
E001362,enalapril
E001362,metoprolol
E001362,furosemide
E001362,pantoprazole
E001362,prednisolone
E001362,warfarin
E001363,spironolactone
E001363,prednisolone
E001363,ceftriaxone
E001363,salbutamol
E001363,pantoprazole
E001363,insulin
E001364,salbutamol
E001364,enalapril
E001364,aspirin
E001364,metoprolol
E001364,atorvastatin
E001364,metformin
E001364,ceftriaxone
E001364,pantoprazole
E001364,amlodipine
E001364,digoxin
E001364,paracetamol
E001365,pantoprazole
E001365,salbutamol
E001365,spironolactone
E001365,ceftriaxone
E001365,metformin
E001365,digoxin
E001365,insulin
E001365,metoprolol
E001365,warfarin
E001366,amlodipine
E001366,spironolactone
E001366,metformin
E001366,warfarin
E001366,insulin
E001367,spironolactone
E001367,digoxin
E001367,enalapril
E001367,amlodipine
E001367,insulin
E001367,metoprolol
E001367,atorvastatin
E001367,pantoprazole
E001367,metformin
E001367,aspirin
E001367,furosemide
E001368,enalapril
E001368,prednisolone
E001368,metformin
E001368,metoprolol
E001369,salbutamol
E001369,warfarin
E001369,atorvastatin
E001369,aspirin
E001369,paracetamol
E001369,metoprolol
E001369,pantoprazole
E001369,digoxin
E001369,prednisolone
E001369,spironolactone
E001369,amlodipine
E001370,paracetamol
E001370,salbutamol
E001370,digoxin
E001370,insulin
E001370,spironolactone
E001371,metformin
E001371,aspirin
E001371,salbutamol
E001371,enalapril
E001371,amlodipine
E001371,metoprolol
E001371,atorvastatin
E001371,paracetamol
E001371,digoxin
E001371,spironolactone
E001371,furosemide
E001372,spironolactone
E001372,atorvastatin
E001372,warfarin
E001372,prednisolone
E001372,ceftriaxone
E001372,digoxin
E001372,metoprolol
E001372,amlodipine
E001372,aspirin
E001373,spironolactone
E001373,amlodipine
E001374,prednisolone
E001374,spironolactone
E001374,salbutamol
E001374,amlodipine
E001374,paracetamol
E001374,digoxin
E001374,enalapril
E001374,aspirin
E001374,warfarin
E001375,aspirin
E001375,metoprolol
E001375,furosemide
E001376,metoprolol
E001376,digoxin
E001376,aspirin
E001376,pantoprazole
E001376,salbutamol
E001377,prednisolone
E001377,insulin
E001377,metoprolol
E001377,salbutamol
E001377,atorvastatin
E001377,metformin
E001377,pantoprazole
E001377,spironolactone
E001378,salbutamol
E001378,prednisolone
E001378,furosemide
E001378,spironolactone
E001378,insulin
E001378,warfarin
E001378,metformin
E001378,aspirin
E001379,paracetamol
E001379,atorvastatin
E001379,metformin
E001379,prednisolone
E001379,metoprolol
E001379,digoxin
E001379,insulin
E001379,amlodipine
E001379,enalapril
E001380,pantoprazole
E001380,atorvastatin
E001380,aspirin
E001380,salbutamol
E001380,insulin
E001381,enalapril
E001381,furosemide
E001381,insulin
E001381,digoxin
E001381,paracetamol
E001381,atorvastatin
E001381,amlodipine
E001382,amlodipine
E001382,pantoprazole
E001382,insulin
E001383,atorvastatin
E001383,furosemide
E001383,salbutamol
E001383,amlodipine
E001383,pantoprazole
E001383,insulin
E001383,paracetamol
E001383,enalapril
E001383,metformin
E001384,pantoprazole
E001384,aspirin
E001384,atorvastatin
E001384,furosemide
E001384,metoprolol
E001384,metformin
E001385,metoprolol
E001385,atorvastatin
E001385,furosemide
E001385,aspirin
E001386,pantoprazole
E001386,warfarin
E001386,digoxin
E001386,atorvastatin
E001387,paracetamol
E001387,digoxin
E001387,insulin
E001387,atorvastatin
E001387,amlodipine
E001388,enalapril
E001388,insulin
E001388,aspirin
E001388,ceftriaxone
E001388,metoprolol
E001389,salbutamol
E001389,enalapril
E001389,pantoprazole
E001389,amlodipine
E001389,insulin
E001389,furosemide
E001389,digoxin
E001389,aspirin
E001389,paracetamol
E001390,spironolactone
E001390,metoprolol
E001390,amlodipine
E001390,digoxin
E001390,ceftriaxone
E001390,prednisolone
E001390,enalapril
E001390,pantoprazole
E001390,furosemide
E001391,aspirin
E001391,prednisolone
E001391,warfarin
E001391,insulin
E001391,spironolactone
E001392,furosemide
E001392,pantoprazole
E001392,metformin
E001392,warfarin
E001392,paracetamol
E001392,insulin
E001393,salbutamol
E001393,warfarin
E001393,paracetamol
E001393,spironolactone
E001393,insulin
E001393,metformin
E001393,aspirin
E001393,amlodipine
E001393,atorvastatin
E001393,enalapril
E001394,enalapril
E001394,digoxin
E001394,spironolactone
E001395,digoxin
E001395,aspirin
E001395,prednisolone
E001395,metformin
E001395,enalapril
E001396,furosemide
E001397,metoprolol
E001397,metformin
E001397,ceftriaxone
E001397,atorvastatin
E001397,salbutamol
E001397,paracetamol
E001397,prednisolone
E001397,amlodipine
E001397,aspirin
E001397,digoxin
E001398,metoprolol
E001398,amlodipine
E001398,paracetamol
E001398,warfarin
E001398,metformin
E001399,amlodipine
E001399,metoprolol
E001399,metformin
E001399,warfarin
E001400,metoprolol
E001400,prednisolone
E001400,pantoprazole
E001400,amlodipine
E001400,paracetamol
E001401,pantoprazole
E001401,warfarin
E001401,ceftriaxone
E001401,insulin
E001401,atorvastatin
E001401,metoprolol
E001402,metformin
E001402,prednisolone
E001402,amlodipine
E001402,digoxin
E001402,aspirin
E001402,ceftriaxone
E001402,insulin
E001403,digoxin
E001403,metformin
E001403,enalapril
E001403,paracetamol
E001403,amlodipine
E001404,furosemide
E001404,amlodipine
E001404,salbutamol
E001404,digoxin
E001404,prednisolone
E001404,aspirin
E001404,ceftriaxone
E001404,warfarin
E001404,metoprolol
E001404,metformin
E001405,insulin
E001405,warfarin
E001405,prednisolone
E001405,metformin
E001405,spironolactone
E001405,salbutamol
E001405,digoxin
E001405,amlodipine
E001405,pantoprazole
E001405,metoprolol
E001406,amlodipine
E001406,pantoprazole
E001406,atorvastatin
E001406,furosemide
E001406,metoprolol
E001406,ceftriaxone
E001406,spironolactone
E001406,metformin
E001407,atorvastatin
E001407,warfarin
E001407,salbutamol
E001407,aspirin
E001407,metoprolol
E001407,enalapril
E001407,metformin
E001407,insulin
E001407,spironolactone
E001407,ceftriaxone
E001408,insulin
E001408,atorvastatin
E001408,prednisolone
E001408,amlodipine
E001408,pantoprazole
E001408,salbutamol
E001408,ceftriaxone
E001408,metoprolol
E001408,warfarin
E001408,furosemide
E001409,aspirin
E001409,insulin
E001409,ceftriaxone
E001410,salbutamol
E001410,prednisolone
E001411,pantoprazole
E001411,prednisolone
E001411,amlodipine
E001411,aspirin
E001411,salbutamol
E001411,paracetamol
E001412,atorvastatin
E001412,prednisolone
E001412,metformin
E001412,paracetamol
E001412,spironolactone
E001412,digoxin
E001413,digoxin
E001413,enalapril
E001414,prednisolone
E001414,metoprolol
E001414,enalapril
E001415,amlodipine
E001415,ceftriaxone
E001415,furosemide
E001415,spironolactone
E001415,warfarin
E001415,salbutamol
E001415,metoprolol
E001415,enalapril
E001416,furosemide
E001416,enalapril
E001416,aspirin
E001416,warfarin
E001416,amlodipine
E001416,digoxin
E001417,paracetamol
E001417,warfarin
E001417,metoprolol
E001417,salbutamol
E001418,amlodipine
E001418,spironolactone
E001418,metoprolol
E001418,enalapril
E001418,furosemide
E001419,atorvastatin
E001419,metoprolol
E001419,warfarin
E001419,furosemide
E001420,digoxin
E001420,enalapril
E001420,paracetamol
E001420,metformin
E001420,warfarin
E001420,furosemide
E001421,amlodipine
E001421,insulin
E001421,warfarin
E001421,atorvastatin
E001421,metoprolol
E001421,prednisolone
E001421,furosemide
E001421,ceftriaxone
E001421,salbutamol
E001422,furosemide
E001422,paracetamol
E001422,insulin
E001422,enalapril
E001423,warfarin
E001423,aspirin
E001423,paracetamol
E001423,metformin
E001423,prednisolone
E001423,insulin
E001424,ceftriaxone
E001424,insulin
E001424,paracetamol
E001424,aspirin
E001424,salbutamol
E001424,amlodipine
E001424,spironolactone
E001425,metoprolol
E001425,digoxin
E001425,ceftriaxone
E001426,metoprolol
E001427,furosemide
E001427,metoprolol
E001427,spironolactone
E001427,warfarin
E001427,paracetamol
E001427,atorvastatin
E001427,enalapril
E001428,spironolactone
E001428,warfarin
E001428,aspirin
E001428,paracetamol
E001428,prednisolone
E001428,furosemide
E001429,metformin
E001429,atorvastatin
E001430,salbutamol
E001430,furosemide
E001430,atorvastatin
E001430,prednisolone
E001431,insulin
E001431,prednisolone
E001432,ceftriaxone
E001432,spironolactone
E001432,pantoprazole
E001432,aspirin
E001432,furosemide
E001433,atorvastatin
E001433,paracetamol
E001433,amlodipine
E001433,metformin
E001433,digoxin
E001434,salbutamol
E001434,warfarin
E001435,metformin
E001435,warfarin
E001435,metoprolol
E001435,amlodipine
E001435,spironolactone
E001435,aspirin
E001435,pantoprazole
E001436,paracetamol
E001436,aspirin
E001436,atorvastatin
E001436,enalapril
E001436,warfarin
E001437,pantoprazole
E001437,enalapril
E001437,furosemide
E001437,atorvastatin
E001437,spironolactone
E001438,paracetamol
E001438,spironolactone
E001438,enalapril
E001438,ceftriaxone
E001438,insulin
E001438,prednisolone
E001438,salbutamol
E001438,metoprolol
E001438,warfarin
E001438,amlodipine
E001438,digoxin
E001438,aspirin
E001438,atorvastatin
E001439,atorvastatin
E001439,pantoprazole
E001439,insulin
E001439,metformin
E001439,ceftriaxone
E001440,atorvastatin
E001440,aspirin
E001440,enalapril
E001440,insulin
E001440,salbutamol
E001440,furosemide
E001440,ceftriaxone
E001440,spironolactone
E001440,digoxin
E001441,spironolactone
E001441,warfarin
E001441,metoprolol
E001441,pantoprazole
E001441,furosemide
E001441,aspirin
E001441,ceftriaxone
E001442,ceftriaxone
E001442,amlodipine
E001442,metoprolol
E001442,metformin
E001443,metformin
E001443,metoprolol
E001443,enalapril
E001443,digoxin
E001443,paracetamol
E001443,furosemide
E001444,furosemide
E001444,ceftriaxone
E001444,pantoprazole
E001444,prednisolone
E001444,metoprolol
E001445,aspirin
E001445,prednisolone
E001445,furosemide
E001445,metformin
E001445,enalapril
E001446,metoprolol
E001447,prednisolone
E001447,ceftriaxone
E001447,atorvastatin
E001447,paracetamol
E001447,spironolactone
E001447,pantoprazole
E001447,aspirin
E001447,warfarin
E001448,enalapril
E001448,metformin
E001448,amlodipine
E001448,insulin
E001448,aspirin
E001448,ceftriaxone
E001448,metoprolol
E001449,paracetamol
E001449,aspirin
E001449,warfarin
E001449,insulin
E001449,ceftriaxone
E001449,metoprolol
E001450,metoprolol
E001450,prednisolone
E001450,salbutamol
E001450,warfarin
E001450,enalapril
E001450,aspirin
E001450,paracetamol
E001450,ceftriaxone
E001450,metformin
E001451,furosemide
E001451,paracetamol
E001451,atorvastatin
E001451,warfarin
E001451,prednisolone
E001452,furosemide
E001452,prednisolone
E001452,ceftriaxone
E001452,metoprolol
E001452,amlodipine
E001453,prednisolone
E001453,salbutamol
E001453,atorvastatin
E001453,paracetamol
E001453,spironolactone
E001454,digoxin
E001454,enalapril
E001454,pantoprazole
E001454,ceftriaxone
E001454,warfarin
E001454,metformin
E001454,spironolactone
E001455,pantoprazole
E001455,metformin
E001455,spironolactone
E001455,enalapril
E001455,atorvastatin
E001455,digoxin
E001455,ceftriaxone
E001455,furosemide
E001455,metoprolol
E001456,prednisolone
E001457,spironolactone
E001457,pantoprazole
E001457,amlodipine
E001458,insulin
E001458,prednisolone
E001458,salbutamol
E001458,aspirin
E001458,spironolactone
E001458,amlodipine
E001458,ceftriaxone
E001459,metoprolol
E001459,prednisolone
E001459,aspirin
E001460,paracetamol
E001460,spironolactone
E001460,insulin
E001460,amlodipine
E001460,enalapril
E001460,metformin
E001460,furosemide
E001460,aspirin
E001460,pantoprazole
E001460,metoprolol
E001460,prednisolone
E001461,spironolactone
E001461,enalapril
E001461,digoxin
E001461,metformin
E001461,metoprolol
E001461,insulin
E001462,insulin
E001462,digoxin
E001462,amlodipine
E001462,enalapril
E001462,warfarin
E001462,prednisolone
E001462,salbutamol
E001463,spironolactone
E001463,enalapril
E001463,metoprolol
E001463,insulin
E001463,furosemide
E001463,aspirin
E001463,atorvastatin
E001463,prednisolone
E001463,digoxin
E001464,prednisolone
E001464,atorvastatin
E001464,insulin
E001464,amlodipine
E001464,warfarin
E001465,metoprolol
E001465,atorvastatin
E001465,metformin
E001465,spironolactone
E001465,prednisolone
E001465,warfarin
E001465,enalapril
E001465,insulin
E001465,pantoprazole
E001465,furosemide
E001466,salbutamol
E001466,warfarin
E001466,metoprolol
E001466,insulin
E001466,prednisolone
E001466,atorvastatin
E001466,paracetamol
E001467,pantoprazole
E001467,furosemide
E001467,paracetamol
E001467,spironolactone
E001467,metformin
E001467,warfarin
E001468,digoxin
E001468,furosemide
E001468,amlodipine
E001468,ceftriaxone
E001468,spironolactone
E001468,enalapril
E001469,metoprolol
E001469,paracetamol
E001469,aspirin
E001469,prednisolone
E001469,spironolactone
E001469,ceftriaxone
E001469,metformin
E001469,enalapril
E001470,warfarin
E001470,furosemide
E001470,prednisolone
E001470,amlodipine
E001471,atorvastatin
E001471,paracetamol
E001471,warfarin
E001471,aspirin
E001471,prednisolone
E001472,prednisolone
E001472,warfarin
E001472,salbutamol
E001472,digoxin
E001472,amlodipine
E001472,metoprolol
E001472,insulin
E001472,enalapril
E001472,ceftriaxone
E001472,metformin
E001472,spironolactone
E001473,insulin
E001473,pantoprazole
E001473,enalapril
E001474,pantoprazole
E001474,metoprolol
E001474,furosemide
E001474,ceftriaxone
E001474,salbutamol
E001474,insulin
E001474,amlodipine
E001474,prednisolone
E001475,paracetamol
E001475,salbutamol
E001475,enalapril
E001476,spironolactone
E001476,pantoprazole
E001476,paracetamol
E001476,furosemide
E001476,metoprolol
E001476,salbutamol
E001476,warfarin
E001476,metformin
E001477,prednisolone
E001477,furosemide
E001477,metoprolol
E001477,enalapril
E001477,warfarin
E001477,atorvastatin
E001477,amlodipine
E001477,digoxin
E001477,spironolactone
E001477,paracetamol
E001478,metformin
E001478,atorvastatin
E001478,enalapril
E001478,furosemide
E001478,aspirin
E001479,metformin
E001479,furosemide
E001479,spironolactone
E001479,insulin
E001479,ceftriaxone
E001479,aspirin
E001479,amlodipine
E001479,atorvastatin
E001479,warfarin
E001480,metformin
E001480,digoxin
E001480,salbutamol
E001480,amlodipine
E001480,ceftriaxone
E001480,pantoprazole
E001480,prednisolone
E001480,furosemide
E001480,insulin
E001480,aspirin
E001480,enalapril
E001481,warfarin
E001481,amlodipine
E001481,paracetamol
E001481,pantoprazole
E001481,spironolactone
E001481,insulin
E001481,metformin
E001481,ceftriaxone
E001481,aspirin
E001481,salbutamol
E001482,furosemide
E001482,metformin
E001482,enalapril
E001482,metoprolol
E001482,insulin
E001482,prednisolone
E001482,atorvastatin
E001482,spironolactone
E001482,paracetamol
E001482,salbutamol
E001482,ceftriaxone
E001482,warfarin
E001482,aspirin
E001482,digoxin
E001483,spironolactone
E001483,insulin
E001483,metformin
E001483,prednisolone
E001483,furosemide
E001483,warfarin
E001483,salbutamol
E001483,aspirin
E001483,digoxin
E001483,paracetamol
E001484,insulin
E001484,metoprolol
E001484,aspirin
E001484,spironolactone
E001484,digoxin
E001485,insulin
E001485,aspirin
E001485,ceftriaxone
E001485,digoxin
E001485,enalapril
E001485,spironolactone
E001486,spironolactone
E001486,metoprolol
E001486,salbutamol
E001486,paracetamol
E001486,digoxin
E001486,prednisolone
E001487,metformin
E001487,prednisolone
E001487,warfarin
E001487,pantoprazole
E001487,atorvastatin
E001487,furosemide
E001488,digoxin
E001488,paracetamol
E001489,atorvastatin
E001489,amlodipine
E001489,pantoprazole
E001489,aspirin
E001489,metformin
E001489,prednisolone
E001489,paracetamol
E001490,salbutamol
E001490,digoxin
E001490,metoprolol
E001490,enalapril
E001490,amlodipine
E001490,atorvastatin
E001490,paracetamol
E001490,ceftriaxone
E001490,metformin
E001491,aspirin
E001491,digoxin
E001491,enalapril
E001491,salbutamol
E001491,paracetamol
E001491,prednisolone
E001492,furosemide
E001492,enalapril
E001493,pantoprazole
E001493,enalapril
E001493,amlodipine
E001493,digoxin
E001493,metoprolol
E001493,salbutamol
E001494,atorvastatin
E001494,salbutamol
E001494,prednisolone
E001494,aspirin
E001495,metformin
E001495,prednisolone
E001495,enalapril
E001495,salbutamol
E001496,pantoprazole
E001496,warfarin
E001497,spironolactone
E001497,aspirin
E001497,enalapril
E001498,warfarin
E001498,salbutamol
E001499,metformin
E001499,aspirin
E001499,paracetamol
E001499,pantoprazole
E001499,spironolactone
E001500,paracetamol
E001500,warfarin
E001500,prednisolone
E001500,aspirin
E001500,enalapril
E001500,digoxin
E001500,metoprolol
E001500,furosemide
E001500,salbutamol
E001500,amlodipine
E001500,insulin
E001500,metformin
E001501,prednisolone
E001501,spironolactone
E001501,aspirin
E001501,insulin
E001501,furosemide
E001501,salbutamol
E001502,insulin
E001502,amlodipine
E001502,pantoprazole
E001502,spironolactone
E001503,aspirin
E001503,atorvastatin
E001504,paracetamol
E001504,salbutamol
E001504,pantoprazole
E001504,insulin
E001504,aspirin
E001504,metformin
E001504,furosemide
E001504,enalapril
E001504,ceftriaxone
E001505,aspirin
E001505,metformin
E001505,atorvastatin
E001505,pantoprazole
E001505,enalapril
E001506,ceftriaxone
E001506,prednisolone
E001506,digoxin
E001506,furosemide
E001507,atorvastatin
E001507,enalapril
E001507,paracetamol
E001507,metformin
E001507,ceftriaxone
E001508,furosemide
E001508,insulin
E001508,amlodipine
E001508,warfarin
E001508,digoxin
E001508,enalapril
E001508,metformin
E001508,metoprolol
E001508,atorvastatin
E001509,prednisolone
E001510,furosemide
E001510,spironolactone
E001510,atorvastatin
E001510,metoprolol
E001510,prednisolone
E001511,salbutamol
E001511,spironolactone
E001511,metoprolol
E001512,pantoprazole
E001512,ceftriaxone
E001512,enalapril
E001512,metformin
E001512,aspirin
E001512,warfarin
E001512,atorvastatin
E001512,salbutamol
E001512,amlodipine
E001512,insulin
E001512,digoxin
E001513,warfarin
E001513,insulin
E001513,atorvastatin
E001513,metoprolol
E001513,ceftriaxone
E001513,prednisolone
E001513,enalapril
E001514,metformin
E001515,metoprolol
E001515,insulin
E001515,amlodipine
E001515,ceftriaxone
E001515,prednisolone
E001515,atorvastatin
E001515,enalapril
E001516,insulin
E001516,atorvastatin
E001516,salbutamol
E001516,amlodipine
E001517,prednisolone
E001517,pantoprazole
E001517,amlodipine
E001517,furosemide
E001517,enalapril
E001517,paracetamol
E001517,warfarin
E001517,digoxin
E001517,metformin
E001518,ceftriaxone
E001518,prednisolone
E001519,amlodipine
E001519,atorvastatin
E001519,prednisolone
E001519,paracetamol
E001519,furosemide
E001519,metoprolol
E001519,ceftriaxone
E001519,spironolactone
E001519,warfarin
E001519,enalapril
E001519,digoxin
E001519,metformin
E001520,enalapril
E001520,insulin
E001520,amlodipine
E001520,metformin
E001521,metoprolol
E001521,enalapril
E001521,warfarin
E001521,insulin
E001521,salbutamol
E001521,ceftriaxone
E001521,atorvastatin
E001521,furosemide
E001521,paracetamol
E001521,spironolactone
E001522,metformin
E001522,pantoprazole
E001522,furosemide
E001522,insulin
E001522,aspirin
E001522,enalapril
E001522,prednisolone
E001523,warfarin
E001523,spironolactone
E001523,ceftriaxone
E001523,atorvastatin
E001523,metoprolol
E001523,prednisolone
E001523,pantoprazole
E001523,amlodipine
E001523,enalapril
E001524,atorvastatin
E001524,insulin
E001524,enalapril
E001524,pantoprazole
E001524,spironolactone
E001524,aspirin
E001524,ceftriaxone
E001524,paracetamol
E001524,salbutamol
E001525,metoprolol
E001526,warfarin
E001526,atorvastatin
E001526,metformin
E001526,salbutamol
E001527,warfarin
E001527,paracetamol
E001527,aspirin
E001527,prednisolone
E001527,metoprolol
E001527,atorvastatin
E001527,pantoprazole
E001527,furosemide
E001528,ceftriaxone
E001528,paracetamol
E001528,warfarin
E001528,amlodipine
E001528,spironolactone
E001528,atorvastatin
E001528,prednisolone
E001529,warfarin
E001529,digoxin
E001529,metformin
E001529,enalapril
E001529,insulin
E001529,pantoprazole
E001530,metformin
E001530,amlodipine
E001531,paracetamol
E001531,prednisolone
E001532,ceftriaxone
E001532,metoprolol
E001532,pantoprazole
E001532,enalapril
E001532,paracetamol
E001533,furosemide
E001533,pantoprazole
E001533,amlodipine
E001533,metoprolol
E001533,salbutamol
E001533,ceftriaxone
E001533,paracetamol
E001534,atorvastatin
E001534,salbutamol
E001534,digoxin
E001534,ceftriaxone
E001534,aspirin
E001535,metformin
E001535,digoxin
E001535,insulin
E001535,metoprolol
E001535,paracetamol
E001535,pantoprazole
E001535,atorvastatin
E001536,insulin
E001536,digoxin
E001537,pantoprazole
E001537,atorvastatin
E001537,insulin
E001537,salbutamol
E001537,ceftriaxone
E001538,aspirin
E001538,digoxin
E001538,enalapril
E001538,metoprolol
E001538,atorvastatin
E001539,amlodipine
E001539,ceftriaxone
E001539,digoxin
E001539,furosemide
E001539,aspirin
E001539,insulin
E001539,pantoprazole
E001539,prednisolone
E001539,warfarin
E001539,spironolactone
E001540,atorvastatin
E001540,paracetamol
E001540,enalapril
E001540,digoxin
E001540,salbutamol
E001540,metformin
E001541,enalapril
E001541,salbutamol
E001541,pantoprazole
E001541,metoprolol
E001541,amlodipine
E001541,ceftriaxone
E001542,spironolactone
E001542,insulin
E001542,paracetamol
E001542,warfarin
E001542,pantoprazole
E001542,aspirin
E001542,salbutamol
E001542,furosemide
E001542,ceftriaxone
E001542,enalapril
E001543,spironolactone
E001543,prednisolone
E001543,amlodipine
E001543,enalapril
E001543,digoxin
E001543,metformin
E001544,enalapril
E001544,aspirin
E001544,ceftriaxone
E001544,warfarin
E001544,digoxin
E001545,digoxin
E001545,enalapril
E001545,ceftriaxone
E001545,paracetamol
E001545,aspirin
E001545,metformin
E001545,salbutamol
E001545,warfarin
E001545,atorvastatin
E001545,prednisolone
E001546,aspirin
E001546,spironolactone
E001546,enalapril
E001547,aspirin
E001547,pantoprazole
E001547,spironolactone
E001547,atorvastatin
E001547,insulin
E001547,salbutamol
E001547,paracetamol
E001548,amlodipine
E001548,pantoprazole
E001548,atorvastatin
E001549,warfarin
E001549,atorvastatin
E001549,digoxin
E001549,insulin
E001549,pantoprazole
E001549,paracetamol
E001549,amlodipine
E001549,metoprolol
E001550,ceftriaxone
E001550,pantoprazole
E001550,warfarin
E001551,prednisolone
E001551,insulin
E001551,metoprolol
E001551,salbutamol
E001551,metformin
E001551,furosemide
E001551,paracetamol
E001551,pantoprazole
E001551,ceftriaxone
E001551,atorvastatin
E001551,aspirin
E001552,aspirin
E001552,paracetamol
E001552,amlodipine
E001552,prednisolone
E001552,digoxin
E001552,spironolactone
E001552,salbutamol
E001552,pantoprazole
E001552,warfarin
E001552,ceftriaxone
E001553,enalapril
E001553,prednisolone
E001553,aspirin
E001553,digoxin
E001553,pantoprazole
E001553,warfarin
E001553,furosemide
E001553,ceftriaxone
E001553,metoprolol
E001553,atorvastatin
E001554,warfarin
E001554,furosemide
E001554,enalapril
E001554,atorvastatin
E001554,insulin
E001554,metformin
E001554,prednisolone
E001554,amlodipine
E001555,metformin
E001555,insulin
E001555,digoxin
E001555,prednisolone
E001556,warfarin
E001556,spironolactone
E001557,aspirin
E001557,prednisolone
E001557,enalapril
E001557,furosemide
E001557,metoprolol
E001557,salbutamol
E001557,metformin
E001557,spironolactone
E001558,insulin
E001558,furosemide
E001558,atorvastatin
E001558,aspirin
E001558,enalapril
E001558,digoxin
E001558,amlodipine
E001559,warfarin
E001559,metoprolol
E001559,amlodipine
E001559,furosemide
E001560,warfarin
E001560,enalapril
E001560,ceftriaxone
E001560,spironolactone
E001560,pantoprazole
E001560,prednisolone
E001560,metoprolol
E001560,digoxin
E001560,salbutamol
E001560,atorvastatin
E001561,amlodipine
E001561,insulin
E001561,metoprolol
E001561,warfarin
E001561,spironolactone
E001561,metformin
E001561,prednisolone
E001561,paracetamol
E001562,digoxin
E001562,prednisolone
E001562,paracetamol
E001562,atorvastatin
E001562,metoprolol
E001563,pantoprazole
E001563,ceftriaxone
E001563,insulin
E001563,aspirin
E001564,metoprolol
E001564,paracetamol
E001564,furosemide
E001564,salbutamol
E001564,ceftriaxone
E001564,metformin
E001565,metformin
E001565,metoprolol
E001565,furosemide
E001565,insulin
E001565,salbutamol
E001565,warfarin
E001565,enalapril
E001565,prednisolone
E001565,amlodipine
E001566,salbutamol
E001566,digoxin
E001566,enalapril
E001566,furosemide
E001566,atorvastatin
E001567,ceftriaxone
E001567,salbutamol
E001567,atorvastatin
E001567,digoxin
E001567,warfarin
E001567,paracetamol
E001568,atorvastatin
E001568,enalapril
E001569,enalapril
E001570,salbutamol
E001570,metoprolol
E001570,spironolactone
E001570,aspirin
E001571,metoprolol
E001571,aspirin
E001571,amlodipine
E001571,warfarin
E001571,digoxin
E001571,furosemide
E001571,ceftriaxone
E001571,pantoprazole
E001572,prednisolone
E001572,furosemide
E001572,pantoprazole
E001573,salbutamol
E001573,metoprolol
E001573,aspirin
E001573,metformin
E001573,warfarin
E001573,prednisolone
E001573,ceftriaxone
E001573,spironolactone
E001573,pantoprazole
E001574,pantoprazole
E001574,enalapril
E001575,paracetamol
E001575,digoxin
E001575,metoprolol
E001575,salbutamol
E001575,enalapril
E001576,amlodipine
E001576,digoxin
E001576,spironolactone
E001576,furosemide
E001576,prednisolone
E001576,enalapril
E001576,ceftriaxone
E001576,metoprolol
E001576,pantoprazole
E001576,insulin
E001577,prednisolone
E001577,metoprolol
E001577,amlodipine
E001577,ceftriaxone
E001577,furosemide
E001577,enalapril
E001578,prednisolone
E001578,insulin
E001578,salbutamol
E001578,digoxin
E001578,spironolactone
E001578,aspirin
E001579,insulin
E001579,aspirin
E001579,prednisolone
E001579,enalapril
E001579,metoprolol
E001579,paracetamol
E001579,salbutamol
E001579,digoxin
E001580,paracetamol
E001580,enalapril
E001580,insulin
E001580,pantoprazole
E001580,amlodipine
E001580,prednisolone
E001581,atorvastatin
E001581,ceftriaxone
E001581,metformin
E001581,furosemide
E001581,warfarin
E001581,pantoprazole
E001581,insulin
E001582,prednisolone
E001582,insulin
E001582,spironolactone
E001582,warfarin
E001582,amlodipine
E001582,furosemide
E001582,pantoprazole
E001582,ceftriaxone
E001583,spironolactone
E001583,metoprolol
E001583,amlodipine
E001584,atorvastatin
E001584,digoxin
E001584,warfarin
E001584,metformin
E001585,spironolactone
E001585,ceftriaxone
E001585,prednisolone
E001585,salbutamol
E001585,amlodipine
E001586,digoxin
E001586,enalapril
E001586,pantoprazole
E001586,atorvastatin
E001586,metoprolol
E001586,spironolactone
E001586,paracetamol
E001586,salbutamol
E001587,furosemide
E001587,enalapril
E001587,insulin
E001587,metformin
E001587,amlodipine
E001587,ceftriaxone
E001587,aspirin
E001588,pantoprazole
E001588,furosemide
E001588,spironolactone
E001588,enalapril
E001588,atorvastatin
E001588,warfarin
E001589,warfarin
E001589,atorvastatin
E001589,amlodipine
E001589,spironolactone
E001589,pantoprazole
E001589,salbutamol
E001590,metformin
E001590,warfarin
E001590,ceftriaxone
E001590,furosemide
E001590,aspirin
E001590,digoxin
E001590,enalapril
E001590,atorvastatin
E001590,insulin
E001591,warfarin
E001591,salbutamol
E001591,furosemide
E001591,metformin
E001591,pantoprazole
E001591,ceftriaxone
E001591,prednisolone
E001591,metoprolol
E001591,insulin
E001592,enalapril
E001592,furosemide
E001592,salbutamol
E001592,aspirin
E001592,amlodipine
E001593,spironolactone
E001593,furosemide
E001593,digoxin
E001593,aspirin
E001593,salbutamol
E001593,warfarin
E001594,enalapril
E001595,metformin
E001595,paracetamol
E001595,furosemide
E001595,salbutamol
E001596,ceftriaxone
E001596,pantoprazole
E001597,amlodipine
E001597,salbutamol
E001597,metformin
E001598,aspirin
E001598,warfarin
E001598,atorvastatin
E001598,metformin
E001598,metoprolol
E001598,enalapril
E001598,salbutamol
E001598,paracetamol
E001598,furosemide
E001598,pantoprazole
E001598,amlodipine
E001599,metformin
E001599,amlodipine
E001599,warfarin
E001599,digoxin
E001599,atorvastatin
E001600,digoxin
E001600,pantoprazole
E001600,salbutamol
E001600,warfarin
E001600,amlodipine
E001600,enalapril
E001600,paracetamol
E001600,metoprolol
E001601,pantoprazole
E001601,aspirin
E001601,spironolactone
E001601,paracetamol
E001602,atorvastatin
E001602,paracetamol
E001602,amlodipine
E001602,ceftriaxone
E001602,salbutamol
E001602,warfarin
E001603,spironolactone
E001603,aspirin
E001603,metoprolol
E001603,salbutamol
E001603,insulin
E001603,amlodipine
E001603,atorvastatin
E001604,paracetamol
E001604,atorvastatin
E001604,ceftriaxone
E001604,spironolactone
E001604,metoprolol
E001605,amlodipine
E001605,spironolactone
E001605,prednisolone
E001605,enalapril
E001605,metoprolol
E001605,salbutamol
E001606,ceftriaxone
E001606,insulin
E001606,digoxin
E001607,ceftriaxone
E001607,metformin
E001607,metoprolol
E001607,pantoprazole
E001607,amlodipine
E001608,warfarin
E001608,metoprolol
E001608,pantoprazole
E001609,atorvastatin
E001609,metformin
E001609,amlodipine
E001610,pantoprazole
E001610,metformin
E001610,warfarin
E001611,enalapril
E001611,warfarin
E001611,furosemide
E001611,paracetamol
E001611,metoprolol
E001611,amlodipine
E001611,pantoprazole
E001612,aspirin
E001612,pantoprazole
E001612,furosemide
E001612,salbutamol
E001612,digoxin
E001612,metformin
E001613,metoprolol
E001613,pantoprazole
E001613,spironolactone
E001613,warfarin
E001613,aspirin
E001613,paracetamol
E001613,atorvastatin
E001613,prednisolone
E001613,metformin
E001613,amlodipine
E001614,aspirin
E001614,paracetamol
E001614,salbutamol
E001614,metoprolol
E001614,atorvastatin
E001614,insulin
E001614,amlodipine
E001614,furosemide
E001614,enalapril
E001615,insulin
E001615,spironolactone
E001615,pantoprazole
E001615,digoxin
E001615,metformin
E001616,paracetamol
E001616,prednisolone
E001616,insulin
E001616,aspirin
E001616,ceftriaxone
E001616,digoxin
E001616,amlodipine
E001616,warfarin
E001616,salbutamol
E001616,atorvastatin
E001616,enalapril
E001616,metoprolol
E001617,metformin
E001617,insulin
E001617,metoprolol
E001617,paracetamol
E001617,digoxin
E001617,warfarin
E001617,furosemide
E001618,digoxin
E001618,prednisolone
E001618,metformin
E001618,enalapril
E001618,ceftriaxone
E001618,pantoprazole
E001618,atorvastatin
E001618,aspirin
E001619,pantoprazole
E001619,salbutamol
E001619,atorvastatin
E001619,furosemide
E001619,amlodipine
E001620,aspirin
E001620,warfarin
E001620,pantoprazole
E001620,metformin
E001620,digoxin
E001620,amlodipine
E001621,spironolactone
E001622,pantoprazole
E001622,enalapril
E001623,metformin
E001623,atorvastatin
E001623,warfarin
E001623,aspirin
E001623,paracetamol
E001623,spironolactone
E001623,furosemide
E001623,enalapril
E001623,metoprolol
E001624,salbutamol
E001624,warfarin
E001624,furosemide
E001624,spironolactone
E001624,prednisolone
E001624,enalapril
E001624,aspirin
E001624,amlodipine
E001625,paracetamol
E001625,metformin
E001625,spironolactone
E001625,digoxin
E001626,ceftriaxone
E001626,salbutamol
E001626,enalapril
E001626,metformin
E001626,aspirin
E001626,digoxin
E001627,furosemide
E001627,enalapril
E001627,pantoprazole
E001627,salbutamol
E001627,aspirin
E001628,spironolactone
E001628,insulin
E001628,furosemide
E001628,digoxin
E001628,enalapril
E001628,aspirin
E001628,pantoprazole
E001629,salbutamol
E001629,digoxin
E001629,atorvastatin
E001629,enalapril
E001629,paracetamol
E001629,insulin
E001630,aspirin
E001630,metformin
E001630,amlodipine
E001630,ceftriaxone
E001630,atorvastatin
E001630,salbutamol
E001630,warfarin
E001630,digoxin
E001631,insulin
E001631,aspirin
E001631,metoprolol
E001631,digoxin
E001632,amlodipine
E001632,aspirin
E001632,digoxin
E001632,ceftriaxone
E001632,paracetamol
E001632,atorvastatin
E001632,insulin
E001632,metformin
E001632,pantoprazole
E001633,ceftriaxone
E001633,insulin
E001633,amlodipine
E001633,aspirin
E001633,paracetamol
E001633,spironolactone
E001633,digoxin
E001633,enalapril
E001633,metoprolol
E001634,warfarin
E001634,metoprolol
E001634,digoxin
E001634,spironolactone
E001634,prednisolone
E001634,enalapril
E001634,paracetamol
E001634,aspirin
E001634,amlodipine
E001634,metformin
E001634,ceftriaxone
E001634,insulin
E001635,enalapril
E001635,pantoprazole
E001635,digoxin
E001635,spironolactone
E001636,atorvastatin
E001636,insulin
E001636,digoxin
E001636,aspirin
E001636,metoprolol
E001636,paracetamol
E001637,paracetamol
E001637,warfarin
E001637,insulin
E001637,digoxin
E001637,spironolactone
E001637,ceftriaxone
E001637,atorvastatin
E001637,metoprolol
E001638,digoxin
E001638,paracetamol
E001638,amlodipine
E001638,salbutamol
E001638,insulin
E001638,atorvastatin
E001638,enalapril
E001638,metoprolol
E001639,insulin
E001639,enalapril
E001639,furosemide
E001639,metformin
E001639,aspirin
E001639,amlodipine
E001640,pantoprazole
E001640,ceftriaxone
E001640,spironolactone
E001640,salbutamol
E001641,warfarin
E001641,ceftriaxone
E001641,paracetamol
E001641,amlodipine
E001641,aspirin
E001642,paracetamol
E001642,spironolactone
E001643,pantoprazole
E001643,ceftriaxone
E001643,digoxin
E001643,furosemide
E001643,amlodipine
E001643,insulin
E001643,spironolactone
E001644,warfarin
E001644,atorvastatin
E001644,metformin
E001644,aspirin
E001644,paracetamol
E001644,digoxin
E001645,digoxin
E001645,enalapril
E001645,insulin
E001645,prednisolone
E001645,ceftriaxone
E001645,warfarin
E001645,amlodipine
E001646,amlodipine
E001646,salbutamol
E001646,metoprolol
E001646,ceftriaxone
E001646,enalapril
E001647,atorvastatin
E001647,pantoprazole
E001647,insulin
E001647,prednisolone
E001647,salbutamol
E001647,enalapril
E001648,insulin
E001648,ceftriaxone
E001648,digoxin
E001648,metformin
E001648,aspirin
E001648,warfarin
E001648,atorvastatin
E001648,metoprolol
E001649,aspirin
E001649,warfarin
E001649,ceftriaxone
E001649,insulin
E001650,atorvastatin
E001650,warfarin
E001650,amlodipine
E001650,insulin
E001650,aspirin
E001651,insulin
E001651,warfarin
E001651,ceftriaxone
E001651,prednisolone
E001651,paracetamol
E001651,aspirin
E001651,furosemide
E001651,salbutamol
E001651,spironolactone
E001651,atorvastatin
E001652,metformin
E001652,digoxin
E001652,spironolactone
E001652,paracetamol
E001652,prednisolone
E001652,metoprolol
E001653,digoxin
E001653,prednisolone
E001653,atorvastatin
E001653,salbutamol
E001653,aspirin
E001653,insulin
E001654,digoxin
E001654,metformin
E001654,aspirin
E001654,atorvastatin
E001654,insulin
E001655,prednisolone
E001655,aspirin
E001655,paracetamol
E001656,prednisolone
E001656,spironolactone
E001657,paracetamol
E001657,furosemide
E001657,atorvastatin
E001658,ceftriaxone
E001658,amlodipine
E001658,furosemide
E001658,pantoprazole
E001658,atorvastatin
E001658,aspirin
E001659,spironolactone
E001659,amlodipine
E001659,salbutamol
E001659,aspirin
E001660,aspirin
E001660,metoprolol
E001660,spironolactone
E001660,furosemide
E001660,salbutamol
E001661,metoprolol
E001661,pantoprazole
E001661,ceftriaxone
E001661,salbutamol
E001661,prednisolone
E001662,digoxin
E001662,insulin
E001662,paracetamol
E001662,warfarin
E001662,ceftriaxone
E001663,ceftriaxone
E001663,furosemide
E001663,aspirin
E001663,pantoprazole
E001663,salbutamol
E001663,insulin
E001664,furosemide
E001664,insulin
E001664,prednisolone
E001664,warfarin
E001664,ceftriaxone
E001664,metformin
E001664,aspirin
E001664,pantoprazole
E001664,spironolactone
E001665,spironolactone
E001665,atorvastatin
E001665,furosemide
E001665,digoxin
E001665,aspirin
E001665,salbutamol
E001665,enalapril
E001665,warfarin
E001665,pantoprazole
E001665,amlodipine
E001665,prednisolone
E001665,insulin
E001665,paracetamol
E001665,metoprolol
E001665,ceftriaxone
E001665,metformin
E001666,warfarin
E001666,metformin
E001666,digoxin
E001666,insulin
E001667,ceftriaxone
E001668,amlodipine
E001668,metoprolol
E001668,metformin
E001668,atorvastatin
E001668,enalapril
E001668,pantoprazole
E001669,salbutamol
E001669,warfarin
E001669,furosemide
E001669,spironolactone
E001669,ceftriaxone
E001670,furosemide
E001671,atorvastatin
E001672,metformin
E001672,warfarin
E001672,pantoprazole
E001672,furosemide
E001672,ceftriaxone
E001672,salbutamol
E001672,aspirin
E001673,digoxin
E001673,enalapril
E001673,furosemide
E001674,paracetamol
E001674,spironolactone
E001674,amlodipine
E001674,pantoprazole
E001675,furosemide
E001675,ceftriaxone
E001675,warfarin
E001675,aspirin
E001675,atorvastatin
E001675,paracetamol
E001676,digoxin
E001676,furosemide
E001676,atorvastatin
E001676,spironolactone
E001677,paracetamol
E001677,enalapril
E001677,pantoprazole
E001677,spironolactone
E001677,atorvastatin
E001678,atorvastatin
E001678,pantoprazole
E001678,furosemide
E001678,metoprolol
E001679,prednisolone
E001679,salbutamol
E001679,pantoprazole
E001679,warfarin
E001679,metoprolol
E001679,aspirin
E001679,insulin
E001679,spironolactone
E001679,paracetamol
E001680,ceftriaxone
E001680,enalapril
E001680,metformin
E001680,aspirin
E001681,warfarin
E001681,spironolactone
E001681,paracetamol
E001681,insulin
E001681,pantoprazole
E001682,enalapril
E001682,ceftriaxone
E001682,paracetamol
E001682,digoxin
E001682,furosemide
E001682,salbutamol
E001682,pantoprazole
E001682,amlodipine
E001682,metoprolol
E001682,insulin
E001683,digoxin
E001683,paracetamol
E001683,pantoprazole
E001683,metoprolol
E001683,spironolactone
E001683,prednisolone
E001684,digoxin
E001684,furosemide
E001684,aspirin
E001684,metoprolol
E001684,salbutamol
E001685,insulin
E001685,metformin
E001685,enalapril
E001685,spironolactone
E001685,furosemide
E001685,paracetamol
E001685,salbutamol
E001685,atorvastatin
E001686,amlodipine
E001686,warfarin
E001686,insulin
E001686,furosemide
E001686,metformin
E001686,salbutamol
E001687,furosemide
E001687,ceftriaxone
E001688,enalapril
E001688,warfarin
E001688,metformin
E001688,digoxin
E001688,prednisolone
E001689,aspirin
E001689,pantoprazole
E001689,insulin
E001689,enalapril
E001689,spironolactone
E001690,spironolactone
E001690,prednisolone
E001690,enalapril
E001690,paracetamol
E001690,metoprolol
E001690,atorvastatin
E001690,digoxin
E001691,spironolactone
E001691,digoxin
E001691,ceftriaxone
E001691,warfarin
E001691,metformin
E001691,enalapril
E001691,aspirin
E001691,paracetamol
E001691,furosemide
E001691,insulin
E001691,atorvastatin
E001692,metoprolol
E001692,enalapril
E001692,atorvastatin
E001692,metformin
E001692,ceftriaxone
E001692,amlodipine
E001692,salbutamol
E001692,spironolactone
E001693,paracetamol
E001693,prednisolone
E001693,enalapril
E001693,aspirin
E001694,salbutamol
E001694,atorvastatin
E001694,ceftriaxone
E001694,digoxin
E001694,prednisolone
E001694,enalapril
E001695,enalapril
E001695,paracetamol
E001695,salbutamol
E001695,metformin
E001696,furosemide
E001696,metformin
E001696,digoxin
E001696,insulin
E001696,atorvastatin
E001697,pantoprazole
E001697,spironolactone
E001697,insulin
E001697,salbutamol
E001697,aspirin
E001697,enalapril
E001698,salbutamol
E001698,paracetamol
E001698,amlodipine
E001698,warfarin
E001698,digoxin
E001698,aspirin
E001699,atorvastatin
E001699,paracetamol
E001699,warfarin
E001699,salbutamol
E001699,digoxin
E001699,metformin
E001699,ceftriaxone
E001699,spironolactone
E001699,enalapril
E001699,insulin
E001699,pantoprazole
E001699,furosemide
E001700,amlodipine
E001700,warfarin
E001700,atorvastatin
E001700,spironolactone
E001701,digoxin
E001701,ceftriaxone
E001701,atorvastatin
E001701,paracetamol
E001701,furosemide
E001701,metoprolol
E001702,insulin
E001703,enalapril
E001703,spironolactone
E001703,prednisolone
E001703,amlodipine
E001703,warfarin
E001703,insulin
E001703,aspirin
E001704,atorvastatin
E001704,salbutamol
E001704,prednisolone
E001704,pantoprazole
E001704,furosemide
E001704,enalapril
E001704,metformin
E001704,metoprolol
E001705,aspirin
E001705,spironolactone
E001705,metformin
E001705,enalapril
E001706,spironolactone
E001706,metformin
E001706,aspirin
E001707,furosemide
E001708,atorvastatin
E001708,insulin
E001708,aspirin
E001708,spironolactone
E001708,salbutamol
E001708,warfarin
E001708,metformin
E001708,enalapril
E001708,pantoprazole
E001708,metoprolol
E001709,metformin
E001709,warfarin
E001709,spironolactone
E001709,metoprolol
E001709,amlodipine
E001709,enalapril
E001709,atorvastatin
E001710,aspirin
E001710,amlodipine
E001710,furosemide
E001710,paracetamol
E001710,prednisolone
E001710,atorvastatin
E001710,digoxin
E001710,ceftriaxone
E001710,metoprolol
E001710,salbutamol
E001710,spironolactone
E001711,enalapril
E001711,metformin
E001711,insulin
E001712,metformin
E001712,prednisolone
E001712,warfarin
E001712,paracetamol
E001712,salbutamol
E001713,amlodipine
E001713,metformin
E001713,paracetamol
E001713,warfarin
E001713,spironolactone
E001714,metoprolol
E001714,digoxin
E001714,prednisolone
E001714,pantoprazole
E001715,amlodipine
E001715,insulin
E001716,spironolactone
E001716,aspirin
E001716,pantoprazole
E001716,salbutamol
E001716,warfarin
E001716,prednisolone
E001716,enalapril
E001717,salbutamol
E001717,digoxin
E001717,ceftriaxone
E001717,insulin
E001717,spironolactone
E001717,metformin
