encounter_id,patient_id,admit_date,discharge_date,icd10,diagnosis,discharge_to,readmit_30d
E000001,MRN00001,2025-03-15,2025-03-21,J44,COPD exacerbation,Home with services,1
E000002,MRN00002,2025-02-04,2025-02-07,J18,Pneumonia,Home,0
E000003,MRN00002,2025-03-17,2025-03-19,N39,Urinary tract infection,Home,0
E000004,MRN00002,2025-04-03,2025-04-10,I50,Heart failure,Home,0
E000005,MRN00003,2025-06-01,2025-06-09,I50,Heart failure,Home with services,0
E000006,MRN00003,2025-07-31,2025-08-03,I50,Heart failure,Home,0
E000007,MRN00004,2025-01-08,2025-01-14,I50,Heart failure,Home,1
E000008,MRN00004,2025-01-23,2025-01-29,I50,Heart failure,Nursing facility,0
E000009,MRN00005,2025-07-01,2025-07-09,J18,Pneumonia,Home,1
E000010,MRN00005,2025-07-19,2025-07-27,N39,Urinary tract infection,Home,0
E000011,MRN00006,2025-07-12,2025-07-16,E11,Type 2 diabetes,Home,0
E000012,MRN00006,2025-09-03,2025-09-06,N39,Urinary tract infection,Home,1
E000013,MRN00007,2025-04-03,2025-04-06,I50,Heart failure,Home,0
E000014,MRN00007,2025-05-19,2025-05-27,I50,Heart failure,Home,1
E000015,MRN00007,2025-06-16,2025-06-19,N39,Urinary tract infection,Home,0
E000016,MRN00008,2025-02-02,2025-02-09,E11,Type 2 diabetes,Home,1
E000017,MRN00008,2025-03-07,2025-03-12,J18,Pneumonia,Home,0
E000018,MRN00009,2025-03-07,2025-03-11,J18,Pneumonia,Home,0
E000019,MRN00010,2025-07-08,2025-07-12,J44,COPD exacerbation,Home,0
E000020,MRN00011,2025-01-01,2025-01-05,J44,COPD exacerbation,Home with services,0
E000021,MRN00012,2025-06-02,2025-06-07,J44,COPD exacerbation,Home,0
E000022,MRN00012,2025-07-20,2025-07-24,E11,Type 2 diabetes,Home,0
E000023,MRN00013,2025-07-05,2025-07-10,J44,COPD exacerbation,Home with services,0
E000024,MRN00013,2025-09-06,2025-09-09,J44,COPD exacerbation,Home,0
E000025,MRN00014,2025-01-18,2025-01-31,I50,Heart failure,Home,1
E000026,MRN00014,2025-02-25,2025-02-28,J44,COPD exacerbation,Home,0
E000027,MRN00014,2025-03-20,2025-03-26,J18,Pneumonia,Home,1
E000028,MRN00015,2025-07-17,2025-07-19,E11,Type 2 diabetes,Home,0
E000029,MRN00016,2025-02-18,2025-02-20,N39,Urinary tract infection,Home,0
E000030,MRN00016,2025-03-15,2025-03-19,J18,Pneumonia,Nursing facility,0
E000031,MRN00017,2025-03-12,2025-03-16,J44,COPD exacerbation,Home,0
E000032,MRN00018,2025-01-17,2025-01-25,I50,Heart failure,Home,0
E000033,MRN00019,2025-03-26,2025-03-27,J44,COPD exacerbation,Home,0
E000034,MRN00019,2025-05-08,2025-05-15,I50,Heart failure,Home,1
E000035,MRN00020,2025-05-02,2025-05-05,J44,COPD exacerbation,Home with services,0
E000036,MRN00020,2025-06-09,2025-06-11,I50,Heart failure,Home with services,0
E000037,MRN00020,2025-07-26,2025-07-28,J44,COPD exacerbation,Home,0
E000038,MRN00021,2025-07-01,2025-07-04,E11,Type 2 diabetes,Home,0
E000039,MRN00022,2025-05-27,2025-05-28,E11,Type 2 diabetes,Home,0
E000040,MRN00023,2025-04-25,2025-04-30,I50,Heart failure,Home,0
E000041,MRN00024,2025-02-04,2025-02-10,I50,Heart failure,Home with services,0
E000042,MRN00025,2025-01-07,2025-01-13,I50,Heart failure,Home with services,0
E000043,MRN00026,2025-06-19,2025-06-25,J18,Pneumonia,Home,0
E000044,MRN00027,2025-01-12,2025-01-16,E11,Type 2 diabetes,Home with services,0
E000045,MRN00027,2025-01-31,2025-02-04,J44,COPD exacerbation,Home,0
E000046,MRN00027,2025-02-18,2025-02-24,J18,Pneumonia,Home,0
E000047,MRN00028,2025-03-08,2025-03-14,J18,Pneumonia,Home,0
E000048,MRN00028,2025-04-17,2025-04-19,N39,Urinary tract infection,Home,0
E000049,MRN00029,2025-06-27,2025-06-28,E11,Type 2 diabetes,Home,0
E000050,MRN00029,2025-08-03,2025-08-06,J18,Pneumonia,Home,0
E000051,MRN00030,2025-05-09,2025-05-14,J18,Pneumonia,Nursing facility,0
E000052,MRN00031,2025-01-29,2025-01-31,N39,Urinary tract infection,Home,0
E000053,MRN00031,2025-02-16,2025-02-19,J18,Pneumonia,Home,0
E000054,MRN00032,2025-06-03,2025-06-12,I50,Heart failure,Nursing facility,1
E000055,MRN00032,2025-06-28,2025-07-04,J44,COPD exacerbation,Home,0
E000056,MRN00033,2025-07-02,2025-07-06,J44,COPD exacerbation,Home,0
E000057,MRN00034,2025-03-31,2025-04-03,I50,Heart failure,Home with services,0
E000058,MRN00035,2025-05-24,2025-05-27,E11,Type 2 diabetes,Home,0
E000059,MRN00036,2025-06-15,2025-06-17,J44,COPD exacerbation,Home,0
E000060,MRN00037,2025-07-17,2025-07-28,I50,Heart failure,Home,0
E000061,MRN00037,2025-08-31,2025-09-07,J44,COPD exacerbation,Nursing facility,1
E000062,MRN00038,2025-06-28,2025-06-30,N39,Urinary tract infection,Home,0
E000063,MRN00039,2025-06-17,2025-06-24,I50,Heart failure,Home,1
E000064,MRN00040,2025-05-19,2025-05-22,J44,COPD exacerbation,Home,0
E000065,MRN00040,2025-07-20,2025-07-24,J18,Pneumonia,Home,0
E000066,MRN00040,2025-08-03,2025-08-08,J18,Pneumonia,Home,1
E000067,MRN00041,2025-03-19,2025-03-24,E11,Type 2 diabetes,Home,0
E000068,MRN00041,2025-05-10,2025-05-18,I50,Heart failure,Home,0
E000069,MRN00041,2025-06-15,2025-06-17,E11,Type 2 diabetes,Home,0
E000070,MRN00042,2025-06-24,2025-06-29,I50,Heart failure,Home with services,0
E000071,MRN00043,2025-02-20,2025-03-01,J44,COPD exacerbation,Home,0
E000072,MRN00044,2025-03-21,2025-03-22,J18,Pneumonia,Home,0
E000073,MRN00044,2025-04-30,2025-05-04,J18,Pneumonia,Home,0
E000074,MRN00045,2025-04-15,2025-04-21,I50,Heart failure,Home,0
E000075,MRN00046,2025-01-05,2025-01-11,I50,Heart failure,Home,0
E000076,MRN00046,2025-02-03,2025-02-10,J44,COPD exacerbation,Home,0
E000077,MRN00046,2025-02-25,2025-02-28,E11,Type 2 diabetes,Home,0
E000078,MRN00047,2025-02-07,2025-02-17,I50,Heart failure,Home,0
E000079,MRN00048,2025-07-03,2025-07-05,I50,Heart failure,Home,0
E000080,MRN00048,2025-08-01,2025-08-05,I50,Heart failure,Home,0
E000081,MRN00049,2025-05-22,2025-05-24,J18,Pneumonia,Home,0
E000082,MRN00049,2025-07-22,2025-07-24,E11,Type 2 diabetes,Nursing facility,0
E000083,MRN00050,2025-02-05,2025-02-10,I50,Heart failure,Home with services,1
E000084,MRN00051,2025-01-05,2025-01-07,J44,COPD exacerbation,Nursing facility,0
E000085,MRN00052,2025-03-01,2025-03-07,J44,COPD exacerbation,Home,0
E000086,MRN00052,2025-04-09,2025-04-15,J18,Pneumonia,Nursing facility,1
E000087,MRN00052,2025-05-12,2025-05-18,J18,Pneumonia,Home,0
E000088,MRN00053,2025-05-03,2025-05-05,I50,Heart failure,Home,0
E000089,MRN00053,2025-06-07,2025-06-11,J44,COPD exacerbation,Home,0
E000090,MRN00054,2025-03-01,2025-03-05,J44,COPD exacerbation,Home,1
E000091,MRN00054,2025-04-03,2025-04-10,J18,Pneumonia,Home,0
E000092,MRN00055,2025-04-11,2025-04-14,E11,Type 2 diabetes,Home with services,0
E000093,MRN00055,2025-04-25,2025-05-02,J44,COPD exacerbation,Home,0
E000094,MRN00056,2025-06-01,2025-06-06,I50,Heart failure,Home,1
E000095,MRN00057,2025-02-23,2025-02-26,I50,Heart failure,Home with services,0
E000096,MRN00058,2025-02-17,2025-02-22,J44,COPD exacerbation,Home with services,0
E000097,MRN00058,2025-03-15,2025-03-20,E11,Type 2 diabetes,Home with services,0
E000098,MRN00059,2025-02-02,2025-02-07,E11,Type 2 diabetes,Home,0
E000099,MRN00060,2025-02-02,2025-02-08,J44,COPD exacerbation,Home,0
E000100,MRN00060,2025-02-21,2025-02-25,I50,Heart failure,Home with services,0
E000101,MRN00060,2025-04-25,2025-04-29,I50,Heart failure,Home,0
E000102,MRN00061,2025-01-02,2025-01-06,J44,COPD exacerbation,Home,0
E000103,MRN00061,2025-02-09,2025-02-12,N39,Urinary tract infection,Home,0
E000104,MRN00062,2025-04-30,2025-05-03,N39,Urinary tract infection,Home,0
E000105,MRN00062,2025-05-20,2025-05-22,E11,Type 2 diabetes,Home,0
E000106,MRN00062,2025-06-16,2025-06-21,E11,Type 2 diabetes,Home with services,0
E000107,MRN00063,2025-02-05,2025-02-09,J44,COPD exacerbation,Home with services,0
E000108,MRN00063,2025-03-03,2025-03-05,J44,COPD exacerbation,Home,0
E000109,MRN00064,2025-01-30,2025-02-03,N39,Urinary tract infection,Home with services,0
E000110,MRN00065,2025-06-12,2025-06-17,E11,Type 2 diabetes,Home,0
E000111,MRN00066,2025-06-09,2025-06-12,I50,Heart failure,Nursing facility,0
E000112,MRN00066,2025-07-27,2025-07-31,E11,Type 2 diabetes,Home,0
E000113,MRN00067,2025-06-07,2025-06-13,I50,Heart failure,Home,0
E000114,MRN00068,2025-03-15,2025-03-19,I50,Heart failure,Home,0
E000115,MRN00069,2025-01-13,2025-01-15,J18,Pneumonia,Home,0
E000116,MRN00070,2025-06-23,2025-06-27,J44,COPD exacerbation,Home,0
E000117,MRN00071,2025-07-02,2025-07-05,J44,COPD exacerbation,Home,0
E000118,MRN00072,2025-01-29,2025-02-01,E11,Type 2 diabetes,Home,0
E000119,MRN00073,2025-01-02,2025-01-07,E11,Type 2 diabetes,Home with services,0
E000120,MRN00074,2025-04-16,2025-04-25,I50,Heart failure,Home,0
E000121,MRN00074,2025-06-16,2025-06-19,J44,COPD exacerbation,Home,0
E000122,MRN00075,2025-06-29,2025-07-07,I50,Heart failure,Home,0
E000123,MRN00075,2025-08-21,2025-08-26,J44,COPD exacerbation,Home with services,0
E000124,MRN00075,2025-10-22,2025-10-30,J18,Pneumonia,Nursing facility,0
E000125,MRN00076,2025-03-16,2025-03-20,I50,Heart failure,Home with services,1
E000126,MRN00077,2025-03-17,2025-03-19,J44,COPD exacerbation,Home,0
E000127,MRN00077,2025-04-03,2025-04-06,J44,COPD exacerbation,Home,1
E000128,MRN00077,2025-04-14,2025-04-19,I50,Heart failure,Home,0
E000129,MRN00078,2025-02-15,2025-02-16,N39,Urinary tract infection,Nursing facility,0
E000130,MRN00078,2025-02-27,2025-03-05,J44,COPD exacerbation,Home,0
E000131,MRN00079,2025-01-20,2025-01-22,J44,COPD exacerbation,Home,0
E000132,MRN00079,2025-03-13,2025-03-16,J18,Pneumonia,Home,0
E000133,MRN00080,2025-05-08,2025-05-13,N39,Urinary tract infection,Home,0
E000134,MRN00080,2025-05-26,2025-05-30,J18,Pneumonia,Home,0
E000135,MRN00081,2025-01-10,2025-01-16,I50,Heart failure,Home,0
E000136,MRN00082,2025-04-09,2025-04-12,J18,Pneumonia,Home,0
E000137,MRN00082,2025-05-06,2025-05-07,N39,Urinary tract infection,Home,1
E000138,MRN00082,2025-05-27,2025-05-30,E11,Type 2 diabetes,Home,0
E000139,MRN00083,2025-01-08,2025-01-15,J18,Pneumonia,Nursing facility,0
E000140,MRN00084,2025-04-11,2025-04-18,I50,Heart failure,Home,1
E000141,MRN00085,2025-06-26,2025-06-30,N39,Urinary tract infection,Home,0
E000142,MRN00086,2025-05-29,2025-06-03,I50,Heart failure,Home,0
E000143,MRN00086,2025-06-27,2025-07-04,E11,Type 2 diabetes,Home,1
E000144,MRN00087,2025-02-23,2025-02-26,N39,Urinary tract infection,Home,0
E000145,MRN00087,2025-04-05,2025-04-09,I50,Heart failure,Home,0
E000146,MRN00088,2025-01-01,2025-01-05,I50,Heart failure,Home,0
E000147,MRN00088,2025-02-16,2025-02-18,I50,Heart failure,Home,1
E000148,MRN00088,2025-03-15,2025-03-18,N39,Urinary tract infection,Nursing facility,0
E000149,MRN00089,2025-03-09,2025-03-15,I50,Heart failure,Home,0
E000150,MRN00090,2025-02-08,2025-02-11,J44,COPD exacerbation,Home,0
E000151,MRN00090,2025-03-01,2025-03-02,N39,Urinary tract infection,Home,0
E000152,MRN00091,2025-06-30,2025-07-05,I50,Heart failure,Home,0
E000153,MRN00091,2025-07-20,2025-07-24,I50,Heart failure,Home,0
E000154,MRN00092,2025-02-04,2025-02-07,J44,COPD exacerbation,Home,0
E000155,MRN00092,2025-03-20,2025-03-27,I50,Heart failure,Home with services,1
E000156,MRN00093,2025-03-16,2025-03-19,J18,Pneumonia,Home,0
E000157,MRN00093,2025-04-04,2025-04-09,E11,Type 2 diabetes,Home,0
E000158,MRN00094,2025-04-06,2025-04-15,I50,Heart failure,Home,0
E000159,MRN00095,2025-03-29,2025-04-05,J44,COPD exacerbation,Home,1
E000160,MRN00096,2025-03-29,2025-04-03,J44,COPD exacerbation,Home with services,0
E000161,MRN00097,2025-02-25,2025-03-01,I50,Heart failure,Home,0
E000162,MRN00097,2025-04-16,2025-04-24,J18,Pneumonia,Home,0
E000163,MRN00098,2025-05-28,2025-06-02,J18,Pneumonia,Home,0
E000164,MRN00099,2025-06-26,2025-07-07,I50,Heart failure,Nursing facility,0
E000165,MRN00100,2025-04-01,2025-04-03,J44,COPD exacerbation,Home,0
E000166,MRN00100,2025-04-27,2025-04-28,N39,Urinary tract infection,Home,0
E000167,MRN00101,2025-06-03,2025-06-05,J18,Pneumonia,Home,0
E000168,MRN00102,2025-06-03,2025-06-04,N39,Urinary tract infection,Home,0
E000169,MRN00103,2025-07-06,2025-07-08,I50,Heart failure,Nursing facility,0
E000170,MRN00104,2025-02-19,2025-02-21,J44,COPD exacerbation,Home,0
E000171,MRN00105,2025-02-24,2025-02-27,E11,Type 2 diabetes,Home,0
E000172,MRN00106,2025-05-26,2025-05-29,I50,Heart failure,Home,0
E000173,MRN00106,2025-07-19,2025-07-23,J44,COPD exacerbation,Home,0
E000174,MRN00106,2025-08-03,2025-08-08,E11,Type 2 diabetes,Nursing facility,1
E000175,MRN00107,2025-05-21,2025-05-23,E11,Type 2 diabetes,Nursing facility,0
E000176,MRN00107,2025-06-12,2025-06-15,N39,Urinary tract infection,Home with services,0
E000177,MRN00108,2025-02-02,2025-02-11,J18,Pneumonia,Nursing facility,0
E000178,MRN00108,2025-03-21,2025-03-25,J18,Pneumonia,Home with services,0
E000179,MRN00109,2025-05-06,2025-05-10,I50,Heart failure,Home,0
E000180,MRN00110,2025-01-28,2025-02-01,J44,COPD exacerbation,Home,0
E000181,MRN00111,2025-07-19,2025-07-22,J44,COPD exacerbation,Home,0
E000182,MRN00112,2025-02-20,2025-02-25,J18,Pneumonia,Home,1
E000183,MRN00112,2025-03-26,2025-03-29,J18,Pneumonia,Home,0
E000184,MRN00113,2025-06-22,2025-06-25,I50,Heart failure,Home,0
E000185,MRN00114,2025-06-06,2025-06-12,I50,Heart failure,Nursing facility,1
E000186,MRN00114,2025-06-21,2025-06-24,J44,COPD exacerbation,Home,0
E000187,MRN00114,2025-08-12,2025-08-14,E11,Type 2 diabetes,Home,0
E000188,MRN00115,2025-01-30,2025-02-02,J44,COPD exacerbation,Home with services,0
E000189,MRN00116,2025-06-07,2025-06-14,I50,Heart failure,Home,0
E000190,MRN00116,2025-08-12,2025-08-19,J18,Pneumonia,Home,0
E000191,MRN00117,2025-05-09,2025-05-12,J44,COPD exacerbation,Home,0
E000192,MRN00118,2025-03-02,2025-03-18,I50,Heart failure,Home,1
E000193,MRN00119,2025-02-01,2025-02-03,J18,Pneumonia,Home,0
E000194,MRN00119,2025-03-22,2025-03-29,I50,Heart failure,Nursing facility,1
E000195,MRN00119,2025-04-26,2025-04-29,I50,Heart failure,Home,0
E000196,MRN00120,2025-03-25,2025-03-29,N39,Urinary tract infection,Home with services,0
E000197,MRN00120,2025-04-20,2025-04-30,J18,Pneumonia,Home,0
E000198,MRN00121,2025-05-26,2025-06-02,J44,COPD exacerbation,Home with services,0
E000199,MRN00121,2025-07-28,2025-08-03,I50,Heart failure,Home,0
E000200,MRN00122,2025-05-30,2025-06-04,J18,Pneumonia,Home,0
E000201,MRN00123,2025-06-24,2025-06-28,J44,COPD exacerbation,Home,0
E000202,MRN00124,2025-04-12,2025-04-15,E11,Type 2 diabetes,Home,0
E000203,MRN00125,2025-07-09,2025-07-13,J18,Pneumonia,Home,0
E000204,MRN00125,2025-07-28,2025-08-03,J18,Pneumonia,Home,0
E000205,MRN00126,2025-04-18,2025-04-26,J44,COPD exacerbation,Home,0
E000206,MRN00126,2025-05-26,2025-05-28,N39,Urinary tract infection,Home,1
E000207,MRN00127,2025-02-21,2025-02-22,N39,Urinary tract infection,Nursing facility,0
E000208,MRN00128,2025-06-06,2025-06-09,N39,Urinary tract infection,Home,0
E000209,MRN00129,2025-07-09,2025-07-11,E11,Type 2 diabetes,Home,0
E000210,MRN00130,2025-04-18,2025-04-23,J44,COPD exacerbation,Home,0
E000211,MRN00130,2025-05-07,2025-05-11,E11,Type 2 diabetes,Home,1
E000212,MRN00130,2025-06-07,2025-06-18,J44,COPD exacerbation,Home with services,1
E000213,MRN00131,2025-04-10,2025-04-14,E11,Type 2 diabetes,Home,0
E000214,MRN00131,2025-05-03,2025-05-12,I50,Heart failure,Home,1
E000215,MRN00132,2025-02-18,2025-02-23,I50,Heart failure,Home with services,0
E000216,MRN00132,2025-04-15,2025-04-17,I50,Heart failure,Home with services,0
E000217,MRN00133,2025-01-30,2025-02-02,I50,Heart failure,Home,0
E000218,MRN00134,2025-02-16,2025-02-20,J44,COPD exacerbation,Home,0
E000219,MRN00135,2025-06-04,2025-06-09,J44,COPD exacerbation,Home,0
E000220,MRN00136,2025-04-10,2025-04-14,E11,Type 2 diabetes,Home,0
E000221,MRN00136,2025-05-07,2025-05-10,E11,Type 2 diabetes,Home with services,0
E000222,MRN00136,2025-07-06,2025-07-12,I50,Heart failure,Home,1
E000223,MRN00137,2025-04-13,2025-04-15,J44,COPD exacerbation,Nursing facility,0
E000224,MRN00138,2025-01-30,2025-02-03,E11,Type 2 diabetes,Home,0
E000225,MRN00139,2025-01-22,2025-01-28,I50,Heart failure,Home,0
E000226,MRN00139,2025-02-25,2025-03-02,J44,COPD exacerbation,Home,1
E000227,MRN00140,2025-06-27,2025-06-30,J44,COPD exacerbation,Home,0
E000228,MRN00140,2025-07-20,2025-07-25,J18,Pneumonia,Home,0
E000229,MRN00140,2025-09-22,2025-09-24,N39,Urinary tract infection,Home,0
E000230,MRN00141,2025-04-06,2025-04-13,I50,Heart failure,Home,1
E000231,MRN00142,2025-01-04,2025-01-14,I50,Heart failure,Nursing facility,0
E000232,MRN00142,2025-02-11,2025-02-12,E11,Type 2 diabetes,Home,0
E000233,MRN00143,2025-04-08,2025-04-14,J44,COPD exacerbation,Home,0
E000234,MRN00144,2025-04-29,2025-05-02,N39,Urinary tract infection,Home,0
E000235,MRN00145,2025-03-19,2025-03-24,J44,COPD exacerbation,Home,0
E000236,MRN00146,2025-02-23,2025-02-26,I50,Heart failure,Home with services,0
E000237,MRN00147,2025-07-19,2025-07-20,E11,Type 2 diabetes,Home,0
E000238,MRN00148,2025-06-10,2025-06-14,J18,Pneumonia,Home with services,1
E000239,MRN00149,2025-02-25,2025-03-01,J18,Pneumonia,Home,0
E000240,MRN00149,2025-04-18,2025-04-24,E11,Type 2 diabetes,Home with services,1
E000241,MRN00149,2025-05-23,2025-05-27,E11,Type 2 diabetes,Home,0
E000242,MRN00150,2025-01-01,2025-01-03,N39,Urinary tract infection,Home,0
E000243,MRN00150,2025-02-14,2025-02-17,I50,Heart failure,Home,0
E000244,MRN00150,2025-03-09,2025-03-13,I50,Heart failure,Home,0
E000245,MRN00151,2025-07-11,2025-07-14,J18,Pneumonia,Home,0
E000246,MRN00152,2025-03-10,2025-03-12,J18,Pneumonia,Home with services,0
E000247,MRN00152,2025-04-06,2025-04-10,N39,Urinary tract infection,Home,1
E000248,MRN00153,2025-05-30,2025-06-01,N39,Urinary tract infection,Home,0
E000249,MRN00153,2025-07-06,2025-07-14,J18,Pneumonia,Home,0
E000250,MRN00154,2025-03-29,2025-04-07,J18,Pneumonia,Home,1
E000251,MRN00155,2025-04-29,2025-05-02,I50,Heart failure,Home,0
E000252,MRN00155,2025-06-03,2025-06-06,N39,Urinary tract infection,Home with services,0
E000253,MRN00156,2025-07-13,2025-07-18,J18,Pneumonia,Home,0
E000254,MRN00156,2025-07-28,2025-07-31,J18,Pneumonia,Home with services,0
E000255,MRN00157,2025-06-14,2025-06-25,J18,Pneumonia,Home,0
E000256,MRN00157,2025-08-12,2025-08-13,N39,Urinary tract infection,Home,0
E000257,MRN00157,2025-08-30,2025-09-05,I50,Heart failure,Home with services,0
E000258,MRN00158,2025-01-01,2025-01-03,N39,Urinary tract infection,Home,0
E000259,MRN00159,2025-07-19,2025-07-23,J18,Pneumonia,Nursing facility,0
E000260,MRN00159,2025-08-08,2025-08-11,E11,Type 2 diabetes,Home,0
E000261,MRN00159,2025-10-01,2025-10-04,I50,Heart failure,Home,1
E000262,MRN00160,2025-03-26,2025-03-29,J18,Pneumonia,Home,0
E000263,MRN00160,2025-05-23,2025-05-29,I50,Heart failure,Home with services,0
E000264,MRN00160,2025-06-16,2025-06-26,I50,Heart failure,Home,0
E000265,MRN00161,2025-02-23,2025-02-27,I50,Heart failure,Home,0
E000266,MRN00161,2025-03-21,2025-03-25,J18,Pneumonia,Nursing facility,0
E000267,MRN00162,2025-01-03,2025-01-05,J44,COPD exacerbation,Nursing facility,0
E000268,MRN00163,2025-07-04,2025-07-07,J18,Pneumonia,Home,0
E000269,MRN00163,2025-07-24,2025-07-29,I50,Heart failure,Home with services,0
E000270,MRN00164,2025-03-12,2025-03-16,N39,Urinary tract infection,Home with services,0
E000271,MRN00164,2025-03-29,2025-03-31,N39,Urinary tract infection,Home,0
E000272,MRN00165,2025-07-12,2025-07-15,I50,Heart failure,Home,0
E000273,MRN00165,2025-07-25,2025-08-04,I50,Heart failure,Home with services,0
E000274,MRN00166,2025-06-19,2025-06-23,J44,COPD exacerbation,Home,0
E000275,MRN00167,2025-01-31,2025-02-05,J18,Pneumonia,Home,0
E000276,MRN00167,2025-03-13,2025-03-17,I50,Heart failure,Home with services,0
E000277,MRN00168,2025-05-16,2025-05-20,J18,Pneumonia,Home,0
E000278,MRN00168,2025-06-17,2025-06-19,E11,Type 2 diabetes,Home with services,0
E000279,MRN00168,2025-07-20,2025-07-24,I50,Heart failure,Home,0
E000280,MRN00169,2025-01-21,2025-01-25,J18,Pneumonia,Home with services,0
E000281,MRN00170,2025-01-08,2025-01-17,J18,Pneumonia,Home,0
E000282,MRN00171,2025-04-24,2025-04-28,J44,COPD exacerbation,Home with services,0
E000283,MRN00171,2025-05-14,2025-05-17,E11,Type 2 diabetes,Home with services,0
E000284,MRN00171,2025-06-10,2025-06-12,N39,Urinary tract infection,Home,0
E000285,MRN00172,2025-05-31,2025-06-03,J18,Pneumonia,Home,1
E000286,MRN00172,2025-06-07,2025-06-11,J44,COPD exacerbation,Home,0
E000287,MRN00173,2025-01-17,2025-01-31,I50,Heart failure,Home,0
E000288,MRN00174,2025-01-12,2025-01-14,I50,Heart failure,Home with services,0
E000289,MRN00174,2025-02-21,2025-02-25,J18,Pneumonia,Home,0
E000290,MRN00174,2025-04-21,2025-04-24,J44,COPD exacerbation,Home with services,0
E000291,MRN00175,2025-04-09,2025-04-14,J18,Pneumonia,Home,0
E000292,MRN00176,2025-06-27,2025-06-29,E11,Type 2 diabetes,Nursing facility,0
E000293,MRN00177,2025-06-02,2025-06-10,J18,Pneumonia,Home with services,0
E000294,MRN00178,2025-04-30,2025-05-03,E11,Type 2 diabetes,Home,0
E000295,MRN00179,2025-01-23,2025-01-28,I50,Heart failure,Home,1
E000296,MRN00180,2025-04-14,2025-04-20,J44,COPD exacerbation,Home,0
E000297,MRN00180,2025-05-30,2025-06-04,J44,COPD exacerbation,Home,0
E000298,MRN00181,2025-05-29,2025-06-02,I50,Heart failure,Home,0
E000299,MRN00181,2025-07-03,2025-07-06,J18,Pneumonia,Home,0
E000300,MRN00182,2025-06-02,2025-06-05,J44,COPD exacerbation,Home,0
E000301,MRN00183,2025-06-07,2025-06-11,N39,Urinary tract infection,Home,0
E000302,MRN00183,2025-07-21,2025-07-27,I50,Heart failure,Home,0
E000303,MRN00183,2025-08-14,2025-08-21,J44,COPD exacerbation,Home,0
E000304,MRN00184,2025-06-26,2025-06-29,E11,Type 2 diabetes,Home,0
E000305,MRN00185,2025-02-11,2025-02-13,E11,Type 2 diabetes,Home,0
E000306,MRN00186,2025-02-21,2025-02-24,J44,COPD exacerbation,Home,0
E000307,MRN00186,2025-03-17,2025-03-20,E11,Type 2 diabetes,Home,0
E000308,MRN00186,2025-05-07,2025-05-12,I50,Heart failure,Home,0
E000309,MRN00187,2025-05-20,2025-06-02,I50,Heart failure,Home,1
E000310,MRN00188,2025-01-16,2025-01-19,J18,Pneumonia,Home,0
E000311,MRN00188,2025-03-07,2025-03-09,J18,Pneumonia,Home,0
E000312,MRN00189,2025-05-11,2025-05-14,J18,Pneumonia,Home,0
E000313,MRN00190,2025-05-28,2025-06-01,J18,Pneumonia,Home,1
E000314,MRN00190,2025-06-26,2025-06-28,J18,Pneumonia,Home with services,0
E000315,MRN00191,2025-03-08,2025-03-09,J44,COPD exacerbation,Nursing facility,0
E000316,MRN00192,2025-01-12,2025-01-18,E11,Type 2 diabetes,Home,0
E000317,MRN00192,2025-02-25,2025-02-28,E11,Type 2 diabetes,Home,0
E000318,MRN00192,2025-04-18,2025-04-21,J18,Pneumonia,Home,0
E000319,MRN00193,2025-06-12,2025-06-19,J44,COPD exacerbation,Home,0
E000320,MRN00194,2025-05-24,2025-05-27,N39,Urinary tract infection,Home,0
E000321,MRN00194,2025-06-07,2025-06-13,E11,Type 2 diabetes,Home,0
E000322,MRN00195,2025-06-13,2025-06-16,N39,Urinary tract infection,Home,0
E000323,MRN00196,2025-06-20,2025-06-23,N39,Urinary tract infection,Home,0
E000324,MRN00197,2025-05-23,2025-06-02,J44,COPD exacerbation,Home with services,0
E000325,MRN00197,2025-07-24,2025-07-28,J18,Pneumonia,Home,0
E000326,MRN00197,2025-08-26,2025-08-29,J18,Pneumonia,Home with services,0
E000327,MRN00198,2025-01-12,2025-01-18,E11,Type 2 diabetes,Home with services,0
E000328,MRN00199,2025-04-23,2025-04-25,E11,Type 2 diabetes,Home,0
E000329,MRN00200,2025-05-05,2025-05-08,E11,Type 2 diabetes,Home,0
E000330,MRN00200,2025-06-20,2025-07-04,J44,COPD exacerbation,Nursing facility,0
E000331,MRN00200,2025-08-25,2025-08-30,N39,Urinary tract infection,Home,0
E000332,MRN00201,2025-05-27,2025-06-01,I50,Heart failure,Home,0
E000333,MRN00202,2025-04-05,2025-04-07,N39,Urinary tract infection,Nursing facility,0
E000334,MRN00203,2025-03-12,2025-03-16,J18,Pneumonia,Home,0
E000335,MRN00203,2025-04-17,2025-04-23,I50,Heart failure,Nursing facility,0
E000336,MRN00204,2025-06-02,2025-06-08,I50,Heart failure,Home,0
E000337,MRN00205,2025-05-01,2025-05-05,J18,Pneumonia,Home,0
E000338,MRN00206,2025-01-08,2025-01-14,J18,Pneumonia,Home,0
E000339,MRN00207,2025-03-10,2025-03-13,N39,Urinary tract infection,Nursing facility,0
E000340,MRN00207,2025-05-01,2025-05-06,J18,Pneumonia,Home,0
E000341,MRN00208,2025-04-10,2025-04-12,E11,Type 2 diabetes,Home,0
E000342,MRN00209,2025-04-16,2025-04-22,J44,COPD exacerbation,Home with services,0
E000343,MRN00210,2025-03-08,2025-03-11,N39,Urinary tract infection,Home,0
E000344,MRN00211,2025-01-30,2025-02-03,E11,Type 2 diabetes,Home,0
E000345,MRN00211,2025-04-03,2025-04-09,I50,Heart failure,Home,1
E000346,MRN00211,2025-04-21,2025-04-27,J18,Pneumonia,Home,0
E000347,MRN00212,2025-03-27,2025-03-31,J18,Pneumonia,Home with services,1
E000348,MRN00212,2025-04-11,2025-04-14,J44,COPD exacerbation,Home with services,0
E000349,MRN00212,2025-04-24,2025-04-30,J18,Pneumonia,Home,1
E000350,MRN00213,2025-05-21,2025-05-23,J44,COPD exacerbation,Home,0
E000351,MRN00213,2025-07-02,2025-07-06,I50,Heart failure,Home,0
E000352,MRN00214,2025-01-02,2025-01-09,J18,Pneumonia,Home,0
E000353,MRN00214,2025-01-23,2025-02-03,E11,Type 2 diabetes,Home,1
E000354,MRN00215,2025-04-28,2025-05-03,J44,COPD exacerbation,Home with services,1
E000355,MRN00215,2025-05-07,2025-05-11,I50,Heart failure,Home,0
E000356,MRN00216,2025-02-08,2025-02-11,J44,COPD exacerbation,Home with services,0
E000357,MRN00216,2025-03-11,2025-03-17,N39,Urinary tract infection,Home with services,0
E000358,MRN00216,2025-05-05,2025-05-07,N39,Urinary tract infection,Nursing facility,0
E000359,MRN00217,2025-06-26,2025-07-02,I50,Heart failure,Home with services,0
E000360,MRN00218,2025-01-01,2025-01-04,N39,Urinary tract infection,Home,1
E000361,MRN00218,2025-01-31,2025-02-05,J18,Pneumonia,Home,0
E000362,MRN00218,2025-03-11,2025-03-14,E11,Type 2 diabetes,Home with services,0
E000363,MRN00219,2025-03-22,2025-03-27,J18,Pneumonia,Home,0
E000364,MRN00220,2025-02-07,2025-02-11,E11,Type 2 diabetes,Home,1
E000365,MRN00221,2025-02-15,2025-02-26,J18,Pneumonia,Home with services,0
E000366,MRN00222,2025-06-24,2025-06-25,N39,Urinary tract infection,Home with services,0
E000367,MRN00223,2025-02-28,2025-03-04,N39,Urinary tract infection,Nursing facility,0
E000368,MRN00224,2025-03-27,2025-03-30,E11,Type 2 diabetes,Home,0
E000369,MRN00224,2025-05-06,2025-05-10,I50,Heart failure,Home,0
E000370,MRN00224,2025-06-25,2025-07-01,J44,COPD exacerbation,Home,0
E000371,MRN00225,2025-05-12,2025-05-14,N39,Urinary tract infection,Home with services,0
E000372,MRN00225,2025-07-06,2025-07-09,J44,COPD exacerbation,Home,0
E000373,MRN00225,2025-07-25,2025-07-28,J44,COPD exacerbation,Home,0
E000374,MRN00226,2025-03-30,2025-04-03,J18,Pneumonia,Home,0
E000375,MRN00227,2025-05-16,2025-05-20,J18,Pneumonia,Home,0
E000376,MRN00227,2025-07-01,2025-07-05,J18,Pneumonia,Home,0
E000377,MRN00228,2025-02-18,2025-02-21,I50,Heart failure,Home,0
E000378,MRN00228,2025-04-17,2025-04-21,I50,Heart failure,Home,0
E000379,MRN00228,2025-05-25,2025-05-30,I50,Heart failure,Home,1
E000380,MRN00229,2025-01-09,2025-01-12,E11,Type 2 diabetes,Home,0
E000381,MRN00230,2025-04-01,2025-04-03,J44,COPD exacerbation,Home,0
E000382,MRN00231,2025-07-11,2025-07-13,E11,Type 2 diabetes,Home,0
E000383,MRN00231,2025-08-23,2025-08-26,I50,Heart failure,Home,0
E000384,MRN00232,2025-04-08,2025-04-13,J18,Pneumonia,Home,0
E000385,MRN00233,2025-02-05,2025-02-13,I50,Heart failure,Home,0
E000386,MRN00233,2025-03-19,2025-03-26,J44,COPD exacerbation,Home,0
E000387,MRN00234,2025-07-08,2025-07-11,J44,COPD exacerbation,Home,0
E000388,MRN00234,2025-08-19,2025-08-23,I50,Heart failure,Home,1
E000389,MRN00234,2025-08-31,2025-09-08,I50,Heart failure,Home with services,0
E000390,MRN00235,2025-07-17,2025-07-20,J18,Pneumonia,Home,0
E000391,MRN00236,2025-05-10,2025-05-13,N39,Urinary tract infection,Nursing facility,0
E000392,MRN00237,2025-04-09,2025-04-14,J18,Pneumonia,Home with services,0
E000393,MRN00238,2025-06-10,2025-06-18,J18,Pneumonia,Home with services,0
E000394,MRN00238,2025-07-06,2025-07-11,J18,Pneumonia,Home,0
E000395,MRN00238,2025-08-08,2025-08-14,I50,Heart failure,Home,1
E000396,MRN00239,2025-02-15,2025-02-17,N39,Urinary tract infection,Home,0
E000397,MRN00240,2025-04-10,2025-04-14,J44,COPD exacerbation,Home,0
E000398,MRN00241,2025-03-23,2025-03-29,I50,Heart failure,Home,0
E000399,MRN00242,2025-03-08,2025-03-14,J44,COPD exacerbation,Home,1
E000400,MRN00242,2025-03-28,2025-04-02,J18,Pneumonia,Home,0
E000401,MRN00243,2025-03-16,2025-03-22,J18,Pneumonia,Home with services,0
E000402,MRN00243,2025-04-07,2025-04-10,E11,Type 2 diabetes,Home,1
E000403,MRN00244,2025-07-15,2025-07-19,J18,Pneumonia,Nursing facility,0
E000404,MRN00245,2025-02-16,2025-02-19,J44,COPD exacerbation,Home,0
E000405,MRN00245,2025-04-15,2025-04-19,I50,Heart failure,Home,0
E000406,MRN00246,2025-03-26,2025-03-31,I50,Heart failure,Home,1
E000407,MRN00246,2025-04-18,2025-04-23,I50,Heart failure,Home,1
E000408,MRN00246,2025-05-06,2025-05-14,I50,Heart failure,Home,0
E000409,MRN00247,2025-03-03,2025-03-07,E11,Type 2 diabetes,Nursing facility,0
E000410,MRN00248,2025-04-25,2025-05-01,J18,Pneumonia,Home,0
E000411,MRN00248,2025-05-12,2025-05-15,N39,Urinary tract infection,Home,0
E000412,MRN00249,2025-05-08,2025-05-11,E11,Type 2 diabetes,Home,0
E000413,MRN00249,2025-05-21,2025-05-27,E11,Type 2 diabetes,Home,0
E000414,MRN00250,2025-07-17,2025-07-19,J18,Pneumonia,Home,0
E000415,MRN00251,2025-06-22,2025-06-24,J18,Pneumonia,Home with services,0
E000416,MRN00251,2025-07-17,2025-07-20,J18,Pneumonia,Home,0
E000417,MRN00252,2025-05-14,2025-05-16,N39,Urinary tract infection,Home,0
E000418,MRN00252,2025-07-01,2025-07-09,I50,Heart failure,Home with services,0
E000419,MRN00252,2025-07-22,2025-07-25,J44,COPD exacerbation,Home,0
E000420,MRN00253,2025-05-25,2025-05-29,J18,Pneumonia,Home,0
E000421,MRN00254,2025-04-19,2025-04-23,J18,Pneumonia,Home with services,0
E000422,MRN00254,2025-06-14,2025-06-17,I50,Heart failure,Home,0
E000423,MRN00254,2025-06-30,2025-07-05,N39,Urinary tract infection,Home,0
E000424,MRN00255,2025-04-15,2025-04-18,E11,Type 2 diabetes,Home,0
E000425,MRN00256,2025-06-03,2025-06-08,I50,Heart failure,Home,0
E000426,MRN00256,2025-06-28,2025-07-07,I50,Heart failure,Home,0
E000427,MRN00257,2025-01-12,2025-01-18,J18,Pneumonia,Home with services,0
E000428,MRN00257,2025-02-02,2025-02-09,J18,Pneumonia,Nursing facility,0
E000429,MRN00257,2025-03-25,2025-03-29,N39,Urinary tract infection,Nursing facility,0
E000430,MRN00258,2025-05-29,2025-06-02,J18,Pneumonia,Home,0
E000431,MRN00259,2025-01-12,2025-01-15,J44,COPD exacerbation,Home,0
E000432,MRN00260,2025-05-01,2025-05-05,N39,Urinary tract infection,Home,0
E000433,MRN00260,2025-07-03,2025-07-12,J18,Pneumonia,Home,0
E000434,MRN00260,2025-08-20,2025-08-24,N39,Urinary tract infection,Home,0
E000435,MRN00261,2025-03-22,2025-03-30,J18,Pneumonia,Home with services,0
E000436,MRN00261,2025-04-14,2025-04-17,N39,Urinary tract infection,Nursing facility,0
E000437,MRN00262,2025-01-19,2025-01-25,N39,Urinary tract infection,Home,0
E000438,MRN00262,2025-02-11,2025-02-18,J18,Pneumonia,Home,0
E000439,MRN00262,2025-03-27,2025-03-29,E11,Type 2 diabetes,Home,1
E000440,MRN00263,2025-05-11,2025-05-16,J18,Pneumonia,Home,0
E000441,MRN00264,2025-06-16,2025-06-19,I50,Heart failure,Home with services,0
E000442,MRN00265,2025-06-05,2025-06-08,E11,Type 2 diabetes,Home,0
E000443,MRN00266,2025-02-25,2025-02-27,J18,Pneumonia,Home,0
E000444,MRN00267,2025-03-27,2025-03-30,N39,Urinary tract infection,Home,0
E000445,MRN00267,2025-05-20,2025-05-24,N39,Urinary tract infection,Home,0
E000446,MRN00268,2025-07-19,2025-07-24,J44,COPD exacerbation,Home,1
E000447,MRN00269,2025-05-15,2025-05-18,J18,Pneumonia,Home with services,0
E000448,MRN00270,2025-06-28,2025-07-09,I50,Heart failure,Nursing facility,0
E000449,MRN00270,2025-08-26,2025-08-30,N39,Urinary tract infection,Home,0
E000450,MRN00271,2025-02-12,2025-02-16,J18,Pneumonia,Home with services,0
E000451,MRN00271,2025-04-07,2025-04-11,J18,Pneumonia,Home,0
E000452,MRN00272,2025-01-23,2025-01-27,I50,Heart failure,Home,0
E000453,MRN00272,2025-03-16,2025-03-20,J18,Pneumonia,Home,0
E000454,MRN00273,2025-01-30,2025-02-01,N39,Urinary tract infection,Home,0
E000455,MRN00273,2025-02-14,2025-02-19,J44,COPD exacerbation,Home,0
E000456,MRN00274,2025-03-26,2025-04-01,J44,COPD exacerbation,Home with services,0
E000457,MRN00275,2025-07-07,2025-07-18,I50,Heart failure,Home,0
E000458,MRN00275,2025-08-27,2025-09-01,J18,Pneumonia,Home,0
E000459,MRN00276,2025-05-31,2025-06-02,J18,Pneumonia,Home,0
E000460,MRN00277,2025-04-14,2025-04-23,J18,Pneumonia,Home,0
E000461,MRN00277,2025-06-15,2025-06-18,J44,COPD exacerbation,Home,1
E000462,MRN00278,2025-03-27,2025-04-10,I50,Heart failure,Home,0
E000463,MRN00278,2025-05-04,2025-05-08,I50,Heart failure,Home,0
E000464,MRN00279,2025-06-13,2025-06-15,J44,COPD exacerbation,Home,0
E000465,MRN00279,2025-07-15,2025-07-17,E11,Type 2 diabetes,Home,0
E000466,MRN00280,2025-01-05,2025-01-09,J44,COPD exacerbation,Home with services,0
E000467,MRN00280,2025-01-22,2025-01-25,J18,Pneumonia,Home,0
E000468,MRN00281,2025-06-18,2025-06-21,N39,Urinary tract infection,Nursing facility,0
E000469,MRN00281,2025-07-24,2025-07-31,J18,Pneumonia,Home,0
E000470,MRN00282,2025-04-20,2025-04-27,J18,Pneumonia,Nursing facility,0
E000471,MRN00283,2025-05-10,2025-05-13,J44,COPD exacerbation,Home,0
E000472,MRN00284,2025-06-08,2025-06-12,J18,Pneumonia,Home,0
E000473,MRN00284,2025-07-11,2025-07-14,J44,COPD exacerbation,Home,0
E000474,MRN00285,2025-01-21,2025-01-24,N39,Urinary tract infection,Home,0
E000475,MRN00285,2025-03-02,2025-03-07,I50,Heart failure,Home,1
E000476,MRN00286,2025-02-09,2025-02-12,J44,COPD exacerbation,Home,0
E000477,MRN00287,2025-02-04,2025-02-07,I50,Heart failure,Home,0
E000478,MRN00288,2025-06-24,2025-06-28,I50,Heart failure,Home,0
E000479,MRN00289,2025-02-02,2025-02-05,N39,Urinary tract infection,Home,0
E000480,MRN00289,2025-02-16,2025-02-18,E11,Type 2 diabetes,Home,0
E000481,MRN00290,2025-06-04,2025-06-07,J44,COPD exacerbation,Nursing facility,0
E000482,MRN00290,2025-06-24,2025-06-29,I50,Heart failure,Home,1
E000483,MRN00290,2025-07-08,2025-07-13,N39,Urinary tract infection,Home,0
E000484,MRN00291,2025-03-15,2025-03-26,I50,Heart failure,Home,1
E000485,MRN00291,2025-04-04,2025-04-10,J44,COPD exacerbation,Home,0
E000486,MRN00292,2025-01-07,2025-01-11,I50,Heart failure,Home,0
E000487,MRN00292,2025-02-07,2025-02-10,J18,Pneumonia,Home with services,0
E000488,MRN00293,2025-01-28,2025-01-31,J44,COPD exacerbation,Home,0
E000489,MRN00293,2025-02-20,2025-02-23,J44,COPD exacerbation,Nursing facility,0
E000490,MRN00293,2025-04-19,2025-04-22,I50,Heart failure,Home,0
E000491,MRN00294,2025-05-11,2025-05-14,J44,COPD exacerbation,Home,0
E000492,MRN00295,2025-03-26,2025-03-28,N39,Urinary tract infection,Home,0
E000493,MRN00296,2025-02-25,2025-02-27,E11,Type 2 diabetes,Home with services,0
E000494,MRN00296,2025-03-21,2025-03-24,I50,Heart failure,Home,1
E000495,MRN00297,2025-02-19,2025-02-23,N39,Urinary tract infection,Home,0
E000496,MRN00297,2025-03-13,2025-03-17,J44,COPD exacerbation,Home with services,0
E000497,MRN00298,2025-06-14,2025-06-17,N39,Urinary tract infection,Home,0
E000498,MRN00299,2025-06-26,2025-06-29,J44,COPD exacerbation,Home,0
E000499,MRN00300,2025-02-13,2025-02-18,J18,Pneumonia,Nursing facility,1
E000500,MRN00301,2025-03-28,2025-03-30,J18,Pneumonia,Home,0
E000501,MRN00301,2025-05-04,2025-05-07,J18,Pneumonia,Home with services,1
E000502,MRN00302,2025-02-07,2025-02-10,N39,Urinary tract infection,Home,0
E000503,MRN00303,2025-03-22,2025-03-30,I50,Heart failure,Home with services,1
E000504,MRN00304,2025-01-03,2025-01-07,N39,Urinary tract infection,Home,0
E000505,MRN00304,2025-02-01,2025-02-05,J44,COPD exacerbation,Home,0
E000506,MRN00304,2025-02-27,2025-03-04,J18,Pneumonia,Home,0
E000507,MRN00305,2025-03-18,2025-03-22,N39,Urinary tract infection,Home,0
E000508,MRN00306,2025-03-15,2025-03-18,I50,Heart failure,Home with services,0
E000509,MRN00306,2025-04-05,2025-04-10,I50,Heart failure,Home,1
E000510,MRN00306,2025-05-04,2025-05-10,J44,COPD exacerbation,Home,0
E000511,MRN00307,2025-07-07,2025-07-10,E11,Type 2 diabetes,Home with services,0
E000512,MRN00307,2025-07-28,2025-08-02,J18,Pneumonia,Home,1
E000513,MRN00308,2025-02-23,2025-02-26,I50,Heart failure,Nursing facility,0
E000514,MRN00309,2025-02-08,2025-02-12,I50,Heart failure,Home,0
E000515,MRN00309,2025-03-03,2025-03-06,E11,Type 2 diabetes,Nursing facility,0
E000516,MRN00310,2025-07-07,2025-07-11,J18,Pneumonia,Home,0
E000517,MRN00310,2025-09-07,2025-09-09,I50,Heart failure,Home,0
E000518,MRN00310,2025-11-02,2025-11-05,E11,Type 2 diabetes,Home,0
E000519,MRN00311,2025-01-15,2025-01-21,E11,Type 2 diabetes,Home,0
E000520,MRN00312,2025-04-14,2025-04-20,I50,Heart failure,Home,1
E000521,MRN00312,2025-05-11,2025-05-15,I50,Heart failure,Home,0
E000522,MRN00312,2025-06-19,2025-06-24,N39,Urinary tract infection,Home,0
E000523,MRN00313,2025-02-15,2025-02-21,J18,Pneumonia,Home,0
E000524,MRN00313,2025-04-03,2025-04-05,E11,Type 2 diabetes,Home,0
E000525,MRN00314,2025-04-23,2025-04-28,J18,Pneumonia,Home,1
E000526,MRN00314,2025-05-24,2025-05-27,J44,COPD exacerbation,Home,0
E000527,MRN00315,2025-01-01,2025-01-06,J18,Pneumonia,Home with services,0
E000528,MRN00316,2025-04-24,2025-04-30,J44,COPD exacerbation,Home,0
E000529,MRN00316,2025-06-27,2025-06-29,J44,COPD exacerbation,Home,0
E000530,MRN00317,2025-05-05,2025-05-07,I50,Heart failure,Home,0
E000531,MRN00317,2025-06-02,2025-06-06,E11,Type 2 diabetes,Home,0
E000532,MRN00318,2025-01-17,2025-01-25,I50,Heart failure,Home,0
E000533,MRN00318,2025-03-15,2025-03-20,J18,Pneumonia,Home,0
E000534,MRN00318,2025-05-01,2025-05-06,J18,Pneumonia,Home,1
E000535,MRN00319,2025-06-10,2025-06-13,E11,Type 2 diabetes,Home with services,0
E000536,MRN00320,2025-04-15,2025-04-18,N39,Urinary tract infection,Home,0
E000537,MRN00320,2025-06-10,2025-06-12,J18,Pneumonia,Home,0
E000538,MRN00321,2025-07-17,2025-07-22,E11,Type 2 diabetes,Home,0
E000539,MRN00322,2025-02-17,2025-02-25,I50,Heart failure,Nursing facility,1
E000540,MRN00323,2025-04-02,2025-04-06,J18,Pneumonia,Home,0
E000541,MRN00324,2025-07-07,2025-07-12,I50,Heart failure,Home,1
E000542,MRN00325,2025-04-14,2025-04-17,J18,Pneumonia,Home,0
E000543,MRN00326,2025-01-07,2025-01-10,N39,Urinary tract infection,Home,0
E000544,MRN00327,2025-03-17,2025-03-23,N39,Urinary tract infection,Home,0
E000545,MRN00327,2025-04-19,2025-04-22,N39,Urinary tract infection,Nursing facility,0
E000546,MRN00328,2025-07-06,2025-07-11,I50,Heart failure,Home with services,0
E000547,MRN00329,2025-01-21,2025-01-24,E11,Type 2 diabetes,Nursing facility,0
E000548,MRN00329,2025-02-19,2025-02-23,I50,Heart failure,Nursing facility,0
E000549,MRN00329,2025-04-19,2025-04-24,J44,COPD exacerbation,Home,0
E000550,MRN00330,2025-07-15,2025-07-17,I50,Heart failure,Home,0
E000551,MRN00331,2025-03-13,2025-03-15,N39,Urinary tract infection,Home,0
E000552,MRN00331,2025-03-31,2025-04-12,J18,Pneumonia,Home,0
E000553,MRN00332,2025-02-16,2025-02-21,J44,COPD exacerbation,Home,0
E000554,MRN00333,2025-02-14,2025-02-25,I50,Heart failure,Home,1
E000555,MRN00334,2025-04-11,2025-04-14,J18,Pneumonia,Home,0
E000556,MRN00335,2025-01-31,2025-02-04,J44,COPD exacerbation,Home with services,0
E000557,MRN00336,2025-07-19,2025-07-26,I50,Heart failure,Home with services,0
E000558,MRN00336,2025-09-08,2025-09-11,J18,Pneumonia,Home,0
E000559,MRN00336,2025-11-01,2025-11-04,J44,COPD exacerbation,Home,0
E000560,MRN00337,2025-02-10,2025-02-12,J18,Pneumonia,Nursing facility,0
E000561,MRN00337,2025-03-10,2025-03-12,J44,COPD exacerbation,Home,0
E000562,MRN00338,2025-06-18,2025-06-25,J18,Pneumonia,Home with services,0
E000563,MRN00339,2025-04-27,2025-05-01,J18,Pneumonia,Home,0
E000564,MRN00340,2025-06-27,2025-06-29,E11,Type 2 diabetes,Home with services,0
E000565,MRN00340,2025-08-04,2025-08-08,J18,Pneumonia,Nursing facility,1
E000566,MRN00341,2025-06-27,2025-06-30,J44,COPD exacerbation,Home,0
E000567,MRN00341,2025-07-14,2025-07-16,J44,COPD exacerbation,Home,0
E000568,MRN00342,2025-06-20,2025-06-25,E11,Type 2 diabetes,Home,1
E000569,MRN00342,2025-07-17,2025-07-21,I50,Heart failure,Home,0
E000570,MRN00343,2025-07-13,2025-07-20,J44,COPD exacerbation,Home,0
E000571,MRN00344,2025-04-03,2025-04-08,I50,Heart failure,Home,0
E000572,MRN00345,2025-01-15,2025-01-19,J44,COPD exacerbation,Home with services,0
E000573,MRN00346,2025-06-15,2025-06-20,J18,Pneumonia,Home,0
E000574,MRN00346,2025-07-24,2025-07-29,I50,Heart failure,Home,1
E000575,MRN00347,2025-04-21,2025-04-26,J44,COPD exacerbation,Home,1
E000576,MRN00348,2025-05-20,2025-05-25,J18,Pneumonia,Nursing facility,0
E000577,MRN00348,2025-06-11,2025-06-20,J18,Pneumonia,Home with services,0
E000578,MRN00349,2025-03-09,2025-03-16,I50,Heart failure,Home with services,0
E000579,MRN00349,2025-04-06,2025-04-08,N39,Urinary tract infection,Home,0
E000580,MRN00349,2025-05-14,2025-05-18,J18,Pneumonia,Home with services,0
E000581,MRN00350,2025-06-07,2025-06-10,N39,Urinary tract infection,Home with services,0
E000582,MRN00350,2025-07-18,2025-07-22,J44,COPD exacerbation,Home,0
E000583,MRN00350,2025-08-02,2025-08-06,N39,Urinary tract infection,Home,0
E000584,MRN00351,2025-01-28,2025-02-01,N39,Urinary tract infection,Nursing facility,0
E000585,MRN00351,2025-03-28,2025-03-31,E11,Type 2 diabetes,Home,0
E000586,MRN00352,2025-01-08,2025-01-12,J44,COPD exacerbation,Home,1
E000587,MRN00352,2025-01-16,2025-01-21,E11,Type 2 diabetes,Home,0
E000588,MRN00353,2025-06-21,2025-06-27,J18,Pneumonia,Nursing facility,0
E000589,MRN00353,2025-07-16,2025-07-22,E11,Type 2 diabetes,Home,0
E000590,MRN00354,2025-03-08,2025-03-12,I50,Heart failure,Nursing facility,0
E000591,MRN00354,2025-04-24,2025-04-29,J18,Pneumonia,Home with services,0
E000592,MRN00355,2025-06-03,2025-06-06,J18,Pneumonia,Home,0
E000593,MRN00355,2025-06-27,2025-07-01,I50,Heart failure,Home,1
E000594,MRN00355,2025-07-26,2025-07-29,E11,Type 2 diabetes,Home,0
E000595,MRN00356,2025-03-02,2025-03-12,I50,Heart failure,Nursing facility,0
E000596,MRN00356,2025-04-08,2025-04-11,E11,Type 2 diabetes,Home with services,1
E000597,MRN00357,2025-05-06,2025-05-16,I50,Heart failure,Nursing facility,1
E000598,MRN00358,2025-05-01,2025-05-10,N39,Urinary tract infection,Home,0
E000599,MRN00359,2025-02-04,2025-02-12,I50,Heart failure,Home with services,1
E000600,MRN00359,2025-02-25,2025-03-02,E11,Type 2 diabetes,Home with services,0
E000601,MRN00359,2025-04-15,2025-04-20,E11,Type 2 diabetes,Nursing facility,0
E000602,MRN00360,2025-01-22,2025-01-28,N39,Urinary tract infection,Nursing facility,0
E000603,MRN00361,2025-01-08,2025-01-11,J44,COPD exacerbation,Home,0
E000604,MRN00361,2025-02-13,2025-02-17,J18,Pneumonia,Home,0
E000605,MRN00362,2025-01-17,2025-01-20,J44,COPD exacerbation,Home,0
E000606,MRN00362,2025-03-08,2025-03-12,N39,Urinary tract infection,Home,0
E000607,MRN00363,2025-03-12,2025-03-16,J18,Pneumonia,Home,0
E000608,MRN00364,2025-05-15,2025-05-19,I50,Heart failure,Home,0
E000609,MRN00364,2025-06-08,2025-06-12,N39,Urinary tract infection,Home,0
E000610,MRN00365,2025-04-24,2025-04-27,J18,Pneumonia,Home with services,0
E000611,MRN00366,2025-02-25,2025-03-03,I50,Heart failure,Home,1
E000612,MRN00367,2025-03-15,2025-03-20,J18,Pneumonia,Home,1
E000613,MRN00367,2025-04-02,2025-04-07,J44,COPD exacerbation,Home,0
E000614,MRN00368,2025-06-13,2025-06-19,N39,Urinary tract infection,Home,0
E000615,MRN00369,2025-04-25,2025-04-29,J18,Pneumonia,Home with services,1
E000616,MRN00369,2025-05-14,2025-05-17,J44,COPD exacerbation,Home,0
E000617,MRN00370,2025-06-17,2025-06-21,J18,Pneumonia,Home,1
E000618,MRN00371,2025-01-20,2025-01-23,E11,Type 2 diabetes,Home,0
E000619,MRN00371,2025-03-03,2025-03-05,N39,Urinary tract infection,Home,0
E000620,MRN00372,2025-02-23,2025-02-27,I50,Heart failure,Home,0
E000621,MRN00372,2025-03-19,2025-03-21,J18,Pneumonia,Home with services,0
E000622,MRN00373,2025-05-13,2025-05-15,E11,Type 2 diabetes,Home with services,0
E000623,MRN00374,2025-04-22,2025-04-26,J44,COPD exacerbation,Home,0
E000624,MRN00374,2025-05-16,2025-05-19,J18,Pneumonia,Home,0
E000625,MRN00374,2025-06-25,2025-06-30,J18,Pneumonia,Home,0
E000626,MRN00375,2025-02-19,2025-02-23,I50,Heart failure,Home,0
E000627,MRN00375,2025-03-18,2025-03-21,J44,COPD exacerbation,Home,1
E000628,MRN00376,2025-01-31,2025-02-02,N39,Urinary tract infection,Home with services,0
E000629,MRN00377,2025-01-22,2025-02-01,J18,Pneumonia,Nursing facility,0
E000630,MRN00378,2025-02-19,2025-02-22,N39,Urinary tract infection,Home,0
E000631,MRN00379,2025-04-16,2025-04-25,J18,Pneumonia,Home,0
E000632,MRN00380,2025-04-25,2025-05-01,J44,COPD exacerbation,Home with services,0
E000633,MRN00380,2025-06-26,2025-06-28,I50,Heart failure,Home,0
E000634,MRN00381,2025-05-23,2025-05-26,E11,Type 2 diabetes,Home with services,0
E000635,MRN00381,2025-07-05,2025-07-12,I50,Heart failure,Home,0
E000636,MRN00382,2025-06-14,2025-06-17,J18,Pneumonia,Home,1
E000637,MRN00382,2025-07-09,2025-07-13,J18,Pneumonia,Home,0
E000638,MRN00382,2025-08-23,2025-08-25,J44,COPD exacerbation,Home,0
E000639,MRN00383,2025-07-03,2025-07-07,E11,Type 2 diabetes,Home,1
E000640,MRN00384,2025-01-22,2025-01-24,J18,Pneumonia,Home,0
E000641,MRN00385,2025-04-29,2025-05-07,I50,Heart failure,Home,1
E000642,MRN00385,2025-05-21,2025-05-24,J44,COPD exacerbation,Home,0
E000643,MRN00386,2025-03-13,2025-03-18,I50,Heart failure,Home,1
E000644,MRN00387,2025-06-06,2025-06-11,J18,Pneumonia,Nursing facility,0
E000645,MRN00388,2025-01-11,2025-01-16,I50,Heart failure,Home,1
E000646,MRN00388,2025-01-22,2025-01-25,N39,Urinary tract infection,Home,0
E000647,MRN00388,2025-02-17,2025-02-18,E11,Type 2 diabetes,Home,1
E000648,MRN00389,2025-02-02,2025-02-06,E11,Type 2 diabetes,Home,0
E000649,MRN00390,2025-06-30,2025-07-02,J44,COPD exacerbation,Home,0
E000650,MRN00390,2025-08-14,2025-08-17,I50,Heart failure,Home,1
E000651,MRN00390,2025-08-31,2025-09-03,J18,Pneumonia,Home,1
E000652,MRN00391,2025-06-14,2025-06-17,E11,Type 2 diabetes,Home,0
E000653,MRN00391,2025-07-08,2025-07-13,J44,COPD exacerbation,Home,0
E000654,MRN00391,2025-09-10,2025-09-15,I50,Heart failure,Home,0
E000655,MRN00392,2025-06-10,2025-06-14,J18,Pneumonia,Home,0
E000656,MRN00392,2025-07-21,2025-07-28,I50,Heart failure,Home,1
E000657,MRN00393,2025-06-15,2025-06-17,J18,Pneumonia,Home,0
E000658,MRN00393,2025-06-30,2025-07-02,E11,Type 2 diabetes,Home,0
E000659,MRN00394,2025-03-08,2025-03-12,E11,Type 2 diabetes,Home,0
E000660,MRN00394,2025-03-26,2025-04-02,I50,Heart failure,Home,1
E000661,MRN00394,2025-04-05,2025-04-09,N39,Urinary tract infection,Home,0
E000662,MRN00395,2025-05-10,2025-05-12,J18,Pneumonia,Home,0
E000663,MRN00395,2025-06-02,2025-06-11,J18,Pneumonia,Home,1
E000664,MRN00396,2025-06-16,2025-06-22,J18,Pneumonia,Home,0
E000665,MRN00396,2025-08-11,2025-08-17,J18,Pneumonia,Home with services,0
E000666,MRN00396,2025-09-28,2025-10-08,J44,COPD exacerbation,Home with services,1
E000667,MRN00397,2025-02-24,2025-03-01,I50,Heart failure,Home with services,0
E000668,MRN00397,2025-03-25,2025-03-30,I50,Heart failure,Home,0
E000669,MRN00398,2025-02-16,2025-02-19,N39,Urinary tract infection,Home,0
E000670,MRN00398,2025-04-11,2025-04-17,I50,Heart failure,Home,0
E000671,MRN00399,2025-06-12,2025-06-16,J18,Pneumonia,Home,0
E000672,MRN00400,2025-02-02,2025-02-04,I50,Heart failure,Home,0
E000673,MRN00400,2025-02-14,2025-02-18,J18,Pneumonia,Home,0
E000674,MRN00400,2025-03-26,2025-03-28,N39,Urinary tract infection,Home,0
E000675,MRN00401,2025-06-12,2025-06-21,J18,Pneumonia,Home,1
E000676,MRN00402,2025-05-01,2025-05-04,N39,Urinary tract infection,Home,0
E000677,MRN00403,2025-03-01,2025-03-06,J18,Pneumonia,Home,0
E000678,MRN00403,2025-04-28,2025-05-02,N39,Urinary tract infection,Home,0
E000679,MRN00404,2025-02-26,2025-02-28,N39,Urinary tract infection,Home with services,0
E000680,MRN00404,2025-04-20,2025-04-23,E11,Type 2 diabetes,Home with services,0
E000681,MRN00405,2025-07-14,2025-07-16,E11,Type 2 diabetes,Home,0
E000682,MRN00406,2025-06-13,2025-06-19,J18,Pneumonia,Home,0
E000683,MRN00406,2025-08-12,2025-08-17,J44,COPD exacerbation,Home,0
E000684,MRN00407,2025-06-21,2025-06-23,N39,Urinary tract infection,Home,0
E000685,MRN00407,2025-07-26,2025-07-28,J44,COPD exacerbation,Home,0
E000686,MRN00408,2025-05-04,2025-05-06,J44,COPD exacerbation,Home,0
E000687,MRN00409,2025-02-23,2025-02-25,I50,Heart failure,Home,0
E000688,MRN00410,2025-05-10,2025-05-14,I50,Heart failure,Home,0
E000689,MRN00410,2025-06-14,2025-06-19,I50,Heart failure,Home,0
E000690,MRN00410,2025-07-29,2025-07-31,N39,Urinary tract infection,Home,0
E000691,MRN00411,2025-02-10,2025-02-20,I50,Heart failure,Home,0
E000692,MRN00411,2025-03-31,2025-04-05,J44,COPD exacerbation,Home with services,0
E000693,MRN00412,2025-04-19,2025-04-24,E11,Type 2 diabetes,Home,0
E000694,MRN00412,2025-05-19,2025-05-22,E11,Type 2 diabetes,Home,0
E000695,MRN00413,2025-01-21,2025-01-24,J18,Pneumonia,Home,0
E000696,MRN00413,2025-02-17,2025-02-20,N39,Urinary tract infection,Nursing facility,0
E000697,MRN00413,2025-04-11,2025-04-17,E11,Type 2 diabetes,Home,0
E000698,MRN00414,2025-05-09,2025-05-11,E11,Type 2 diabetes,Home,0
E000699,MRN00414,2025-06-25,2025-06-28,N39,Urinary tract infection,Home,0
E000700,MRN00414,2025-07-16,2025-07-23,J44,COPD exacerbation,Home,0
E000701,MRN00415,2025-07-03,2025-07-08,J18,Pneumonia,Home,0
E000702,MRN00415,2025-09-04,2025-09-07,I50,Heart failure,Nursing facility,0
E000703,MRN00416,2025-02-05,2025-02-07,N39,Urinary tract infection,Home with services,0
E000704,MRN00417,2025-07-17,2025-07-19,J44,COPD exacerbation,Home,0
E000705,MRN00417,2025-08-28,2025-09-01,J44,COPD exacerbation,Home,0
E000706,MRN00418,2025-06-26,2025-07-06,J18,Pneumonia,Home,0
E000707,MRN00418,2025-08-22,2025-08-29,J18,Pneumonia,Home,0
E000708,MRN00418,2025-09-23,2025-09-27,I50,Heart failure,Nursing facility,0
E000709,MRN00419,2025-06-25,2025-06-29,J44,COPD exacerbation,Home,0
E000710,MRN00419,2025-07-31,2025-08-06,I50,Heart failure,Home,0
E000711,MRN00420,2025-06-23,2025-06-29,I50,Heart failure,Home,0
E000712,MRN00421,2025-01-20,2025-01-24,E11,Type 2 diabetes,Home,0
E000713,MRN00421,2025-02-12,2025-02-16,I50,Heart failure,Home,0
E000714,MRN00422,2025-05-20,2025-05-29,I50,Heart failure,Nursing facility,0
E000715,MRN00422,2025-06-12,2025-06-14,E11,Type 2 diabetes,Home,0
E000716,MRN00423,2025-01-04,2025-01-07,J18,Pneumonia,Nursing facility,0
E000717,MRN00424,2025-06-15,2025-06-28,I50,Heart failure,Home with services,0
E000718,MRN00425,2025-01-12,2025-01-16,J18,Pneumonia,Home,0
E000719,MRN00425,2025-02-05,2025-02-07,E11,Type 2 diabetes,Home,1
E000720,MRN00426,2025-03-02,2025-03-08,J18,Pneumonia,Home,0
E000721,MRN00427,2025-04-11,2025-04-16,N39,Urinary tract infection,Home with services,0
E000722,MRN00427,2025-04-26,2025-05-04,J18,Pneumonia,Home,1
E000723,MRN00428,2025-04-10,2025-04-15,J18,Pneumonia,Home with services,0
E000724,MRN00428,2025-06-03,2025-06-08,N39,Urinary tract infection,Nursing facility,0
E000725,MRN00429,2025-06-18,2025-06-22,J18,Pneumonia,Home with services,0
E000726,MRN00429,2025-07-31,2025-08-09,J18,Pneumonia,Home,1
E000727,MRN00429,2025-08-30,2025-09-05,J44,COPD exacerbation,Home,1
E000728,MRN00430,2025-03-07,2025-03-11,E11,Type 2 diabetes,Home,0
E000729,MRN00430,2025-04-16,2025-04-21,E11,Type 2 diabetes,Home,0
E000730,MRN00431,2025-07-06,2025-07-08,J44,COPD exacerbation,Home with services,0
E000731,MRN00431,2025-08-23,2025-08-26,N39,Urinary tract infection,Home,0
E000732,MRN00432,2025-03-25,2025-04-02,I50,Heart failure,Home,0
E000733,MRN00432,2025-05-21,2025-05-27,I50,Heart failure,Home,1
E000734,MRN00433,2025-03-11,2025-03-17,J18,Pneumonia,Home,0
E000735,MRN00433,2025-04-28,2025-05-02,E11,Type 2 diabetes,Home,0
E000736,MRN00434,2025-07-05,2025-07-07,E11,Type 2 diabetes,Home,0
E000737,MRN00434,2025-07-22,2025-07-25,N39,Urinary tract infection,Home,0
E000738,MRN00434,2025-08-25,2025-08-27,N39,Urinary tract infection,Home,0
E000739,MRN00435,2025-05-18,2025-05-21,E11,Type 2 diabetes,Home,0
E000740,MRN00435,2025-07-16,2025-07-20,E11,Type 2 diabetes,Home,0
E000741,MRN00435,2025-08-21,2025-08-23,N39,Urinary tract infection,Home,1
E000742,MRN00436,2025-02-10,2025-02-12,I50,Heart failure,Home,0
E000743,MRN00436,2025-03-22,2025-03-25,I50,Heart failure,Nursing facility,0
E000744,MRN00437,2025-06-24,2025-06-26,E11,Type 2 diabetes,Home,0
E000745,MRN00438,2025-05-19,2025-05-23,I50,Heart failure,Home with services,0
E000746,MRN00439,2025-07-03,2025-07-08,J18,Pneumonia,Home,0
E000747,MRN00439,2025-08-01,2025-08-03,J44,COPD exacerbation,Home,0
E000748,MRN00440,2025-05-29,2025-06-01,N39,Urinary tract infection,Home,0
E000749,MRN00440,2025-07-09,2025-07-12,J18,Pneumonia,Home,1
E000750,MRN00441,2025-05-19,2025-05-21,E11,Type 2 diabetes,Home,0
E000751,MRN00442,2025-07-02,2025-07-08,I50,Heart failure,Home with services,1
E000752,MRN00442,2025-08-05,2025-08-10,I50,Heart failure,Home,0
E000753,MRN00443,2025-04-10,2025-04-15,J18,Pneumonia,Home,0
E000754,MRN00443,2025-04-25,2025-05-03,J18,Pneumonia,Home with services,0
E000755,MRN00444,2025-03-16,2025-03-19,N39,Urinary tract infection,Home,0
E000756,MRN00445,2025-04-12,2025-04-18,N39,Urinary tract infection,Nursing facility,0
E000757,MRN00446,2025-05-02,2025-05-04,N39,Urinary tract infection,Home,0
E000758,MRN00446,2025-06-28,2025-06-30,N39,Urinary tract infection,Home,0
E000759,MRN00446,2025-08-27,2025-09-03,J18,Pneumonia,Home with services,1
E000760,MRN00447,2025-02-18,2025-02-21,J44,COPD exacerbation,Home,0
E000761,MRN00448,2025-06-13,2025-06-14,N39,Urinary tract infection,Home,0
E000762,MRN00448,2025-07-10,2025-07-12,J18,Pneumonia,Home,0
E000763,MRN00448,2025-07-28,2025-08-01,J44,COPD exacerbation,Home,0
E000764,MRN00449,2025-05-11,2025-05-15,E11,Type 2 diabetes,Home,0
E000765,MRN00449,2025-06-06,2025-06-08,E11,Type 2 diabetes,Nursing facility,0
E000766,MRN00449,2025-07-10,2025-07-13,I50,Heart failure,Home,0
E000767,MRN00450,2025-01-11,2025-01-15,J44,COPD exacerbation,Home,0
E000768,MRN00450,2025-03-13,2025-03-15,I50,Heart failure,Home,0
E000769,MRN00451,2025-04-22,2025-04-28,J18,Pneumonia,Home,0
E000770,MRN00451,2025-06-17,2025-06-21,J44,COPD exacerbation,Nursing facility,1
E000771,MRN00451,2025-06-24,2025-07-04,J44,COPD exacerbation,Home,1
E000772,MRN00452,2025-02-22,2025-02-28,J18,Pneumonia,Home,0
E000773,MRN00452,2025-04-02,2025-04-06,E11,Type 2 diabetes,Home,0
E000774,MRN00453,2025-06-10,2025-06-15,J44,COPD exacerbation,Home,0
E000775,MRN00453,2025-08-10,2025-08-19,E11,Type 2 diabetes,Home,1
E000776,MRN00453,2025-09-02,2025-09-06,J44,COPD exacerbation,Home with services,1
E000777,MRN00454,2025-02-04,2025-02-08,I50,Heart failure,Home,0
E000778,MRN00454,2025-03-09,2025-03-13,I50,Heart failure,Home,0
E000779,MRN00455,2025-05-04,2025-05-07,E11,Type 2 diabetes,Home with services,0
E000780,MRN00455,2025-06-27,2025-07-02,J44,COPD exacerbation,Home,0
E000781,MRN00456,2025-06-13,2025-06-14,E11,Type 2 diabetes,Home,0
E000782,MRN00457,2025-03-22,2025-03-28,J44,COPD exacerbation,Home with services,0
E000783,MRN00458,2025-05-01,2025-05-02,E11,Type 2 diabetes,Home,1
E000784,MRN00459,2025-07-17,2025-07-18,N39,Urinary tract infection,Home,0
E000785,MRN00460,2025-06-02,2025-06-05,J18,Pneumonia,Home,1
E000786,MRN00460,2025-06-08,2025-06-10,J44,COPD exacerbation,Home with services,0
E000787,MRN00461,2025-06-04,2025-06-10,J18,Pneumonia,Home,1
E000788,MRN00461,2025-07-04,2025-07-05,E11,Type 2 diabetes,Home,0
E000789,MRN00461,2025-08-16,2025-08-18,J18,Pneumonia,Home,0
E000790,MRN00462,2025-03-01,2025-03-04,N39,Urinary tract infection,Home,0
E000791,MRN00462,2025-04-03,2025-04-05,I50,Heart failure,Home,1
E000792,MRN00462,2025-04-08,2025-04-11,J18,Pneumonia,Home,1
E000793,MRN00463,2025-01-27,2025-02-02,I50,Heart failure,Home,0
E000794,MRN00463,2025-02-21,2025-03-02,J18,Pneumonia,Nursing facility,0
E000795,MRN00463,2025-03-23,2025-03-28,J18,Pneumonia,Home with services,1
E000796,MRN00464,2025-02-21,2025-02-25,I50,Heart failure,Home,0
E000797,MRN00464,2025-03-21,2025-03-25,J44,COPD exacerbation,Home with services,0
E000798,MRN00465,2025-04-09,2025-04-13,I50,Heart failure,Home,0
E000799,MRN00466,2025-01-21,2025-01-30,J18,Pneumonia,Home with services,0
E000800,MRN00466,2025-03-19,2025-03-24,N39,Urinary tract infection,Home with services,1
E000801,MRN00467,2025-05-29,2025-06-02,I50,Heart failure,Home,1
E000802,MRN00467,2025-06-14,2025-06-18,N39,Urinary tract infection,Home,0
E000803,MRN00468,2025-05-14,2025-05-21,J18,Pneumonia,Home,0
E000804,MRN00468,2025-06-30,2025-07-06,N39,Urinary tract infection,Home,0
E000805,MRN00469,2025-01-30,2025-02-02,E11,Type 2 diabetes,Home,0
E000806,MRN00470,2025-06-02,2025-06-08,J44,COPD exacerbation,Home with services,0
E000807,MRN00470,2025-07-30,2025-08-04,N39,Urinary tract infection,Home with services,0
E000808,MRN00470,2025-09-17,2025-09-22,J18,Pneumonia,Home,0
E000809,MRN00471,2025-04-30,2025-05-03,J18,Pneumonia,Home with services,0
E000810,MRN00471,2025-05-24,2025-05-28,J18,Pneumonia,Home,0
E000811,MRN00472,2025-02-22,2025-02-27,J18,Pneumonia,Home,0
E000812,MRN00472,2025-04-21,2025-04-22,N39,Urinary tract infection,Home,0
E000813,MRN00472,2025-05-12,2025-05-18,J18,Pneumonia,Home,0
E000814,MRN00473,2025-05-07,2025-05-14,I50,Heart failure,Home,0
E000815,MRN00473,2025-07-09,2025-07-19,J18,Pneumonia,Home,0
E000816,MRN00473,2025-09-02,2025-09-04,J44,COPD exacerbation,Nursing facility,0
E000817,MRN00474,2025-03-26,2025-03-30,I50,Heart failure,Home with services,1
E000818,MRN00475,2025-04-14,2025-04-18,E11,Type 2 diabetes,Nursing facility,0
E000819,MRN00475,2025-04-28,2025-04-30,N39,Urinary tract infection,Home,1
E000820,MRN00476,2025-03-23,2025-03-27,J44,COPD exacerbation,Home,0
E000821,MRN00476,2025-05-20,2025-05-24,I50,Heart failure,Home,1
E000822,MRN00477,2025-03-07,2025-03-10,N39,Urinary tract infection,Home,0
E000823,MRN00478,2025-02-01,2025-02-03,E11,Type 2 diabetes,Home,0
E000824,MRN00479,2025-04-08,2025-04-15,I50,Heart failure,Nursing facility,0
E000825,MRN00479,2025-05-18,2025-05-23,J44,COPD exacerbation,Nursing facility,0
E000826,MRN00480,2025-06-08,2025-06-13,N39,Urinary tract infection,Home,0
E000827,MRN00480,2025-07-13,2025-07-24,I50,Heart failure,Home,1
E000828,MRN00480,2025-08-05,2025-08-09,N39,Urinary tract infection,Home,0
E000829,MRN00481,2025-06-14,2025-06-17,E11,Type 2 diabetes,Home,0
E000830,MRN00482,2025-02-09,2025-02-12,N39,Urinary tract infection,Home,0
E000831,MRN00483,2025-02-02,2025-02-08,I50,Heart failure,Nursing facility,0
E000832,MRN00483,2025-04-01,2025-04-07,I50,Heart failure,Home,0
E000833,MRN00484,2025-02-04,2025-02-10,I50,Heart failure,Home,0
E000834,MRN00485,2025-01-30,2025-02-02,J18,Pneumonia,Home with services,0
E000835,MRN00485,2025-03-20,2025-03-25,J44,COPD exacerbation,Home with services,0
E000836,MRN00486,2025-06-14,2025-06-16,J44,COPD exacerbation,Home,0
E000837,MRN00487,2025-05-01,2025-05-09,I50,Heart failure,Home,0
E000838,MRN00488,2025-01-07,2025-01-10,N39,Urinary tract infection,Home,0
E000839,MRN00488,2025-02-23,2025-02-26,J44,COPD exacerbation,Home with services,0
E000840,MRN00489,2025-05-11,2025-05-19,I50,Heart failure,Home,1
E000841,MRN00490,2025-01-13,2025-01-20,I50,Heart failure,Home,0
E000842,MRN00490,2025-03-02,2025-03-12,I50,Heart failure,Home,0
E000843,MRN00490,2025-04-02,2025-04-08,I50,Heart failure,Home,1
E000844,MRN00491,2025-06-14,2025-06-16,N39,Urinary tract infection,Home,0
E000845,MRN00491,2025-07-07,2025-07-12,J18,Pneumonia,Home,0
E000846,MRN00492,2025-06-12,2025-06-19,J18,Pneumonia,Home,0
E000847,MRN00493,2025-04-04,2025-04-10,I50,Heart failure,Home with services,0
E000848,MRN00494,2025-03-26,2025-04-02,N39,Urinary tract infection,Home,0
E000849,MRN00494,2025-05-19,2025-05-24,J18,Pneumonia,Home,0
E000850,MRN00495,2025-07-02,2025-07-05,N39,Urinary tract infection,Home,0
E000851,MRN00495,2025-07-20,2025-07-26,I50,Heart failure,Home,0
E000852,MRN00496,2025-04-05,2025-04-07,J44,COPD exacerbation,Home,1
E000853,MRN00496,2025-04-22,2025-04-24,N39,Urinary tract infection,Home with services,0
E000854,MRN00497,2025-01-13,2025-01-17,I50,Heart failure,Home,0
E000855,MRN00498,2025-01-30,2025-02-04,I50,Heart failure,Home,0
E000856,MRN00499,2025-06-02,2025-06-04,N39,Urinary tract infection,Home,1
E000857,MRN00500,2025-05-19,2025-05-21,J18,Pneumonia,Home,1
E000858,MRN00500,2025-06-03,2025-06-06,I50,Heart failure,Home,0
E000859,MRN00500,2025-06-26,2025-06-29,E11,Type 2 diabetes,Home,0
E000860,MRN00501,2025-03-28,2025-04-01,I50,Heart failure,Home,0
E000861,MRN00502,2025-01-26,2025-02-03,I50,Heart failure,Home,0
E000862,MRN00502,2025-02-26,2025-03-04,N39,Urinary tract infection,Home with services,1
E000863,MRN00503,2025-03-24,2025-04-04,N39,Urinary tract infection,Home,0
E000864,MRN00504,2025-03-24,2025-04-01,J18,Pneumonia,Home,0
E000865,MRN00505,2025-02-09,2025-02-15,N39,Urinary tract infection,Nursing facility,0
E000866,MRN00505,2025-03-18,2025-03-20,J44,COPD exacerbation,Home,0
E000867,MRN00506,2025-07-15,2025-07-17,J44,COPD exacerbation,Home,0
E000868,MRN00506,2025-08-19,2025-08-24,I50,Heart failure,Home,0
E000869,MRN00506,2025-09-21,2025-09-25,J18,Pneumonia,Home with services,0
E000870,MRN00507,2025-07-04,2025-07-11,E11,Type 2 diabetes,Home,0
E000871,MRN00508,2025-03-14,2025-03-17,N39,Urinary tract infection,Nursing facility,0
E000872,MRN00508,2025-04-08,2025-04-17,I50,Heart failure,Home,0
E000873,MRN00508,2025-05-19,2025-05-22,J44,COPD exacerbation,Home,0
E000874,MRN00509,2025-01-16,2025-01-21,J18,Pneumonia,Home,0
E000875,MRN00510,2025-04-11,2025-04-16,J44,COPD exacerbation,Home,0
E000876,MRN00511,2025-03-02,2025-03-07,J18,Pneumonia,Home,0
E000877,MRN00512,2025-06-16,2025-06-20,I50,Heart failure,Home with services,0
E000878,MRN00512,2025-07-17,2025-07-22,I50,Heart failure,Home,0
E000879,MRN00513,2025-03-29,2025-04-02,E11,Type 2 diabetes,Home,1
E000880,MRN00513,2025-04-25,2025-05-03,J44,COPD exacerbation,Nursing facility,1
E000881,MRN00514,2025-05-09,2025-05-17,I50,Heart failure,Home,0
E000882,MRN00515,2025-07-04,2025-07-07,I50,Heart failure,Home,0
E000883,MRN00515,2025-07-21,2025-07-29,I50,Heart failure,Home,1
E000884,MRN00516,2025-03-13,2025-03-17,I50,Heart failure,Home,0
E000885,MRN00516,2025-04-12,2025-04-17,I50,Heart failure,Home with services,0
E000886,MRN00517,2025-04-08,2025-04-11,E11,Type 2 diabetes,Home,1
E000887,MRN00518,2025-03-24,2025-03-27,E11,Type 2 diabetes,Home,0
E000888,MRN00518,2025-05-10,2025-05-14,J18,Pneumonia,Home,0
E000889,MRN00519,2025-01-15,2025-01-20,J18,Pneumonia,Home,0
E000890,MRN00519,2025-02-08,2025-02-15,E11,Type 2 diabetes,Home,0
E000891,MRN00520,2025-02-17,2025-02-20,E11,Type 2 diabetes,Home,0
E000892,MRN00521,2025-04-14,2025-04-22,J18,Pneumonia,Home,0
E000893,MRN00521,2025-05-26,2025-06-02,J18,Pneumonia,Home,0
E000894,MRN00522,2025-07-11,2025-07-15,I50,Heart failure,Home,0
E000895,MRN00523,2025-07-06,2025-07-13,I50,Heart failure,Home,0
E000896,MRN00523,2025-08-16,2025-08-21,J18,Pneumonia,Home,1
E000897,MRN00524,2025-04-24,2025-04-29,J18,Pneumonia,Home,0
E000898,MRN00525,2025-02-24,2025-02-27,E11,Type 2 diabetes,Home,0
E000899,MRN00525,2025-03-17,2025-03-24,I50,Heart failure,Home,1
E000900,MRN00526,2025-05-21,2025-05-23,J18,Pneumonia,Home,0
E000901,MRN00527,2025-05-15,2025-05-17,J18,Pneumonia,Home,0
E000902,MRN00527,2025-06-28,2025-06-30,J44,COPD exacerbation,Nursing facility,1
E000903,MRN00528,2025-01-23,2025-01-26,E11,Type 2 diabetes,Home,0
E000904,MRN00529,2025-02-22,2025-02-26,J44,COPD exacerbation,Home,0
E000905,MRN00529,2025-03-20,2025-03-25,J18,Pneumonia,Home,0
E000906,MRN00530,2025-03-22,2025-03-26,I50,Heart failure,Home,0
E000907,MRN00530,2025-05-24,2025-05-30,J18,Pneumonia,Home,0
E000908,MRN00531,2025-04-27,2025-05-08,J44,COPD exacerbation,Home with services,1
E000909,MRN00531,2025-05-11,2025-05-20,E11,Type 2 diabetes,Home,1
E000910,MRN00531,2025-06-08,2025-06-12,J44,COPD exacerbation,Home,0
E000911,MRN00532,2025-02-20,2025-02-24,J18,Pneumonia,Home,0
E000912,MRN00532,2025-03-15,2025-03-19,J18,Pneumonia,Home with services,0
E000913,MRN00532,2025-03-29,2025-04-02,J18,Pneumonia,Home with services,0
E000914,MRN00533,2025-05-23,2025-05-26,J18,Pneumonia,Nursing facility,0
E000915,MRN00533,2025-06-17,2025-06-19,E11,Type 2 diabetes,Nursing facility,0
E000916,MRN00534,2025-06-03,2025-06-07,J18,Pneumonia,Home with services,0
E000917,MRN00534,2025-07-22,2025-07-26,I50,Heart failure,Home,0
E000918,MRN00534,2025-08-29,2025-09-05,J18,Pneumonia,Home,0
E000919,MRN00535,2025-02-07,2025-02-11,J18,Pneumonia,Home,0
E000920,MRN00536,2025-05-19,2025-05-21,E11,Type 2 diabetes,Home,0
E000921,MRN00537,2025-05-27,2025-05-30,J18,Pneumonia,Home,0
E000922,MRN00538,2025-03-14,2025-03-17,I50,Heart failure,Home with services,1
E000923,MRN00539,2025-03-04,2025-03-14,I50,Heart failure,Home,0
E000924,MRN00539,2025-04-17,2025-04-26,I50,Heart failure,Home,0
E000925,MRN00540,2025-01-30,2025-02-01,N39,Urinary tract infection,Home,0
E000926,MRN00540,2025-02-20,2025-02-27,I50,Heart failure,Home,1
E000927,MRN00541,2025-02-12,2025-02-14,N39,Urinary tract infection,Home,0
E000928,MRN00542,2025-06-19,2025-06-21,E11,Type 2 diabetes,Home with services,0
E000929,MRN00542,2025-07-06,2025-07-12,I50,Heart failure,Home with services,0
E000930,MRN00542,2025-09-01,2025-09-05,J44,COPD exacerbation,Home,0
E000931,MRN00543,2025-04-23,2025-04-28,J44,COPD exacerbation,Home,1
E000932,MRN00543,2025-05-21,2025-05-24,J18,Pneumonia,Home,1
E000933,MRN00544,2025-02-15,2025-02-17,N39,Urinary tract infection,Home,0
E000934,MRN00545,2025-04-07,2025-04-11,N39,Urinary tract infection,Home,0
E000935,MRN00546,2025-05-09,2025-05-11,J18,Pneumonia,Home,0
E000936,MRN00546,2025-07-07,2025-07-09,E11,Type 2 diabetes,Home,0
E000937,MRN00547,2025-04-17,2025-04-24,J18,Pneumonia,Home with services,1
E000938,MRN00547,2025-05-05,2025-05-13,I50,Heart failure,Home,0
E000939,MRN00548,2025-06-23,2025-07-01,I50,Heart failure,Home,0
E000940,MRN00549,2025-05-26,2025-05-27,N39,Urinary tract infection,Home,0
E000941,MRN00550,2025-05-22,2025-05-24,N39,Urinary tract infection,Nursing facility,0
E000942,MRN00550,2025-07-19,2025-07-23,E11,Type 2 diabetes,Home,0
E000943,MRN00550,2025-08-24,2025-08-29,J44,COPD exacerbation,Home,0
E000944,MRN00551,2025-06-07,2025-06-11,E11,Type 2 diabetes,Home,0
E000945,MRN00552,2025-01-30,2025-02-02,J18,Pneumonia,Home,0
E000946,MRN00553,2025-07-09,2025-07-15,E11,Type 2 diabetes,Home,1
E000947,MRN00554,2025-04-03,2025-04-07,N39,Urinary tract infection,Home,0
E000948,MRN00554,2025-05-11,2025-05-20,J44,COPD exacerbation,Home,0
E000949,MRN00555,2025-03-05,2025-03-11,I50,Heart failure,Home with services,0
E000950,MRN00556,2025-05-18,2025-05-22,J44,COPD exacerbation,Home,0
E000951,MRN00556,2025-06-01,2025-06-05,J18,Pneumonia,Home,0
E000952,MRN00557,2025-02-12,2025-02-19,I50,Heart failure,Nursing facility,0
E000953,MRN00557,2025-04-12,2025-04-19,J18,Pneumonia,Home,0
E000954,MRN00558,2025-05-12,2025-05-17,J18,Pneumonia,Home,0
E000955,MRN00559,2025-04-07,2025-04-11,J44,COPD exacerbation,Home,0
E000956,MRN00560,2025-03-03,2025-03-10,J44,COPD exacerbation,Home with services,0
E000957,MRN00560,2025-05-01,2025-05-03,J44,COPD exacerbation,Home,0
E000958,MRN00560,2025-06-25,2025-06-29,J44,COPD exacerbation,Home,1
E000959,MRN00561,2025-03-14,2025-03-18,J44,COPD exacerbation,Nursing facility,0
E000960,MRN00562,2025-05-08,2025-05-14,J44,COPD exacerbation,Home,0
E000961,MRN00563,2025-04-07,2025-04-10,N39,Urinary tract infection,Home,1
E000962,MRN00563,2025-04-29,2025-05-01,N39,Urinary tract infection,Home,0
E000963,MRN00563,2025-06-08,2025-06-19,J18,Pneumonia,Home,0
E000964,MRN00564,2025-06-08,2025-06-14,E11,Type 2 diabetes,Home,0
E000965,MRN00564,2025-08-04,2025-08-11,J44,COPD exacerbation,Home,0
E000966,MRN00565,2025-01-04,2025-01-13,I50,Heart failure,Nursing facility,0
E000967,MRN00566,2025-04-29,2025-05-02,J18,Pneumonia,Nursing facility,0
E000968,MRN00566,2025-05-12,2025-05-17,I50,Heart failure,Home,0
E000969,MRN00566,2025-05-30,2025-06-03,J18,Pneumonia,Home,0
E000970,MRN00567,2025-02-09,2025-02-14,I50,Heart failure,Home,1
E000971,MRN00567,2025-02-21,2025-02-23,E11,Type 2 diabetes,Home,0
E000972,MRN00567,2025-03-18,2025-03-22,J44,COPD exacerbation,Home with services,0
E000973,MRN00568,2025-02-15,2025-02-18,N39,Urinary tract infection,Home with services,0
E000974,MRN00568,2025-04-03,2025-04-06,E11,Type 2 diabetes,Home,0
E000975,MRN00568,2025-05-29,2025-06-01,J44,COPD exacerbation,Home with services,1
E000976,MRN00569,2025-01-16,2025-01-19,J18,Pneumonia,Nursing facility,0
E000977,MRN00569,2025-02-03,2025-02-08,J44,COPD exacerbation,Home with services,0
E000978,MRN00570,2025-03-29,2025-04-05,J18,Pneumonia,Nursing facility,0
E000979,MRN00570,2025-04-25,2025-05-01,J44,COPD exacerbation,Home,0
E000980,MRN00571,2025-04-01,2025-04-03,E11,Type 2 diabetes,Home,0
E000981,MRN00572,2025-02-19,2025-02-22,I50,Heart failure,Home,0
E000982,MRN00572,2025-03-11,2025-03-14,J18,Pneumonia,Home,0
E000983,MRN00572,2025-05-03,2025-05-05,N39,Urinary tract infection,Nursing facility,0
E000984,MRN00573,2025-02-21,2025-02-27,J18,Pneumonia,Nursing facility,0
E000985,MRN00573,2025-04-08,2025-04-11,J18,Pneumonia,Home with services,0
E000986,MRN00574,2025-01-07,2025-01-12,I50,Heart failure,Nursing facility,1
E000987,MRN00574,2025-01-21,2025-01-25,E11,Type 2 diabetes,Home,1
E000988,MRN00575,2025-01-29,2025-02-01,N39,Urinary tract infection,Home,0
E000989,MRN00576,2025-05-08,2025-05-10,N39,Urinary tract infection,Home,0
E000990,MRN00576,2025-07-05,2025-07-10,J44,COPD exacerbation,Home,0
E000991,MRN00577,2025-06-01,2025-06-03,N39,Urinary tract infection,Home,0
E000992,MRN00578,2025-06-29,2025-07-02,N39,Urinary tract infection,Nursing facility,0
E000993,MRN00578,2025-08-12,2025-08-20,I50,Heart failure,Home,0
E000994,MRN00579,2025-04-27,2025-05-01,I50,Heart failure,Home,0
E000995,MRN00580,2025-01-02,2025-01-07,J18,Pneumonia,Home,0
E000996,MRN00580,2025-03-07,2025-03-10,E11,Type 2 diabetes,Home,0
E000997,MRN00580,2025-04-12,2025-04-19,E11,Type 2 diabetes,Home,0
E000998,MRN00581,2025-04-19,2025-04-23,E11,Type 2 diabetes,Home,0
E000999,MRN00581,2025-06-18,2025-06-25,E11,Type 2 diabetes,Home with services,0
E001000,MRN00582,2025-01-22,2025-01-24,E11,Type 2 diabetes,Home,0
E001001,MRN00582,2025-03-24,2025-03-28,J44,COPD exacerbation,Home with services,1
E001002,MRN00582,2025-04-14,2025-04-24,J18,Pneumonia,Home,0
E001003,MRN00583,2025-03-31,2025-04-04,J18,Pneumonia,Home,0
E001004,MRN00583,2025-05-27,2025-05-30,J18,Pneumonia,Home,0
E001005,MRN00583,2025-06-24,2025-06-27,J44,COPD exacerbation,Home with services,0
E001006,MRN00584,2025-02-14,2025-02-17,N39,Urinary tract infection,Nursing facility,0
E001007,MRN00584,2025-03-29,2025-04-03,J18,Pneumonia,Home,0
E001008,MRN00584,2025-05-06,2025-05-15,J44,COPD exacerbation,Home,1
E001009,MRN00585,2025-07-09,2025-07-13,E11,Type 2 diabetes,Home,0
E001010,MRN00585,2025-08-09,2025-08-13,J44,COPD exacerbation,Home,0
E001011,MRN00585,2025-09-09,2025-09-14,J44,COPD exacerbation,Home,1
E001012,MRN00586,2025-01-14,2025-01-19,I50,Heart failure,Home,1
E001013,MRN00586,2025-02-02,2025-02-06,J44,COPD exacerbation,Home,0
E001014,MRN00587,2025-03-04,2025-03-06,N39,Urinary tract infection,Home,0
E001015,MRN00587,2025-05-04,2025-05-07,E11,Type 2 diabetes,Home with services,0
E001016,MRN00587,2025-06-04,2025-06-10,I50,Heart failure,Home,0
E001017,MRN00588,2025-06-11,2025-06-25,I50,Heart failure,Home,0
E001018,MRN00589,2025-03-09,2025-03-13,J18,Pneumonia,Nursing facility,0
E001019,MRN00590,2025-02-24,2025-02-28,N39,Urinary tract infection,Home with services,0
E001020,MRN00591,2025-04-13,2025-04-19,I50,Heart failure,Home with services,1
E001021,MRN00591,2025-05-12,2025-05-14,N39,Urinary tract infection,Home,0
E001022,MRN00592,2025-01-20,2025-01-25,I50,Heart failure,Home,0
E001023,MRN00592,2025-02-22,2025-02-28,N39,Urinary tract infection,Home,0
E001024,MRN00593,2025-01-16,2025-01-18,N39,Urinary tract infection,Nursing facility,0
E001025,MRN00593,2025-02-08,2025-02-10,N39,Urinary tract infection,Home,0
E001026,MRN00594,2025-06-25,2025-07-03,J18,Pneumonia,Home,0
E001027,MRN00594,2025-08-05,2025-08-09,J18,Pneumonia,Nursing facility,0
E001028,MRN00595,2025-01-18,2025-01-22,E11,Type 2 diabetes,Home,0
E001029,MRN00595,2025-03-02,2025-03-04,I50,Heart failure,Nursing facility,1
E001030,MRN00596,2025-03-03,2025-03-07,J18,Pneumonia,Home,0
E001031,MRN00597,2025-04-19,2025-04-23,J44,COPD exacerbation,Home,0
E001032,MRN00597,2025-05-07,2025-05-13,E11,Type 2 diabetes,Home,0
E001033,MRN00598,2025-03-14,2025-03-15,N39,Urinary tract infection,Home,0
E001034,MRN00598,2025-04-18,2025-04-21,J18,Pneumonia,Home,0
E001035,MRN00598,2025-06-07,2025-06-08,E11,Type 2 diabetes,Home,0
E001036,MRN00599,2025-01-27,2025-01-30,J18,Pneumonia,Nursing facility,0
E001037,MRN00600,2025-01-01,2025-01-04,J18,Pneumonia,Home,0
E001038,MRN00600,2025-02-12,2025-02-20,I50,Heart failure,Nursing facility,0
E001039,MRN00601,2025-02-04,2025-02-06,E11,Type 2 diabetes,Home,0
E001040,MRN00602,2025-01-04,2025-01-07,J18,Pneumonia,Nursing facility,0
E001041,MRN00602,2025-02-11,2025-02-16,J18,Pneumonia,Home with services,0
E001042,MRN00603,2025-05-27,2025-05-30,J18,Pneumonia,Home,0
E001043,MRN00603,2025-06-16,2025-06-25,I50,Heart failure,Nursing facility,1
E001044,MRN00603,2025-07-03,2025-07-05,E11,Type 2 diabetes,Home,0
E001045,MRN00604,2025-04-07,2025-04-10,I50,Heart failure,Home,0
E001046,MRN00605,2025-05-19,2025-05-22,E11,Type 2 diabetes,Home,0
E001047,MRN00606,2025-01-21,2025-01-27,J18,Pneumonia,Home,0
E001048,MRN00606,2025-03-15,2025-03-18,J18,Pneumonia,Home,1
E001049,MRN00607,2025-05-20,2025-05-26,J44,COPD exacerbation,Nursing facility,1
E001050,MRN00608,2025-04-16,2025-04-22,I50,Heart failure,Nursing facility,0
E001051,MRN00608,2025-06-06,2025-06-08,J44,COPD exacerbation,Home,0
E001052,MRN00609,2025-02-22,2025-02-26,N39,Urinary tract infection,Nursing facility,0
E001053,MRN00609,2025-04-20,2025-04-24,I50,Heart failure,Home with services,0
E001054,MRN00610,2025-04-18,2025-04-22,J44,COPD exacerbation,Home,0
E001055,MRN00610,2025-06-09,2025-06-16,J44,COPD exacerbation,Nursing facility,1
E001056,MRN00611,2025-02-06,2025-02-09,J18,Pneumonia,Home,1
E001057,MRN00612,2025-04-29,2025-05-03,J44,COPD exacerbation,Home,0
E001058,MRN00613,2025-03-31,2025-04-12,I50,Heart failure,Home,1
E001059,MRN00613,2025-05-04,2025-05-09,J44,COPD exacerbation,Home,0
E001060,MRN00613,2025-05-25,2025-06-02,J44,COPD exacerbation,Home,1
E001061,MRN00614,2025-02-10,2025-02-13,J18,Pneumonia,Home,0
E001062,MRN00615,2025-03-18,2025-03-21,I50,Heart failure,Home,0
E001063,MRN00615,2025-04-28,2025-05-03,I50,Heart failure,Home,0
E001064,MRN00616,2025-06-11,2025-06-13,N39,Urinary tract infection,Home,0
E001065,MRN00617,2025-06-29,2025-07-05,J44,COPD exacerbation,Home,0
E001066,MRN00617,2025-07-28,2025-08-04,I50,Heart failure,Nursing facility,1
E001067,MRN00618,2025-01-21,2025-01-26,J18,Pneumonia,Home,0
E001068,MRN00618,2025-02-28,2025-03-02,N39,Urinary tract infection,Home,0
E001069,MRN00619,2025-06-19,2025-06-23,J44,COPD exacerbation,Home with services,0
E001070,MRN00619,2025-08-06,2025-08-10,J18,Pneumonia,Home,0
E001071,MRN00620,2025-05-19,2025-05-23,J44,COPD exacerbation,Home,0
E001072,MRN00620,2025-07-20,2025-07-22,N39,Urinary tract infection,Home,0
E001073,MRN00621,2025-02-26,2025-03-03,I50,Heart failure,Home,1
E001074,MRN00622,2025-02-03,2025-02-06,E11,Type 2 diabetes,Home,0
E001075,MRN00622,2025-03-13,2025-03-17,E11,Type 2 diabetes,Home,0
E001076,MRN00623,2025-05-09,2025-05-12,I50,Heart failure,Nursing facility,0
E001077,MRN00623,2025-07-03,2025-07-05,J44,COPD exacerbation,Home,1
E001078,MRN00624,2025-07-07,2025-07-12,J18,Pneumonia,Nursing facility,0
E001079,MRN00624,2025-08-23,2025-08-25,J18,Pneumonia,Nursing facility,0
E001080,MRN00625,2025-03-07,2025-03-11,I50,Heart failure,Home,0
E001081,MRN00625,2025-05-01,2025-05-06,J18,Pneumonia,Home,1
E001082,MRN00625,2025-05-18,2025-05-23,J44,COPD exacerbation,Home,0
E001083,MRN00626,2025-03-09,2025-03-13,J18,Pneumonia,Home,1
E001084,MRN00627,2025-05-03,2025-05-09,J18,Pneumonia,Home,0
E001085,MRN00628,2025-02-14,2025-02-20,I50,Heart failure,Home with services,1
E001086,MRN00628,2025-02-27,2025-03-06,E11,Type 2 diabetes,Home,1
E001087,MRN00628,2025-03-26,2025-04-02,I50,Heart failure,Home,1
E001088,MRN00629,2025-03-20,2025-03-25,I50,Heart failure,Nursing facility,0
E001089,MRN00630,2025-01-31,2025-02-07,N39,Urinary tract infection,Nursing facility,0
E001090,MRN00631,2025-06-07,2025-06-12,I50,Heart failure,Home,0
E001091,MRN00632,2025-03-14,2025-03-19,I50,Heart failure,Home,1
E001092,MRN00633,2025-05-27,2025-06-01,I50,Heart failure,Home,0
E001093,MRN00634,2025-07-15,2025-07-21,J18,Pneumonia,Home,0
E001094,MRN00634,2025-09-05,2025-09-10,I50,Heart failure,Home with services,0
E001095,MRN00634,2025-11-05,2025-11-08,J44,COPD exacerbation,Home,0
E001096,MRN00635,2025-05-15,2025-05-18,E11,Type 2 diabetes,Home,0
E001097,MRN00636,2025-05-23,2025-05-26,J18,Pneumonia,Nursing facility,0
E001098,MRN00636,2025-06-17,2025-06-22,J44,COPD exacerbation,Home,1
E001099,MRN00637,2025-03-21,2025-03-27,I50,Heart failure,Home,1
E001100,MRN00638,2025-03-03,2025-03-05,N39,Urinary tract infection,Home,0
E001101,MRN00638,2025-03-22,2025-03-28,J18,Pneumonia,Home,0
E001102,MRN00639,2025-03-22,2025-03-26,J44,COPD exacerbation,Nursing facility,0
E001103,MRN00640,2025-01-01,2025-01-04,I50,Heart failure,Home,0
E001104,MRN00640,2025-02-12,2025-02-18,J18,Pneumonia,Home,0
E001105,MRN00640,2025-02-28,2025-03-03,I50,Heart failure,Nursing facility,0
E001106,MRN00641,2025-05-10,2025-05-15,J18,Pneumonia,Home,1
E001107,MRN00641,2025-05-21,2025-05-26,J44,COPD exacerbation,Nursing facility,0
E001108,MRN00642,2025-04-30,2025-05-11,J18,Pneumonia,Home,0
E001109,MRN00643,2025-06-03,2025-06-07,E11,Type 2 diabetes,Home,0
E001110,MRN00644,2025-06-03,2025-06-06,J44,COPD exacerbation,Home,0
E001111,MRN00644,2025-07-21,2025-07-23,J44,COPD exacerbation,Home,0
E001112,MRN00645,2025-04-18,2025-04-22,J18,Pneumonia,Home,0
E001113,MRN00645,2025-06-14,2025-06-19,I50,Heart failure,Home,0
E001114,MRN00646,2025-07-04,2025-07-06,J18,Pneumonia,Home,0
E001115,MRN00646,2025-08-12,2025-08-15,I50,Heart failure,Home with services,0
E001116,MRN00647,2025-02-21,2025-02-24,J44,COPD exacerbation,Home,0
E001117,MRN00647,2025-03-30,2025-04-10,J44,COPD exacerbation,Nursing facility,1
E001118,MRN00647,2025-04-13,2025-04-21,I50,Heart failure,Home with services,1
E001119,MRN00648,2025-03-29,2025-04-01,N39,Urinary tract infection,Home,0
E001120,MRN00649,2025-04-14,2025-04-18,E11,Type 2 diabetes,Home,0
E001121,MRN00650,2025-03-06,2025-03-09,E11,Type 2 diabetes,Home,0
E001122,MRN00650,2025-04-23,2025-05-05,I50,Heart failure,Home,0
E001123,MRN00650,2025-05-23,2025-05-26,E11,Type 2 diabetes,Home,0
E001124,MRN00651,2025-03-10,2025-03-13,N39,Urinary tract infection,Home,0
E001125,MRN00651,2025-04-14,2025-04-16,N39,Urinary tract infection,Home with services,0
E001126,MRN00651,2025-06-02,2025-06-07,I50,Heart failure,Home with services,0
E001127,MRN00652,2025-02-21,2025-02-24,E11,Type 2 diabetes,Home,0
E001128,MRN00653,2025-06-29,2025-07-04,J44,COPD exacerbation,Home,1
E001129,MRN00654,2025-01-07,2025-01-13,J44,COPD exacerbation,Home,0
E001130,MRN00654,2025-02-11,2025-02-15,J44,COPD exacerbation,Home,0
E001131,MRN00655,2025-04-21,2025-04-24,E11,Type 2 diabetes,Home with services,0
E001132,MRN00656,2025-03-31,2025-04-03,J44,COPD exacerbation,Nursing facility,0
E001133,MRN00657,2025-01-24,2025-01-28,I50,Heart failure,Home,0
E001134,MRN00657,2025-03-07,2025-03-13,I50,Heart failure,Home,0
E001135,MRN00658,2025-07-13,2025-07-17,I50,Heart failure,Home with services,1
E001136,MRN00658,2025-08-03,2025-08-16,I50,Heart failure,Home,0
E001137,MRN00659,2025-06-05,2025-06-08,J44,COPD exacerbation,Home,0
E001138,MRN00659,2025-08-06,2025-08-11,I50,Heart failure,Home,0
E001139,MRN00659,2025-10-06,2025-10-10,I50,Heart failure,Home,1
E001140,MRN00660,2025-01-14,2025-01-21,I50,Heart failure,Home,0
E001141,MRN00661,2025-04-21,2025-04-25,N39,Urinary tract infection,Nursing facility,0
E001142,MRN00662,2025-01-22,2025-01-25,E11,Type 2 diabetes,Home,0
E001143,MRN00663,2025-04-08,2025-04-12,E11,Type 2 diabetes,Home with services,0
E001144,MRN00663,2025-05-05,2025-05-11,J18,Pneumonia,Home,0
E001145,MRN00663,2025-05-23,2025-05-28,E11,Type 2 diabetes,Home,0
E001146,MRN00664,2025-04-29,2025-05-09,I50,Heart failure,Home,0
E001147,MRN00665,2025-01-07,2025-01-10,I50,Heart failure,Home,0
E001148,MRN00666,2025-06-24,2025-06-27,J44,COPD exacerbation,Home,1
E001149,MRN00666,2025-07-18,2025-07-22,E11,Type 2 diabetes,Home,0
E001150,MRN00666,2025-08-18,2025-08-21,N39,Urinary tract infection,Home,0
E001151,MRN00667,2025-05-26,2025-05-31,N39,Urinary tract infection,Home,0
E001152,MRN00668,2025-05-06,2025-05-10,N39,Urinary tract infection,Home,0
E001153,MRN00669,2025-05-28,2025-05-30,N39,Urinary tract infection,Home with services,0
E001154,MRN00669,2025-06-30,2025-07-03,I50,Heart failure,Home,0
E001155,MRN00670,2025-02-22,2025-02-27,J44,COPD exacerbation,Home,0
E001156,MRN00671,2025-01-07,2025-01-12,I50,Heart failure,Home,0
E001157,MRN00671,2025-02-21,2025-02-24,I50,Heart failure,Home,1
E001158,MRN00671,2025-03-07,2025-03-10,J18,Pneumonia,Home with services,0
E001159,MRN00672,2025-07-04,2025-07-09,J44,COPD exacerbation,Home,0
E001160,MRN00673,2025-07-05,2025-07-09,J44,COPD exacerbation,Nursing facility,1
E001161,MRN00673,2025-07-28,2025-07-31,J18,Pneumonia,Home with services,0
E001162,MRN00674,2025-07-12,2025-07-15,J18,Pneumonia,Home,1
E001163,MRN00675,2025-02-07,2025-02-12,J18,Pneumonia,Home,0
E001164,MRN00675,2025-04-12,2025-04-16,J18,Pneumonia,Home,0
E001165,MRN00676,2025-01-18,2025-01-22,J18,Pneumonia,Home with services,0
E001166,MRN00676,2025-02-09,2025-02-13,J18,Pneumonia,Home,0
E001167,MRN00677,2025-04-28,2025-04-30,N39,Urinary tract infection,Home,0
E001168,MRN00677,2025-06-22,2025-06-25,J44,COPD exacerbation,Nursing facility,0
E001169,MRN00677,2025-08-04,2025-08-06,J44,COPD exacerbation,Home with services,0
E001170,MRN00678,2025-07-17,2025-07-22,J18,Pneumonia,Nursing facility,0
E001171,MRN00679,2025-02-25,2025-03-02,I50,Heart failure,Home,0
E001172,MRN00680,2025-01-14,2025-01-19,J18,Pneumonia,Home,0
E001173,MRN00681,2025-03-22,2025-03-25,I50,Heart failure,Home,1
E001174,MRN00682,2025-02-01,2025-02-05,I50,Heart failure,Home with services,0
E001175,MRN00682,2025-02-19,2025-02-27,N39,Urinary tract infection,Home,0
E001176,MRN00682,2025-03-18,2025-03-21,E11,Type 2 diabetes,Home with services,1
E001177,MRN00683,2025-04-16,2025-04-20,N39,Urinary tract infection,Home,0
E001178,MRN00683,2025-06-10,2025-06-16,J18,Pneumonia,Home,0
E001179,MRN00684,2025-06-13,2025-06-16,J44,COPD exacerbation,Home,0
E001180,MRN00684,2025-07-28,2025-08-02,J44,COPD exacerbation,Home with services,0
E001181,MRN00685,2025-03-05,2025-03-12,I50,Heart failure,Home,0
E001182,MRN00685,2025-04-04,2025-04-08,I50,Heart failure,Home with services,0
E001183,MRN00686,2025-05-20,2025-05-23,E11,Type 2 diabetes,Nursing facility,0
E001184,MRN00686,2025-07-02,2025-07-06,J44,COPD exacerbation,Home,1
E001185,MRN00686,2025-07-14,2025-07-18,N39,Urinary tract infection,Home,0
E001186,MRN00687,2025-03-30,2025-04-03,J18,Pneumonia,Nursing facility,0
E001187,MRN00687,2025-05-07,2025-05-12,J18,Pneumonia,Home,0
E001188,MRN00687,2025-06-12,2025-06-19,J44,COPD exacerbation,Home,1
E001189,MRN00688,2025-01-04,2025-01-12,I50,Heart failure,Nursing facility,0
E001190,MRN00689,2025-07-19,2025-07-22,J44,COPD exacerbation,Home,0
E001191,MRN00690,2025-01-08,2025-01-14,J44,COPD exacerbation,Home,0
E001192,MRN00691,2025-07-14,2025-07-20,I50,Heart failure,Home,0
E001193,MRN00692,2025-04-24,2025-04-28,J44,COPD exacerbation,Home,0
E001194,MRN00692,2025-05-17,2025-05-26,I50,Heart failure,Home,0
E001195,MRN00693,2025-05-25,2025-05-27,E11,Type 2 diabetes,Home,0
E001196,MRN00694,2025-01-24,2025-01-27,J44,COPD exacerbation,Home with services,0
E001197,MRN00695,2025-02-21,2025-03-01,I50,Heart failure,Home,0
E001198,MRN00696,2025-01-06,2025-01-15,N39,Urinary tract infection,Home,0
E001199,MRN00696,2025-01-29,2025-02-02,N39,Urinary tract infection,Home with services,0
E001200,MRN00697,2025-02-04,2025-02-07,J18,Pneumonia,Home with services,0
E001201,MRN00697,2025-03-20,2025-03-23,J44,COPD exacerbation,Home,0
E001202,MRN00697,2025-05-08,2025-05-11,N39,Urinary tract infection,Home,0
E001203,MRN00698,2025-03-19,2025-03-22,J44,COPD exacerbation,Home with services,0
E001204,MRN00698,2025-05-02,2025-05-05,J18,Pneumonia,Home,0
E001205,MRN00698,2025-06-14,2025-06-16,E11,Type 2 diabetes,Home,0
E001206,MRN00699,2025-03-11,2025-03-14,J18,Pneumonia,Home,0
E001207,MRN00699,2025-04-30,2025-05-04,J18,Pneumonia,Home,0
E001208,MRN00699,2025-06-12,2025-06-15,J44,COPD exacerbation,Home,0
E001209,MRN00700,2025-06-23,2025-06-27,I50,Heart failure,Home,0
E001210,MRN00700,2025-07-31,2025-08-04,J18,Pneumonia,Nursing facility,0
E001211,MRN00701,2025-01-13,2025-01-17,I50,Heart failure,Home,0
E001212,MRN00701,2025-02-22,2025-03-01,I50,Heart failure,Home,0
E001213,MRN00702,2025-06-05,2025-06-10,N39,Urinary tract infection,Home,0
E001214,MRN00703,2025-06-11,2025-06-25,I50,Heart failure,Home,0
E001215,MRN00704,2025-02-24,2025-02-28,N39,Urinary tract infection,Home,1
E001216,MRN00704,2025-03-21,2025-03-26,J18,Pneumonia,Home,1
E001217,MRN00704,2025-04-07,2025-04-11,J44,COPD exacerbation,Home,1
E001218,MRN00705,2025-01-28,2025-02-05,J44,COPD exacerbation,Home,0
E001219,MRN00706,2025-04-21,2025-04-25,J44,COPD exacerbation,Home,0
E001220,MRN00707,2025-02-13,2025-02-16,E11,Type 2 diabetes,Home,0
E001221,MRN00708,2025-05-22,2025-05-25,N39,Urinary tract infection,Home,0
E001222,MRN00709,2025-06-08,2025-06-15,I50,Heart failure,Home,0
E001223,MRN00709,2025-06-25,2025-06-27,N39,Urinary tract infection,Nursing facility,0
E001224,MRN00709,2025-08-25,2025-08-27,N39,Urinary tract infection,Home with services,0
E001225,MRN00710,2025-07-06,2025-07-09,J18,Pneumonia,Home,0
E001226,MRN00711,2025-01-13,2025-01-15,J44,COPD exacerbation,Home,0
E001227,MRN00711,2025-02-03,2025-02-05,J18,Pneumonia,Home,0
E001228,MRN00711,2025-02-22,2025-03-03,I50,Heart failure,Home,1
E001229,MRN00712,2025-03-01,2025-03-04,N39,Urinary tract infection,Home with services,0
E001230,MRN00712,2025-03-15,2025-03-17,J18,Pneumonia,Home with services,0
E001231,MRN00713,2025-05-20,2025-05-24,N39,Urinary tract infection,Home,0
E001232,MRN00713,2025-07-14,2025-07-20,I50,Heart failure,Nursing facility,1
E001233,MRN00714,2025-05-26,2025-06-01,J18,Pneumonia,Home,1
E001234,MRN00714,2025-06-09,2025-06-17,I50,Heart failure,Home,0
E001235,MRN00715,2025-02-20,2025-02-23,N39,Urinary tract infection,Home,0
E001236,MRN00715,2025-03-08,2025-03-10,I50,Heart failure,Home,1
E001237,MRN00715,2025-03-18,2025-03-22,N39,Urinary tract infection,Home,1
E001238,MRN00716,2025-05-28,2025-05-30,I50,Heart failure,Home,0
E001239,MRN00717,2025-01-08,2025-01-16,I50,Heart failure,Home,0
E001240,MRN00717,2025-03-05,2025-03-08,J44,COPD exacerbation,Home,0
E001241,MRN00718,2025-06-22,2025-06-25,J18,Pneumonia,Home,0
E001242,MRN00718,2025-08-12,2025-08-17,J44,COPD exacerbation,Home,0
E001243,MRN00719,2025-01-17,2025-01-20,N39,Urinary tract infection,Home,0
E001244,MRN00720,2025-05-12,2025-05-17,J44,COPD exacerbation,Home,0
E001245,MRN00720,2025-06-21,2025-06-23,J44,COPD exacerbation,Home,1
E001246,MRN00721,2025-01-29,2025-02-02,J18,Pneumonia,Home with services,0
E001247,MRN00721,2025-02-22,2025-02-25,J18,Pneumonia,Home,0
E001248,MRN00722,2025-06-15,2025-06-18,E11,Type 2 diabetes,Home,0
E001249,MRN00722,2025-07-16,2025-07-18,N39,Urinary tract infection,Home,0
E001250,MRN00722,2025-08-30,2025-09-02,N39,Urinary tract infection,Home with services,0
E001251,MRN00723,2025-01-31,2025-02-03,I50,Heart failure,Home,0
E001252,MRN00723,2025-03-10,2025-03-14,J18,Pneumonia,Home,0
E001253,MRN00724,2025-01-16,2025-01-19,J18,Pneumonia,Home,0
E001254,MRN00724,2025-02-10,2025-02-13,E11,Type 2 diabetes,Home,0
E001255,MRN00725,2025-05-18,2025-05-21,I50,Heart failure,Home,0
E001256,MRN00726,2025-07-16,2025-07-20,J18,Pneumonia,Home with services,0
E001257,MRN00726,2025-09-10,2025-09-16,J44,COPD exacerbation,Nursing facility,0
E001258,MRN00727,2025-06-27,2025-06-30,I50,Heart failure,Home,0
E001259,MRN00727,2025-08-17,2025-08-21,N39,Urinary tract infection,Home with services,0
E001260,MRN00727,2025-09-28,2025-10-03,J44,COPD exacerbation,Home,0
E001261,MRN00728,2025-02-15,2025-02-21,I50,Heart failure,Home,0
E001262,MRN00728,2025-03-22,2025-03-25,J18,Pneumonia,Home,0
E001263,MRN00729,2025-02-14,2025-02-21,J18,Pneumonia,Nursing facility,0
E001264,MRN00730,2025-03-24,2025-03-27,J44,COPD exacerbation,Home,0
E001265,MRN00730,2025-04-23,2025-04-27,E11,Type 2 diabetes,Home,1
E001266,MRN00730,2025-05-11,2025-05-15,E11,Type 2 diabetes,Home,1
E001267,MRN00731,2025-06-06,2025-06-15,I50,Heart failure,Home with services,1
E001268,MRN00731,2025-06-25,2025-07-01,E11,Type 2 diabetes,Home,0
E001269,MRN00731,2025-08-18,2025-08-21,J18,Pneumonia,Home with services,0
E001270,MRN00732,2025-04-10,2025-04-14,I50,Heart failure,Home,0
E001271,MRN00733,2025-01-06,2025-01-11,J18,Pneumonia,Home,0
E001272,MRN00734,2025-01-31,2025-02-03,J44,COPD exacerbation,Home,0
E001273,MRN00735,2025-05-08,2025-05-13,N39,Urinary tract infection,Home with services,0
E001274,MRN00735,2025-06-19,2025-06-22,E11,Type 2 diabetes,Home,0
E001275,MRN00735,2025-08-10,2025-08-16,J18,Pneumonia,Home,0
E001276,MRN00736,2025-01-01,2025-01-03,E11,Type 2 diabetes,Home,0
E001277,MRN00736,2025-03-03,2025-03-08,J18,Pneumonia,Home,0
E001278,MRN00737,2025-03-23,2025-03-27,I50,Heart failure,Home,1
E001279,MRN00737,2025-04-08,2025-04-14,J18,Pneumonia,Home,1
E001280,MRN00738,2025-04-12,2025-04-16,J18,Pneumonia,Home,0
E001281,MRN00739,2025-01-16,2025-01-19,J44,COPD exacerbation,Home,0
E001282,MRN00740,2025-02-17,2025-02-25,J18,Pneumonia,Home,0
E001283,MRN00741,2025-02-14,2025-02-19,I50,Heart failure,Home with services,0
E001284,MRN00741,2025-03-11,2025-03-19,I50,Heart failure,Home with services,0
E001285,MRN00742,2025-04-27,2025-04-30,I50,Heart failure,Home,1
E001286,MRN00743,2025-04-27,2025-05-04,J44,COPD exacerbation,Home,1
E001287,MRN00744,2025-03-16,2025-03-31,J18,Pneumonia,Home,0
E001288,MRN00745,2025-06-19,2025-06-22,J18,Pneumonia,Home with services,0
E001289,MRN00745,2025-07-09,2025-07-12,N39,Urinary tract infection,Nursing facility,0
E001290,MRN00746,2025-01-08,2025-01-12,N39,Urinary tract infection,Home,0
E001291,MRN00746,2025-02-07,2025-02-15,I50,Heart failure,Home,0
E001292,MRN00747,2025-04-24,2025-04-28,I50,Heart failure,Nursing facility,1
E001293,MRN00747,2025-05-06,2025-05-10,J44,COPD exacerbation,Nursing facility,0
E001294,MRN00747,2025-06-12,2025-06-17,I50,Heart failure,Home with services,0
E001295,MRN00748,2025-05-27,2025-06-05,I50,Heart failure,Nursing facility,0
E001296,MRN00749,2025-02-08,2025-02-10,E11,Type 2 diabetes,Home,0
E001297,MRN00750,2025-01-01,2025-01-05,E11,Type 2 diabetes,Home,0
E001298,MRN00751,2025-05-30,2025-06-04,J18,Pneumonia,Home,0
E001299,MRN00751,2025-06-15,2025-06-23,I50,Heart failure,Home,1
E001300,MRN00752,2025-03-17,2025-03-21,J18,Pneumonia,Home,0
E001301,MRN00753,2025-05-16,2025-05-19,J44,COPD exacerbation,Home,0
E001302,MRN00753,2025-06-08,2025-06-10,N39,Urinary tract infection,Home,0
E001303,MRN00754,2025-06-10,2025-06-13,I50,Heart failure,Home,0
E001304,MRN00754,2025-08-02,2025-08-08,I50,Heart failure,Home,0
E001305,MRN00754,2025-08-23,2025-08-30,I50,Heart failure,Home,1
E001306,MRN00755,2025-02-14,2025-02-21,J18,Pneumonia,Home,0
E001307,MRN00756,2025-02-18,2025-02-22,I50,Heart failure,Home,1
E001308,MRN00757,2025-06-04,2025-06-07,I50,Heart failure,Home,0
E001309,MRN00757,2025-06-24,2025-06-26,N39,Urinary tract infection,Home,0
E001310,MRN00758,2025-01-20,2025-01-24,J18,Pneumonia,Home,0
E001311,MRN00758,2025-02-05,2025-02-12,J44,COPD exacerbation,Home,0
E001312,MRN00759,2025-05-01,2025-05-03,E11,Type 2 diabetes,Home,0
E001313,MRN00760,2025-06-28,2025-07-02,J18,Pneumonia,Nursing facility,0
E001314,MRN00761,2025-03-03,2025-03-07,I50,Heart failure,Home,0
E001315,MRN00762,2025-06-28,2025-07-02,J18,Pneumonia,Home with services,0
E001316,MRN00763,2025-03-29,2025-04-03,E11,Type 2 diabetes,Home,0
E001317,MRN00763,2025-04-29,2025-05-06,I50,Heart failure,Home,1
E001318,MRN00763,2025-05-12,2025-05-18,E11,Type 2 diabetes,Nursing facility,0
E001319,MRN00764,2025-07-03,2025-07-05,E11,Type 2 diabetes,Nursing facility,1
E001320,MRN00765,2025-03-11,2025-03-14,N39,Urinary tract infection,Home with services,0
E001321,MRN00766,2025-04-18,2025-04-20,N39,Urinary tract infection,Home,0
E001322,MRN00766,2025-06-17,2025-06-20,N39,Urinary tract infection,Home,0
E001323,MRN00767,2025-01-06,2025-01-14,I50,Heart failure,Home with services,0
E001324,MRN00767,2025-03-08,2025-03-10,N39,Urinary tract infection,Home,0
E001325,MRN00768,2025-02-04,2025-02-09,J44,COPD exacerbation,Home,0
E001326,MRN00769,2025-05-31,2025-06-02,J44,COPD exacerbation,Home,0
E001327,MRN00770,2025-04-19,2025-04-24,I50,Heart failure,Nursing facility,0
E001328,MRN00771,2025-06-01,2025-06-03,J44,COPD exacerbation,Home,0
E001329,MRN00772,2025-05-09,2025-05-13,I50,Heart failure,Home,0
E001330,MRN00773,2025-04-16,2025-04-21,I50,Heart failure,Home,0
E001331,MRN00773,2025-06-09,2025-06-11,E11,Type 2 diabetes,Home,0
E001332,MRN00774,2025-03-21,2025-03-27,N39,Urinary tract infection,Home,0
E001333,MRN00774,2025-05-20,2025-05-23,N39,Urinary tract infection,Home,0
E001334,MRN00775,2025-07-13,2025-07-17,J44,COPD exacerbation,Home,0
E001335,MRN00776,2025-02-20,2025-03-01,J18,Pneumonia,Home,0
E001336,MRN00777,2025-01-13,2025-01-21,J18,Pneumonia,Home,0
E001337,MRN00778,2025-05-11,2025-05-14,J18,Pneumonia,Home,0
E001338,MRN00779,2025-01-13,2025-01-17,J18,Pneumonia,Home with services,0
E001339,MRN00779,2025-02-01,2025-02-05,E11,Type 2 diabetes,Home,0
E001340,MRN00780,2025-03-01,2025-03-04,J44,COPD exacerbation,Home,1
E001341,MRN00781,2025-04-24,2025-04-27,J18,Pneumonia,Nursing facility,0
E001342,MRN00781,2025-05-19,2025-05-21,E11,Type 2 diabetes,Nursing facility,0
E001343,MRN00782,2025-06-21,2025-06-24,J44,COPD exacerbation,Home with services,0
E001344,MRN00783,2025-02-07,2025-02-12,J18,Pneumonia,Home,0
E001345,MRN00783,2025-03-12,2025-03-15,J18,Pneumonia,Home with services,0
E001346,MRN00784,2025-05-30,2025-06-03,J18,Pneumonia,Home,0
E001347,MRN00785,2025-03-12,2025-03-15,J18,Pneumonia,Home,0
E001348,MRN00785,2025-04-19,2025-04-27,J18,Pneumonia,Home with services,0
E001349,MRN00785,2025-06-20,2025-06-24,J18,Pneumonia,Home,0
E001350,MRN00786,2025-04-02,2025-04-07,J18,Pneumonia,Home,0
E001351,MRN00787,2025-03-26,2025-03-29,E11,Type 2 diabetes,Home,0
E001352,MRN00788,2025-03-09,2025-03-13,J18,Pneumonia,Nursing facility,1
E001353,MRN00789,2025-03-19,2025-03-23,I50,Heart failure,Home,0
E001354,MRN00789,2025-04-06,2025-04-10,I50,Heart failure,Home,1
E001355,MRN00790,2025-07-11,2025-07-16,N39,Urinary tract infection,Home,0
E001356,MRN00791,2025-02-04,2025-02-10,E11,Type 2 diabetes,Home with services,1
E001357,MRN00791,2025-02-28,2025-03-11,N39,Urinary tract infection,Home,1
E001358,MRN00791,2025-04-05,2025-04-11,J18,Pneumonia,Nursing facility,1
E001359,MRN00792,2025-04-24,2025-04-28,E11,Type 2 diabetes,Home with services,0
E001360,MRN00792,2025-05-22,2025-05-25,N39,Urinary tract infection,Home,0
E001361,MRN00793,2025-03-22,2025-03-27,J44,COPD exacerbation,Home,0
E001362,MRN00794,2025-05-18,2025-05-23,E11,Type 2 diabetes,Home with services,0
E001363,MRN00795,2025-05-20,2025-05-27,J44,COPD exacerbation,Home with services,0
E001364,MRN00795,2025-06-22,2025-06-29,I50,Heart failure,Home with services,0
E001365,MRN00796,2025-05-17,2025-05-22,J44,COPD exacerbation,Home,0
E001366,MRN00797,2025-04-27,2025-05-03,E11,Type 2 diabetes,Home,1
E001367,MRN00797,2025-05-30,2025-06-09,E11,Type 2 diabetes,Home,0
E001368,MRN00797,2025-08-02,2025-08-10,I50,Heart failure,Home,0
E001369,MRN00798,2025-07-03,2025-07-07,I50,Heart failure,Home,0
E001370,MRN00798,2025-07-29,2025-08-09,I50,Heart failure,Home,0
E001371,MRN00799,2025-02-01,2025-02-07,J18,Pneumonia,Home,1
E001372,MRN00799,2025-03-02,2025-03-09,J18,Pneumonia,Nursing facility,0
E001373,MRN00800,2025-03-14,2025-03-17,J18,Pneumonia,Home with services,1
E001374,MRN00800,2025-03-30,2025-04-03,I50,Heart failure,Home,0
E001375,MRN00801,2025-04-04,2025-04-06,J44,COPD exacerbation,Nursing facility,0
E001376,MRN00802,2025-01-22,2025-01-26,J18,Pneumonia,Home,0
E001377,MRN00802,2025-03-23,2025-03-31,I50,Heart failure,Home,0
E001378,MRN00803,2025-03-24,2025-03-30,E11,Type 2 diabetes,Home with services,0
E001379,MRN00804,2025-06-25,2025-07-03,I50,Heart failure,Home with services,0
E001380,MRN00804,2025-08-24,2025-08-27,J18,Pneumonia,Home,0
E001381,MRN00805,2025-06-25,2025-07-04,J18,Pneumonia,Home,0
E001382,MRN00806,2025-07-12,2025-07-16,J18,Pneumonia,Home,1
E001383,MRN00806,2025-08-02,2025-08-05,E11,Type 2 diabetes,Nursing facility,0
E001384,MRN00806,2025-10-03,2025-10-20,I50,Heart failure,Home,0
E001385,MRN00807,2025-06-12,2025-06-26,J18,Pneumonia,Nursing facility,0
E001386,MRN00808,2025-05-20,2025-05-24,J18,Pneumonia,Nursing facility,0
E001387,MRN00808,2025-07-16,2025-07-20,J18,Pneumonia,Home,0
E001388,MRN00809,2025-03-14,2025-03-17,J44,COPD exacerbation,Home with services,0
E001389,MRN00810,2025-06-08,2025-06-14,I50,Heart failure,Home,0
E001390,MRN00810,2025-07-02,2025-07-07,E11,Type 2 diabetes,Home,1
E001391,MRN00810,2025-07-17,2025-07-20,I50,Heart failure,Home,0
E001392,MRN00811,2025-04-08,2025-04-10,J18,Pneumonia,Nursing facility,0
E001393,MRN00812,2025-05-26,2025-05-29,I50,Heart failure,Home,0
E001394,MRN00812,2025-07-06,2025-07-08,N39,Urinary tract infection,Home,0
E001395,MRN00812,2025-08-19,2025-08-22,J18,Pneumonia,Home,0
E001396,MRN00813,2025-05-23,2025-05-26,N39,Urinary tract infection,Home,0
E001397,MRN00813,2025-06-08,2025-06-09,N39,Urinary tract infection,Home,0
E001398,MRN00813,2025-06-24,2025-06-27,J18,Pneumonia,Nursing facility,0
E001399,MRN00814,2025-04-06,2025-04-12,N39,Urinary tract infection,Nursing facility,0
E001400,MRN00815,2025-04-02,2025-04-04,N39,Urinary tract infection,Home,0
E001401,MRN00816,2025-05-29,2025-06-02,J44,COPD exacerbation,Home,1
E001402,MRN00817,2025-01-16,2025-01-23,J18,Pneumonia,Home with services,0
E001403,MRN00817,2025-03-13,2025-03-20,J44,COPD exacerbation,Home,1
E001404,MRN00817,2025-03-30,2025-04-18,I50,Heart failure,Home,1
E001405,MRN00818,2025-02-21,2025-02-27,I50,Heart failure,Home,0
E001406,MRN00818,2025-04-02,2025-04-06,N39,Urinary tract infection,Home with services,0
E001407,MRN00819,2025-01-13,2025-01-18,N39,Urinary tract infection,Nursing facility,1
E001408,MRN00819,2025-02-14,2025-02-20,I50,Heart failure,Home with services,0
E001409,MRN00820,2025-06-09,2025-06-14,I50,Heart failure,Home,0
E001410,MRN00821,2025-04-19,2025-04-22,J18,Pneumonia,Home,0
E001411,MRN00821,2025-05-24,2025-06-03,E11,Type 2 diabetes,Home,1
E001412,MRN00822,2025-04-03,2025-04-06,N39,Urinary tract infection,Nursing facility,0
E001413,MRN00822,2025-05-02,2025-05-08,J44,COPD exacerbation,Home,0
E001414,MRN00823,2025-01-16,2025-01-20,N39,Urinary tract infection,Home,0
E001415,MRN00823,2025-02-10,2025-02-15,I50,Heart failure,Home,1
E001416,MRN00823,2025-02-23,2025-03-01,I50,Heart failure,Home,0
E001417,MRN00824,2025-07-04,2025-07-09,J18,Pneumonia,Home,0
E001418,MRN00825,2025-05-21,2025-05-23,N39,Urinary tract infection,Home,0
E001419,MRN00825,2025-07-08,2025-07-12,J18,Pneumonia,Nursing facility,0
E001420,MRN00826,2025-05-09,2025-05-15,J44,COPD exacerbation,Nursing facility,0
E001421,MRN00827,2025-05-27,2025-06-02,I50,Heart failure,Home,0
E001422,MRN00828,2025-03-02,2025-03-06,J44,COPD exacerbation,Home,0
E001423,MRN00829,2025-04-05,2025-04-07,N39,Urinary tract infection,Nursing facility,0
E001424,MRN00829,2025-05-22,2025-05-27,I50,Heart failure,Nursing facility,1
E001425,MRN00829,2025-06-21,2025-06-23,J18,Pneumonia,Home,0
E001426,MRN00830,2025-06-19,2025-06-21,N39,Urinary tract infection,Home with services,0
E001427,MRN00830,2025-07-26,2025-07-31,I50,Heart failure,Home,0
E001428,MRN00831,2025-03-17,2025-03-19,E11,Type 2 diabetes,Home,0
E001429,MRN00831,2025-04-13,2025-04-16,J44,COPD exacerbation,Home,0
E001430,MRN00831,2025-05-05,2025-05-07,I50,Heart failure,Home,0
E001431,MRN00832,2025-03-17,2025-03-20,J44,COPD exacerbation,Home,0
E001432,MRN00832,2025-05-02,2025-05-05,E11,Type 2 diabetes,Home,0
E001433,MRN00832,2025-06-18,2025-06-22,J44,COPD exacerbation,Home,1
E001434,MRN00833,2025-01-06,2025-01-08,J18,Pneumonia,Home with services,0
E001435,MRN00833,2025-02-09,2025-02-11,J44,COPD exacerbation,Home,0
E001436,MRN00834,2025-03-14,2025-03-15,N39,Urinary tract infection,Home,0
E001437,MRN00835,2025-07-18,2025-07-23,J44,COPD exacerbation,Home,0
E001438,MRN00835,2025-08-15,2025-08-20,I50,Heart failure,Home,1
E001439,MRN00836,2025-02-14,2025-02-20,I50,Heart failure,Home,0
E001440,MRN00837,2025-01-10,2025-01-13,N39,Urinary tract infection,Home,0
E001441,MRN00837,2025-02-15,2025-02-18,J44,COPD exacerbation,Nursing facility,0
E001442,MRN00837,2025-04-15,2025-04-19,J44,COPD exacerbation,Home,1
E001443,MRN00838,2025-06-08,2025-06-10,N39,Urinary tract infection,Home,0
E001444,MRN00838,2025-06-25,2025-06-28,N39,Urinary tract infection,Home,0
E001445,MRN00839,2025-01-15,2025-01-19,J18,Pneumonia,Home,0
E001446,MRN00839,2025-02-24,2025-02-28,J44,COPD exacerbation,Home,0
E001447,MRN00839,2025-03-28,2025-04-02,I50,Heart failure,Nursing facility,1
E001448,MRN00840,2025-05-12,2025-05-19,J44,COPD exacerbation,Home with services,0
E001449,MRN00841,2025-04-08,2025-04-17,I50,Heart failure,Home,1
E001450,MRN00842,2025-02-18,2025-02-24,I50,Heart failure,Home,0
E001451,MRN00843,2025-06-19,2025-06-26,I50,Heart failure,Home,0
E001452,MRN00843,2025-08-08,2025-08-14,I50,Heart failure,Home,0
E001453,MRN00844,2025-02-01,2025-02-03,E11,Type 2 diabetes,Home with services,0
E001454,MRN00845,2025-03-29,2025-04-02,I50,Heart failure,Home with services,0
E001455,MRN00846,2025-07-08,2025-07-10,E11,Type 2 diabetes,Home,1
E001456,MRN00846,2025-07-25,2025-07-31,J44,COPD exacerbation,Home with services,0
E001457,MRN00846,2025-08-29,2025-09-06,I50,Heart failure,Home,0
E001458,MRN00847,2025-05-06,2025-05-10,J44,COPD exacerbation,Home,0
E001459,MRN00847,2025-05-25,2025-05-27,N39,Urinary tract infection,Home,0
E001460,MRN00848,2025-06-21,2025-06-25,I50,Heart failure,Home,1
E001461,MRN00849,2025-07-03,2025-07-09,I50,Heart failure,Home with services,1
E001462,MRN00849,2025-07-20,2025-07-22,N39,Urinary tract infection,Home,0
E001463,MRN00850,2025-04-17,2025-04-22,N39,Urinary tract infection,Home,1
E001464,MRN00851,2025-02-02,2025-02-10,J18,Pneumonia,Home,1
E001465,MRN00851,2025-02-17,2025-02-20,E11,Type 2 diabetes,Home,0
E001466,MRN00852,2025-04-06,2025-04-08,J44,COPD exacerbation,Home,0
E001467,MRN00853,2025-04-20,2025-04-25,J18,Pneumonia,Home,1
E001468,MRN00854,2025-05-12,2025-05-13,N39,Urinary tract infection,Home,0
E001469,MRN00855,2025-06-02,2025-06-05,J18,Pneumonia,Home,0
E001470,MRN00855,2025-07-05,2025-07-08,J44,COPD exacerbation,Nursing facility,0
E001471,MRN00856,2025-01-25,2025-01-30,J44,COPD exacerbation,Home,1
E001472,MRN00856,2025-02-03,2025-02-06,E11,Type 2 diabetes,Nursing facility,0
E001473,MRN00857,2025-01-31,2025-02-04,E11,Type 2 diabetes,Home with services,1
E001474,MRN00857,2025-03-05,2025-03-09,J44,COPD exacerbation,Home,0
E001475,MRN00857,2025-03-22,2025-03-25,I50,Heart failure,Home,0
E001476,MRN00858,2025-04-12,2025-04-17,I50,Heart failure,Home,0
E001477,MRN00859,2025-04-27,2025-05-02,I50,Heart failure,Home,0
E001478,MRN00860,2025-05-25,2025-05-30,I50,Heart failure,Home,0
E001479,MRN00860,2025-06-09,2025-06-13,E11,Type 2 diabetes,Home with services,0
E001480,MRN00861,2025-01-18,2025-01-24,J18,Pneumonia,Home,0
E001481,MRN00861,2025-03-15,2025-03-31,I50,Heart failure,Home,0
E001482,MRN00861,2025-04-20,2025-04-26,I50,Heart failure,Home with services,1
E001483,MRN00862,2025-05-31,2025-06-03,E11,Type 2 diabetes,Nursing facility,0
E001484,MRN00863,2025-07-11,2025-07-15,J44,COPD exacerbation,Home,0
E001485,MRN00863,2025-07-31,2025-08-03,N39,Urinary tract infection,Home with services,0
E001486,MRN00863,2025-09-19,2025-09-23,N39,Urinary tract infection,Home,0
E001487,MRN00864,2025-07-13,2025-07-18,J18,Pneumonia,Home,0
E001488,MRN00864,2025-08-15,2025-08-21,J18,Pneumonia,Home,0
E001489,MRN00864,2025-09-11,2025-09-14,N39,Urinary tract infection,Home,0
E001490,MRN00865,2025-02-09,2025-02-11,E11,Type 2 diabetes,Home,0
E001491,MRN00865,2025-04-07,2025-04-10,N39,Urinary tract infection,Home,0
E001492,MRN00866,2025-06-30,2025-07-05,I50,Heart failure,Nursing facility,1
E001493,MRN00866,2025-08-02,2025-08-06,J18,Pneumonia,Home,0
E001494,MRN00866,2025-09-12,2025-09-14,E11,Type 2 diabetes,Home,1
E001495,MRN00867,2025-04-01,2025-04-03,E11,Type 2 diabetes,Home,0
E001496,MRN00868,2025-02-28,2025-03-04,I50,Heart failure,Home,0
E001497,MRN00869,2025-02-23,2025-03-01,J18,Pneumonia,Home with services,0
E001498,MRN00869,2025-04-05,2025-04-09,J18,Pneumonia,Home,0
E001499,MRN00869,2025-05-18,2025-05-24,J44,COPD exacerbation,Home,1
E001500,MRN00870,2025-01-11,2025-01-18,I50,Heart failure,Home,0
E001501,MRN00870,2025-02-05,2025-02-09,J18,Pneumonia,Home,0
E001502,MRN00871,2025-04-04,2025-04-06,J44,COPD exacerbation,Home,0
E001503,MRN00872,2025-03-09,2025-03-13,E11,Type 2 diabetes,Nursing facility,0
E001504,MRN00872,2025-04-02,2025-04-07,J18,Pneumonia,Home,0
E001505,MRN00873,2025-03-06,2025-03-15,J44,COPD exacerbation,Home,0
E001506,MRN00874,2025-05-25,2025-05-29,J44,COPD exacerbation,Home,0
E001507,MRN00874,2025-07-20,2025-07-24,N39,Urinary tract infection,Home,0
E001508,MRN00874,2025-08-27,2025-08-30,N39,Urinary tract infection,Home,1
E001509,MRN00875,2025-03-12,2025-03-16,N39,Urinary tract infection,Home,0
E001510,MRN00875,2025-04-30,2025-05-03,N39,Urinary tract infection,Home,0
E001511,MRN00876,2025-06-19,2025-06-22,N39,Urinary tract infection,Home,0
E001512,MRN00877,2025-02-23,2025-02-28,E11,Type 2 diabetes,Home,1
E001513,MRN00878,2025-05-29,2025-06-06,I50,Heart failure,Home,0
E001514,MRN00878,2025-06-22,2025-06-24,J44,COPD exacerbation,Home,0
E001515,MRN00879,2025-06-29,2025-07-08,J18,Pneumonia,Home,1
E001516,MRN00880,2025-02-13,2025-02-23,I50,Heart failure,Home,0
E001517,MRN00880,2025-04-08,2025-04-12,E11,Type 2 diabetes,Nursing facility,1
E001518,MRN00881,2025-04-01,2025-04-05,N39,Urinary tract infection,Home,0
E001519,MRN00881,2025-05-01,2025-05-07,E11,Type 2 diabetes,Home,0
E001520,MRN00882,2025-05-12,2025-05-21,J18,Pneumonia,Home,0
E001521,MRN00882,2025-06-13,2025-06-17,E11,Type 2 diabetes,Home,0
E001522,MRN00883,2025-03-24,2025-03-29,J18,Pneumonia,Home,0
E001523,MRN00883,2025-04-13,2025-04-18,J44,COPD exacerbation,Home,0
E001524,MRN00883,2025-05-13,2025-05-20,J18,Pneumonia,Home,0
E001525,MRN00884,2025-07-09,2025-07-13,N39,Urinary tract infection,Home,0
E001526,MRN00884,2025-08-27,2025-09-05,J18,Pneumonia,Nursing facility,0
E001527,MRN00884,2025-09-25,2025-09-29,E11,Type 2 diabetes,Home with services,0
E001528,MRN00885,2025-03-10,2025-03-18,I50,Heart failure,Nursing facility,0
E001529,MRN00886,2025-04-25,2025-04-30,I50,Heart failure,Home,1
E001530,MRN00887,2025-03-02,2025-03-04,E11,Type 2 diabetes,Home with services,0
E001531,MRN00888,2025-05-16,2025-05-20,J18,Pneumonia,Home,0
E001532,MRN00889,2025-02-10,2025-02-13,J44,COPD exacerbation,Home with services,0
E001533,MRN00889,2025-03-16,2025-03-23,I50,Heart failure,Home with services,0
E001534,MRN00890,2025-01-01,2025-01-07,J18,Pneumonia,Home,0
E001535,MRN00890,2025-02-07,2025-02-15,I50,Heart failure,Home with services,0
E001536,MRN00891,2025-01-06,2025-01-12,J18,Pneumonia,Home,0
E001537,MRN00891,2025-01-28,2025-02-02,J44,COPD exacerbation,Home,0
E001538,MRN00892,2025-03-04,2025-03-08,J18,Pneumonia,Home,0
E001539,MRN00893,2025-02-11,2025-02-13,E11,Type 2 diabetes,Home,0
E001540,MRN00894,2025-07-10,2025-07-14,I50,Heart failure,Home,0
E001541,MRN00894,2025-08-17,2025-08-20,J44,COPD exacerbation,Nursing facility,0
E001542,MRN00895,2025-01-30,2025-02-05,J18,Pneumonia,Home,0
E001543,MRN00895,2025-02-23,2025-02-26,N39,Urinary tract infection,Home,0
E001544,MRN00896,2025-03-18,2025-03-21,N39,Urinary tract infection,Home,0
E001545,MRN00896,2025-04-25,2025-04-30,I50,Heart failure,Home,1
E001546,MRN00897,2025-06-05,2025-06-08,I50,Heart failure,Home,0
E001547,MRN00897,2025-07-14,2025-07-19,I50,Heart failure,Home with services,0
E001548,MRN00897,2025-09-06,2025-09-08,J44,COPD exacerbation,Home,0
E001549,MRN00898,2025-04-22,2025-05-02,I50,Heart failure,Nursing facility,0
E001550,MRN00899,2025-04-28,2025-05-02,J44,COPD exacerbation,Home,0
E001551,MRN00900,2025-01-20,2025-01-23,E11,Type 2 diabetes,Home,0
E001552,MRN00901,2025-05-16,2025-05-23,I50,Heart failure,Nursing facility,0
E001553,MRN00901,2025-06-05,2025-06-13,I50,Heart failure,Home,1
E001554,MRN00902,2025-02-09,2025-02-14,I50,Heart failure,Home,0
E001555,MRN00903,2025-03-01,2025-03-05,I50,Heart failure,Home,0
E001556,MRN00904,2025-07-08,2025-07-11,J44,COPD exacerbation,Home,0
E001557,MRN00905,2025-07-18,2025-07-25,I50,Heart failure,Home with services,0
E001558,MRN00906,2025-05-02,2025-05-04,I50,Heart failure,Home,0
E001559,MRN00906,2025-05-29,2025-06-02,I50,Heart failure,Home,0
E001560,MRN00907,2025-07-04,2025-07-06,E11,Type 2 diabetes,Home,0
E001561,MRN00907,2025-07-18,2025-07-23,I50,Heart failure,Home,1
E001562,MRN00907,2025-08-02,2025-08-05,N39,Urinary tract infection,Home,0
E001563,MRN00908,2025-02-02,2025-02-07,J44,COPD exacerbation,Home,0
E001564,MRN00908,2025-03-23,2025-03-28,E11,Type 2 diabetes,Nursing facility,0
E001565,MRN00909,2025-05-05,2025-05-07,E11,Type 2 diabetes,Home with services,0
E001566,MRN00909,2025-05-21,2025-05-23,J44,COPD exacerbation,Home,0
E001567,MRN00910,2025-06-02,2025-06-09,I50,Heart failure,Home,0
E001568,MRN00911,2025-05-27,2025-05-29,N39,Urinary tract infection,Home,0
E001569,MRN00912,2025-02-23,2025-02-27,J44,COPD exacerbation,Home,0
E001570,MRN00913,2025-01-08,2025-01-12,J44,COPD exacerbation,Home,0
E001571,MRN00913,2025-03-08,2025-03-12,J18,Pneumonia,Home,1
E001572,MRN00913,2025-03-19,2025-03-22,J44,COPD exacerbation,Home,0
E001573,MRN00914,2025-01-26,2025-02-01,E11,Type 2 diabetes,Home,0
E001574,MRN00914,2025-03-22,2025-03-27,J44,COPD exacerbation,Home,0
E001575,MRN00915,2025-03-01,2025-03-03,J44,COPD exacerbation,Home,0
E001576,MRN00915,2025-04-17,2025-04-20,E11,Type 2 diabetes,Home,0
E001577,MRN00915,2025-05-18,2025-05-20,J18,Pneumonia,Home,0
E001578,MRN00916,2025-01-17,2025-01-19,E11,Type 2 diabetes,Home with services,0
E001579,MRN00916,2025-02-17,2025-02-21,I50,Heart failure,Home,0
E001580,MRN00917,2025-06-18,2025-06-26,J18,Pneumonia,Home,0
E001581,MRN00917,2025-07-20,2025-07-30,I50,Heart failure,Home,0
E001582,MRN00918,2025-05-27,2025-06-01,J44,COPD exacerbation,Home,0
E001583,MRN00919,2025-07-17,2025-07-24,J18,Pneumonia,Home,0
E001584,MRN00920,2025-03-25,2025-03-28,J44,COPD exacerbation,Home,0
E001585,MRN00921,2025-02-01,2025-02-07,J44,COPD exacerbation,Home,0
E001586,MRN00921,2025-03-10,2025-03-16,J44,COPD exacerbation,Home with services,1
E001587,MRN00922,2025-04-07,2025-04-12,J18,Pneumonia,Home,0
E001588,MRN00923,2025-07-05,2025-07-07,J18,Pneumonia,Home with services,0
E001589,MRN00923,2025-08-28,2025-09-01,I50,Heart failure,Home,0
E001590,MRN00923,2025-10-08,2025-10-11,E11,Type 2 diabetes,Home,0
E001591,MRN00924,2025-03-15,2025-03-20,E11,Type 2 diabetes,Home,0
E001592,MRN00925,2025-06-13,2025-06-20,I50,Heart failure,Home,0
E001593,MRN00925,2025-07-01,2025-07-04,N39,Urinary tract infection,Home,0
E001594,MRN00925,2025-08-20,2025-08-22,N39,Urinary tract infection,Home,0
E001595,MRN00926,2025-06-11,2025-06-14,I50,Heart failure,Home,0
E001596,MRN00926,2025-06-28,2025-06-30,N39,Urinary tract infection,Nursing facility,0
E001597,MRN00926,2025-07-16,2025-07-17,N39,Urinary tract infection,Home with services,0
E001598,MRN00927,2025-05-10,2025-05-17,I50,Heart failure,Home,1
E001599,MRN00927,2025-06-06,2025-06-11,J44,COPD exacerbation,Home with services,0
E001600,MRN00928,2025-03-10,2025-03-14,J18,Pneumonia,Home,0
E001601,MRN00928,2025-05-08,2025-05-10,J44,COPD exacerbation,Home with services,0
E001602,MRN00929,2025-02-04,2025-02-13,J18,Pneumonia,Home,0
E001603,MRN00930,2025-02-15,2025-02-20,N39,Urinary tract infection,Home,0
E001604,MRN00930,2025-03-07,2025-03-11,N39,Urinary tract infection,Home,0
E001605,MRN00931,2025-05-06,2025-05-14,I50,Heart failure,Home with services,0
E001606,MRN00931,2025-06-11,2025-06-15,J18,Pneumonia,Home,0
E001607,MRN00931,2025-07-08,2025-07-10,N39,Urinary tract infection,Home,0
E001608,MRN00932,2025-06-19,2025-06-23,J44,COPD exacerbation,Home,0
E001609,MRN00932,2025-08-17,2025-08-20,J44,COPD exacerbation,Home,0
E001610,MRN00933,2025-02-22,2025-02-26,J18,Pneumonia,Home,0
E001611,MRN00934,2025-05-31,2025-06-04,I50,Heart failure,Home with services,0
E001612,MRN00934,2025-07-05,2025-07-07,J44,COPD exacerbation,Home with services,0
E001613,MRN00935,2025-05-01,2025-05-13,I50,Heart failure,Home,0
E001614,MRN00935,2025-06-09,2025-06-13,J44,COPD exacerbation,Home,0
E001615,MRN00936,2025-03-01,2025-03-07,J18,Pneumonia,Home,0
E001616,MRN00936,2025-04-22,2025-04-27,I50,Heart failure,Home,0
E001617,MRN00936,2025-06-12,2025-06-15,I50,Heart failure,Home with services,1
E001618,MRN00937,2025-05-25,2025-05-29,J18,Pneumonia,Home,0
E001619,MRN00937,2025-07-13,2025-07-17,J18,Pneumonia,Home,1
E001620,MRN00938,2025-02-05,2025-02-09,I50,Heart failure,Home,0
E001621,MRN00938,2025-04-08,2025-04-09,N39,Urinary tract infection,Home,0
E001622,MRN00939,2025-05-21,2025-05-26,J18,Pneumonia,Home,0
E001623,MRN00939,2025-06-25,2025-07-02,J44,COPD exacerbation,Home with services,0
E001624,MRN00940,2025-03-30,2025-04-10,I50,Heart failure,Home,0
E001625,MRN00941,2025-02-23,2025-02-26,J44,COPD exacerbation,Home,0
E001626,MRN00941,2025-04-10,2025-04-14,J18,Pneumonia,Nursing facility,0
E001627,MRN00942,2025-01-12,2025-01-15,N39,Urinary tract infection,Home,0
E001628,MRN00943,2025-03-29,2025-04-03,J18,Pneumonia,Nursing facility,0
E001629,MRN00943,2025-05-08,2025-05-16,I50,Heart failure,Home,1
E001630,MRN00944,2025-01-08,2025-01-11,J44,COPD exacerbation,Nursing facility,0
E001631,MRN00944,2025-02-24,2025-03-02,J18,Pneumonia,Home with services,0
E001632,MRN00944,2025-04-15,2025-04-17,N39,Urinary tract infection,Nursing facility,0
E001633,MRN00945,2025-02-27,2025-03-02,E11,Type 2 diabetes,Home,0
E001634,MRN00946,2025-07-07,2025-07-10,J18,Pneumonia,Nursing facility,0
E001635,MRN00946,2025-08-08,2025-08-11,J44,COPD exacerbation,Home,0
E001636,MRN00946,2025-09-07,2025-09-11,J44,COPD exacerbation,Home,0
E001637,MRN00947,2025-04-26,2025-04-29,E11,Type 2 diabetes,Home,0
E001638,MRN00947,2025-06-12,2025-06-14,E11,Type 2 diabetes,Nursing facility,0
E001639,MRN00948,2025-03-15,2025-03-18,J44,COPD exacerbation,Home,0
E001640,MRN00949,2025-04-11,2025-04-14,I50,Heart failure,Home,0
E001641,MRN00949,2025-05-17,2025-05-22,J18,Pneumonia,Home,1
E001642,MRN00950,2025-02-17,2025-02-19,E11,Type 2 diabetes,Home,0
E001643,MRN00950,2025-03-16,2025-03-19,J18,Pneumonia,Home,0
E001644,MRN00951,2025-07-04,2025-07-10,I50,Heart failure,Home with services,0
E001645,MRN00952,2025-05-02,2025-05-07,J18,Pneumonia,Home with services,0
E001646,MRN00953,2025-03-03,2025-03-15,I50,Heart failure,Home with services,0
E001647,MRN00953,2025-04-16,2025-04-18,E11,Type 2 diabetes,Home,1
E001648,MRN00953,2025-04-22,2025-04-28,E11,Type 2 diabetes,Home,0
E001649,MRN00954,2025-06-26,2025-07-01,I50,Heart failure,Home,1
E001650,MRN00955,2025-01-31,2025-02-03,J18,Pneumonia,Home,0
E001651,MRN00956,2025-03-14,2025-03-19,J44,COPD exacerbation,Home,0
E001652,MRN00957,2025-03-18,2025-03-21,J18,Pneumonia,Home,0
E001653,MRN00957,2025-05-12,2025-05-17,I50,Heart failure,Nursing facility,0
E001654,MRN00958,2025-02-23,2025-02-28,J18,Pneumonia,Home,0
E001655,MRN00958,2025-04-21,2025-04-22,N39,Urinary tract infection,Nursing facility,0
E001656,MRN00959,2025-05-31,2025-06-06,J18,Pneumonia,Home,0
E001657,MRN00960,2025-01-23,2025-01-26,I50,Heart failure,Home,0
E001658,MRN00960,2025-02-09,2025-02-14,I50,Heart failure,Home,1
E001659,MRN00961,2025-03-14,2025-03-15,N39,Urinary tract infection,Home,0
E001660,MRN00961,2025-04-28,2025-04-29,N39,Urinary tract infection,Nursing facility,0
E001661,MRN00962,2025-02-17,2025-02-26,J18,Pneumonia,Home with services,0
E001662,MRN00963,2025-01-10,2025-01-14,I50,Heart failure,Home,0
E001663,MRN00963,2025-03-10,2025-03-15,I50,Heart failure,Home,0
E001664,MRN00964,2025-06-16,2025-06-20,I50,Heart failure,Home,0
E001665,MRN00965,2025-02-01,2025-02-10,I50,Heart failure,Home,0
E001666,MRN00966,2025-04-04,2025-04-08,J18,Pneumonia,Home,0
E001667,MRN00966,2025-05-25,2025-05-27,N39,Urinary tract infection,Home,0
E001668,MRN00967,2025-06-20,2025-06-22,E11,Type 2 diabetes,Home,0
E001669,MRN00967,2025-07-26,2025-07-29,J18,Pneumonia,Home,0
E001670,MRN00967,2025-09-15,2025-09-18,J18,Pneumonia,Nursing facility,0
E001671,MRN00968,2025-02-17,2025-02-19,N39,Urinary tract infection,Home,1
E001672,MRN00969,2025-05-17,2025-05-19,J18,Pneumonia,Home,0
E001673,MRN00969,2025-06-10,2025-06-13,J18,Pneumonia,Home with services,0
E001674,MRN00970,2025-02-16,2025-02-19,N39,Urinary tract infection,Home,0
E001675,MRN00970,2025-03-26,2025-03-27,N39,Urinary tract infection,Home,0
E001676,MRN00970,2025-05-11,2025-05-13,J18,Pneumonia,Home with services,0
E001677,MRN00971,2025-01-31,2025-02-04,E11,Type 2 diabetes,Home,0
E001678,MRN00972,2025-03-09,2025-03-14,J44,COPD exacerbation,Home,0
E001679,MRN00972,2025-03-28,2025-04-03,J18,Pneumonia,Home,0
E001680,MRN00973,2025-04-27,2025-04-30,N39,Urinary tract infection,Home,0
E001681,MRN00974,2025-02-13,2025-02-22,J18,Pneumonia,Home,0
E001682,MRN00975,2025-01-22,2025-01-26,J44,COPD exacerbation,Home with services,1
E001683,MRN00975,2025-02-22,2025-02-24,N39,Urinary tract infection,Nursing facility,0
E001684,MRN00976,2025-05-07,2025-05-14,J44,COPD exacerbation,Home,1
E001685,MRN00977,2025-01-17,2025-01-25,I50,Heart failure,Home with services,0
E001686,MRN00978,2025-02-22,2025-02-24,N39,Urinary tract infection,Home,1
E001687,MRN00978,2025-03-20,2025-03-22,J44,COPD exacerbation,Home,0
E001688,MRN00979,2025-06-17,2025-06-21,J44,COPD exacerbation,Home,0
E001689,MRN00979,2025-07-13,2025-07-16,E11,Type 2 diabetes,Home,0
E001690,MRN00980,2025-04-05,2025-04-18,I50,Heart failure,Home,0
E001691,MRN00980,2025-05-19,2025-05-22,N39,Urinary tract infection,Home,0
E001692,MRN00981,2025-01-14,2025-01-18,E11,Type 2 diabetes,Home,0
E001693,MRN00982,2025-05-18,2025-05-23,J18,Pneumonia,Home,0
E001694,MRN00983,2025-03-02,2025-03-06,I50,Heart failure,Home with services,0
E001695,MRN00984,2025-04-06,2025-04-12,J18,Pneumonia,Home,0
E001696,MRN00985,2025-01-02,2025-01-05,I50,Heart failure,Home,0
E001697,MRN00985,2025-02-11,2025-02-14,E11,Type 2 diabetes,Nursing facility,0
E001698,MRN00985,2025-04-05,2025-04-10,J18,Pneumonia,Home with services,0
E001699,MRN00986,2025-06-04,2025-06-14,I50,Heart failure,Home,0
E001700,MRN00987,2025-01-19,2025-01-25,J44,COPD exacerbation,Home with services,0
E001701,MRN00988,2025-04-15,2025-04-18,J18,Pneumonia,Home,0
E001702,MRN00989,2025-01-17,2025-01-19,J18,Pneumonia,Home with services,0
E001703,MRN00989,2025-03-12,2025-03-18,I50,Heart failure,Home with services,0
E001704,MRN00990,2025-02-14,2025-02-21,I50,Heart failure,Home with services,0
E001705,MRN00991,2025-05-10,2025-05-17,J18,Pneumonia,Home,0
E001706,MRN00991,2025-07-04,2025-07-08,J18,Pneumonia,Home with services,0
E001707,MRN00992,2025-04-10,2025-04-16,J18,Pneumonia,Home,0
E001708,MRN00992,2025-06-07,2025-06-17,J18,Pneumonia,Home,0
E001709,MRN00993,2025-01-27,2025-01-30,J18,Pneumonia,Home,0
E001710,MRN00994,2025-07-05,2025-07-11,J44,COPD exacerbation,Home with services,1
E001711,MRN00995,2025-01-14,2025-01-26,J18,Pneumonia,Home,0
E001712,MRN00996,2025-06-22,2025-06-27,J18,Pneumonia,Home,0
E001713,MRN00997,2025-07-04,2025-07-08,I50,Heart failure,Home,0
E001714,MRN00998,2025-03-11,2025-03-17,J18,Pneumonia,Home,1
E001715,MRN00998,2025-03-30,2025-04-01,N39,Urinary tract infection,Home,0
E001716,MRN00999,2025-04-26,2025-05-05,E11,Type 2 diabetes,Home,0
E001717,MRN01000,2025-01-22,2025-01-27,J18,Pneumonia,Home,0
