encounter_id,test,value
E000001,hemoglobin_g_dL,11.7
E000001,sodium_mmol_L,140.0
E000002,hemoglobin_g_dL,12.3
E000002,sodium_mmol_L,141.0
E000002,creatinine_mg_dL,1.0
E000003,hemoglobin_g_dL,14.5
E000003,sodium_mmol_L,136.0
E000003,creatinine_mg_dL,0.58
E000004,hemoglobin_g_dL,9.7
E000004,sodium_mmol_L,135.0
E000004,creatinine_mg_dL,1.32
E000005,sodium_mmol_L,133.0
E000005,creatinine_mg_dL,1.26
E000006,hemoglobin_g_dL,10.9
E000006,sodium_mmol_L,132.0
E000006,creatinine_mg_dL,1.15
E000007,hemoglobin_g_dL,12.3
E000007,sodium_mmol_L,140.0
E000007,creatinine_mg_dL,1.23
E000008,hemoglobin_g_dL,8.9
E000008,sodium_mmol_L,134.0
E000008,creatinine_mg_dL,0.81
E000009,hemoglobin_g_dL,10.7
E000009,creatinine_mg_dL,1.8
E000010,hemoglobin_g_dL,10.3
E000010,sodium_mmol_L,142.0
E000010,creatinine_mg_dL,1.58
E000011,hemoglobin_g_dL,13.2
E000011,sodium_mmol_L,139.0
E000011,creatinine_mg_dL,0.72
E000012,hemoglobin_g_dL,12.8
E000012,sodium_mmol_L,138.0
E000012,creatinine_mg_dL,0.78
E000013,hemoglobin_g_dL,10.5
E000013,sodium_mmol_L,135.0
E000013,creatinine_mg_dL,0.93
E000014,hemoglobin_g_dL,10.8
E000014,sodium_mmol_L,126.0
E000014,creatinine_mg_dL,1.46
E000015,hemoglobin_g_dL,13.7
E000015,sodium_mmol_L,139.0
E000015,creatinine_mg_dL,0.78
E000016,hemoglobin_g_dL,13.0
E000016,sodium_mmol_L,133.0
E000017,hemoglobin_g_dL,10.6
E000017,sodium_mmol_L,139.0
E000017,creatinine_mg_dL,0.58
E000018,hemoglobin_g_dL,11.3
E000018,sodium_mmol_L,140.0
E000018,creatinine_mg_dL,0.7
E000019,hemoglobin_g_dL,11.3
E000019,sodium_mmol_L,141.0
E000019,creatinine_mg_dL,0.49
E000020,hemoglobin_g_dL,12.7
E000020,sodium_mmol_L,140.0
E000020,creatinine_mg_dL,0.81
E000021,creatinine_mg_dL,2.21
E000022,hemoglobin_g_dL,14.2
E000022,sodium_mmol_L,135.0
E000023,hemoglobin_g_dL,11.4
E000023,sodium_mmol_L,140.0
E000023,creatinine_mg_dL,0.65
E000024,hemoglobin_g_dL,12.0
E000024,sodium_mmol_L,141.0
E000024,creatinine_mg_dL,0.94
E000025,hemoglobin_g_dL,10.3
E000025,sodium_mmol_L,130.0
E000025,creatinine_mg_dL,0.82
E000026,hemoglobin_g_dL,9.2
E000026,sodium_mmol_L,134.0
E000026,creatinine_mg_dL,1.28
E000027,hemoglobin_g_dL,10.1
E000027,sodium_mmol_L,135.0
E000027,creatinine_mg_dL,1.04
E000028,hemoglobin_g_dL,11.2
E000028,sodium_mmol_L,148.0
E000028,creatinine_mg_dL,0.99
E000029,hemoglobin_g_dL,18.6
E000029,sodium_mmol_L,136.0
E000029,creatinine_mg_dL,0.92
E000030,hemoglobin_g_dL,12.4
E000030,sodium_mmol_L,142.0
E000030,creatinine_mg_dL,1.15
E000031,hemoglobin_g_dL,13.4
E000031,sodium_mmol_L,142.0
E000031,creatinine_mg_dL,0.64
E000032,sodium_mmol_L,134.0
E000032,creatinine_mg_dL,1.53
E000033,hemoglobin_g_dL,12.7
E000033,sodium_mmol_L,143.0
E000033,creatinine_mg_dL,1.19
E000034,hemoglobin_g_dL,7.4
E000034,sodium_mmol_L,133.0
E000034,creatinine_mg_dL,1.45
E000035,hemoglobin_g_dL,9.5
E000035,sodium_mmol_L,135.0
E000035,creatinine_mg_dL,1.12
E000036,hemoglobin_g_dL,13.5
E000036,sodium_mmol_L,140.0
E000037,hemoglobin_g_dL,11.0
E000037,sodium_mmol_L,139.0
E000037,creatinine_mg_dL,1.1
E000038,hemoglobin_g_dL,14.7
E000038,sodium_mmol_L,128.0
E000038,creatinine_mg_dL,0.86
E000039,hemoglobin_g_dL,14.7
E000039,sodium_mmol_L,137.0
E000040,hemoglobin_g_dL,12.8
E000040,sodium_mmol_L,128.0
E000040,creatinine_mg_dL,0.69
E000041,hemoglobin_g_dL,10.7
E000041,sodium_mmol_L,129.0
E000041,creatinine_mg_dL,1.54
E000042,hemoglobin_g_dL,12.9
E000042,sodium_mmol_L,138.0
E000042,creatinine_mg_dL,1.2
E000043,hemoglobin_g_dL,12.0
E000043,sodium_mmol_L,127.0
E000043,creatinine_mg_dL,1.0
E000044,sodium_mmol_L,138.0
E000044,creatinine_mg_dL,1.03
E000045,sodium_mmol_L,141.0
E000045,creatinine_mg_dL,0.59
E000046,hemoglobin_g_dL,7.0
E000046,sodium_mmol_L,136.0
E000046,creatinine_mg_dL,0.67
E000047,hemoglobin_g_dL,12.8
E000047,sodium_mmol_L,140.0
E000048,hemoglobin_g_dL,10.4
E000048,sodium_mmol_L,133.0
E000049,hemoglobin_g_dL,14.1
E000049,sodium_mmol_L,138.0
E000049,creatinine_mg_dL,2.07
E000050,hemoglobin_g_dL,14.9
E000050,sodium_mmol_L,139.0
E000050,creatinine_mg_dL,1.51
E000051,hemoglobin_g_dL,11.3
E000051,sodium_mmol_L,140.0
E000051,creatinine_mg_dL,1.07
E000052,hemoglobin_g_dL,14.5
E000052,sodium_mmol_L,137.0
E000052,creatinine_mg_dL,0.79
E000053,hemoglobin_g_dL,15.2
E000053,sodium_mmol_L,135.0
E000053,creatinine_mg_dL,1.63
E000054,hemoglobin_g_dL,9.2
E000054,sodium_mmol_L,134.0
E000055,hemoglobin_g_dL,12.6
E000055,sodium_mmol_L,143.0
E000055,creatinine_mg_dL,1.1
E000056,sodium_mmol_L,142.0
E000056,creatinine_mg_dL,1.48
E000057,hemoglobin_g_dL,12.5
E000057,sodium_mmol_L,136.0
E000057,creatinine_mg_dL,1.9
E000058,hemoglobin_g_dL,10.5
E000058,sodium_mmol_L,132.0
E000058,creatinine_mg_dL,0.87
E000059,hemoglobin_g_dL,12.3
E000059,sodium_mmol_L,133.0
E000059,creatinine_mg_dL,0.66
E000060,hemoglobin_g_dL,5.9
E000060,sodium_mmol_L,127.0
E000060,creatinine_mg_dL,2.85
E000061,hemoglobin_g_dL,9.6
E000061,sodium_mmol_L,141.0
E000061,creatinine_mg_dL,1.16
E000062,hemoglobin_g_dL,12.2
E000062,sodium_mmol_L,138.0
E000062,creatinine_mg_dL,0.71
E000063,hemoglobin_g_dL,12.3
E000063,sodium_mmol_L,134.0
E000063,creatinine_mg_dL,1.4
E000064,sodium_mmol_L,138.0
E000064,creatinine_mg_dL,0.67
E000065,hemoglobin_g_dL,12.0
E000065,sodium_mmol_L,139.0
E000065,creatinine_mg_dL,0.49
E000066,hemoglobin_g_dL,11.8
E000066,creatinine_mg_dL,1.07
E000067,hemoglobin_g_dL,10.3
E000067,sodium_mmol_L,137.0
E000067,creatinine_mg_dL,0.46
E000068,hemoglobin_g_dL,10.8
E000068,sodium_mmol_L,134.0
E000068,creatinine_mg_dL,2.16
E000069,hemoglobin_g_dL,11.7
E000069,sodium_mmol_L,135.0
E000069,creatinine_mg_dL,0.69
E000070,hemoglobin_g_dL,6.8
E000070,creatinine_mg_dL,1.22
E000071,hemoglobin_g_dL,7.2
E000071,sodium_mmol_L,138.0
E000071,creatinine_mg_dL,0.59
E000072,hemoglobin_g_dL,13.9
E000072,sodium_mmol_L,138.0
E000073,hemoglobin_g_dL,13.5
E000073,sodium_mmol_L,138.0
E000074,hemoglobin_g_dL,10.7
E000074,sodium_mmol_L,134.0
E000074,creatinine_mg_dL,1.47
E000075,hemoglobin_g_dL,8.9
E000075,sodium_mmol_L,140.0
E000075,creatinine_mg_dL,1.63
E000076,hemoglobin_g_dL,11.8
E000076,sodium_mmol_L,131.0
E000076,creatinine_mg_dL,0.7
E000077,hemoglobin_g_dL,11.6
E000077,sodium_mmol_L,137.0
E000077,creatinine_mg_dL,1.16
E000078,hemoglobin_g_dL,10.7
E000078,creatinine_mg_dL,1.84
E000079,hemoglobin_g_dL,12.1
E000079,sodium_mmol_L,133.0
E000079,creatinine_mg_dL,1.19
E000080,hemoglobin_g_dL,12.4
E000080,sodium_mmol_L,132.0
E000081,hemoglobin_g_dL,14.2
E000081,sodium_mmol_L,138.0
E000081,creatinine_mg_dL,0.8
E000082,hemoglobin_g_dL,11.5
E000082,sodium_mmol_L,136.0
E000082,creatinine_mg_dL,0.7
E000083,hemoglobin_g_dL,8.6
E000083,sodium_mmol_L,128.0
E000083,creatinine_mg_dL,0.75
E000084,hemoglobin_g_dL,11.8
E000084,sodium_mmol_L,133.0
E000084,creatinine_mg_dL,0.79
E000085,hemoglobin_g_dL,12.6
E000085,sodium_mmol_L,133.0
E000085,creatinine_mg_dL,1.76
E000086,hemoglobin_g_dL,13.8
E000086,sodium_mmol_L,134.0
E000086,creatinine_mg_dL,1.2
E000087,hemoglobin_g_dL,10.0
E000087,sodium_mmol_L,131.0
E000087,creatinine_mg_dL,1.19
E000088,hemoglobin_g_dL,12.9
E000088,creatinine_mg_dL,1.71
E000089,hemoglobin_g_dL,9.8
E000089,sodium_mmol_L,131.0
E000089,creatinine_mg_dL,0.78
E000090,hemoglobin_g_dL,9.6
E000090,sodium_mmol_L,137.0
E000090,creatinine_mg_dL,0.97
E000091,hemoglobin_g_dL,13.3
E000091,sodium_mmol_L,139.0
E000091,creatinine_mg_dL,1.21
E000092,hemoglobin_g_dL,13.1
E000092,sodium_mmol_L,134.0
E000093,hemoglobin_g_dL,11.7
E000093,creatinine_mg_dL,0.53
E000094,hemoglobin_g_dL,10.1
E000094,creatinine_mg_dL,2.4
E000095,hemoglobin_g_dL,10.2
E000095,sodium_mmol_L,136.0
E000095,creatinine_mg_dL,0.86
E000096,hemoglobin_g_dL,12.4
E000096,sodium_mmol_L,134.0
E000096,creatinine_mg_dL,0.79
E000097,hemoglobin_g_dL,13.3
E000097,sodium_mmol_L,136.0
E000097,creatinine_mg_dL,1.18
E000098,hemoglobin_g_dL,13.0
E000098,sodium_mmol_L,132.0
E000098,creatinine_mg_dL,3.24
E000099,hemoglobin_g_dL,12.5
E000099,sodium_mmol_L,143.0
E000099,creatinine_mg_dL,0.75
E000100,hemoglobin_g_dL,9.7
E000100,sodium_mmol_L,136.0
E000100,creatinine_mg_dL,0.97
E000101,hemoglobin_g_dL,13.6
E000101,sodium_mmol_L,137.0
E000101,creatinine_mg_dL,1.07
E000102,hemoglobin_g_dL,12.0
E000102,sodium_mmol_L,141.0
E000102,creatinine_mg_dL,0.59
E000103,sodium_mmol_L,137.0
E000103,creatinine_mg_dL,1.05
E000104,hemoglobin_g_dL,12.6
E000104,sodium_mmol_L,134.0
E000104,creatinine_mg_dL,0.61
E000105,hemoglobin_g_dL,10.1
E000105,sodium_mmol_L,135.0
E000105,creatinine_mg_dL,1.63
E000106,hemoglobin_g_dL,9.2
E000106,sodium_mmol_L,142.0
E000107,hemoglobin_g_dL,12.4
E000107,sodium_mmol_L,134.0
E000107,creatinine_mg_dL,1.09
E000108,hemoglobin_g_dL,9.7
E000108,sodium_mmol_L,132.0
E000108,creatinine_mg_dL,0.87
E000109,hemoglobin_g_dL,9.6
E000109,sodium_mmol_L,136.0
E000109,creatinine_mg_dL,0.86
E000110,hemoglobin_g_dL,10.9
E000110,sodium_mmol_L,137.0
E000110,creatinine_mg_dL,1.98
E000111,hemoglobin_g_dL,13.0
E000111,sodium_mmol_L,135.0
E000111,creatinine_mg_dL,1.56
E000112,hemoglobin_g_dL,11.6
E000112,sodium_mmol_L,142.0
E000113,hemoglobin_g_dL,14.0
E000113,sodium_mmol_L,129.0
E000113,creatinine_mg_dL,1.09
E000114,hemoglobin_g_dL,7.8
E000114,sodium_mmol_L,134.0
E000114,creatinine_mg_dL,1.66
E000115,hemoglobin_g_dL,12.6
E000115,sodium_mmol_L,135.0
E000115,creatinine_mg_dL,0.77
E000116,hemoglobin_g_dL,11.9
E000116,sodium_mmol_L,142.0
E000116,creatinine_mg_dL,1.22
E000117,hemoglobin_g_dL,15.2
E000117,sodium_mmol_L,133.0
E000117,creatinine_mg_dL,0.82
E000118,hemoglobin_g_dL,10.9
E000118,sodium_mmol_L,136.0
E000118,creatinine_mg_dL,1.48
E000119,hemoglobin_g_dL,17.2
E000119,sodium_mmol_L,136.0
E000119,creatinine_mg_dL,0.64
E000120,sodium_mmol_L,133.0
E000120,creatinine_mg_dL,1.38
E000121,hemoglobin_g_dL,12.8
E000121,sodium_mmol_L,140.0
E000121,creatinine_mg_dL,1.3
E000122,sodium_mmol_L,136.0
E000122,creatinine_mg_dL,1.82
E000123,hemoglobin_g_dL,13.8
E000123,sodium_mmol_L,135.0
E000123,creatinine_mg_dL,0.8
E000124,hemoglobin_g_dL,12.6
E000125,hemoglobin_g_dL,11.5
E000125,sodium_mmol_L,135.0
E000126,sodium_mmol_L,144.0
E000126,creatinine_mg_dL,0.57
E000127,hemoglobin_g_dL,11.3
E000127,sodium_mmol_L,130.0
E000127,creatinine_mg_dL,1.33
E000128,hemoglobin_g_dL,12.7
E000128,sodium_mmol_L,138.0
E000129,sodium_mmol_L,137.0
E000129,creatinine_mg_dL,1.45
E000130,hemoglobin_g_dL,12.6
E000130,sodium_mmol_L,136.0
E000130,creatinine_mg_dL,1.08
E000131,hemoglobin_g_dL,10.7
E000131,sodium_mmol_L,134.0
E000131,creatinine_mg_dL,0.64
E000132,hemoglobin_g_dL,12.0
E000132,sodium_mmol_L,140.0
E000133,hemoglobin_g_dL,9.8
E000133,sodium_mmol_L,140.0
E000133,creatinine_mg_dL,1.25
E000134,hemoglobin_g_dL,12.1
E000134,sodium_mmol_L,136.0
E000134,creatinine_mg_dL,1.38
E000135,hemoglobin_g_dL,10.0
E000135,sodium_mmol_L,143.0
E000135,creatinine_mg_dL,1.75
E000136,hemoglobin_g_dL,11.8
E000136,sodium_mmol_L,133.0
E000137,hemoglobin_g_dL,12.4
E000137,sodium_mmol_L,142.0
E000137,creatinine_mg_dL,1.07
E000138,hemoglobin_g_dL,11.4
E000138,sodium_mmol_L,134.0
E000138,creatinine_mg_dL,0.44
E000139,hemoglobin_g_dL,9.0
E000139,sodium_mmol_L,136.0
E000139,creatinine_mg_dL,1.14
E000140,sodium_mmol_L,129.0
E000140,creatinine_mg_dL,3.05
E000141,hemoglobin_g_dL,8.7
E000141,sodium_mmol_L,139.0
E000141,creatinine_mg_dL,0.7
E000142,hemoglobin_g_dL,12.8
E000142,sodium_mmol_L,129.0
E000142,creatinine_mg_dL,1.07
E000143,sodium_mmol_L,137.0
E000143,creatinine_mg_dL,1.05
E000144,hemoglobin_g_dL,10.5
E000144,sodium_mmol_L,135.0
E000144,creatinine_mg_dL,0.84
E000145,hemoglobin_g_dL,9.4
E000145,sodium_mmol_L,130.0
E000145,creatinine_mg_dL,1.19
E000146,hemoglobin_g_dL,10.6
E000146,sodium_mmol_L,134.0
E000146,creatinine_mg_dL,1.46
E000147,hemoglobin_g_dL,10.8
E000147,sodium_mmol_L,136.0
E000147,creatinine_mg_dL,0.76
E000148,hemoglobin_g_dL,12.9
E000148,sodium_mmol_L,131.0
E000148,creatinine_mg_dL,0.55
E000149,hemoglobin_g_dL,13.1
E000149,sodium_mmol_L,132.0
E000150,hemoglobin_g_dL,12.3
E000150,sodium_mmol_L,136.0
E000150,creatinine_mg_dL,1.69
E000151,creatinine_mg_dL,1.07
E000152,hemoglobin_g_dL,11.3
E000152,sodium_mmol_L,142.0
E000152,creatinine_mg_dL,2.03
E000153,hemoglobin_g_dL,11.2
E000153,sodium_mmol_L,138.0
E000153,creatinine_mg_dL,2.8
E000154,hemoglobin_g_dL,12.3
E000154,sodium_mmol_L,133.0
E000154,creatinine_mg_dL,0.6
E000155,hemoglobin_g_dL,11.5
E000155,sodium_mmol_L,143.0
E000155,creatinine_mg_dL,2.41
E000156,hemoglobin_g_dL,13.1
E000156,sodium_mmol_L,135.0
E000156,creatinine_mg_dL,1.61
E000157,hemoglobin_g_dL,14.6
E000157,sodium_mmol_L,134.0
E000157,creatinine_mg_dL,0.68
E000158,hemoglobin_g_dL,10.5
E000158,sodium_mmol_L,132.0
E000158,creatinine_mg_dL,1.65
E000159,hemoglobin_g_dL,14.8
E000159,sodium_mmol_L,139.0
E000159,creatinine_mg_dL,0.36
E000160,hemoglobin_g_dL,13.3
E000160,sodium_mmol_L,145.0
E000160,creatinine_mg_dL,0.98
E000161,hemoglobin_g_dL,11.9
E000161,sodium_mmol_L,139.0
E000161,creatinine_mg_dL,1.13
E000162,hemoglobin_g_dL,12.2
E000162,sodium_mmol_L,142.0
E000162,creatinine_mg_dL,1.55
E000163,hemoglobin_g_dL,8.9
E000163,sodium_mmol_L,142.0
E000163,creatinine_mg_dL,0.82
E000164,hemoglobin_g_dL,9.5
E000164,sodium_mmol_L,133.0
E000164,creatinine_mg_dL,1.68
E000165,hemoglobin_g_dL,12.1
E000165,sodium_mmol_L,139.0
E000165,creatinine_mg_dL,0.71
E000166,hemoglobin_g_dL,13.7
E000166,sodium_mmol_L,142.0
E000166,creatinine_mg_dL,0.96
E000167,sodium_mmol_L,140.0
E000167,creatinine_mg_dL,1.36
E000168,hemoglobin_g_dL,13.4
E000168,sodium_mmol_L,138.0
E000168,creatinine_mg_dL,0.91
E000169,sodium_mmol_L,130.0
E000169,creatinine_mg_dL,1.15
E000170,hemoglobin_g_dL,15.5
E000170,sodium_mmol_L,139.0
E000170,creatinine_mg_dL,1.01
E000171,hemoglobin_g_dL,12.7
E000171,sodium_mmol_L,144.0
E000171,creatinine_mg_dL,2.1
E000172,sodium_mmol_L,134.0
E000172,creatinine_mg_dL,0.91
E000173,hemoglobin_g_dL,9.0
E000173,creatinine_mg_dL,0.79
E000174,hemoglobin_g_dL,10.3
E000174,sodium_mmol_L,135.0
E000174,creatinine_mg_dL,1.22
E000175,hemoglobin_g_dL,12.3
E000175,sodium_mmol_L,142.0
E000175,creatinine_mg_dL,1.17
E000176,hemoglobin_g_dL,10.8
E000176,sodium_mmol_L,139.0
E000177,hemoglobin_g_dL,8.9
E000177,sodium_mmol_L,141.0
E000177,creatinine_mg_dL,1.63
E000178,hemoglobin_g_dL,10.4
E000178,sodium_mmol_L,142.0
E000178,creatinine_mg_dL,1.54
E000179,hemoglobin_g_dL,11.4
E000179,sodium_mmol_L,137.0
E000179,creatinine_mg_dL,0.68
E000180,hemoglobin_g_dL,13.8
E000180,sodium_mmol_L,140.0
E000181,hemoglobin_g_dL,10.4
E000181,creatinine_mg_dL,1.41
E000182,sodium_mmol_L,132.0
E000182,creatinine_mg_dL,0.53
E000183,hemoglobin_g_dL,14.8
E000183,sodium_mmol_L,138.0
E000183,creatinine_mg_dL,0.63
E000184,hemoglobin_g_dL,8.9
E000184,sodium_mmol_L,131.0
E000184,creatinine_mg_dL,1.19
E000185,hemoglobin_g_dL,11.5
E000185,sodium_mmol_L,130.0
E000185,creatinine_mg_dL,2.08
E000186,sodium_mmol_L,134.0
E000186,creatinine_mg_dL,1.41
E000187,hemoglobin_g_dL,15.3
E000187,creatinine_mg_dL,0.87
E000188,hemoglobin_g_dL,12.6
E000188,sodium_mmol_L,129.0
E000188,creatinine_mg_dL,0.74
E000189,hemoglobin_g_dL,11.0
E000189,sodium_mmol_L,135.0
E000189,creatinine_mg_dL,2.18
E000190,hemoglobin_g_dL,11.3
E000190,sodium_mmol_L,140.0
E000190,creatinine_mg_dL,1.18
E000191,hemoglobin_g_dL,13.3
E000191,sodium_mmol_L,139.0
E000191,creatinine_mg_dL,0.78
E000192,hemoglobin_g_dL,9.3
E000192,sodium_mmol_L,129.0
E000192,creatinine_mg_dL,1.33
E000193,hemoglobin_g_dL,10.5
E000193,sodium_mmol_L,136.0
E000193,creatinine_mg_dL,1.38
E000194,hemoglobin_g_dL,12.1
E000194,sodium_mmol_L,126.0
E000194,creatinine_mg_dL,1.15
E000195,hemoglobin_g_dL,13.5
E000195,sodium_mmol_L,135.0
E000195,creatinine_mg_dL,0.77
E000196,sodium_mmol_L,145.0
E000196,creatinine_mg_dL,1.18
E000197,hemoglobin_g_dL,8.0
E000197,sodium_mmol_L,136.0
E000197,creatinine_mg_dL,1.1
E000198,hemoglobin_g_dL,10.1
E000198,creatinine_mg_dL,1.15
E000199,hemoglobin_g_dL,12.7
E000199,creatinine_mg_dL,1.99
E000200,hemoglobin_g_dL,12.3
E000200,sodium_mmol_L,137.0
E000200,creatinine_mg_dL,0.52
E000201,hemoglobin_g_dL,11.6
E000201,sodium_mmol_L,135.0
E000201,creatinine_mg_dL,1.19
E000202,hemoglobin_g_dL,13.5
E000202,sodium_mmol_L,137.0
E000202,creatinine_mg_dL,0.79
E000203,hemoglobin_g_dL,14.0
E000203,sodium_mmol_L,136.0
E000203,creatinine_mg_dL,0.83
E000204,hemoglobin_g_dL,8.0
E000204,sodium_mmol_L,138.0
E000204,creatinine_mg_dL,1.49
E000205,hemoglobin_g_dL,10.2
E000205,sodium_mmol_L,140.0
E000205,creatinine_mg_dL,1.01
E000206,hemoglobin_g_dL,7.8
E000206,sodium_mmol_L,139.0
E000206,creatinine_mg_dL,0.72
E000207,hemoglobin_g_dL,11.2
E000207,sodium_mmol_L,139.0
E000207,creatinine_mg_dL,1.58
E000208,hemoglobin_g_dL,12.8
E000208,sodium_mmol_L,143.0
E000208,creatinine_mg_dL,0.77
E000209,hemoglobin_g_dL,11.7
E000209,sodium_mmol_L,134.0
E000209,creatinine_mg_dL,1.07
E000210,hemoglobin_g_dL,9.7
E000210,sodium_mmol_L,143.0
E000210,creatinine_mg_dL,1.02
E000211,hemoglobin_g_dL,9.6
E000211,sodium_mmol_L,136.0
E000212,hemoglobin_g_dL,7.7
E000212,sodium_mmol_L,132.0
E000212,creatinine_mg_dL,1.62
E000213,hemoglobin_g_dL,14.4
E000213,sodium_mmol_L,138.0
E000213,creatinine_mg_dL,1.48
E000214,hemoglobin_g_dL,13.2
E000214,sodium_mmol_L,138.0
E000214,creatinine_mg_dL,1.21
E000215,hemoglobin_g_dL,11.0
E000215,sodium_mmol_L,129.0
E000215,creatinine_mg_dL,2.15
E000216,hemoglobin_g_dL,9.9
E000216,sodium_mmol_L,134.0
E000216,creatinine_mg_dL,2.11
E000217,hemoglobin_g_dL,12.2
E000217,sodium_mmol_L,134.0
E000217,creatinine_mg_dL,1.4
E000218,hemoglobin_g_dL,9.8
E000218,sodium_mmol_L,135.0
E000218,creatinine_mg_dL,0.47
E000219,hemoglobin_g_dL,13.4
E000219,sodium_mmol_L,133.0
E000219,creatinine_mg_dL,1.21
E000220,hemoglobin_g_dL,13.3
E000220,sodium_mmol_L,137.0
E000220,creatinine_mg_dL,0.69
E000221,hemoglobin_g_dL,12.8
E000221,sodium_mmol_L,137.0
E000221,creatinine_mg_dL,1.72
E000222,hemoglobin_g_dL,13.1
E000222,sodium_mmol_L,135.0
E000222,creatinine_mg_dL,1.39
E000223,hemoglobin_g_dL,10.2
E000223,sodium_mmol_L,140.0
E000223,creatinine_mg_dL,0.65
E000224,hemoglobin_g_dL,11.1
E000224,sodium_mmol_L,138.0
E000224,creatinine_mg_dL,1.17
E000225,hemoglobin_g_dL,16.6
E000225,sodium_mmol_L,136.0
E000226,hemoglobin_g_dL,11.7
E000226,sodium_mmol_L,140.0
E000226,creatinine_mg_dL,2.31
E000227,hemoglobin_g_dL,13.6
E000227,sodium_mmol_L,142.0
E000227,creatinine_mg_dL,0.94
E000228,sodium_mmol_L,133.0
E000228,creatinine_mg_dL,1.57
E000229,hemoglobin_g_dL,12.7
E000229,sodium_mmol_L,141.0
E000229,creatinine_mg_dL,0.59
E000230,hemoglobin_g_dL,10.3
E000230,sodium_mmol_L,135.0
E000230,creatinine_mg_dL,1.26
E000231,hemoglobin_g_dL,10.3
E000231,sodium_mmol_L,140.0
E000232,hemoglobin_g_dL,12.5
E000232,sodium_mmol_L,133.0
E000232,creatinine_mg_dL,1.11
E000233,sodium_mmol_L,139.0
E000234,sodium_mmol_L,143.0
E000234,creatinine_mg_dL,0.97
E000235,hemoglobin_g_dL,12.5
E000235,sodium_mmol_L,148.0
E000235,creatinine_mg_dL,1.31
E000236,hemoglobin_g_dL,10.1
E000236,sodium_mmol_L,135.0
E000236,creatinine_mg_dL,1.73
E000237,hemoglobin_g_dL,8.6
E000237,sodium_mmol_L,136.0
E000237,creatinine_mg_dL,1.05
E000238,hemoglobin_g_dL,10.3
E000238,sodium_mmol_L,137.0
E000238,creatinine_mg_dL,0.7
E000239,hemoglobin_g_dL,12.3
E000239,sodium_mmol_L,142.0
E000239,creatinine_mg_dL,0.81
E000240,hemoglobin_g_dL,12.3
E000240,sodium_mmol_L,131.0
E000240,creatinine_mg_dL,0.43
E000241,hemoglobin_g_dL,11.7
E000241,sodium_mmol_L,132.0
E000242,hemoglobin_g_dL,14.0
E000242,sodium_mmol_L,134.0
E000242,creatinine_mg_dL,0.85
E000243,hemoglobin_g_dL,10.3
E000243,sodium_mmol_L,135.0
E000243,creatinine_mg_dL,1.13
E000244,hemoglobin_g_dL,11.0
E000244,creatinine_mg_dL,2.1
E000245,hemoglobin_g_dL,10.8
E000245,sodium_mmol_L,133.0
E000245,creatinine_mg_dL,0.92
E000246,hemoglobin_g_dL,15.1
E000246,sodium_mmol_L,140.0
E000246,creatinine_mg_dL,1.16
E000247,hemoglobin_g_dL,9.3
E000247,sodium_mmol_L,135.0
E000247,creatinine_mg_dL,1.86
E000248,hemoglobin_g_dL,10.1
E000248,sodium_mmol_L,138.0
E000248,creatinine_mg_dL,0.83
E000249,hemoglobin_g_dL,10.5
E000249,sodium_mmol_L,132.0
E000249,creatinine_mg_dL,0.76
E000250,hemoglobin_g_dL,9.4
E000250,sodium_mmol_L,141.0
E000250,creatinine_mg_dL,1.08
E000251,hemoglobin_g_dL,10.6
E000251,sodium_mmol_L,137.0
E000251,creatinine_mg_dL,1.78
E000252,hemoglobin_g_dL,13.1
E000252,sodium_mmol_L,142.0
E000252,creatinine_mg_dL,1.6
E000253,hemoglobin_g_dL,13.1
E000253,sodium_mmol_L,141.0
E000253,creatinine_mg_dL,1.49
E000254,hemoglobin_g_dL,10.8
E000254,sodium_mmol_L,141.0
E000254,creatinine_mg_dL,0.47
E000255,hemoglobin_g_dL,14.4
E000255,sodium_mmol_L,144.0
E000255,creatinine_mg_dL,1.06
E000256,hemoglobin_g_dL,12.9
E000256,sodium_mmol_L,140.0
E000256,creatinine_mg_dL,1.6
E000257,hemoglobin_g_dL,13.2
E000257,creatinine_mg_dL,1.08
E000258,hemoglobin_g_dL,12.6
E000258,sodium_mmol_L,137.0
E000259,hemoglobin_g_dL,13.6
E000259,sodium_mmol_L,137.0
E000259,creatinine_mg_dL,1.27
E000260,hemoglobin_g_dL,13.2
E000260,sodium_mmol_L,133.0
E000260,creatinine_mg_dL,1.02
E000261,hemoglobin_g_dL,11.0
E000261,sodium_mmol_L,125.0
E000261,creatinine_mg_dL,1.1
E000262,hemoglobin_g_dL,15.2
E000262,sodium_mmol_L,137.0
E000262,creatinine_mg_dL,1.07
E000263,hemoglobin_g_dL,14.6
E000263,sodium_mmol_L,133.0
E000263,creatinine_mg_dL,1.43
E000264,hemoglobin_g_dL,10.5
E000264,sodium_mmol_L,130.0
E000264,creatinine_mg_dL,0.86
E000265,hemoglobin_g_dL,9.6
E000265,sodium_mmol_L,139.0
E000265,creatinine_mg_dL,2.05
E000266,hemoglobin_g_dL,11.5
E000266,sodium_mmol_L,142.0
E000266,creatinine_mg_dL,1.17
E000267,hemoglobin_g_dL,11.1
E000267,sodium_mmol_L,144.0
E000267,creatinine_mg_dL,1.18
E000268,hemoglobin_g_dL,12.6
E000268,creatinine_mg_dL,0.98
E000269,hemoglobin_g_dL,9.6
E000269,sodium_mmol_L,134.0
E000269,creatinine_mg_dL,1.43
E000270,hemoglobin_g_dL,9.2
E000270,creatinine_mg_dL,0.87
E000271,hemoglobin_g_dL,11.4
E000271,sodium_mmol_L,134.0
E000271,creatinine_mg_dL,0.79
E000272,sodium_mmol_L,138.0
E000272,creatinine_mg_dL,1.0
E000273,hemoglobin_g_dL,9.6
E000273,sodium_mmol_L,123.0
E000273,creatinine_mg_dL,1.17
E000274,hemoglobin_g_dL,12.8
E000274,sodium_mmol_L,139.0
E000274,creatinine_mg_dL,0.66
E000275,hemoglobin_g_dL,13.1
E000276,hemoglobin_g_dL,9.5
E000276,sodium_mmol_L,136.0
E000276,creatinine_mg_dL,0.67
E000277,hemoglobin_g_dL,13.4
E000277,sodium_mmol_L,128.0
E000277,creatinine_mg_dL,0.69
E000278,hemoglobin_g_dL,13.3
E000278,sodium_mmol_L,134.0
E000279,hemoglobin_g_dL,10.1
E000279,sodium_mmol_L,132.0
E000279,creatinine_mg_dL,2.07
E000280,hemoglobin_g_dL,14.5
E000280,sodium_mmol_L,133.0
E000280,creatinine_mg_dL,1.43
E000281,hemoglobin_g_dL,11.3
E000281,sodium_mmol_L,139.0
E000281,creatinine_mg_dL,0.88
E000282,hemoglobin_g_dL,15.2
E000282,sodium_mmol_L,138.0
E000282,creatinine_mg_dL,2.32
E000283,hemoglobin_g_dL,13.1
E000283,sodium_mmol_L,134.0
E000283,creatinine_mg_dL,0.64
E000284,hemoglobin_g_dL,13.4
E000284,sodium_mmol_L,137.0
E000284,creatinine_mg_dL,1.19
E000285,hemoglobin_g_dL,11.6
E000285,sodium_mmol_L,135.0
E000285,creatinine_mg_dL,0.55
E000286,hemoglobin_g_dL,11.3
E000286,sodium_mmol_L,143.0
E000286,creatinine_mg_dL,1.15
E000287,hemoglobin_g_dL,10.9
E000287,sodium_mmol_L,131.0
E000287,creatinine_mg_dL,1.39
E000288,hemoglobin_g_dL,9.1
E000288,sodium_mmol_L,142.0
E000288,creatinine_mg_dL,1.35
E000289,hemoglobin_g_dL,13.6
E000289,sodium_mmol_L,144.0
E000289,creatinine_mg_dL,2.06
E000290,hemoglobin_g_dL,10.0
E000290,creatinine_mg_dL,0.92
E000291,hemoglobin_g_dL,9.9
E000291,sodium_mmol_L,134.0
E000291,creatinine_mg_dL,0.91
E000292,hemoglobin_g_dL,12.3
E000292,sodium_mmol_L,137.0
E000292,creatinine_mg_dL,0.71
E000293,sodium_mmol_L,135.0
E000293,creatinine_mg_dL,0.58
E000294,hemoglobin_g_dL,11.2
E000294,sodium_mmol_L,138.0
E000294,creatinine_mg_dL,0.66
E000295,hemoglobin_g_dL,13.0
E000295,sodium_mmol_L,133.0
E000295,creatinine_mg_dL,1.05
E000296,hemoglobin_g_dL,12.5
E000296,sodium_mmol_L,136.0
E000297,hemoglobin_g_dL,11.3
E000297,creatinine_mg_dL,0.58
E000298,hemoglobin_g_dL,11.0
E000298,sodium_mmol_L,136.0
E000298,creatinine_mg_dL,1.43
E000299,hemoglobin_g_dL,10.1
E000299,sodium_mmol_L,136.0
E000299,creatinine_mg_dL,1.35
E000300,hemoglobin_g_dL,12.0
E000300,sodium_mmol_L,137.0
E000300,creatinine_mg_dL,1.75
E000301,hemoglobin_g_dL,9.9
E000301,sodium_mmol_L,131.0
E000301,creatinine_mg_dL,1.1
E000302,hemoglobin_g_dL,13.3
E000302,sodium_mmol_L,137.0
E000302,creatinine_mg_dL,0.48
E000303,hemoglobin_g_dL,11.4
E000303,sodium_mmol_L,140.0
E000303,creatinine_mg_dL,0.99
E000304,hemoglobin_g_dL,11.5
E000304,sodium_mmol_L,138.0
E000304,creatinine_mg_dL,1.59
E000305,hemoglobin_g_dL,13.2
E000305,sodium_mmol_L,138.0
E000305,creatinine_mg_dL,1.05
E000306,hemoglobin_g_dL,10.8
E000306,sodium_mmol_L,136.0
E000306,creatinine_mg_dL,0.89
E000307,hemoglobin_g_dL,11.5
E000307,creatinine_mg_dL,1.03
E000308,hemoglobin_g_dL,10.4
E000308,creatinine_mg_dL,1.07
E000309,hemoglobin_g_dL,9.8
E000309,sodium_mmol_L,130.0
E000309,creatinine_mg_dL,1.5
E000310,creatinine_mg_dL,0.91
E000311,hemoglobin_g_dL,11.4
E000311,sodium_mmol_L,138.0
E000311,creatinine_mg_dL,1.06
E000312,hemoglobin_g_dL,13.3
E000312,sodium_mmol_L,137.0
E000312,creatinine_mg_dL,1.23
E000313,hemoglobin_g_dL,10.4
E000313,sodium_mmol_L,137.0
E000313,creatinine_mg_dL,1.05
E000314,hemoglobin_g_dL,14.5
E000314,sodium_mmol_L,143.0
E000314,creatinine_mg_dL,1.05
E000315,hemoglobin_g_dL,13.8
E000315,sodium_mmol_L,139.0
E000315,creatinine_mg_dL,1.14
E000316,hemoglobin_g_dL,12.1
E000316,sodium_mmol_L,138.0
E000316,creatinine_mg_dL,0.9
E000317,hemoglobin_g_dL,12.1
E000317,sodium_mmol_L,141.0
E000318,hemoglobin_g_dL,12.0
E000318,sodium_mmol_L,136.0
E000318,creatinine_mg_dL,1.12
E000319,hemoglobin_g_dL,15.8
E000319,sodium_mmol_L,133.0
E000320,hemoglobin_g_dL,12.0
E000320,sodium_mmol_L,133.0
E000321,hemoglobin_g_dL,14.3
E000321,sodium_mmol_L,134.0
E000321,creatinine_mg_dL,1.23
E000322,creatinine_mg_dL,1.1
E000323,hemoglobin_g_dL,15.5
E000323,sodium_mmol_L,142.0
E000323,creatinine_mg_dL,1.56
E000324,hemoglobin_g_dL,12.7
E000324,sodium_mmol_L,133.0
E000324,creatinine_mg_dL,2.07
E000325,hemoglobin_g_dL,15.4
E000325,sodium_mmol_L,137.0
E000325,creatinine_mg_dL,1.57
E000326,hemoglobin_g_dL,13.4
E000326,sodium_mmol_L,148.0
E000326,creatinine_mg_dL,0.67
E000327,sodium_mmol_L,136.0
E000327,creatinine_mg_dL,0.86
E000328,hemoglobin_g_dL,11.4
E000328,sodium_mmol_L,136.0
E000328,creatinine_mg_dL,0.67
E000329,hemoglobin_g_dL,14.0
E000329,sodium_mmol_L,134.0
E000329,creatinine_mg_dL,0.96
E000330,hemoglobin_g_dL,12.7
E000330,sodium_mmol_L,137.0
E000330,creatinine_mg_dL,1.37
E000331,hemoglobin_g_dL,11.6
E000331,sodium_mmol_L,135.0
E000331,creatinine_mg_dL,0.77
E000332,hemoglobin_g_dL,13.0
E000332,sodium_mmol_L,133.0
E000332,creatinine_mg_dL,1.46
E000333,hemoglobin_g_dL,14.0
E000333,creatinine_mg_dL,0.75
E000334,hemoglobin_g_dL,12.2
E000334,sodium_mmol_L,142.0
E000334,creatinine_mg_dL,0.7
E000335,hemoglobin_g_dL,12.2
E000335,sodium_mmol_L,137.0
E000335,creatinine_mg_dL,1.51
E000336,hemoglobin_g_dL,15.9
E000336,sodium_mmol_L,140.0
E000336,creatinine_mg_dL,2.78
E000337,hemoglobin_g_dL,12.4
E000337,sodium_mmol_L,139.0
E000337,creatinine_mg_dL,0.88
E000338,hemoglobin_g_dL,12.1
E000338,sodium_mmol_L,141.0
E000338,creatinine_mg_dL,1.04
E000339,hemoglobin_g_dL,13.2
E000339,sodium_mmol_L,134.0
E000339,creatinine_mg_dL,0.79
E000340,hemoglobin_g_dL,14.2
E000340,sodium_mmol_L,140.0
E000340,creatinine_mg_dL,1.97
E000341,hemoglobin_g_dL,12.4
E000341,sodium_mmol_L,138.0
E000341,creatinine_mg_dL,1.06
E000342,hemoglobin_g_dL,14.1
E000342,sodium_mmol_L,126.0
E000342,creatinine_mg_dL,1.31
E000343,hemoglobin_g_dL,14.5
E000343,sodium_mmol_L,131.0
E000344,hemoglobin_g_dL,11.0
E000344,sodium_mmol_L,138.0
E000344,creatinine_mg_dL,0.91
E000345,hemoglobin_g_dL,9.1
E000345,sodium_mmol_L,142.0
E000345,creatinine_mg_dL,1.36
E000346,hemoglobin_g_dL,10.2
E000346,sodium_mmol_L,138.0
E000346,creatinine_mg_dL,0.69
E000347,hemoglobin_g_dL,11.7
E000347,sodium_mmol_L,139.0
E000348,hemoglobin_g_dL,11.8
E000348,sodium_mmol_L,140.0
E000348,creatinine_mg_dL,0.81
E000349,hemoglobin_g_dL,11.9
E000349,creatinine_mg_dL,1.64
E000350,hemoglobin_g_dL,13.7
E000350,sodium_mmol_L,140.0
E000350,creatinine_mg_dL,1.31
E000351,hemoglobin_g_dL,10.3
E000351,creatinine_mg_dL,2.16
E000352,hemoglobin_g_dL,8.5
E000352,sodium_mmol_L,137.0
E000352,creatinine_mg_dL,0.85
E000353,hemoglobin_g_dL,10.8
E000353,sodium_mmol_L,128.0
E000353,creatinine_mg_dL,0.83
E000354,hemoglobin_g_dL,13.9
E000354,sodium_mmol_L,138.0
E000354,creatinine_mg_dL,1.34
E000355,hemoglobin_g_dL,10.0
E000355,sodium_mmol_L,134.0
E000355,creatinine_mg_dL,0.7
E000356,hemoglobin_g_dL,15.1
E000356,sodium_mmol_L,139.0
E000356,creatinine_mg_dL,0.79
E000357,hemoglobin_g_dL,11.9
E000357,sodium_mmol_L,137.0
E000357,creatinine_mg_dL,1.21
E000358,hemoglobin_g_dL,13.0
E000358,sodium_mmol_L,136.0
E000358,creatinine_mg_dL,0.88
E000359,hemoglobin_g_dL,11.8
E000359,sodium_mmol_L,142.0
E000359,creatinine_mg_dL,0.87
E000360,hemoglobin_g_dL,11.1
E000360,sodium_mmol_L,139.0
E000360,creatinine_mg_dL,1.02
E000361,hemoglobin_g_dL,13.6
E000361,sodium_mmol_L,142.0
E000361,creatinine_mg_dL,1.53
E000362,hemoglobin_g_dL,12.8
E000362,sodium_mmol_L,140.0
E000362,creatinine_mg_dL,1.02
E000363,hemoglobin_g_dL,11.1
E000363,sodium_mmol_L,140.0
E000363,creatinine_mg_dL,0.71
E000364,hemoglobin_g_dL,11.9
E000364,sodium_mmol_L,144.0
E000364,creatinine_mg_dL,1.09
E000365,hemoglobin_g_dL,11.4
E000365,sodium_mmol_L,133.0
E000365,creatinine_mg_dL,1.14
E000366,hemoglobin_g_dL,12.5
E000366,sodium_mmol_L,136.0
E000366,creatinine_mg_dL,0.95
E000367,hemoglobin_g_dL,13.6
E000367,sodium_mmol_L,136.0
E000367,creatinine_mg_dL,0.75
E000368,hemoglobin_g_dL,9.9
E000368,sodium_mmol_L,130.0
E000368,creatinine_mg_dL,0.55
E000369,hemoglobin_g_dL,9.5
E000369,sodium_mmol_L,135.0
E000369,creatinine_mg_dL,0.99
E000370,hemoglobin_g_dL,11.3
E000370,sodium_mmol_L,140.0
E000370,creatinine_mg_dL,1.26
E000371,hemoglobin_g_dL,14.9
E000371,sodium_mmol_L,133.0
E000371,creatinine_mg_dL,0.74
E000372,hemoglobin_g_dL,13.7
E000372,sodium_mmol_L,137.0
E000372,creatinine_mg_dL,0.43
E000373,hemoglobin_g_dL,11.9
E000373,sodium_mmol_L,142.0
E000373,creatinine_mg_dL,0.92
E000374,hemoglobin_g_dL,11.6
E000374,sodium_mmol_L,134.0
E000374,creatinine_mg_dL,0.52
E000375,hemoglobin_g_dL,10.9
E000375,sodium_mmol_L,139.0
E000375,creatinine_mg_dL,0.93
E000376,hemoglobin_g_dL,9.0
E000376,sodium_mmol_L,134.0
E000376,creatinine_mg_dL,0.92
E000377,hemoglobin_g_dL,10.9
E000377,sodium_mmol_L,138.0
E000378,sodium_mmol_L,140.0
E000378,creatinine_mg_dL,2.41
E000379,hemoglobin_g_dL,10.8
E000379,sodium_mmol_L,128.0
E000379,creatinine_mg_dL,2.38
E000380,hemoglobin_g_dL,13.6
E000380,sodium_mmol_L,134.0
E000380,creatinine_mg_dL,0.77
E000381,hemoglobin_g_dL,13.6
E000381,sodium_mmol_L,136.0
E000381,creatinine_mg_dL,1.03
E000382,hemoglobin_g_dL,10.2
E000382,sodium_mmol_L,134.0
E000383,sodium_mmol_L,141.0
E000383,creatinine_mg_dL,1.91
E000384,hemoglobin_g_dL,13.6
E000384,sodium_mmol_L,136.0
E000384,creatinine_mg_dL,0.93
E000385,hemoglobin_g_dL,12.3
E000385,sodium_mmol_L,132.0
E000385,creatinine_mg_dL,1.85
E000386,sodium_mmol_L,131.0
E000386,creatinine_mg_dL,1.02
E000387,hemoglobin_g_dL,13.4
E000387,sodium_mmol_L,139.0
E000387,creatinine_mg_dL,0.93
E000388,hemoglobin_g_dL,10.4
E000388,sodium_mmol_L,134.0
E000388,creatinine_mg_dL,1.55
E000389,sodium_mmol_L,134.0
E000389,creatinine_mg_dL,1.43
E000390,hemoglobin_g_dL,13.7
E000390,sodium_mmol_L,134.0
E000391,hemoglobin_g_dL,12.4
E000391,sodium_mmol_L,133.0
E000391,creatinine_mg_dL,1.69
E000392,hemoglobin_g_dL,10.7
E000392,sodium_mmol_L,137.0
E000392,creatinine_mg_dL,0.67
E000393,hemoglobin_g_dL,9.8
E000393,sodium_mmol_L,145.0
E000393,creatinine_mg_dL,1.51
E000394,hemoglobin_g_dL,12.6
E000394,sodium_mmol_L,133.0
E000395,hemoglobin_g_dL,12.6
E000395,creatinine_mg_dL,1.0
E000396,hemoglobin_g_dL,16.5
E000396,sodium_mmol_L,133.0
E000396,creatinine_mg_dL,0.58
E000397,hemoglobin_g_dL,13.9
E000397,sodium_mmol_L,135.0
E000397,creatinine_mg_dL,1.23
E000398,hemoglobin_g_dL,11.7
E000398,sodium_mmol_L,141.0
E000398,creatinine_mg_dL,0.93
E000399,hemoglobin_g_dL,9.8
E000399,sodium_mmol_L,131.0
E000399,creatinine_mg_dL,0.79
E000400,sodium_mmol_L,138.0
E000400,creatinine_mg_dL,1.35
E000401,hemoglobin_g_dL,11.8
E000401,sodium_mmol_L,131.0
E000401,creatinine_mg_dL,0.68
E000402,hemoglobin_g_dL,10.7
E000402,creatinine_mg_dL,0.96
E000403,hemoglobin_g_dL,12.9
E000403,sodium_mmol_L,139.0
E000403,creatinine_mg_dL,1.17
E000404,hemoglobin_g_dL,12.7
E000404,sodium_mmol_L,132.0
E000404,creatinine_mg_dL,0.91
E000405,hemoglobin_g_dL,14.7
E000405,sodium_mmol_L,133.0
E000405,creatinine_mg_dL,0.91
E000406,hemoglobin_g_dL,12.2
E000406,sodium_mmol_L,132.0
E000406,creatinine_mg_dL,1.79
E000407,hemoglobin_g_dL,12.9
E000407,sodium_mmol_L,135.0
E000407,creatinine_mg_dL,0.56
E000408,hemoglobin_g_dL,14.2
E000408,sodium_mmol_L,135.0
E000408,creatinine_mg_dL,1.65
E000409,hemoglobin_g_dL,13.0
E000409,sodium_mmol_L,130.0
E000409,creatinine_mg_dL,1.68
E000410,hemoglobin_g_dL,10.7
E000410,sodium_mmol_L,135.0
E000410,creatinine_mg_dL,0.54
E000411,hemoglobin_g_dL,10.9
E000411,sodium_mmol_L,135.0
E000411,creatinine_mg_dL,1.29
E000412,hemoglobin_g_dL,13.0
E000412,sodium_mmol_L,140.0
E000412,creatinine_mg_dL,0.91
E000413,hemoglobin_g_dL,10.2
E000413,sodium_mmol_L,128.0
E000413,creatinine_mg_dL,1.12
E000414,hemoglobin_g_dL,13.0
E000414,sodium_mmol_L,131.0
E000414,creatinine_mg_dL,1.05
E000415,hemoglobin_g_dL,14.0
E000415,creatinine_mg_dL,1.23
E000416,hemoglobin_g_dL,13.9
E000416,sodium_mmol_L,133.0
E000416,creatinine_mg_dL,0.92
E000417,hemoglobin_g_dL,8.4
E000417,sodium_mmol_L,139.0
E000417,creatinine_mg_dL,1.18
E000418,hemoglobin_g_dL,8.6
E000418,sodium_mmol_L,130.0
E000418,creatinine_mg_dL,2.13
E000419,hemoglobin_g_dL,11.8
E000419,sodium_mmol_L,137.0
E000419,creatinine_mg_dL,1.79
E000420,hemoglobin_g_dL,12.1
E000420,sodium_mmol_L,132.0
E000420,creatinine_mg_dL,0.56
E000421,hemoglobin_g_dL,14.6
E000421,sodium_mmol_L,141.0
E000421,creatinine_mg_dL,1.08
E000422,sodium_mmol_L,138.0
E000423,hemoglobin_g_dL,9.4
E000423,sodium_mmol_L,134.0
E000423,creatinine_mg_dL,0.98
E000424,hemoglobin_g_dL,12.0
E000424,sodium_mmol_L,140.0
E000424,creatinine_mg_dL,0.73
E000425,hemoglobin_g_dL,14.6
E000425,creatinine_mg_dL,1.63
E000426,hemoglobin_g_dL,13.0
E000426,sodium_mmol_L,129.0
E000426,creatinine_mg_dL,1.32
E000427,hemoglobin_g_dL,11.1
E000427,sodium_mmol_L,139.0
E000427,creatinine_mg_dL,0.99
E000428,hemoglobin_g_dL,13.1
E000428,sodium_mmol_L,135.0
E000429,hemoglobin_g_dL,11.1
E000429,sodium_mmol_L,135.0
E000429,creatinine_mg_dL,1.16
E000430,hemoglobin_g_dL,11.4
E000430,sodium_mmol_L,139.0
E000430,creatinine_mg_dL,0.82
E000431,hemoglobin_g_dL,12.7
E000431,sodium_mmol_L,138.0
E000431,creatinine_mg_dL,1.12
E000432,hemoglobin_g_dL,12.0
E000432,sodium_mmol_L,132.0
E000432,creatinine_mg_dL,1.48
E000433,hemoglobin_g_dL,9.1
E000433,sodium_mmol_L,141.0
E000433,creatinine_mg_dL,0.72
E000434,hemoglobin_g_dL,12.6
E000434,sodium_mmol_L,135.0
E000434,creatinine_mg_dL,1.17
E000435,hemoglobin_g_dL,11.3
E000435,sodium_mmol_L,139.0
E000435,creatinine_mg_dL,1.18
E000436,hemoglobin_g_dL,10.9
E000436,sodium_mmol_L,140.0
E000436,creatinine_mg_dL,0.92
E000437,hemoglobin_g_dL,11.4
E000437,sodium_mmol_L,143.0
E000437,creatinine_mg_dL,0.83
E000438,hemoglobin_g_dL,12.9
E000438,sodium_mmol_L,136.0
E000438,creatinine_mg_dL,0.66
E000439,hemoglobin_g_dL,11.4
E000439,sodium_mmol_L,138.0
E000439,creatinine_mg_dL,1.18
E000440,hemoglobin_g_dL,12.0
E000440,creatinine_mg_dL,0.72
E000441,sodium_mmol_L,140.0
E000441,creatinine_mg_dL,2.0
E000442,hemoglobin_g_dL,11.2
E000442,sodium_mmol_L,140.0
E000443,hemoglobin_g_dL,10.5
E000443,sodium_mmol_L,137.0
E000443,creatinine_mg_dL,0.81
E000444,hemoglobin_g_dL,13.1
E000444,sodium_mmol_L,134.0
E000444,creatinine_mg_dL,1.01
E000445,hemoglobin_g_dL,12.0
E000445,sodium_mmol_L,143.0
E000445,creatinine_mg_dL,1.34
E000446,hemoglobin_g_dL,12.2
E000446,sodium_mmol_L,133.0
E000446,creatinine_mg_dL,1.46
E000447,hemoglobin_g_dL,13.8
E000447,sodium_mmol_L,138.0
E000447,creatinine_mg_dL,1.24
E000448,hemoglobin_g_dL,10.0
E000448,sodium_mmol_L,129.0
E000448,creatinine_mg_dL,1.83
E000449,hemoglobin_g_dL,10.4
E000449,sodium_mmol_L,130.0
E000449,creatinine_mg_dL,0.83
E000450,hemoglobin_g_dL,16.2
E000450,sodium_mmol_L,142.0
E000450,creatinine_mg_dL,0.93
E000451,hemoglobin_g_dL,11.3
E000451,sodium_mmol_L,136.0
E000451,creatinine_mg_dL,0.86
E000452,hemoglobin_g_dL,10.3
E000452,sodium_mmol_L,129.0
E000452,creatinine_mg_dL,0.96
E000453,hemoglobin_g_dL,13.5
E000453,sodium_mmol_L,147.0
E000454,hemoglobin_g_dL,16.2
E000454,sodium_mmol_L,130.0
E000454,creatinine_mg_dL,1.09
E000455,hemoglobin_g_dL,15.0
E000455,sodium_mmol_L,139.0
E000455,creatinine_mg_dL,1.6
E000456,hemoglobin_g_dL,14.2
E000456,sodium_mmol_L,137.0
E000456,creatinine_mg_dL,0.97
E000457,hemoglobin_g_dL,10.4
E000457,sodium_mmol_L,142.0
E000457,creatinine_mg_dL,1.78
E000458,hemoglobin_g_dL,11.7
E000458,sodium_mmol_L,139.0
E000458,creatinine_mg_dL,1.59
E000459,hemoglobin_g_dL,14.3
E000459,sodium_mmol_L,139.0
E000459,creatinine_mg_dL,0.56
E000460,hemoglobin_g_dL,10.8
E000460,sodium_mmol_L,139.0
E000460,creatinine_mg_dL,0.84
E000461,hemoglobin_g_dL,13.5
E000461,sodium_mmol_L,136.0
E000461,creatinine_mg_dL,0.82
E000462,hemoglobin_g_dL,10.7
E000462,sodium_mmol_L,135.0
E000463,hemoglobin_g_dL,13.8
E000463,sodium_mmol_L,130.0
E000463,creatinine_mg_dL,0.69
E000464,hemoglobin_g_dL,12.1
E000464,sodium_mmol_L,137.0
E000465,hemoglobin_g_dL,11.9
E000465,sodium_mmol_L,131.0
E000465,creatinine_mg_dL,1.57
E000466,hemoglobin_g_dL,12.5
E000466,sodium_mmol_L,145.0
E000466,creatinine_mg_dL,2.45
E000467,hemoglobin_g_dL,14.5
E000467,sodium_mmol_L,143.0
E000467,creatinine_mg_dL,1.38
E000468,hemoglobin_g_dL,10.7
E000468,sodium_mmol_L,134.0
E000468,creatinine_mg_dL,1.85
E000469,hemoglobin_g_dL,11.5
E000469,sodium_mmol_L,143.0
E000469,creatinine_mg_dL,0.59
E000470,hemoglobin_g_dL,12.5
E000470,sodium_mmol_L,136.0
E000470,creatinine_mg_dL,0.96
E000471,hemoglobin_g_dL,10.3
E000471,sodium_mmol_L,139.0
E000471,creatinine_mg_dL,0.71
E000472,hemoglobin_g_dL,13.5
E000472,sodium_mmol_L,142.0
E000472,creatinine_mg_dL,0.75
E000473,hemoglobin_g_dL,10.9
E000473,sodium_mmol_L,137.0
E000474,hemoglobin_g_dL,11.1
E000474,sodium_mmol_L,135.0
E000475,hemoglobin_g_dL,12.7
E000475,sodium_mmol_L,131.0
E000475,creatinine_mg_dL,1.2
E000476,hemoglobin_g_dL,8.8
E000476,sodium_mmol_L,137.0
E000476,creatinine_mg_dL,0.77
E000477,hemoglobin_g_dL,14.3
E000477,sodium_mmol_L,136.0
E000477,creatinine_mg_dL,1.49
E000478,hemoglobin_g_dL,13.1
E000478,creatinine_mg_dL,1.39
E000479,hemoglobin_g_dL,9.9
E000479,sodium_mmol_L,134.0
E000479,creatinine_mg_dL,1.11
E000480,hemoglobin_g_dL,14.9
E000480,sodium_mmol_L,138.0
E000480,creatinine_mg_dL,0.43
E000481,hemoglobin_g_dL,16.3
E000481,sodium_mmol_L,134.0
E000481,creatinine_mg_dL,1.85
E000482,hemoglobin_g_dL,10.8
E000482,sodium_mmol_L,139.0
E000482,creatinine_mg_dL,2.21
E000483,hemoglobin_g_dL,14.4
E000483,sodium_mmol_L,130.0
E000483,creatinine_mg_dL,0.76
E000484,hemoglobin_g_dL,8.8
E000484,sodium_mmol_L,134.0
E000485,sodium_mmol_L,134.0
E000485,creatinine_mg_dL,1.17
E000486,hemoglobin_g_dL,8.8
E000486,sodium_mmol_L,130.0
E000486,creatinine_mg_dL,1.69
E000487,hemoglobin_g_dL,10.6
E000487,sodium_mmol_L,138.0
E000487,creatinine_mg_dL,1.28
E000488,hemoglobin_g_dL,14.6
E000488,sodium_mmol_L,136.0
E000488,creatinine_mg_dL,0.52
E000489,hemoglobin_g_dL,14.5
E000489,sodium_mmol_L,139.0
E000489,creatinine_mg_dL,0.8
E000490,hemoglobin_g_dL,13.2
E000490,sodium_mmol_L,130.0
E000490,creatinine_mg_dL,1.05
E000491,hemoglobin_g_dL,15.1
E000491,sodium_mmol_L,134.0
E000491,creatinine_mg_dL,1.14
E000492,hemoglobin_g_dL,13.1
E000492,sodium_mmol_L,139.0
E000492,creatinine_mg_dL,1.1
E000493,sodium_mmol_L,134.0
E000494,hemoglobin_g_dL,9.9
E000494,sodium_mmol_L,128.0
E000495,hemoglobin_g_dL,12.3
E000495,sodium_mmol_L,141.0
E000496,hemoglobin_g_dL,11.6
E000496,sodium_mmol_L,137.0
E000496,creatinine_mg_dL,0.69
E000497,hemoglobin_g_dL,12.4
E000497,sodium_mmol_L,140.0
E000497,creatinine_mg_dL,0.45
E000498,hemoglobin_g_dL,10.8
E000498,sodium_mmol_L,145.0
E000498,creatinine_mg_dL,0.81
E000499,hemoglobin_g_dL,10.8
E000499,sodium_mmol_L,142.0
E000499,creatinine_mg_dL,0.55
E000500,hemoglobin_g_dL,9.7
E000500,sodium_mmol_L,138.0
E000500,creatinine_mg_dL,1.12
E000501,hemoglobin_g_dL,10.5
E000501,sodium_mmol_L,131.0
E000501,creatinine_mg_dL,0.55
E000502,hemoglobin_g_dL,9.5
E000502,sodium_mmol_L,147.0
E000502,creatinine_mg_dL,1.13
E000503,hemoglobin_g_dL,9.4
E000503,creatinine_mg_dL,1.44
E000504,hemoglobin_g_dL,14.8
E000504,sodium_mmol_L,146.0
E000504,creatinine_mg_dL,0.84
E000505,hemoglobin_g_dL,13.6
E000505,sodium_mmol_L,136.0
E000506,hemoglobin_g_dL,10.2
E000506,sodium_mmol_L,139.0
E000506,creatinine_mg_dL,1.74
E000507,hemoglobin_g_dL,12.7
E000507,sodium_mmol_L,133.0
E000507,creatinine_mg_dL,1.09
E000508,hemoglobin_g_dL,13.2
E000508,sodium_mmol_L,129.0
E000508,creatinine_mg_dL,1.13
E000509,hemoglobin_g_dL,12.3
E000509,sodium_mmol_L,130.0
E000509,creatinine_mg_dL,2.17
E000510,sodium_mmol_L,141.0
E000510,creatinine_mg_dL,1.07
E000511,hemoglobin_g_dL,11.3
E000511,sodium_mmol_L,138.0
E000511,creatinine_mg_dL,1.27
E000512,hemoglobin_g_dL,12.7
E000512,sodium_mmol_L,140.0
E000512,creatinine_mg_dL,0.69
E000513,hemoglobin_g_dL,9.2
E000513,sodium_mmol_L,137.0
E000513,creatinine_mg_dL,0.95
E000514,hemoglobin_g_dL,10.3
E000514,sodium_mmol_L,132.0
E000514,creatinine_mg_dL,0.83
E000515,hemoglobin_g_dL,14.5
E000515,sodium_mmol_L,135.0
E000515,creatinine_mg_dL,0.76
E000516,hemoglobin_g_dL,9.1
E000516,sodium_mmol_L,138.0
E000516,creatinine_mg_dL,1.19
E000517,hemoglobin_g_dL,13.0
E000517,sodium_mmol_L,136.0
E000518,hemoglobin_g_dL,14.2
E000518,sodium_mmol_L,136.0
E000518,creatinine_mg_dL,0.66
E000519,hemoglobin_g_dL,10.9
E000519,sodium_mmol_L,135.0
E000519,creatinine_mg_dL,1.79
E000520,hemoglobin_g_dL,7.4
E000520,sodium_mmol_L,134.0
E000521,hemoglobin_g_dL,10.6
E000521,sodium_mmol_L,128.0
E000521,creatinine_mg_dL,0.75
E000522,hemoglobin_g_dL,14.2
E000522,sodium_mmol_L,136.0
E000522,creatinine_mg_dL,1.22
E000523,hemoglobin_g_dL,13.4
E000523,sodium_mmol_L,138.0
E000523,creatinine_mg_dL,1.13
E000524,hemoglobin_g_dL,11.8
E000524,sodium_mmol_L,138.0
E000524,creatinine_mg_dL,1.08
E000525,hemoglobin_g_dL,9.1
E000525,sodium_mmol_L,138.0
E000525,creatinine_mg_dL,1.51
E000526,hemoglobin_g_dL,10.4
E000526,sodium_mmol_L,132.0
E000526,creatinine_mg_dL,0.4
E000527,hemoglobin_g_dL,11.1
E000527,sodium_mmol_L,136.0
E000527,creatinine_mg_dL,1.63
E000528,hemoglobin_g_dL,11.9
E000528,creatinine_mg_dL,1.3
E000529,hemoglobin_g_dL,11.7
E000529,sodium_mmol_L,140.0
E000529,creatinine_mg_dL,0.99
E000530,sodium_mmol_L,132.0
E000530,creatinine_mg_dL,1.81
E000531,hemoglobin_g_dL,11.0
E000531,creatinine_mg_dL,0.73
E000532,hemoglobin_g_dL,11.1
E000532,creatinine_mg_dL,1.98
E000533,hemoglobin_g_dL,14.0
E000533,sodium_mmol_L,133.0
E000533,creatinine_mg_dL,0.8
E000534,hemoglobin_g_dL,12.0
E000534,sodium_mmol_L,130.0
E000534,creatinine_mg_dL,1.6
E000535,hemoglobin_g_dL,12.4
E000535,sodium_mmol_L,140.0
E000536,hemoglobin_g_dL,11.9
E000536,sodium_mmol_L,138.0
E000536,creatinine_mg_dL,0.76
E000537,hemoglobin_g_dL,14.3
E000537,sodium_mmol_L,130.0
E000537,creatinine_mg_dL,1.14
E000538,hemoglobin_g_dL,11.1
E000538,sodium_mmol_L,135.0
E000538,creatinine_mg_dL,0.83
E000539,hemoglobin_g_dL,10.3
E000539,sodium_mmol_L,133.0
E000539,creatinine_mg_dL,1.4
E000540,hemoglobin_g_dL,10.2
E000540,sodium_mmol_L,141.0
E000540,creatinine_mg_dL,1.53
E000541,hemoglobin_g_dL,12.4
E000541,sodium_mmol_L,131.0
E000541,creatinine_mg_dL,0.79
E000542,hemoglobin_g_dL,12.2
E000542,sodium_mmol_L,136.0
E000542,creatinine_mg_dL,0.58
E000543,hemoglobin_g_dL,11.6
E000543,sodium_mmol_L,138.0
E000543,creatinine_mg_dL,1.14
E000544,hemoglobin_g_dL,13.9
E000544,sodium_mmol_L,138.0
E000544,creatinine_mg_dL,2.27
E000545,hemoglobin_g_dL,12.1
E000545,sodium_mmol_L,138.0
E000545,creatinine_mg_dL,0.98
E000546,hemoglobin_g_dL,13.3
E000546,sodium_mmol_L,133.0
E000546,creatinine_mg_dL,2.16
E000547,hemoglobin_g_dL,15.8
E000547,sodium_mmol_L,137.0
E000547,creatinine_mg_dL,1.01
E000548,hemoglobin_g_dL,11.7
E000548,sodium_mmol_L,135.0
E000548,creatinine_mg_dL,0.99
E000549,sodium_mmol_L,137.0
E000549,creatinine_mg_dL,0.59
E000550,hemoglobin_g_dL,13.0
E000550,sodium_mmol_L,130.0
E000550,creatinine_mg_dL,1.36
E000551,hemoglobin_g_dL,11.7
E000551,sodium_mmol_L,136.0
E000551,creatinine_mg_dL,1.16
E000552,hemoglobin_g_dL,12.3
E000552,sodium_mmol_L,129.0
E000552,creatinine_mg_dL,1.22
E000553,hemoglobin_g_dL,13.8
E000553,sodium_mmol_L,134.0
E000553,creatinine_mg_dL,0.67
E000554,hemoglobin_g_dL,7.5
E000554,sodium_mmol_L,132.0
E000554,creatinine_mg_dL,0.99
E000555,hemoglobin_g_dL,15.5
E000555,sodium_mmol_L,135.0
E000555,creatinine_mg_dL,1.1
E000556,sodium_mmol_L,144.0
E000556,creatinine_mg_dL,1.44
E000557,hemoglobin_g_dL,8.3
E000557,sodium_mmol_L,133.0
E000557,creatinine_mg_dL,2.56
E000558,hemoglobin_g_dL,13.5
E000558,sodium_mmol_L,137.0
E000558,creatinine_mg_dL,0.5
E000559,hemoglobin_g_dL,12.7
E000559,sodium_mmol_L,138.0
E000559,creatinine_mg_dL,0.91
E000560,hemoglobin_g_dL,12.9
E000560,sodium_mmol_L,136.0
E000560,creatinine_mg_dL,0.82
E000561,hemoglobin_g_dL,15.0
E000561,sodium_mmol_L,139.0
E000561,creatinine_mg_dL,0.62
E000562,sodium_mmol_L,144.0
E000562,creatinine_mg_dL,1.14
E000563,hemoglobin_g_dL,11.6
E000563,sodium_mmol_L,146.0
E000563,creatinine_mg_dL,0.91
E000564,hemoglobin_g_dL,13.8
E000564,sodium_mmol_L,136.0
E000564,creatinine_mg_dL,1.62
E000565,hemoglobin_g_dL,11.2
E000565,sodium_mmol_L,136.0
E000565,creatinine_mg_dL,1.01
E000566,hemoglobin_g_dL,11.0
E000566,sodium_mmol_L,138.0
E000566,creatinine_mg_dL,0.82
E000567,hemoglobin_g_dL,13.4
E000567,sodium_mmol_L,139.0
E000567,creatinine_mg_dL,0.75
E000568,sodium_mmol_L,137.0
E000568,creatinine_mg_dL,0.98
E000569,hemoglobin_g_dL,13.1
E000569,sodium_mmol_L,135.0
E000569,creatinine_mg_dL,2.06
E000570,hemoglobin_g_dL,10.2
E000570,sodium_mmol_L,136.0
E000570,creatinine_mg_dL,0.73
E000571,hemoglobin_g_dL,11.3
E000571,sodium_mmol_L,131.0
E000571,creatinine_mg_dL,0.92
E000572,creatinine_mg_dL,0.77
E000573,hemoglobin_g_dL,13.0
E000573,sodium_mmol_L,133.0
E000573,creatinine_mg_dL,1.29
E000574,hemoglobin_g_dL,12.8
E000574,sodium_mmol_L,130.0
E000575,hemoglobin_g_dL,10.2
E000575,sodium_mmol_L,129.0
E000575,creatinine_mg_dL,1.13
E000576,hemoglobin_g_dL,10.4
E000576,sodium_mmol_L,135.0
E000576,creatinine_mg_dL,1.08
E000577,hemoglobin_g_dL,14.4
E000577,sodium_mmol_L,138.0
E000577,creatinine_mg_dL,1.75
E000578,hemoglobin_g_dL,11.5
E000578,sodium_mmol_L,137.0
E000579,hemoglobin_g_dL,15.1
E000579,sodium_mmol_L,135.0
E000579,creatinine_mg_dL,1.11
E000580,hemoglobin_g_dL,10.0
E000580,sodium_mmol_L,130.0
E000580,creatinine_mg_dL,0.74
E000581,hemoglobin_g_dL,13.5
E000581,sodium_mmol_L,140.0
E000581,creatinine_mg_dL,0.45
E000582,hemoglobin_g_dL,12.3
E000582,sodium_mmol_L,134.0
E000582,creatinine_mg_dL,0.9
E000583,hemoglobin_g_dL,13.3
E000583,sodium_mmol_L,140.0
E000583,creatinine_mg_dL,0.76
E000584,hemoglobin_g_dL,12.5
E000584,sodium_mmol_L,137.0
E000584,creatinine_mg_dL,2.61
E000585,hemoglobin_g_dL,13.0
E000585,sodium_mmol_L,132.0
E000585,creatinine_mg_dL,1.45
E000586,sodium_mmol_L,137.0
E000586,creatinine_mg_dL,1.11
E000587,hemoglobin_g_dL,9.2
E000587,sodium_mmol_L,141.0
E000588,hemoglobin_g_dL,15.2
E000588,sodium_mmol_L,144.0
E000588,creatinine_mg_dL,0.65
E000589,hemoglobin_g_dL,12.3
E000589,sodium_mmol_L,142.0
E000589,creatinine_mg_dL,0.55
E000590,hemoglobin_g_dL,13.6
E000590,sodium_mmol_L,136.0
E000590,creatinine_mg_dL,0.99
E000591,hemoglobin_g_dL,13.2
E000591,sodium_mmol_L,139.0
E000592,hemoglobin_g_dL,9.2
E000592,sodium_mmol_L,143.0
E000592,creatinine_mg_dL,1.37
E000593,hemoglobin_g_dL,11.9
E000593,sodium_mmol_L,132.0
E000593,creatinine_mg_dL,1.4
E000594,hemoglobin_g_dL,14.0
E000594,sodium_mmol_L,135.0
E000594,creatinine_mg_dL,0.96
E000595,hemoglobin_g_dL,11.8
E000595,sodium_mmol_L,135.0
E000595,creatinine_mg_dL,1.45
E000596,hemoglobin_g_dL,13.6
E000596,sodium_mmol_L,138.0
E000596,creatinine_mg_dL,1.15
E000597,hemoglobin_g_dL,10.0
E000597,sodium_mmol_L,138.0
E000598,hemoglobin_g_dL,11.0
E000598,sodium_mmol_L,133.0
E000599,hemoglobin_g_dL,11.2
E000599,sodium_mmol_L,131.0
E000599,creatinine_mg_dL,0.95
E000600,hemoglobin_g_dL,12.9
E000600,sodium_mmol_L,140.0
E000600,creatinine_mg_dL,0.95
E000601,hemoglobin_g_dL,12.0
E000601,sodium_mmol_L,135.0
E000601,creatinine_mg_dL,0.73
E000602,hemoglobin_g_dL,11.9
E000602,sodium_mmol_L,132.0
E000602,creatinine_mg_dL,0.91
E000603,hemoglobin_g_dL,14.2
E000603,sodium_mmol_L,136.0
E000603,creatinine_mg_dL,0.82
E000604,hemoglobin_g_dL,15.6
E000604,sodium_mmol_L,142.0
E000604,creatinine_mg_dL,1.78
E000605,hemoglobin_g_dL,13.3
E000605,sodium_mmol_L,142.0
E000605,creatinine_mg_dL,0.73
E000606,hemoglobin_g_dL,11.8
E000606,sodium_mmol_L,140.0
E000606,creatinine_mg_dL,1.31
E000607,hemoglobin_g_dL,8.4
E000607,sodium_mmol_L,136.0
E000607,creatinine_mg_dL,1.13
E000608,hemoglobin_g_dL,5.4
E000608,sodium_mmol_L,139.0
E000608,creatinine_mg_dL,0.8
E000609,hemoglobin_g_dL,10.8
E000609,sodium_mmol_L,132.0
E000609,creatinine_mg_dL,1.13
E000610,hemoglobin_g_dL,12.3
E000610,sodium_mmol_L,142.0
E000610,creatinine_mg_dL,1.85
E000611,hemoglobin_g_dL,9.2
E000611,sodium_mmol_L,134.0
E000611,creatinine_mg_dL,1.59
E000612,hemoglobin_g_dL,11.5
E000612,sodium_mmol_L,139.0
E000612,creatinine_mg_dL,0.78
E000613,hemoglobin_g_dL,11.3
E000613,sodium_mmol_L,133.0
E000613,creatinine_mg_dL,1.28
E000614,hemoglobin_g_dL,10.0
E000614,sodium_mmol_L,134.0
E000614,creatinine_mg_dL,1.16
E000615,hemoglobin_g_dL,11.2
E000615,sodium_mmol_L,136.0
E000615,creatinine_mg_dL,1.0
E000616,hemoglobin_g_dL,13.0
E000616,sodium_mmol_L,130.0
E000616,creatinine_mg_dL,1.05
E000617,hemoglobin_g_dL,12.1
E000617,creatinine_mg_dL,0.64
E000618,hemoglobin_g_dL,13.8
E000618,sodium_mmol_L,132.0
E000619,hemoglobin_g_dL,11.2
E000619,creatinine_mg_dL,1.74
E000620,hemoglobin_g_dL,13.6
E000620,sodium_mmol_L,132.0
E000620,creatinine_mg_dL,1.33
E000621,hemoglobin_g_dL,13.2
E000621,sodium_mmol_L,132.0
E000621,creatinine_mg_dL,0.62
E000622,hemoglobin_g_dL,11.6
E000622,sodium_mmol_L,138.0
E000622,creatinine_mg_dL,1.03
E000623,hemoglobin_g_dL,12.4
E000623,creatinine_mg_dL,0.97
E000624,hemoglobin_g_dL,13.7
E000624,sodium_mmol_L,136.0
E000624,creatinine_mg_dL,1.16
E000625,hemoglobin_g_dL,12.9
E000625,sodium_mmol_L,133.0
E000625,creatinine_mg_dL,0.89
E000626,hemoglobin_g_dL,9.8
E000626,sodium_mmol_L,131.0
E000626,creatinine_mg_dL,1.22
E000627,hemoglobin_g_dL,12.8
E000627,sodium_mmol_L,132.0
E000627,creatinine_mg_dL,1.01
E000628,hemoglobin_g_dL,9.3
E000628,sodium_mmol_L,139.0
E000628,creatinine_mg_dL,0.88
E000629,hemoglobin_g_dL,9.6
E000629,sodium_mmol_L,131.0
E000629,creatinine_mg_dL,1.15
E000630,hemoglobin_g_dL,11.3
E000630,sodium_mmol_L,137.0
E000630,creatinine_mg_dL,1.21
E000631,hemoglobin_g_dL,11.1
E000631,sodium_mmol_L,144.0
E000631,creatinine_mg_dL,0.84
E000632,hemoglobin_g_dL,12.7
E000632,sodium_mmol_L,137.0
E000632,creatinine_mg_dL,1.72
E000633,hemoglobin_g_dL,13.3
E000633,sodium_mmol_L,140.0
E000633,creatinine_mg_dL,1.17
E000634,hemoglobin_g_dL,13.1
E000634,sodium_mmol_L,136.0
E000634,creatinine_mg_dL,1.05
E000635,hemoglobin_g_dL,10.4
E000635,sodium_mmol_L,134.0
E000635,creatinine_mg_dL,1.53
E000636,hemoglobin_g_dL,13.8
E000636,creatinine_mg_dL,0.93
E000637,hemoglobin_g_dL,14.3
E000637,sodium_mmol_L,138.0
E000637,creatinine_mg_dL,0.78
E000638,hemoglobin_g_dL,15.1
E000638,sodium_mmol_L,140.0
E000638,creatinine_mg_dL,0.9
E000639,hemoglobin_g_dL,11.5
E000639,sodium_mmol_L,140.0
E000639,creatinine_mg_dL,1.82
E000640,hemoglobin_g_dL,13.2
E000640,sodium_mmol_L,138.0
E000640,creatinine_mg_dL,0.76
E000641,hemoglobin_g_dL,14.5
E000641,sodium_mmol_L,140.0
E000641,creatinine_mg_dL,1.77
E000642,hemoglobin_g_dL,10.5
E000642,sodium_mmol_L,131.0
E000642,creatinine_mg_dL,0.45
E000643,hemoglobin_g_dL,10.6
E000643,sodium_mmol_L,135.0
E000643,creatinine_mg_dL,1.63
E000644,hemoglobin_g_dL,15.8
E000644,creatinine_mg_dL,1.41
E000645,hemoglobin_g_dL,12.6
E000645,sodium_mmol_L,130.0
E000645,creatinine_mg_dL,2.36
E000646,creatinine_mg_dL,1.0
E000647,hemoglobin_g_dL,15.3
E000647,sodium_mmol_L,143.0
E000647,creatinine_mg_dL,0.87
E000648,sodium_mmol_L,139.0
E000648,creatinine_mg_dL,0.78
E000649,hemoglobin_g_dL,14.9
E000649,sodium_mmol_L,140.0
E000649,creatinine_mg_dL,1.27
E000650,hemoglobin_g_dL,13.3
E000650,sodium_mmol_L,137.0
E000650,creatinine_mg_dL,1.42
E000651,hemoglobin_g_dL,10.2
E000651,sodium_mmol_L,143.0
E000652,hemoglobin_g_dL,11.1
E000652,sodium_mmol_L,133.0
E000652,creatinine_mg_dL,0.95
E000653,hemoglobin_g_dL,12.1
E000653,sodium_mmol_L,142.0
E000653,creatinine_mg_dL,1.26
E000654,hemoglobin_g_dL,13.0
E000654,sodium_mmol_L,142.0
E000655,hemoglobin_g_dL,13.2
E000655,sodium_mmol_L,131.0
E000655,creatinine_mg_dL,0.76
E000656,hemoglobin_g_dL,8.9
E000656,sodium_mmol_L,135.0
E000657,hemoglobin_g_dL,14.5
E000657,sodium_mmol_L,137.0
E000657,creatinine_mg_dL,0.94
E000658,hemoglobin_g_dL,12.8
E000658,sodium_mmol_L,141.0
E000658,creatinine_mg_dL,0.81
E000659,hemoglobin_g_dL,14.2
E000659,sodium_mmol_L,143.0
E000659,creatinine_mg_dL,0.91
E000660,hemoglobin_g_dL,10.5
E000660,sodium_mmol_L,139.0
E000660,creatinine_mg_dL,1.57
E000661,hemoglobin_g_dL,14.2
E000661,sodium_mmol_L,139.0
E000662,hemoglobin_g_dL,14.1
E000662,sodium_mmol_L,137.0
E000662,creatinine_mg_dL,0.63
E000663,hemoglobin_g_dL,11.4
E000663,sodium_mmol_L,138.0
E000663,creatinine_mg_dL,0.71
E000664,hemoglobin_g_dL,11.9
E000664,sodium_mmol_L,139.0
E000664,creatinine_mg_dL,1.05
E000665,hemoglobin_g_dL,9.9
E000665,sodium_mmol_L,133.0
E000665,creatinine_mg_dL,1.09
E000666,hemoglobin_g_dL,9.9
E000666,sodium_mmol_L,141.0
E000666,creatinine_mg_dL,1.87
E000667,hemoglobin_g_dL,10.7
E000667,sodium_mmol_L,139.0
E000667,creatinine_mg_dL,1.4
E000668,hemoglobin_g_dL,14.0
E000668,sodium_mmol_L,136.0
E000669,sodium_mmol_L,130.0
E000669,creatinine_mg_dL,1.43
E000670,hemoglobin_g_dL,13.4
E000670,sodium_mmol_L,136.0
E000670,creatinine_mg_dL,1.04
E000671,hemoglobin_g_dL,15.0
E000671,sodium_mmol_L,136.0
E000671,creatinine_mg_dL,0.71
E000672,hemoglobin_g_dL,13.8
E000672,sodium_mmol_L,136.0
E000672,creatinine_mg_dL,1.93
E000673,hemoglobin_g_dL,12.3
E000673,sodium_mmol_L,132.0
E000673,creatinine_mg_dL,0.87
E000674,hemoglobin_g_dL,14.2
E000674,sodium_mmol_L,136.0
E000675,hemoglobin_g_dL,14.2
E000675,sodium_mmol_L,140.0
E000675,creatinine_mg_dL,1.84
E000676,hemoglobin_g_dL,13.2
E000676,sodium_mmol_L,139.0
E000676,creatinine_mg_dL,1.32
E000677,hemoglobin_g_dL,12.5
E000677,sodium_mmol_L,138.0
E000677,creatinine_mg_dL,0.91
E000678,hemoglobin_g_dL,16.3
E000678,sodium_mmol_L,133.0
E000678,creatinine_mg_dL,1.63
E000679,creatinine_mg_dL,0.88
E000680,hemoglobin_g_dL,14.7
E000680,sodium_mmol_L,138.0
E000680,creatinine_mg_dL,1.5
E000681,hemoglobin_g_dL,13.4
E000681,sodium_mmol_L,133.0
E000681,creatinine_mg_dL,1.24
E000682,hemoglobin_g_dL,13.4
E000682,sodium_mmol_L,134.0
E000682,creatinine_mg_dL,1.19
E000683,hemoglobin_g_dL,11.3
E000683,sodium_mmol_L,135.0
E000683,creatinine_mg_dL,1.29
E000684,hemoglobin_g_dL,13.4
E000684,sodium_mmol_L,139.0
E000684,creatinine_mg_dL,0.75
E000685,hemoglobin_g_dL,13.8
E000685,sodium_mmol_L,138.0
E000685,creatinine_mg_dL,0.86
E000686,hemoglobin_g_dL,13.1
E000686,sodium_mmol_L,140.0
E000687,hemoglobin_g_dL,11.6
E000687,sodium_mmol_L,134.0
E000687,creatinine_mg_dL,0.58
E000688,hemoglobin_g_dL,11.3
E000688,sodium_mmol_L,137.0
E000688,creatinine_mg_dL,0.76
E000689,hemoglobin_g_dL,8.0
E000689,sodium_mmol_L,137.0
E000689,creatinine_mg_dL,1.72
E000690,hemoglobin_g_dL,12.8
E000690,sodium_mmol_L,143.0
E000690,creatinine_mg_dL,0.88
E000691,hemoglobin_g_dL,9.6
E000691,sodium_mmol_L,143.0
E000691,creatinine_mg_dL,1.26
E000692,hemoglobin_g_dL,10.5
E000692,sodium_mmol_L,139.0
E000692,creatinine_mg_dL,1.08
E000693,hemoglobin_g_dL,14.9
E000693,sodium_mmol_L,135.0
E000693,creatinine_mg_dL,0.8
E000694,hemoglobin_g_dL,12.8
E000694,sodium_mmol_L,135.0
E000694,creatinine_mg_dL,0.84
E000695,hemoglobin_g_dL,11.8
E000695,sodium_mmol_L,138.0
E000695,creatinine_mg_dL,0.51
E000696,hemoglobin_g_dL,10.5
E000696,sodium_mmol_L,148.0
E000696,creatinine_mg_dL,1.18
E000697,hemoglobin_g_dL,12.8
E000697,sodium_mmol_L,133.0
E000697,creatinine_mg_dL,0.86
E000698,hemoglobin_g_dL,12.6
E000698,sodium_mmol_L,136.0
E000698,creatinine_mg_dL,0.97
E000699,hemoglobin_g_dL,13.7
E000699,sodium_mmol_L,139.0
E000699,creatinine_mg_dL,1.23
E000700,hemoglobin_g_dL,11.6
E000700,sodium_mmol_L,133.0
E000700,creatinine_mg_dL,0.91
E000701,hemoglobin_g_dL,10.7
E000701,sodium_mmol_L,132.0
E000701,creatinine_mg_dL,0.99
E000702,hemoglobin_g_dL,10.0
E000702,sodium_mmol_L,138.0
E000702,creatinine_mg_dL,2.84
E000703,hemoglobin_g_dL,12.1
E000703,sodium_mmol_L,136.0
E000704,hemoglobin_g_dL,12.2
E000704,sodium_mmol_L,138.0
E000704,creatinine_mg_dL,1.32
E000705,hemoglobin_g_dL,9.6
E000705,sodium_mmol_L,135.0
E000705,creatinine_mg_dL,0.73
E000706,hemoglobin_g_dL,12.2
E000706,sodium_mmol_L,136.0
E000707,hemoglobin_g_dL,13.1
E000707,sodium_mmol_L,140.0
E000708,hemoglobin_g_dL,11.3
E000708,creatinine_mg_dL,1.12
E000709,hemoglobin_g_dL,14.0
E000709,sodium_mmol_L,130.0
E000709,creatinine_mg_dL,0.9
E000710,hemoglobin_g_dL,12.7
E000710,sodium_mmol_L,133.0
E000710,creatinine_mg_dL,1.27
E000711,hemoglobin_g_dL,10.9
E000711,sodium_mmol_L,139.0
E000711,creatinine_mg_dL,1.59
E000712,hemoglobin_g_dL,15.4
E000712,sodium_mmol_L,138.0
E000712,creatinine_mg_dL,0.98
E000713,hemoglobin_g_dL,11.3
E000713,sodium_mmol_L,136.0
E000714,hemoglobin_g_dL,11.7
E000714,sodium_mmol_L,131.0
E000714,creatinine_mg_dL,1.36
E000715,hemoglobin_g_dL,14.4
E000715,sodium_mmol_L,144.0
E000715,creatinine_mg_dL,0.88
E000716,hemoglobin_g_dL,13.1
E000716,sodium_mmol_L,139.0
E000716,creatinine_mg_dL,0.83
E000717,hemoglobin_g_dL,12.4
E000717,sodium_mmol_L,129.0
E000718,hemoglobin_g_dL,11.7
E000718,sodium_mmol_L,132.0
E000718,creatinine_mg_dL,1.55
E000719,hemoglobin_g_dL,12.0
E000719,creatinine_mg_dL,0.58
E000720,hemoglobin_g_dL,12.3
E000720,sodium_mmol_L,130.0
E000720,creatinine_mg_dL,0.76
E000721,hemoglobin_g_dL,10.0
E000721,creatinine_mg_dL,0.91
E000722,hemoglobin_g_dL,11.1
E000722,sodium_mmol_L,140.0
E000723,hemoglobin_g_dL,11.5
E000723,sodium_mmol_L,142.0
E000723,creatinine_mg_dL,1.64
E000724,hemoglobin_g_dL,9.4
E000724,sodium_mmol_L,144.0
E000724,creatinine_mg_dL,1.37
E000725,hemoglobin_g_dL,12.1
E000725,creatinine_mg_dL,0.73
E000726,hemoglobin_g_dL,10.2
E000726,sodium_mmol_L,136.0
E000726,creatinine_mg_dL,0.87
E000727,hemoglobin_g_dL,12.4
E000727,sodium_mmol_L,137.0
E000727,creatinine_mg_dL,1.5
E000728,hemoglobin_g_dL,12.1
E000729,hemoglobin_g_dL,13.7
E000729,sodium_mmol_L,129.0
E000729,creatinine_mg_dL,0.93
E000730,hemoglobin_g_dL,13.2
E000730,sodium_mmol_L,133.0
E000730,creatinine_mg_dL,0.79
E000731,hemoglobin_g_dL,15.5
E000731,sodium_mmol_L,139.0
E000731,creatinine_mg_dL,1.94
E000732,hemoglobin_g_dL,11.4
E000732,sodium_mmol_L,129.0
E000733,hemoglobin_g_dL,11.3
E000733,sodium_mmol_L,131.0
E000734,hemoglobin_g_dL,13.2
E000734,sodium_mmol_L,140.0
E000734,creatinine_mg_dL,0.95
E000735,hemoglobin_g_dL,12.0
E000735,sodium_mmol_L,140.0
E000735,creatinine_mg_dL,0.89
E000736,hemoglobin_g_dL,14.5
E000736,sodium_mmol_L,143.0
E000736,creatinine_mg_dL,0.6
E000737,hemoglobin_g_dL,12.5
E000737,sodium_mmol_L,141.0
E000737,creatinine_mg_dL,1.05
E000738,hemoglobin_g_dL,12.2
E000738,sodium_mmol_L,138.0
E000738,creatinine_mg_dL,1.91
E000739,hemoglobin_g_dL,11.7
E000739,sodium_mmol_L,132.0
E000740,hemoglobin_g_dL,14.1
E000740,sodium_mmol_L,141.0
E000740,creatinine_mg_dL,0.89
E000741,hemoglobin_g_dL,14.2
E000741,sodium_mmol_L,145.0
E000741,creatinine_mg_dL,1.1
E000742,hemoglobin_g_dL,10.8
E000742,sodium_mmol_L,142.0
E000742,creatinine_mg_dL,1.07
E000743,hemoglobin_g_dL,8.9
E000743,sodium_mmol_L,135.0
E000743,creatinine_mg_dL,1.73
E000744,hemoglobin_g_dL,12.0
E000744,creatinine_mg_dL,1.14
E000745,hemoglobin_g_dL,11.7
E000745,creatinine_mg_dL,1.67
E000746,hemoglobin_g_dL,14.5
E000746,sodium_mmol_L,137.0
E000747,hemoglobin_g_dL,12.7
E000747,sodium_mmol_L,140.0
E000747,creatinine_mg_dL,0.83
E000748,hemoglobin_g_dL,12.6
E000748,sodium_mmol_L,141.0
E000748,creatinine_mg_dL,0.79
E000749,hemoglobin_g_dL,16.1
E000749,sodium_mmol_L,143.0
E000749,creatinine_mg_dL,0.91
E000750,hemoglobin_g_dL,11.8
E000750,sodium_mmol_L,140.0
E000751,hemoglobin_g_dL,11.2
E000751,sodium_mmol_L,125.0
E000751,creatinine_mg_dL,1.53
E000752,hemoglobin_g_dL,11.0
E000752,sodium_mmol_L,131.0
E000752,creatinine_mg_dL,1.52
E000753,hemoglobin_g_dL,10.9
E000753,sodium_mmol_L,138.0
E000753,creatinine_mg_dL,0.72
E000754,hemoglobin_g_dL,13.4
E000754,sodium_mmol_L,143.0
E000754,creatinine_mg_dL,0.83
E000755,hemoglobin_g_dL,12.2
E000755,sodium_mmol_L,134.0
E000755,creatinine_mg_dL,0.85
E000756,hemoglobin_g_dL,9.5
E000756,sodium_mmol_L,136.0
E000757,hemoglobin_g_dL,15.2
E000757,sodium_mmol_L,135.0
E000757,creatinine_mg_dL,1.04
E000758,hemoglobin_g_dL,14.1
E000758,sodium_mmol_L,142.0
E000758,creatinine_mg_dL,1.02
E000759,hemoglobin_g_dL,9.5
E000759,creatinine_mg_dL,1.06
E000760,hemoglobin_g_dL,12.3
E000760,creatinine_mg_dL,2.01
E000761,hemoglobin_g_dL,12.3
E000761,sodium_mmol_L,135.0
E000761,creatinine_mg_dL,1.25
E000762,hemoglobin_g_dL,13.7
E000762,sodium_mmol_L,138.0
E000762,creatinine_mg_dL,0.76
E000763,hemoglobin_g_dL,12.0
E000763,sodium_mmol_L,142.0
E000763,creatinine_mg_dL,1.31
E000764,hemoglobin_g_dL,12.1
E000764,sodium_mmol_L,135.0
E000764,creatinine_mg_dL,1.68
E000765,hemoglobin_g_dL,15.2
E000765,sodium_mmol_L,141.0
E000765,creatinine_mg_dL,0.71
E000766,hemoglobin_g_dL,9.8
E000766,sodium_mmol_L,137.0
E000766,creatinine_mg_dL,0.85
E000767,hemoglobin_g_dL,10.6
E000767,sodium_mmol_L,131.0
E000767,creatinine_mg_dL,0.71
E000768,sodium_mmol_L,133.0
E000768,creatinine_mg_dL,1.15
E000769,hemoglobin_g_dL,13.7
E000769,sodium_mmol_L,138.0
E000769,creatinine_mg_dL,0.62
E000770,hemoglobin_g_dL,13.2
E000770,sodium_mmol_L,144.0
E000770,creatinine_mg_dL,2.27
E000771,creatinine_mg_dL,1.29
E000772,hemoglobin_g_dL,12.0
E000772,sodium_mmol_L,140.0
E000772,creatinine_mg_dL,0.6
E000773,hemoglobin_g_dL,13.1
E000773,sodium_mmol_L,133.0
E000773,creatinine_mg_dL,1.19
E000774,hemoglobin_g_dL,11.3
E000774,sodium_mmol_L,133.0
E000774,creatinine_mg_dL,1.72
E000775,hemoglobin_g_dL,12.3
E000775,sodium_mmol_L,132.0
E000775,creatinine_mg_dL,1.09
E000776,sodium_mmol_L,136.0
E000776,creatinine_mg_dL,0.53
E000777,hemoglobin_g_dL,11.7
E000777,sodium_mmol_L,135.0
E000777,creatinine_mg_dL,2.85
E000778,hemoglobin_g_dL,10.5
E000778,sodium_mmol_L,132.0
E000779,hemoglobin_g_dL,11.0
E000779,sodium_mmol_L,129.0
E000779,creatinine_mg_dL,0.89
E000780,hemoglobin_g_dL,14.6
E000780,sodium_mmol_L,143.0
E000780,creatinine_mg_dL,1.1
E000781,hemoglobin_g_dL,13.3
E000781,sodium_mmol_L,140.0
E000782,hemoglobin_g_dL,11.8
E000782,sodium_mmol_L,137.0
E000783,hemoglobin_g_dL,15.4
E000783,sodium_mmol_L,134.0
E000783,creatinine_mg_dL,1.17
E000784,hemoglobin_g_dL,12.9
E000784,sodium_mmol_L,136.0
E000784,creatinine_mg_dL,0.78
E000785,hemoglobin_g_dL,13.4
E000785,sodium_mmol_L,144.0
E000785,creatinine_mg_dL,0.95
E000786,hemoglobin_g_dL,10.4
E000786,sodium_mmol_L,137.0
E000786,creatinine_mg_dL,1.0
E000787,hemoglobin_g_dL,13.1
E000787,sodium_mmol_L,132.0
E000787,creatinine_mg_dL,1.64
E000788,hemoglobin_g_dL,12.3
E000788,sodium_mmol_L,137.0
E000788,creatinine_mg_dL,1.38
E000789,hemoglobin_g_dL,10.3
E000789,sodium_mmol_L,135.0
E000790,hemoglobin_g_dL,11.3
E000790,sodium_mmol_L,133.0
E000790,creatinine_mg_dL,0.69
E000791,hemoglobin_g_dL,13.2
E000791,sodium_mmol_L,131.0
E000791,creatinine_mg_dL,1.44
E000792,hemoglobin_g_dL,15.6
E000792,sodium_mmol_L,139.0
E000792,creatinine_mg_dL,0.95
E000793,hemoglobin_g_dL,11.3
E000793,sodium_mmol_L,133.0
E000793,creatinine_mg_dL,0.69
E000794,hemoglobin_g_dL,9.5
E000794,sodium_mmol_L,129.0
E000794,creatinine_mg_dL,0.63
E000795,sodium_mmol_L,135.0
E000795,creatinine_mg_dL,1.22
E000796,hemoglobin_g_dL,10.6
E000796,sodium_mmol_L,137.0
E000797,hemoglobin_g_dL,12.4
E000797,sodium_mmol_L,135.0
E000797,creatinine_mg_dL,1.01
E000798,sodium_mmol_L,133.0
E000798,creatinine_mg_dL,1.25
E000799,hemoglobin_g_dL,10.1
E000799,sodium_mmol_L,136.0
E000799,creatinine_mg_dL,1.88
E000800,hemoglobin_g_dL,12.9
E000800,creatinine_mg_dL,1.31
E000801,sodium_mmol_L,132.0
E000801,creatinine_mg_dL,1.07
E000802,sodium_mmol_L,137.0
E000802,creatinine_mg_dL,1.31
E000803,hemoglobin_g_dL,13.0
E000803,sodium_mmol_L,136.0
E000803,creatinine_mg_dL,1.25
E000804,hemoglobin_g_dL,13.4
E000804,sodium_mmol_L,142.0
E000804,creatinine_mg_dL,1.16
E000805,hemoglobin_g_dL,14.0
E000805,sodium_mmol_L,150.0
E000805,creatinine_mg_dL,1.38
E000806,hemoglobin_g_dL,16.6
E000806,sodium_mmol_L,133.0
E000806,creatinine_mg_dL,0.85
E000807,hemoglobin_g_dL,8.5
E000807,sodium_mmol_L,136.0
E000807,creatinine_mg_dL,1.06
E000808,hemoglobin_g_dL,14.3
E000808,sodium_mmol_L,139.0
E000808,creatinine_mg_dL,0.63
E000809,hemoglobin_g_dL,14.3
E000809,sodium_mmol_L,142.0
E000809,creatinine_mg_dL,1.77
E000810,hemoglobin_g_dL,16.6
E000810,sodium_mmol_L,130.0
E000810,creatinine_mg_dL,0.97
E000811,hemoglobin_g_dL,16.6
E000811,sodium_mmol_L,132.0
E000811,creatinine_mg_dL,1.71
E000812,hemoglobin_g_dL,13.9
E000812,sodium_mmol_L,132.0
E000812,creatinine_mg_dL,0.67
E000813,hemoglobin_g_dL,14.9
E000813,sodium_mmol_L,133.0
E000813,creatinine_mg_dL,1.21
E000814,hemoglobin_g_dL,11.8
E000814,sodium_mmol_L,135.0
E000814,creatinine_mg_dL,1.45
E000815,hemoglobin_g_dL,13.3
E000815,sodium_mmol_L,141.0
E000815,creatinine_mg_dL,1.86
E000816,hemoglobin_g_dL,12.8
E000816,sodium_mmol_L,139.0
E000816,creatinine_mg_dL,0.76
E000817,hemoglobin_g_dL,9.0
E000817,sodium_mmol_L,134.0
E000818,hemoglobin_g_dL,10.9
E000818,sodium_mmol_L,138.0
E000819,hemoglobin_g_dL,11.3
E000819,sodium_mmol_L,135.0
E000819,creatinine_mg_dL,1.48
E000820,hemoglobin_g_dL,14.0
E000820,sodium_mmol_L,143.0
E000820,creatinine_mg_dL,0.95
E000821,hemoglobin_g_dL,9.2
E000821,sodium_mmol_L,136.0
E000821,creatinine_mg_dL,1.95
E000822,hemoglobin_g_dL,13.6
E000822,sodium_mmol_L,143.0
E000822,creatinine_mg_dL,0.54
E000823,hemoglobin_g_dL,13.8
E000823,creatinine_mg_dL,0.95
E000824,hemoglobin_g_dL,10.3
E000824,sodium_mmol_L,133.0
E000824,creatinine_mg_dL,1.83
E000825,hemoglobin_g_dL,13.3
E000825,sodium_mmol_L,138.0
E000825,creatinine_mg_dL,1.2
E000826,hemoglobin_g_dL,10.5
E000826,sodium_mmol_L,125.0
E000826,creatinine_mg_dL,0.76
E000827,sodium_mmol_L,134.0
E000827,creatinine_mg_dL,1.5
E000828,hemoglobin_g_dL,15.6
E000828,sodium_mmol_L,130.0
E000828,creatinine_mg_dL,0.93
E000829,hemoglobin_g_dL,13.0
E000829,sodium_mmol_L,143.0
E000829,creatinine_mg_dL,0.49
E000830,hemoglobin_g_dL,10.2
E000830,sodium_mmol_L,127.0
E000830,creatinine_mg_dL,1.37
E000831,hemoglobin_g_dL,10.5
E000831,sodium_mmol_L,131.0
E000831,creatinine_mg_dL,1.43
E000832,hemoglobin_g_dL,10.4
E000832,sodium_mmol_L,136.0
E000832,creatinine_mg_dL,1.29
E000833,hemoglobin_g_dL,9.4
E000833,sodium_mmol_L,136.0
E000833,creatinine_mg_dL,1.55
E000834,hemoglobin_g_dL,15.7
E000834,sodium_mmol_L,133.0
E000834,creatinine_mg_dL,0.86
E000835,hemoglobin_g_dL,11.7
E000835,sodium_mmol_L,133.0
E000835,creatinine_mg_dL,0.83
E000836,hemoglobin_g_dL,14.1
E000836,sodium_mmol_L,134.0
E000836,creatinine_mg_dL,0.81
E000837,hemoglobin_g_dL,13.1
E000837,creatinine_mg_dL,1.95
E000838,sodium_mmol_L,139.0
E000838,creatinine_mg_dL,1.24
E000839,hemoglobin_g_dL,13.3
E000839,sodium_mmol_L,138.0
E000839,creatinine_mg_dL,1.52
E000840,hemoglobin_g_dL,8.2
E000840,sodium_mmol_L,142.0
E000840,creatinine_mg_dL,1.97
E000841,hemoglobin_g_dL,12.3
E000841,sodium_mmol_L,132.0
E000841,creatinine_mg_dL,1.6
E000842,hemoglobin_g_dL,10.2
E000842,sodium_mmol_L,133.0
E000842,creatinine_mg_dL,1.98
E000843,hemoglobin_g_dL,13.0
E000843,sodium_mmol_L,135.0
E000843,creatinine_mg_dL,2.0
E000844,hemoglobin_g_dL,10.9
E000844,sodium_mmol_L,148.0
E000845,hemoglobin_g_dL,12.0
E000845,sodium_mmol_L,135.0
E000845,creatinine_mg_dL,1.06
E000846,hemoglobin_g_dL,12.6
E000846,sodium_mmol_L,137.0
E000846,creatinine_mg_dL,0.84
E000847,hemoglobin_g_dL,9.7
E000847,creatinine_mg_dL,1.17
E000848,hemoglobin_g_dL,10.0
E000848,sodium_mmol_L,139.0
E000849,hemoglobin_g_dL,15.4
E000849,sodium_mmol_L,140.0
E000849,creatinine_mg_dL,0.48
E000850,hemoglobin_g_dL,8.6
E000850,sodium_mmol_L,135.0
E000850,creatinine_mg_dL,1.85
E000851,hemoglobin_g_dL,9.8
E000851,sodium_mmol_L,135.0
E000851,creatinine_mg_dL,1.51
E000852,hemoglobin_g_dL,10.4
E000852,sodium_mmol_L,135.0
E000852,creatinine_mg_dL,1.2
E000853,hemoglobin_g_dL,12.1
E000853,sodium_mmol_L,139.0
E000853,creatinine_mg_dL,1.13
E000854,hemoglobin_g_dL,9.4
E000854,sodium_mmol_L,139.0
E000854,creatinine_mg_dL,1.98
E000855,hemoglobin_g_dL,13.0
E000855,sodium_mmol_L,129.0
E000855,creatinine_mg_dL,1.44
E000856,hemoglobin_g_dL,11.0
E000856,sodium_mmol_L,135.0
E000856,creatinine_mg_dL,0.73
E000857,hemoglobin_g_dL,10.8
E000857,sodium_mmol_L,130.0
E000857,creatinine_mg_dL,1.19
E000858,hemoglobin_g_dL,14.2
E000858,sodium_mmol_L,136.0
E000859,hemoglobin_g_dL,10.7
E000859,sodium_mmol_L,135.0
E000859,creatinine_mg_dL,1.0
E000860,hemoglobin_g_dL,10.6
E000860,sodium_mmol_L,130.0
E000860,creatinine_mg_dL,2.52
E000861,hemoglobin_g_dL,14.9
E000861,sodium_mmol_L,131.0
E000861,creatinine_mg_dL,1.74
E000862,hemoglobin_g_dL,12.2
E000862,sodium_mmol_L,139.0
E000862,creatinine_mg_dL,1.07
E000863,hemoglobin_g_dL,7.2
E000863,sodium_mmol_L,134.0
E000863,creatinine_mg_dL,0.65
E000864,hemoglobin_g_dL,11.3
E000864,sodium_mmol_L,136.0
E000864,creatinine_mg_dL,1.19
E000865,hemoglobin_g_dL,12.6
E000865,sodium_mmol_L,142.0
E000866,hemoglobin_g_dL,17.5
E000866,sodium_mmol_L,139.0
E000867,hemoglobin_g_dL,12.3
E000867,creatinine_mg_dL,0.8
E000868,hemoglobin_g_dL,15.3
E000868,sodium_mmol_L,136.0
E000868,creatinine_mg_dL,1.36
E000869,hemoglobin_g_dL,11.5
E000869,sodium_mmol_L,138.0
E000869,creatinine_mg_dL,0.83
E000870,hemoglobin_g_dL,14.3
E000870,sodium_mmol_L,126.0
E000870,creatinine_mg_dL,0.59
E000871,hemoglobin_g_dL,14.8
E000871,sodium_mmol_L,138.0
E000871,creatinine_mg_dL,1.88
E000872,hemoglobin_g_dL,12.0
E000872,sodium_mmol_L,133.0
E000872,creatinine_mg_dL,1.08
E000873,sodium_mmol_L,139.0
E000873,creatinine_mg_dL,1.03
E000874,hemoglobin_g_dL,11.8
E000874,sodium_mmol_L,138.0
E000874,creatinine_mg_dL,0.97
E000875,hemoglobin_g_dL,14.2
E000875,sodium_mmol_L,140.0
E000875,creatinine_mg_dL,1.04
E000876,hemoglobin_g_dL,8.8
E000876,creatinine_mg_dL,1.46
E000877,hemoglobin_g_dL,11.5
E000877,sodium_mmol_L,137.0
E000877,creatinine_mg_dL,1.73
E000878,sodium_mmol_L,140.0
E000878,creatinine_mg_dL,3.28
E000879,hemoglobin_g_dL,11.6
E000879,sodium_mmol_L,142.0
E000879,creatinine_mg_dL,1.85
E000880,hemoglobin_g_dL,13.5
E000880,creatinine_mg_dL,0.57
E000881,hemoglobin_g_dL,11.3
E000881,sodium_mmol_L,129.0
E000881,creatinine_mg_dL,1.26
E000882,hemoglobin_g_dL,10.9
E000882,sodium_mmol_L,133.0
E000882,creatinine_mg_dL,1.53
E000883,hemoglobin_g_dL,10.8
E000883,sodium_mmol_L,141.0
E000883,creatinine_mg_dL,1.27
E000884,sodium_mmol_L,133.0
E000884,creatinine_mg_dL,2.33
E000885,hemoglobin_g_dL,12.0
E000885,sodium_mmol_L,132.0
E000885,creatinine_mg_dL,0.8
E000886,hemoglobin_g_dL,12.4
E000886,sodium_mmol_L,139.0
E000886,creatinine_mg_dL,1.39
E000887,hemoglobin_g_dL,16.2
E000887,sodium_mmol_L,140.0
E000887,creatinine_mg_dL,0.98
E000888,hemoglobin_g_dL,11.8
E000888,sodium_mmol_L,140.0
E000889,hemoglobin_g_dL,13.6
E000889,sodium_mmol_L,138.0
E000889,creatinine_mg_dL,1.04
E000890,hemoglobin_g_dL,9.3
E000890,sodium_mmol_L,132.0
E000890,creatinine_mg_dL,1.94
E000891,hemoglobin_g_dL,13.0
E000891,sodium_mmol_L,139.0
E000891,creatinine_mg_dL,1.27
E000892,hemoglobin_g_dL,15.6
E000892,sodium_mmol_L,128.0
E000892,creatinine_mg_dL,0.9
E000893,hemoglobin_g_dL,10.6
E000893,sodium_mmol_L,134.0
E000893,creatinine_mg_dL,1.1
E000894,hemoglobin_g_dL,11.5
E000894,sodium_mmol_L,136.0
E000894,creatinine_mg_dL,1.73
E000895,hemoglobin_g_dL,12.7
E000895,sodium_mmol_L,128.0
E000895,creatinine_mg_dL,1.17
E000896,hemoglobin_g_dL,10.3
E000896,sodium_mmol_L,138.0
E000896,creatinine_mg_dL,1.16
E000897,hemoglobin_g_dL,14.7
E000897,sodium_mmol_L,137.0
E000897,creatinine_mg_dL,1.07
E000898,hemoglobin_g_dL,15.6
E000898,sodium_mmol_L,143.0
E000898,creatinine_mg_dL,0.87
E000899,hemoglobin_g_dL,10.6
E000899,sodium_mmol_L,131.0
E000899,creatinine_mg_dL,1.38
E000900,hemoglobin_g_dL,14.9
E000900,sodium_mmol_L,140.0
E000900,creatinine_mg_dL,0.83
E000901,hemoglobin_g_dL,11.0
E000901,sodium_mmol_L,136.0
E000901,creatinine_mg_dL,1.35
E000902,hemoglobin_g_dL,13.5
E000902,sodium_mmol_L,141.0
E000902,creatinine_mg_dL,0.64
E000903,hemoglobin_g_dL,13.7
E000903,sodium_mmol_L,135.0
E000903,creatinine_mg_dL,0.73
E000904,hemoglobin_g_dL,14.0
E000904,sodium_mmol_L,139.0
E000904,creatinine_mg_dL,0.94
E000905,hemoglobin_g_dL,12.3
E000905,sodium_mmol_L,133.0
E000905,creatinine_mg_dL,1.36
E000906,hemoglobin_g_dL,14.5
E000906,sodium_mmol_L,137.0
E000906,creatinine_mg_dL,1.23
E000907,hemoglobin_g_dL,10.3
E000907,sodium_mmol_L,146.0
E000907,creatinine_mg_dL,1.11
E000908,hemoglobin_g_dL,9.9
E000908,creatinine_mg_dL,0.96
E000909,hemoglobin_g_dL,12.4
E000909,sodium_mmol_L,140.0
E000910,hemoglobin_g_dL,10.5
E000910,creatinine_mg_dL,0.59
E000911,hemoglobin_g_dL,12.0
E000911,sodium_mmol_L,135.0
E000911,creatinine_mg_dL,1.01
E000912,hemoglobin_g_dL,11.7
E000912,sodium_mmol_L,142.0
E000912,creatinine_mg_dL,0.74
E000913,hemoglobin_g_dL,13.9
E000913,sodium_mmol_L,138.0
E000913,creatinine_mg_dL,1.44
E000914,hemoglobin_g_dL,12.5
E000914,sodium_mmol_L,141.0
E000914,creatinine_mg_dL,1.05
E000915,hemoglobin_g_dL,14.6
E000915,sodium_mmol_L,138.0
E000915,creatinine_mg_dL,1.02
E000916,hemoglobin_g_dL,11.5
E000916,sodium_mmol_L,143.0
E000916,creatinine_mg_dL,0.69
E000917,hemoglobin_g_dL,13.0
E000917,sodium_mmol_L,133.0
E000917,creatinine_mg_dL,0.71
E000918,sodium_mmol_L,134.0
E000918,creatinine_mg_dL,0.91
E000919,hemoglobin_g_dL,13.9
E000919,sodium_mmol_L,140.0
E000919,creatinine_mg_dL,0.48
E000920,hemoglobin_g_dL,16.0
E000920,sodium_mmol_L,131.0
E000920,creatinine_mg_dL,0.75
E000921,hemoglobin_g_dL,12.0
E000921,sodium_mmol_L,139.0
E000921,creatinine_mg_dL,1.46
E000922,hemoglobin_g_dL,8.7
E000922,sodium_mmol_L,135.0
E000923,hemoglobin_g_dL,12.9
E000923,sodium_mmol_L,133.0
E000923,creatinine_mg_dL,1.78
E000924,hemoglobin_g_dL,7.6
E000924,sodium_mmol_L,133.0
E000924,creatinine_mg_dL,1.65
E000925,hemoglobin_g_dL,15.9
E000925,sodium_mmol_L,144.0
E000925,creatinine_mg_dL,0.74
E000926,sodium_mmol_L,138.0
E000926,creatinine_mg_dL,1.49
E000927,hemoglobin_g_dL,14.9
E000927,sodium_mmol_L,135.0
E000927,creatinine_mg_dL,1.56
E000928,hemoglobin_g_dL,17.1
E000928,sodium_mmol_L,140.0
E000928,creatinine_mg_dL,0.87
E000929,sodium_mmol_L,132.0
E000929,creatinine_mg_dL,1.96
E000930,hemoglobin_g_dL,11.8
E000930,sodium_mmol_L,140.0
E000930,creatinine_mg_dL,1.55
E000931,hemoglobin_g_dL,12.5
E000931,sodium_mmol_L,137.0
E000931,creatinine_mg_dL,0.98
E000932,hemoglobin_g_dL,10.7
E000932,sodium_mmol_L,138.0
E000933,hemoglobin_g_dL,10.1
E000933,sodium_mmol_L,143.0
E000933,creatinine_mg_dL,1.31
E000934,sodium_mmol_L,136.0
E000934,creatinine_mg_dL,1.14
E000935,hemoglobin_g_dL,13.3
E000935,sodium_mmol_L,137.0
E000935,creatinine_mg_dL,0.77
E000936,hemoglobin_g_dL,7.4
E000936,sodium_mmol_L,135.0
E000937,hemoglobin_g_dL,10.7
E000937,sodium_mmol_L,139.0
E000937,creatinine_mg_dL,0.82
E000938,sodium_mmol_L,131.0
E000938,creatinine_mg_dL,2.25
E000939,hemoglobin_g_dL,12.1
E000939,sodium_mmol_L,138.0
E000939,creatinine_mg_dL,1.42
E000940,creatinine_mg_dL,1.1
E000941,hemoglobin_g_dL,11.9
E000941,sodium_mmol_L,135.0
E000941,creatinine_mg_dL,0.72
E000942,hemoglobin_g_dL,13.1
E000942,sodium_mmol_L,134.0
E000942,creatinine_mg_dL,0.96
E000943,hemoglobin_g_dL,13.3
E000943,sodium_mmol_L,138.0
E000943,creatinine_mg_dL,1.81
E000944,hemoglobin_g_dL,10.1
E000944,sodium_mmol_L,132.0
E000944,creatinine_mg_dL,0.58
E000945,hemoglobin_g_dL,15.6
E000945,sodium_mmol_L,131.0
E000945,creatinine_mg_dL,0.74
E000946,hemoglobin_g_dL,10.4
E000946,sodium_mmol_L,131.0
E000946,creatinine_mg_dL,1.32
E000947,hemoglobin_g_dL,8.5
E000947,sodium_mmol_L,138.0
E000948,hemoglobin_g_dL,12.6
E000948,sodium_mmol_L,129.0
E000948,creatinine_mg_dL,1.77
E000949,hemoglobin_g_dL,14.3
E000949,creatinine_mg_dL,1.11
E000950,hemoglobin_g_dL,12.6
E000950,sodium_mmol_L,138.0
E000950,creatinine_mg_dL,1.02
E000951,hemoglobin_g_dL,11.6
E000951,sodium_mmol_L,140.0
E000951,creatinine_mg_dL,1.02
E000952,hemoglobin_g_dL,10.9
E000952,sodium_mmol_L,138.0
E000952,creatinine_mg_dL,0.78
E000953,hemoglobin_g_dL,10.0
E000953,sodium_mmol_L,142.0
E000953,creatinine_mg_dL,1.86
E000954,hemoglobin_g_dL,12.7
E000954,sodium_mmol_L,133.0
E000954,creatinine_mg_dL,1.18
E000955,hemoglobin_g_dL,11.9
E000955,sodium_mmol_L,140.0
E000955,creatinine_mg_dL,1.18
E000956,sodium_mmol_L,141.0
E000956,creatinine_mg_dL,1.66
E000957,hemoglobin_g_dL,12.8
E000958,hemoglobin_g_dL,12.0
E000958,sodium_mmol_L,140.0
E000958,creatinine_mg_dL,0.8
E000959,sodium_mmol_L,132.0
E000959,creatinine_mg_dL,0.9
E000960,hemoglobin_g_dL,12.4
E000960,sodium_mmol_L,142.0
E000960,creatinine_mg_dL,0.88
E000961,hemoglobin_g_dL,10.2
E000961,sodium_mmol_L,139.0
E000961,creatinine_mg_dL,0.88
E000962,hemoglobin_g_dL,10.4
E000962,sodium_mmol_L,136.0
E000962,creatinine_mg_dL,0.62
E000963,creatinine_mg_dL,0.68
E000964,hemoglobin_g_dL,11.3
E000964,sodium_mmol_L,135.0
E000965,hemoglobin_g_dL,13.8
E000965,sodium_mmol_L,136.0
E000966,hemoglobin_g_dL,13.1
E000966,creatinine_mg_dL,0.93
E000967,hemoglobin_g_dL,11.0
E000967,sodium_mmol_L,137.0
E000967,creatinine_mg_dL,1.44
E000968,hemoglobin_g_dL,11.6
E000968,sodium_mmol_L,136.0
E000968,creatinine_mg_dL,1.01
E000969,hemoglobin_g_dL,9.4
E000969,sodium_mmol_L,143.0
E000969,creatinine_mg_dL,1.57
E000970,hemoglobin_g_dL,10.5
E000970,sodium_mmol_L,132.0
E000970,creatinine_mg_dL,3.05
E000971,sodium_mmol_L,134.0
E000971,creatinine_mg_dL,0.78
E000972,hemoglobin_g_dL,14.5
E000972,sodium_mmol_L,133.0
E000972,creatinine_mg_dL,0.62
E000973,hemoglobin_g_dL,11.2
E000973,sodium_mmol_L,133.0
E000974,hemoglobin_g_dL,11.0
E000974,sodium_mmol_L,143.0
E000974,creatinine_mg_dL,1.22
E000975,hemoglobin_g_dL,11.6
E000975,sodium_mmol_L,139.0
E000975,creatinine_mg_dL,0.58
E000976,hemoglobin_g_dL,9.3
E000976,sodium_mmol_L,137.0
E000977,hemoglobin_g_dL,10.6
E000977,sodium_mmol_L,134.0
E000977,creatinine_mg_dL,1.04
E000978,hemoglobin_g_dL,13.0
E000978,sodium_mmol_L,143.0
E000978,creatinine_mg_dL,1.31
E000979,hemoglobin_g_dL,11.8
E000979,sodium_mmol_L,139.0
E000980,hemoglobin_g_dL,15.2
E000980,sodium_mmol_L,132.0
E000980,creatinine_mg_dL,1.44
E000981,hemoglobin_g_dL,11.5
E000981,sodium_mmol_L,134.0
E000981,creatinine_mg_dL,1.91
E000982,hemoglobin_g_dL,11.6
E000982,sodium_mmol_L,142.0
E000982,creatinine_mg_dL,0.89
E000983,hemoglobin_g_dL,13.7
E000983,sodium_mmol_L,140.0
E000983,creatinine_mg_dL,0.6
E000984,hemoglobin_g_dL,11.7
E000984,sodium_mmol_L,139.0
E000984,creatinine_mg_dL,0.76
E000985,hemoglobin_g_dL,11.7
E000985,sodium_mmol_L,139.0
E000985,creatinine_mg_dL,1.08
E000986,hemoglobin_g_dL,10.6
E000986,sodium_mmol_L,135.0
E000986,creatinine_mg_dL,1.1
E000987,hemoglobin_g_dL,10.0
E000987,sodium_mmol_L,144.0
E000987,creatinine_mg_dL,1.24
E000988,hemoglobin_g_dL,12.1
E000989,hemoglobin_g_dL,10.3
E000989,creatinine_mg_dL,1.09
E000990,hemoglobin_g_dL,9.5
E000991,hemoglobin_g_dL,11.9
E000991,sodium_mmol_L,136.0
E000991,creatinine_mg_dL,0.86
E000992,hemoglobin_g_dL,10.6
E000992,sodium_mmol_L,143.0
E000992,creatinine_mg_dL,1.37
E000993,hemoglobin_g_dL,9.6
E000993,sodium_mmol_L,136.0
E000993,creatinine_mg_dL,1.6
E000994,hemoglobin_g_dL,7.8
E000994,sodium_mmol_L,143.0
E000994,creatinine_mg_dL,1.35
E000995,hemoglobin_g_dL,14.7
E000995,sodium_mmol_L,140.0
E000996,hemoglobin_g_dL,9.5
E000996,sodium_mmol_L,134.0
E000996,creatinine_mg_dL,0.81
E000997,hemoglobin_g_dL,10.5
E000997,sodium_mmol_L,140.0
E000997,creatinine_mg_dL,0.69
E000998,hemoglobin_g_dL,8.8
E000998,sodium_mmol_L,140.0
E000998,creatinine_mg_dL,0.92
E000999,sodium_mmol_L,134.0
E000999,creatinine_mg_dL,1.61
E001000,hemoglobin_g_dL,13.0
E001000,sodium_mmol_L,135.0
E001000,creatinine_mg_dL,1.24
E001001,hemoglobin_g_dL,12.2
E001002,hemoglobin_g_dL,12.5
E001002,creatinine_mg_dL,0.73
E001003,hemoglobin_g_dL,11.4
E001003,sodium_mmol_L,139.0
E001003,creatinine_mg_dL,1.06
E001004,hemoglobin_g_dL,12.5
E001004,sodium_mmol_L,140.0
E001004,creatinine_mg_dL,0.62
E001005,hemoglobin_g_dL,11.0
E001005,sodium_mmol_L,142.0
E001005,creatinine_mg_dL,1.14
E001006,hemoglobin_g_dL,14.9
E001006,sodium_mmol_L,138.0
E001006,creatinine_mg_dL,2.68
E001007,hemoglobin_g_dL,12.6
E001007,sodium_mmol_L,134.0
E001007,creatinine_mg_dL,1.08
E001008,sodium_mmol_L,128.0
E001009,hemoglobin_g_dL,11.7
E001009,sodium_mmol_L,135.0
E001009,creatinine_mg_dL,1.0
E001010,hemoglobin_g_dL,16.6
E001010,sodium_mmol_L,139.0
E001010,creatinine_mg_dL,0.78
E001011,hemoglobin_g_dL,11.0
E001011,sodium_mmol_L,134.0
E001011,creatinine_mg_dL,1.05
E001012,hemoglobin_g_dL,13.5
E001012,sodium_mmol_L,134.0
E001012,creatinine_mg_dL,1.38
E001013,hemoglobin_g_dL,8.6
E001013,sodium_mmol_L,133.0
E001013,creatinine_mg_dL,1.88
E001014,sodium_mmol_L,134.0
E001014,creatinine_mg_dL,0.92
E001015,creatinine_mg_dL,0.85
E001016,hemoglobin_g_dL,13.9
E001016,sodium_mmol_L,128.0
E001016,creatinine_mg_dL,2.2
E001017,hemoglobin_g_dL,9.1
E001017,sodium_mmol_L,134.0
E001017,creatinine_mg_dL,1.58
E001018,hemoglobin_g_dL,11.1
E001018,sodium_mmol_L,130.0
E001018,creatinine_mg_dL,1.34
E001019,hemoglobin_g_dL,9.6
E001019,sodium_mmol_L,135.0
E001019,creatinine_mg_dL,1.81
E001020,hemoglobin_g_dL,12.0
E001020,sodium_mmol_L,138.0
E001020,creatinine_mg_dL,1.31
E001021,hemoglobin_g_dL,15.3
E001021,sodium_mmol_L,136.0
E001021,creatinine_mg_dL,0.77
E001022,hemoglobin_g_dL,11.6
E001022,sodium_mmol_L,136.0
E001023,hemoglobin_g_dL,14.4
E001023,sodium_mmol_L,136.0
E001023,creatinine_mg_dL,0.97
E001024,hemoglobin_g_dL,10.2
E001024,sodium_mmol_L,134.0
E001024,creatinine_mg_dL,0.59
E001025,sodium_mmol_L,141.0
E001025,creatinine_mg_dL,0.71
E001026,hemoglobin_g_dL,13.8
E001026,sodium_mmol_L,143.0
E001026,creatinine_mg_dL,0.66
E001027,hemoglobin_g_dL,11.5
E001027,sodium_mmol_L,144.0
E001027,creatinine_mg_dL,0.42
E001028,hemoglobin_g_dL,11.3
E001028,sodium_mmol_L,127.0
E001028,creatinine_mg_dL,0.7
E001029,hemoglobin_g_dL,10.9
E001029,sodium_mmol_L,135.0
E001030,hemoglobin_g_dL,11.9
E001030,sodium_mmol_L,138.0
E001030,creatinine_mg_dL,1.02
E001031,hemoglobin_g_dL,11.3
E001031,sodium_mmol_L,139.0
E001031,creatinine_mg_dL,1.81
E001032,hemoglobin_g_dL,13.4
E001032,sodium_mmol_L,132.0
E001032,creatinine_mg_dL,1.01
E001033,hemoglobin_g_dL,12.6
E001033,sodium_mmol_L,135.0
E001033,creatinine_mg_dL,0.69
E001034,hemoglobin_g_dL,11.2
E001034,sodium_mmol_L,135.0
E001034,creatinine_mg_dL,1.36
E001035,sodium_mmol_L,134.0
E001035,creatinine_mg_dL,1.32
E001036,hemoglobin_g_dL,11.7
E001036,sodium_mmol_L,140.0
E001036,creatinine_mg_dL,1.19
E001037,sodium_mmol_L,137.0
E001037,creatinine_mg_dL,0.58
E001038,hemoglobin_g_dL,11.9
E001038,sodium_mmol_L,132.0
E001038,creatinine_mg_dL,0.62
E001039,hemoglobin_g_dL,14.6
E001039,sodium_mmol_L,138.0
E001039,creatinine_mg_dL,0.96
E001040,hemoglobin_g_dL,12.4
E001040,sodium_mmol_L,139.0
E001040,creatinine_mg_dL,1.18
E001041,sodium_mmol_L,140.0
E001041,creatinine_mg_dL,1.12
E001042,hemoglobin_g_dL,13.0
E001042,sodium_mmol_L,137.0
E001042,creatinine_mg_dL,0.92
E001043,hemoglobin_g_dL,9.6
E001043,sodium_mmol_L,133.0
E001043,creatinine_mg_dL,1.27
E001044,hemoglobin_g_dL,13.5
E001044,sodium_mmol_L,144.0
E001044,creatinine_mg_dL,0.99
E001045,hemoglobin_g_dL,13.9
E001045,sodium_mmol_L,142.0
E001045,creatinine_mg_dL,0.86
E001046,hemoglobin_g_dL,12.4
E001046,sodium_mmol_L,136.0
E001046,creatinine_mg_dL,1.3
E001047,hemoglobin_g_dL,10.1
E001047,sodium_mmol_L,128.0
E001047,creatinine_mg_dL,2.09
E001048,hemoglobin_g_dL,11.3
E001048,sodium_mmol_L,139.0
E001048,creatinine_mg_dL,0.64
E001049,hemoglobin_g_dL,10.0
E001049,sodium_mmol_L,137.0
E001049,creatinine_mg_dL,1.01
E001050,hemoglobin_g_dL,12.5
E001050,sodium_mmol_L,134.0
E001051,hemoglobin_g_dL,14.5
E001051,sodium_mmol_L,138.0
E001051,creatinine_mg_dL,0.61
E001052,sodium_mmol_L,135.0
E001053,hemoglobin_g_dL,11.2
E001053,sodium_mmol_L,134.0
E001053,creatinine_mg_dL,1.13
E001054,hemoglobin_g_dL,10.0
E001054,sodium_mmol_L,134.0
E001055,hemoglobin_g_dL,10.3
E001055,sodium_mmol_L,129.0
E001055,creatinine_mg_dL,0.86
E001056,hemoglobin_g_dL,13.3
E001056,sodium_mmol_L,134.0
E001056,creatinine_mg_dL,1.38
E001057,hemoglobin_g_dL,12.0
E001057,sodium_mmol_L,145.0
E001057,creatinine_mg_dL,1.46
E001058,hemoglobin_g_dL,12.3
E001058,sodium_mmol_L,135.0
E001058,creatinine_mg_dL,1.42
E001059,hemoglobin_g_dL,12.4
E001059,sodium_mmol_L,132.0
E001059,creatinine_mg_dL,0.98
E001060,hemoglobin_g_dL,11.7
E001060,sodium_mmol_L,143.0
E001060,creatinine_mg_dL,1.41
E001061,hemoglobin_g_dL,13.0
E001061,sodium_mmol_L,132.0
E001061,creatinine_mg_dL,1.07
E001062,hemoglobin_g_dL,12.9
E001062,sodium_mmol_L,136.0
E001063,hemoglobin_g_dL,14.4
E001063,sodium_mmol_L,137.0
E001063,creatinine_mg_dL,1.04
E001064,hemoglobin_g_dL,15.9
E001064,sodium_mmol_L,140.0
E001064,creatinine_mg_dL,0.77
E001065,hemoglobin_g_dL,12.7
E001065,sodium_mmol_L,134.0
E001065,creatinine_mg_dL,1.29
E001066,hemoglobin_g_dL,8.5
E001066,sodium_mmol_L,127.0
E001066,creatinine_mg_dL,0.88
E001067,hemoglobin_g_dL,17.6
E001067,sodium_mmol_L,134.0
E001067,creatinine_mg_dL,0.85
E001068,hemoglobin_g_dL,13.1
E001068,sodium_mmol_L,137.0
E001068,creatinine_mg_dL,1.05
E001069,hemoglobin_g_dL,10.4
E001069,sodium_mmol_L,136.0
E001069,creatinine_mg_dL,1.09
E001070,hemoglobin_g_dL,13.3
E001070,sodium_mmol_L,140.0
E001070,creatinine_mg_dL,0.94
E001071,hemoglobin_g_dL,12.6
E001071,sodium_mmol_L,138.0
E001071,creatinine_mg_dL,0.78
E001072,hemoglobin_g_dL,14.3
E001072,sodium_mmol_L,135.0
E001072,creatinine_mg_dL,1.47
E001073,sodium_mmol_L,135.0
E001073,creatinine_mg_dL,0.84
E001074,hemoglobin_g_dL,15.0
E001075,hemoglobin_g_dL,13.3
E001075,sodium_mmol_L,145.0
E001075,creatinine_mg_dL,0.84
E001076,sodium_mmol_L,131.0
E001077,hemoglobin_g_dL,10.8
E001077,sodium_mmol_L,137.0
E001077,creatinine_mg_dL,1.38
E001078,sodium_mmol_L,141.0
E001078,creatinine_mg_dL,0.88
E001079,hemoglobin_g_dL,13.7
E001079,sodium_mmol_L,146.0
E001079,creatinine_mg_dL,1.52
E001080,hemoglobin_g_dL,12.7
E001080,sodium_mmol_L,132.0
E001080,creatinine_mg_dL,1.65
E001081,hemoglobin_g_dL,12.9
E001081,sodium_mmol_L,139.0
E001081,creatinine_mg_dL,0.59
E001082,hemoglobin_g_dL,10.3
E001082,sodium_mmol_L,146.0
E001083,hemoglobin_g_dL,13.9
E001083,sodium_mmol_L,142.0
E001083,creatinine_mg_dL,2.12
E001084,hemoglobin_g_dL,10.4
E001084,sodium_mmol_L,134.0
E001084,creatinine_mg_dL,0.71
E001085,hemoglobin_g_dL,12.8
E001085,sodium_mmol_L,136.0
E001086,hemoglobin_g_dL,11.9
E001086,sodium_mmol_L,127.0
E001086,creatinine_mg_dL,0.71
E001087,sodium_mmol_L,132.0
E001088,hemoglobin_g_dL,13.2
E001088,sodium_mmol_L,133.0
E001088,creatinine_mg_dL,2.9
E001089,hemoglobin_g_dL,11.4
E001089,sodium_mmol_L,137.0
E001089,creatinine_mg_dL,2.33
E001090,hemoglobin_g_dL,10.9
E001090,sodium_mmol_L,128.0
E001090,creatinine_mg_dL,1.33
E001091,hemoglobin_g_dL,9.2
E001091,sodium_mmol_L,131.0
E001092,hemoglobin_g_dL,10.7
E001092,sodium_mmol_L,129.0
E001093,hemoglobin_g_dL,8.8
E001093,sodium_mmol_L,137.0
E001093,creatinine_mg_dL,0.83
E001094,hemoglobin_g_dL,14.4
E001094,sodium_mmol_L,136.0
E001094,creatinine_mg_dL,1.82
E001095,hemoglobin_g_dL,12.0
E001095,sodium_mmol_L,136.0
E001095,creatinine_mg_dL,0.83
E001096,hemoglobin_g_dL,9.7
E001096,sodium_mmol_L,136.0
E001096,creatinine_mg_dL,0.69
E001097,hemoglobin_g_dL,12.6
E001097,sodium_mmol_L,134.0
E001097,creatinine_mg_dL,0.83
E001098,hemoglobin_g_dL,13.1
E001098,sodium_mmol_L,129.0
E001098,creatinine_mg_dL,1.17
E001099,sodium_mmol_L,129.0
E001099,creatinine_mg_dL,1.82
E001100,hemoglobin_g_dL,11.8
E001100,sodium_mmol_L,140.0
E001100,creatinine_mg_dL,0.9
E001101,hemoglobin_g_dL,14.8
E001101,sodium_mmol_L,130.0
E001101,creatinine_mg_dL,0.94
E001102,hemoglobin_g_dL,13.7
E001102,sodium_mmol_L,142.0
E001103,hemoglobin_g_dL,12.2
E001103,sodium_mmol_L,136.0
E001103,creatinine_mg_dL,2.39
E001104,sodium_mmol_L,140.0
E001104,creatinine_mg_dL,1.99
E001105,hemoglobin_g_dL,11.5
E001105,sodium_mmol_L,137.0
E001105,creatinine_mg_dL,1.3
E001106,hemoglobin_g_dL,9.6
E001106,sodium_mmol_L,135.0
E001106,creatinine_mg_dL,1.46
E001107,hemoglobin_g_dL,10.7
E001107,sodium_mmol_L,141.0
E001107,creatinine_mg_dL,1.18
E001108,hemoglobin_g_dL,12.4
E001108,sodium_mmol_L,131.0
E001108,creatinine_mg_dL,0.93
E001109,hemoglobin_g_dL,13.6
E001109,sodium_mmol_L,136.0
E001109,creatinine_mg_dL,1.13
E001110,hemoglobin_g_dL,12.7
E001110,sodium_mmol_L,140.0
E001110,creatinine_mg_dL,0.71
E001111,hemoglobin_g_dL,13.6
E001111,sodium_mmol_L,135.0
E001111,creatinine_mg_dL,0.74
E001112,hemoglobin_g_dL,12.5
E001112,sodium_mmol_L,135.0
E001112,creatinine_mg_dL,0.86
E001113,hemoglobin_g_dL,13.0
E001113,sodium_mmol_L,134.0
E001113,creatinine_mg_dL,1.82
E001114,hemoglobin_g_dL,11.7
E001114,sodium_mmol_L,138.0
E001115,hemoglobin_g_dL,10.0
E001115,creatinine_mg_dL,1.42
E001116,hemoglobin_g_dL,13.2
E001116,sodium_mmol_L,135.0
E001116,creatinine_mg_dL,1.26
E001117,hemoglobin_g_dL,8.7
E001117,sodium_mmol_L,130.0
E001117,creatinine_mg_dL,1.36
E001118,creatinine_mg_dL,1.28
E001119,sodium_mmol_L,136.0
E001119,creatinine_mg_dL,0.7
E001120,hemoglobin_g_dL,11.5
E001120,sodium_mmol_L,138.0
E001120,creatinine_mg_dL,0.98
E001121,hemoglobin_g_dL,13.9
E001122,hemoglobin_g_dL,9.4
E001122,sodium_mmol_L,138.0
E001122,creatinine_mg_dL,1.07
E001123,hemoglobin_g_dL,10.1
E001123,sodium_mmol_L,139.0
E001123,creatinine_mg_dL,1.37
E001124,hemoglobin_g_dL,11.0
E001124,sodium_mmol_L,144.0
E001124,creatinine_mg_dL,0.7
E001125,hemoglobin_g_dL,14.2
E001125,sodium_mmol_L,123.0
E001125,creatinine_mg_dL,1.95
E001126,hemoglobin_g_dL,8.0
E001126,creatinine_mg_dL,1.67
E001127,hemoglobin_g_dL,14.4
E001127,sodium_mmol_L,135.0
E001128,sodium_mmol_L,138.0
E001128,creatinine_mg_dL,1.23
E001129,hemoglobin_g_dL,13.7
E001129,sodium_mmol_L,139.0
E001129,creatinine_mg_dL,1.31
E001130,hemoglobin_g_dL,10.2
E001130,sodium_mmol_L,128.0
E001130,creatinine_mg_dL,1.31
E001131,hemoglobin_g_dL,10.3
E001131,sodium_mmol_L,145.0
E001131,creatinine_mg_dL,1.19
E001132,hemoglobin_g_dL,13.1
E001132,sodium_mmol_L,132.0
E001132,creatinine_mg_dL,1.63
E001133,hemoglobin_g_dL,10.2
E001133,sodium_mmol_L,131.0
E001133,creatinine_mg_dL,1.33
E001134,hemoglobin_g_dL,10.8
E001134,sodium_mmol_L,136.0
E001134,creatinine_mg_dL,0.97
E001135,hemoglobin_g_dL,13.1
E001135,sodium_mmol_L,134.0
E001135,creatinine_mg_dL,1.88
E001136,hemoglobin_g_dL,9.8
E001136,sodium_mmol_L,136.0
E001136,creatinine_mg_dL,1.89
E001137,hemoglobin_g_dL,13.1
E001137,sodium_mmol_L,134.0
E001137,creatinine_mg_dL,1.02
E001138,hemoglobin_g_dL,11.6
E001138,sodium_mmol_L,135.0
E001138,creatinine_mg_dL,1.49
E001139,hemoglobin_g_dL,11.1
E001139,sodium_mmol_L,132.0
E001139,creatinine_mg_dL,0.77
E001140,hemoglobin_g_dL,9.8
E001140,sodium_mmol_L,129.0
E001140,creatinine_mg_dL,1.77
E001141,hemoglobin_g_dL,12.2
E001141,sodium_mmol_L,136.0
E001142,hemoglobin_g_dL,10.9
E001142,sodium_mmol_L,139.0
E001142,creatinine_mg_dL,1.19
E001143,hemoglobin_g_dL,17.2
E001143,sodium_mmol_L,138.0
E001143,creatinine_mg_dL,1.85
E001144,hemoglobin_g_dL,10.6
E001144,sodium_mmol_L,152.0
E001144,creatinine_mg_dL,1.21
E001145,hemoglobin_g_dL,7.2
E001145,sodium_mmol_L,136.0
E001146,hemoglobin_g_dL,8.1
E001146,sodium_mmol_L,140.0
E001146,creatinine_mg_dL,1.95
E001147,hemoglobin_g_dL,10.5
E001147,sodium_mmol_L,136.0
E001147,creatinine_mg_dL,1.76
E001148,hemoglobin_g_dL,10.4
E001148,sodium_mmol_L,139.0
E001148,creatinine_mg_dL,1.01
E001149,hemoglobin_g_dL,13.2
E001149,sodium_mmol_L,141.0
E001150,hemoglobin_g_dL,13.2
E001150,sodium_mmol_L,140.0
E001151,hemoglobin_g_dL,13.1
E001151,sodium_mmol_L,131.0
E001151,creatinine_mg_dL,1.04
E001152,hemoglobin_g_dL,8.2
E001152,sodium_mmol_L,143.0
E001152,creatinine_mg_dL,0.55
E001153,hemoglobin_g_dL,11.1
E001153,sodium_mmol_L,147.0
E001153,creatinine_mg_dL,1.64
E001154,hemoglobin_g_dL,10.8
E001154,sodium_mmol_L,138.0
E001154,creatinine_mg_dL,1.81
E001155,hemoglobin_g_dL,11.7
E001155,sodium_mmol_L,136.0
E001155,creatinine_mg_dL,0.46
E001156,hemoglobin_g_dL,11.1
E001156,sodium_mmol_L,138.0
E001156,creatinine_mg_dL,1.06
E001157,hemoglobin_g_dL,12.3
E001157,sodium_mmol_L,132.0
E001157,creatinine_mg_dL,2.07
E001158,hemoglobin_g_dL,11.8
E001158,sodium_mmol_L,135.0
E001159,hemoglobin_g_dL,10.6
E001159,sodium_mmol_L,136.0
E001159,creatinine_mg_dL,1.18
E001160,hemoglobin_g_dL,11.9
E001160,sodium_mmol_L,134.0
E001160,creatinine_mg_dL,1.88
E001161,sodium_mmol_L,138.0
E001161,creatinine_mg_dL,0.67
E001162,hemoglobin_g_dL,12.0
E001162,sodium_mmol_L,134.0
E001162,creatinine_mg_dL,0.77
E001163,hemoglobin_g_dL,12.7
E001163,sodium_mmol_L,136.0
E001163,creatinine_mg_dL,0.85
E001164,sodium_mmol_L,140.0
E001165,hemoglobin_g_dL,12.7
E001165,sodium_mmol_L,135.0
E001165,creatinine_mg_dL,0.7
E001166,hemoglobin_g_dL,10.5
E001166,sodium_mmol_L,148.0
E001167,hemoglobin_g_dL,11.2
E001167,sodium_mmol_L,142.0
E001167,creatinine_mg_dL,2.18
E001168,hemoglobin_g_dL,10.9
E001168,sodium_mmol_L,139.0
E001168,creatinine_mg_dL,0.94
E001169,hemoglobin_g_dL,12.0
E001169,sodium_mmol_L,132.0
E001169,creatinine_mg_dL,0.71
E001170,hemoglobin_g_dL,10.5
E001170,sodium_mmol_L,140.0
E001170,creatinine_mg_dL,1.21
E001171,hemoglobin_g_dL,8.1
E001171,sodium_mmol_L,131.0
E001171,creatinine_mg_dL,1.65
E001172,hemoglobin_g_dL,12.1
E001172,sodium_mmol_L,137.0
E001172,creatinine_mg_dL,1.03
E001173,hemoglobin_g_dL,11.2
E001173,sodium_mmol_L,142.0
E001173,creatinine_mg_dL,1.22
E001174,hemoglobin_g_dL,9.4
E001174,sodium_mmol_L,136.0
E001174,creatinine_mg_dL,0.74
E001175,hemoglobin_g_dL,11.6
E001175,sodium_mmol_L,134.0
E001175,creatinine_mg_dL,0.7
E001176,hemoglobin_g_dL,11.8
E001176,sodium_mmol_L,136.0
E001176,creatinine_mg_dL,0.76
E001177,hemoglobin_g_dL,13.0
E001177,sodium_mmol_L,136.0
E001177,creatinine_mg_dL,1.0
E001178,hemoglobin_g_dL,12.9
E001178,sodium_mmol_L,137.0
E001178,creatinine_mg_dL,1.29
E001179,hemoglobin_g_dL,11.8
E001179,sodium_mmol_L,138.0
E001179,creatinine_mg_dL,0.87
E001180,hemoglobin_g_dL,13.5
E001180,sodium_mmol_L,146.0
E001180,creatinine_mg_dL,1.82
E001181,hemoglobin_g_dL,11.5
E001181,sodium_mmol_L,129.0
E001181,creatinine_mg_dL,1.06
E001182,sodium_mmol_L,135.0
E001182,creatinine_mg_dL,1.45
E001183,hemoglobin_g_dL,14.2
E001183,sodium_mmol_L,132.0
E001183,creatinine_mg_dL,0.55
E001184,hemoglobin_g_dL,10.8
E001184,sodium_mmol_L,142.0
E001184,creatinine_mg_dL,0.88
E001185,hemoglobin_g_dL,9.3
E001185,sodium_mmol_L,138.0
E001185,creatinine_mg_dL,0.89
E001186,hemoglobin_g_dL,13.9
E001186,sodium_mmol_L,138.0
E001186,creatinine_mg_dL,1.08
E001187,hemoglobin_g_dL,9.0
E001187,sodium_mmol_L,136.0
E001188,hemoglobin_g_dL,10.6
E001188,sodium_mmol_L,133.0
E001188,creatinine_mg_dL,0.82
E001189,sodium_mmol_L,138.0
E001189,creatinine_mg_dL,1.82
E001190,hemoglobin_g_dL,13.3
E001190,sodium_mmol_L,134.0
E001190,creatinine_mg_dL,0.78
E001191,hemoglobin_g_dL,13.6
E001191,sodium_mmol_L,134.0
E001191,creatinine_mg_dL,1.19
E001192,sodium_mmol_L,136.0
E001192,creatinine_mg_dL,2.09
E001193,hemoglobin_g_dL,12.1
E001193,sodium_mmol_L,135.0
E001193,creatinine_mg_dL,0.97
E001194,hemoglobin_g_dL,9.8
E001194,creatinine_mg_dL,1.13
E001195,hemoglobin_g_dL,10.9
E001195,sodium_mmol_L,132.0
E001195,creatinine_mg_dL,1.06
E001196,sodium_mmol_L,139.0
E001196,creatinine_mg_dL,0.92
E001197,hemoglobin_g_dL,12.7
E001197,sodium_mmol_L,132.0
E001197,creatinine_mg_dL,1.0
E001198,hemoglobin_g_dL,9.1
E001198,sodium_mmol_L,138.0
E001199,hemoglobin_g_dL,11.8
E001199,sodium_mmol_L,135.0
E001199,creatinine_mg_dL,0.95
E001200,hemoglobin_g_dL,14.6
E001200,sodium_mmol_L,141.0
E001200,creatinine_mg_dL,0.79
E001201,hemoglobin_g_dL,13.7
E001201,creatinine_mg_dL,0.62
E001202,hemoglobin_g_dL,9.4
E001202,sodium_mmol_L,138.0
E001202,creatinine_mg_dL,0.84
E001203,hemoglobin_g_dL,11.2
E001203,sodium_mmol_L,142.0
E001203,creatinine_mg_dL,2.12
E001204,hemoglobin_g_dL,9.8
E001204,sodium_mmol_L,137.0
E001204,creatinine_mg_dL,1.3
E001205,sodium_mmol_L,132.0
E001205,creatinine_mg_dL,0.95
E001206,hemoglobin_g_dL,12.2
E001206,sodium_mmol_L,139.0
E001207,hemoglobin_g_dL,15.8
E001207,sodium_mmol_L,135.0
E001207,creatinine_mg_dL,0.88
E001208,hemoglobin_g_dL,11.4
E001208,sodium_mmol_L,134.0
E001208,creatinine_mg_dL,0.72
E001209,hemoglobin_g_dL,11.6
E001209,sodium_mmol_L,133.0
E001209,creatinine_mg_dL,0.91
E001210,hemoglobin_g_dL,11.5
E001210,sodium_mmol_L,141.0
E001210,creatinine_mg_dL,0.79
E001211,hemoglobin_g_dL,11.9
E001211,sodium_mmol_L,135.0
E001211,creatinine_mg_dL,0.97
E001212,hemoglobin_g_dL,13.1
E001212,sodium_mmol_L,133.0
E001213,hemoglobin_g_dL,10.9
E001213,sodium_mmol_L,136.0
E001213,creatinine_mg_dL,1.16
E001214,hemoglobin_g_dL,13.5
E001214,sodium_mmol_L,126.0
E001214,creatinine_mg_dL,2.6
E001215,hemoglobin_g_dL,11.8
E001215,sodium_mmol_L,137.0
E001215,creatinine_mg_dL,1.21
E001216,hemoglobin_g_dL,11.4
E001216,sodium_mmol_L,143.0
E001216,creatinine_mg_dL,0.43
E001217,hemoglobin_g_dL,14.1
E001217,creatinine_mg_dL,0.97
E001218,hemoglobin_g_dL,13.3
E001218,sodium_mmol_L,142.0
E001218,creatinine_mg_dL,0.75
E001219,hemoglobin_g_dL,10.5
E001219,sodium_mmol_L,140.0
E001220,hemoglobin_g_dL,14.6
E001220,sodium_mmol_L,138.0
E001220,creatinine_mg_dL,0.99
E001221,hemoglobin_g_dL,13.0
E001221,sodium_mmol_L,140.0
E001221,creatinine_mg_dL,1.4
E001222,hemoglobin_g_dL,9.5
E001222,sodium_mmol_L,134.0
E001222,creatinine_mg_dL,2.86
E001223,hemoglobin_g_dL,10.9
E001223,sodium_mmol_L,132.0
E001223,creatinine_mg_dL,0.72
E001224,hemoglobin_g_dL,14.2
E001224,sodium_mmol_L,140.0
E001225,hemoglobin_g_dL,12.1
E001225,sodium_mmol_L,139.0
E001226,hemoglobin_g_dL,14.2
E001226,sodium_mmol_L,132.0
E001226,creatinine_mg_dL,0.46
E001227,hemoglobin_g_dL,15.3
E001227,sodium_mmol_L,134.0
E001227,creatinine_mg_dL,0.81
E001228,hemoglobin_g_dL,8.7
E001228,sodium_mmol_L,122.0
E001228,creatinine_mg_dL,0.91
E001229,hemoglobin_g_dL,12.7
E001229,sodium_mmol_L,139.0
E001229,creatinine_mg_dL,1.23
E001230,hemoglobin_g_dL,11.8
E001230,sodium_mmol_L,143.0
E001230,creatinine_mg_dL,0.59
E001231,hemoglobin_g_dL,12.0
E001231,sodium_mmol_L,140.0
E001231,creatinine_mg_dL,0.7
E001232,hemoglobin_g_dL,9.7
E001232,sodium_mmol_L,130.0
E001232,creatinine_mg_dL,1.29
E001233,hemoglobin_g_dL,11.7
E001233,sodium_mmol_L,138.0
E001234,sodium_mmol_L,129.0
E001234,creatinine_mg_dL,2.48
E001235,hemoglobin_g_dL,14.0
E001235,sodium_mmol_L,142.0
E001235,creatinine_mg_dL,0.69
E001236,hemoglobin_g_dL,10.5
E001236,sodium_mmol_L,130.0
E001236,creatinine_mg_dL,1.55
E001237,hemoglobin_g_dL,10.7
E001237,sodium_mmol_L,141.0
E001238,hemoglobin_g_dL,11.5
E001238,sodium_mmol_L,130.0
E001239,hemoglobin_g_dL,11.1
E001239,sodium_mmol_L,129.0
E001239,creatinine_mg_dL,1.96
E001240,hemoglobin_g_dL,13.9
E001240,sodium_mmol_L,137.0
E001240,creatinine_mg_dL,1.37
E001241,hemoglobin_g_dL,12.3
E001241,sodium_mmol_L,137.0
E001241,creatinine_mg_dL,1.43
E001242,hemoglobin_g_dL,12.8
E001242,sodium_mmol_L,135.0
E001242,creatinine_mg_dL,1.39
E001243,hemoglobin_g_dL,12.6
E001243,sodium_mmol_L,129.0
E001243,creatinine_mg_dL,0.74
E001244,hemoglobin_g_dL,14.2
E001244,sodium_mmol_L,135.0
E001244,creatinine_mg_dL,1.05
E001245,hemoglobin_g_dL,11.1
E001245,sodium_mmol_L,136.0
E001246,hemoglobin_g_dL,14.6
E001246,creatinine_mg_dL,0.78
E001247,hemoglobin_g_dL,11.3
E001247,sodium_mmol_L,139.0
E001247,creatinine_mg_dL,1.0
E001248,sodium_mmol_L,132.0
E001248,creatinine_mg_dL,0.79
E001249,hemoglobin_g_dL,14.4
E001249,sodium_mmol_L,136.0
E001249,creatinine_mg_dL,0.98
E001250,hemoglobin_g_dL,8.6
E001250,sodium_mmol_L,137.0
E001250,creatinine_mg_dL,0.62
E001251,hemoglobin_g_dL,12.4
E001251,sodium_mmol_L,127.0
E001251,creatinine_mg_dL,1.19
E001252,hemoglobin_g_dL,10.8
E001252,sodium_mmol_L,128.0
E001252,creatinine_mg_dL,0.85
E001253,hemoglobin_g_dL,11.0
E001253,sodium_mmol_L,127.0
E001253,creatinine_mg_dL,1.97
E001254,hemoglobin_g_dL,10.1
E001254,sodium_mmol_L,132.0
E001254,creatinine_mg_dL,1.01
E001255,sodium_mmol_L,129.0
E001256,hemoglobin_g_dL,14.6
E001256,sodium_mmol_L,138.0
E001256,creatinine_mg_dL,0.99
E001257,sodium_mmol_L,138.0
E001257,creatinine_mg_dL,0.85
E001258,hemoglobin_g_dL,14.6
E001258,sodium_mmol_L,136.0
E001258,creatinine_mg_dL,0.44
E001259,hemoglobin_g_dL,13.3
E001259,sodium_mmol_L,136.0
E001259,creatinine_mg_dL,2.14
E001260,sodium_mmol_L,136.0
E001261,hemoglobin_g_dL,12.7
E001261,sodium_mmol_L,132.0
E001261,creatinine_mg_dL,1.79
E001262,hemoglobin_g_dL,15.0
E001262,sodium_mmol_L,134.0
E001263,hemoglobin_g_dL,15.0
E001263,sodium_mmol_L,131.0
E001263,creatinine_mg_dL,0.84
E001264,hemoglobin_g_dL,15.1
E001264,sodium_mmol_L,144.0
E001264,creatinine_mg_dL,0.82
E001265,hemoglobin_g_dL,12.2
E001265,sodium_mmol_L,137.0
E001265,creatinine_mg_dL,0.92
E001266,hemoglobin_g_dL,16.9
E001266,sodium_mmol_L,141.0
E001266,creatinine_mg_dL,0.94
E001267,hemoglobin_g_dL,11.6
E001267,sodium_mmol_L,137.0
E001267,creatinine_mg_dL,1.93
E001268,hemoglobin_g_dL,9.5
E001268,sodium_mmol_L,137.0
E001268,creatinine_mg_dL,0.99
E001269,hemoglobin_g_dL,13.5
E001269,sodium_mmol_L,142.0
E001269,creatinine_mg_dL,0.81
E001270,hemoglobin_g_dL,11.1
E001270,sodium_mmol_L,136.0
E001270,creatinine_mg_dL,1.56
E001271,hemoglobin_g_dL,14.7
E001271,sodium_mmol_L,137.0
E001271,creatinine_mg_dL,3.19
E001272,sodium_mmol_L,138.0
E001272,creatinine_mg_dL,1.27
E001273,hemoglobin_g_dL,10.6
E001273,sodium_mmol_L,141.0
E001273,creatinine_mg_dL,0.98
E001274,hemoglobin_g_dL,12.6
E001274,sodium_mmol_L,137.0
E001274,creatinine_mg_dL,1.52
E001275,hemoglobin_g_dL,12.1
E001275,sodium_mmol_L,142.0
E001275,creatinine_mg_dL,0.66
E001276,hemoglobin_g_dL,15.1
E001276,creatinine_mg_dL,1.13
E001277,hemoglobin_g_dL,10.5
E001277,sodium_mmol_L,146.0
E001277,creatinine_mg_dL,1.14
E001278,hemoglobin_g_dL,10.9
E001278,sodium_mmol_L,138.0
E001278,creatinine_mg_dL,1.38
E001279,hemoglobin_g_dL,9.2
E001279,sodium_mmol_L,132.0
E001279,creatinine_mg_dL,0.73
E001280,hemoglobin_g_dL,14.0
E001280,sodium_mmol_L,136.0
E001280,creatinine_mg_dL,0.88
E001281,hemoglobin_g_dL,14.1
E001281,sodium_mmol_L,136.0
E001282,hemoglobin_g_dL,12.3
E001282,sodium_mmol_L,139.0
E001282,creatinine_mg_dL,1.36
E001283,hemoglobin_g_dL,11.0
E001283,sodium_mmol_L,134.0
E001283,creatinine_mg_dL,1.37
E001284,hemoglobin_g_dL,8.7
E001284,sodium_mmol_L,127.0
E001284,creatinine_mg_dL,1.43
E001285,hemoglobin_g_dL,11.6
E001285,sodium_mmol_L,132.0
E001285,creatinine_mg_dL,1.07
E001286,hemoglobin_g_dL,10.9
E001286,sodium_mmol_L,136.0
E001287,hemoglobin_g_dL,9.0
E001287,sodium_mmol_L,139.0
E001287,creatinine_mg_dL,1.72
E001288,hemoglobin_g_dL,12.4
E001288,sodium_mmol_L,139.0
E001289,hemoglobin_g_dL,12.4
E001289,sodium_mmol_L,138.0
E001289,creatinine_mg_dL,1.31
E001290,hemoglobin_g_dL,10.4
E001290,sodium_mmol_L,137.0
E001290,creatinine_mg_dL,0.85
E001291,hemoglobin_g_dL,10.2
E001291,sodium_mmol_L,129.0
E001291,creatinine_mg_dL,0.83
E001292,hemoglobin_g_dL,10.8
E001292,sodium_mmol_L,137.0
E001292,creatinine_mg_dL,1.04
E001293,hemoglobin_g_dL,10.5
E001293,sodium_mmol_L,138.0
E001294,hemoglobin_g_dL,11.1
E001294,sodium_mmol_L,136.0
E001294,creatinine_mg_dL,1.52
E001295,hemoglobin_g_dL,11.6
E001295,sodium_mmol_L,130.0
E001295,creatinine_mg_dL,0.89
E001296,hemoglobin_g_dL,9.7
E001296,sodium_mmol_L,143.0
E001297,hemoglobin_g_dL,11.2
E001297,sodium_mmol_L,132.0
E001297,creatinine_mg_dL,1.04
E001298,hemoglobin_g_dL,13.7
E001298,sodium_mmol_L,137.0
E001299,sodium_mmol_L,135.0
E001299,creatinine_mg_dL,2.09
E001300,hemoglobin_g_dL,11.1
E001300,sodium_mmol_L,134.0
E001300,creatinine_mg_dL,0.77
E001301,hemoglobin_g_dL,13.0
E001301,sodium_mmol_L,138.0
E001301,creatinine_mg_dL,0.84
E001302,hemoglobin_g_dL,10.8
E001302,sodium_mmol_L,132.0
E001302,creatinine_mg_dL,2.54
E001303,sodium_mmol_L,135.0
E001303,creatinine_mg_dL,1.73
E001304,hemoglobin_g_dL,10.3
E001304,sodium_mmol_L,139.0
E001304,creatinine_mg_dL,1.67
E001305,hemoglobin_g_dL,10.8
E001305,sodium_mmol_L,132.0
E001305,creatinine_mg_dL,2.38
E001306,hemoglobin_g_dL,9.0
E001306,sodium_mmol_L,134.0
E001306,creatinine_mg_dL,0.7
E001307,hemoglobin_g_dL,11.0
E001307,sodium_mmol_L,138.0
E001307,creatinine_mg_dL,1.88
E001308,hemoglobin_g_dL,12.1
E001308,sodium_mmol_L,133.0
E001308,creatinine_mg_dL,1.71
E001309,hemoglobin_g_dL,13.9
E001309,sodium_mmol_L,139.0
E001309,creatinine_mg_dL,0.74
E001310,hemoglobin_g_dL,14.4
E001310,sodium_mmol_L,131.0
E001310,creatinine_mg_dL,1.79
E001311,hemoglobin_g_dL,14.2
E001311,sodium_mmol_L,135.0
E001311,creatinine_mg_dL,0.63
E001312,hemoglobin_g_dL,12.9
E001312,sodium_mmol_L,135.0
E001312,creatinine_mg_dL,1.16
E001313,hemoglobin_g_dL,12.7
E001313,sodium_mmol_L,138.0
E001313,creatinine_mg_dL,0.9
E001314,hemoglobin_g_dL,13.5
E001314,sodium_mmol_L,135.0
E001314,creatinine_mg_dL,1.01
E001315,hemoglobin_g_dL,11.6
E001315,sodium_mmol_L,140.0
E001315,creatinine_mg_dL,0.86
E001316,hemoglobin_g_dL,12.8
E001316,sodium_mmol_L,126.0
E001316,creatinine_mg_dL,0.61
E001317,sodium_mmol_L,129.0
E001317,creatinine_mg_dL,1.34
E001318,hemoglobin_g_dL,11.4
E001318,creatinine_mg_dL,1.19
E001319,sodium_mmol_L,131.0
E001319,creatinine_mg_dL,0.86
E001320,hemoglobin_g_dL,9.0
E001320,sodium_mmol_L,132.0
E001320,creatinine_mg_dL,1.14
E001321,hemoglobin_g_dL,9.7
E001321,sodium_mmol_L,135.0
E001321,creatinine_mg_dL,0.56
E001322,hemoglobin_g_dL,10.3
E001322,sodium_mmol_L,144.0
E001322,creatinine_mg_dL,1.6
E001323,hemoglobin_g_dL,6.1
E001323,sodium_mmol_L,131.0
E001323,creatinine_mg_dL,1.58
E001324,hemoglobin_g_dL,17.1
E001324,sodium_mmol_L,139.0
E001324,creatinine_mg_dL,0.82
E001325,hemoglobin_g_dL,11.4
E001325,sodium_mmol_L,138.0
E001325,creatinine_mg_dL,0.81
E001326,hemoglobin_g_dL,14.9
E001326,sodium_mmol_L,138.0
E001326,creatinine_mg_dL,0.9
E001327,hemoglobin_g_dL,8.8
E001327,sodium_mmol_L,141.0
E001327,creatinine_mg_dL,1.27
E001328,hemoglobin_g_dL,12.9
E001328,sodium_mmol_L,138.0
E001328,creatinine_mg_dL,1.03
E001329,hemoglobin_g_dL,13.8
E001329,sodium_mmol_L,135.0
E001329,creatinine_mg_dL,1.28
E001330,hemoglobin_g_dL,9.9
E001330,sodium_mmol_L,135.0
E001330,creatinine_mg_dL,1.92
E001331,hemoglobin_g_dL,12.2
E001331,sodium_mmol_L,134.0
E001331,creatinine_mg_dL,0.82
E001332,hemoglobin_g_dL,10.4
E001332,creatinine_mg_dL,1.2
E001333,hemoglobin_g_dL,10.7
E001333,sodium_mmol_L,134.0
E001333,creatinine_mg_dL,1.37
E001334,hemoglobin_g_dL,11.9
E001334,sodium_mmol_L,136.0
E001334,creatinine_mg_dL,1.21
E001335,hemoglobin_g_dL,13.5
E001335,sodium_mmol_L,135.0
E001335,creatinine_mg_dL,1.66
E001336,hemoglobin_g_dL,11.8
E001336,sodium_mmol_L,136.0
E001337,hemoglobin_g_dL,14.3
E001337,sodium_mmol_L,130.0
E001337,creatinine_mg_dL,1.36
E001338,hemoglobin_g_dL,12.2
E001338,sodium_mmol_L,133.0
E001338,creatinine_mg_dL,0.61
E001339,sodium_mmol_L,130.0
E001339,creatinine_mg_dL,0.94
E001340,sodium_mmol_L,135.0
E001340,creatinine_mg_dL,0.98
E001341,hemoglobin_g_dL,9.9
E001341,sodium_mmol_L,130.0
E001342,hemoglobin_g_dL,14.5
E001342,sodium_mmol_L,142.0
E001342,creatinine_mg_dL,0.43
E001343,hemoglobin_g_dL,12.4
E001343,sodium_mmol_L,140.0
E001343,creatinine_mg_dL,1.6
E001344,hemoglobin_g_dL,14.8
E001344,sodium_mmol_L,126.0
E001344,creatinine_mg_dL,1.5
E001345,hemoglobin_g_dL,9.8
E001345,sodium_mmol_L,136.0
E001345,creatinine_mg_dL,1.04
E001346,sodium_mmol_L,140.0
E001346,creatinine_mg_dL,0.83
E001347,hemoglobin_g_dL,11.5
E001347,sodium_mmol_L,139.0
E001347,creatinine_mg_dL,0.7
E001348,hemoglobin_g_dL,12.1
E001348,sodium_mmol_L,142.0
E001348,creatinine_mg_dL,0.9
E001349,hemoglobin_g_dL,9.7
E001349,sodium_mmol_L,137.0
E001349,creatinine_mg_dL,1.32
E001350,sodium_mmol_L,138.0
E001350,creatinine_mg_dL,0.81
E001351,hemoglobin_g_dL,10.1
E001351,sodium_mmol_L,138.0
E001351,creatinine_mg_dL,1.31
E001352,hemoglobin_g_dL,8.3
E001352,sodium_mmol_L,133.0
E001352,creatinine_mg_dL,1.08
E001353,sodium_mmol_L,137.0
E001353,creatinine_mg_dL,1.66
E001354,hemoglobin_g_dL,10.7
E001354,sodium_mmol_L,137.0
E001354,creatinine_mg_dL,1.94
E001355,hemoglobin_g_dL,11.1
E001355,sodium_mmol_L,135.0
E001355,creatinine_mg_dL,0.89
E001356,hemoglobin_g_dL,11.5
E001356,sodium_mmol_L,134.0
E001356,creatinine_mg_dL,0.94
E001357,hemoglobin_g_dL,11.8
E001357,sodium_mmol_L,141.0
E001357,creatinine_mg_dL,1.12
E001358,hemoglobin_g_dL,11.5
E001358,sodium_mmol_L,141.0
E001358,creatinine_mg_dL,1.04
E001359,hemoglobin_g_dL,11.5
E001359,sodium_mmol_L,139.0
E001359,creatinine_mg_dL,1.1
E001360,hemoglobin_g_dL,11.1
E001360,sodium_mmol_L,139.0
E001360,creatinine_mg_dL,0.96
E001361,sodium_mmol_L,135.0
E001361,creatinine_mg_dL,0.96
E001362,hemoglobin_g_dL,13.2
E001362,sodium_mmol_L,134.0
E001362,creatinine_mg_dL,0.96
E001363,hemoglobin_g_dL,9.2
E001363,sodium_mmol_L,135.0
E001363,creatinine_mg_dL,1.32
E001364,hemoglobin_g_dL,9.3
E001364,sodium_mmol_L,138.0
E001364,creatinine_mg_dL,3.12
E001365,hemoglobin_g_dL,12.2
E001365,sodium_mmol_L,139.0
E001365,creatinine_mg_dL,0.94
E001366,hemoglobin_g_dL,9.9
E001366,sodium_mmol_L,133.0
E001366,creatinine_mg_dL,2.46
E001367,hemoglobin_g_dL,13.1
E001367,sodium_mmol_L,138.0
E001367,creatinine_mg_dL,1.09
E001368,hemoglobin_g_dL,10.8
E001368,sodium_mmol_L,137.0
E001368,creatinine_mg_dL,1.78
E001369,hemoglobin_g_dL,11.8
E001369,sodium_mmol_L,134.0
E001369,creatinine_mg_dL,1.9
E001370,hemoglobin_g_dL,12.9
E001370,sodium_mmol_L,131.0
E001370,creatinine_mg_dL,2.09
E001371,hemoglobin_g_dL,11.0
E001371,sodium_mmol_L,134.0
E001372,hemoglobin_g_dL,13.3
E001372,sodium_mmol_L,130.0
E001373,hemoglobin_g_dL,12.2
E001373,sodium_mmol_L,131.0
E001373,creatinine_mg_dL,0.68
E001374,sodium_mmol_L,134.0
E001374,creatinine_mg_dL,1.18
E001375,hemoglobin_g_dL,14.2
E001375,sodium_mmol_L,144.0
E001375,creatinine_mg_dL,0.89
E001376,hemoglobin_g_dL,10.6
E001376,sodium_mmol_L,140.0
E001376,creatinine_mg_dL,0.9
E001377,hemoglobin_g_dL,9.8
E001377,sodium_mmol_L,132.0
E001377,creatinine_mg_dL,1.84
E001378,hemoglobin_g_dL,14.2
E001378,sodium_mmol_L,137.0
E001378,creatinine_mg_dL,1.25
E001379,hemoglobin_g_dL,10.3
E001379,sodium_mmol_L,136.0
E001379,creatinine_mg_dL,0.62
E001380,hemoglobin_g_dL,12.3
E001380,sodium_mmol_L,135.0
E001381,sodium_mmol_L,140.0
E001382,hemoglobin_g_dL,11.5
E001382,sodium_mmol_L,142.0
E001382,creatinine_mg_dL,0.95
E001383,sodium_mmol_L,140.0
E001383,creatinine_mg_dL,0.97
E001384,hemoglobin_g_dL,9.1
E001384,sodium_mmol_L,134.0
E001384,creatinine_mg_dL,2.05
E001385,hemoglobin_g_dL,14.0
E001385,sodium_mmol_L,133.0
E001385,creatinine_mg_dL,1.16
E001386,hemoglobin_g_dL,14.7
E001386,sodium_mmol_L,134.0
E001386,creatinine_mg_dL,0.78
E001387,hemoglobin_g_dL,13.1
E001387,sodium_mmol_L,145.0
E001387,creatinine_mg_dL,1.13
E001388,hemoglobin_g_dL,13.6
E001388,sodium_mmol_L,129.0
E001388,creatinine_mg_dL,0.99
E001389,sodium_mmol_L,140.0
E001389,creatinine_mg_dL,0.89
E001390,hemoglobin_g_dL,12.0
E001390,sodium_mmol_L,132.0
E001390,creatinine_mg_dL,1.34
E001391,hemoglobin_g_dL,10.2
E001391,creatinine_mg_dL,1.39
E001392,hemoglobin_g_dL,16.8
E001392,sodium_mmol_L,141.0
E001392,creatinine_mg_dL,0.59
E001393,hemoglobin_g_dL,9.6
E001393,sodium_mmol_L,145.0
E001393,creatinine_mg_dL,1.73
E001394,hemoglobin_g_dL,11.6
E001394,sodium_mmol_L,132.0
E001395,hemoglobin_g_dL,14.2
E001395,sodium_mmol_L,140.0
E001395,creatinine_mg_dL,0.95
E001396,hemoglobin_g_dL,10.2
E001396,sodium_mmol_L,139.0
E001396,creatinine_mg_dL,0.96
E001397,hemoglobin_g_dL,11.1
E001397,sodium_mmol_L,140.0
E001397,creatinine_mg_dL,1.1
E001398,hemoglobin_g_dL,12.5
E001398,sodium_mmol_L,140.0
E001398,creatinine_mg_dL,1.21
E001399,hemoglobin_g_dL,12.7
E001399,sodium_mmol_L,133.0
E001399,creatinine_mg_dL,1.3
E001400,hemoglobin_g_dL,11.9
E001400,sodium_mmol_L,138.0
E001400,creatinine_mg_dL,1.47
E001401,hemoglobin_g_dL,10.6
E001401,sodium_mmol_L,137.0
E001401,creatinine_mg_dL,1.03
E001402,hemoglobin_g_dL,11.5
E001402,sodium_mmol_L,135.0
E001402,creatinine_mg_dL,1.48
E001403,hemoglobin_g_dL,13.9
E001403,sodium_mmol_L,133.0
E001403,creatinine_mg_dL,1.05
E001404,hemoglobin_g_dL,11.5
E001404,sodium_mmol_L,135.0
E001404,creatinine_mg_dL,1.77
E001405,hemoglobin_g_dL,13.0
E001405,sodium_mmol_L,134.0
E001405,creatinine_mg_dL,0.91
E001406,hemoglobin_g_dL,10.9
E001406,sodium_mmol_L,129.0
E001406,creatinine_mg_dL,0.84
E001407,sodium_mmol_L,130.0
E001408,hemoglobin_g_dL,11.6
E001408,creatinine_mg_dL,1.5
E001409,hemoglobin_g_dL,10.9
E001409,sodium_mmol_L,140.0
E001409,creatinine_mg_dL,1.32
E001410,hemoglobin_g_dL,10.6
E001410,sodium_mmol_L,138.0
E001410,creatinine_mg_dL,1.05
E001411,hemoglobin_g_dL,7.8
E001411,sodium_mmol_L,135.0
E001411,creatinine_mg_dL,0.95
E001412,hemoglobin_g_dL,12.0
E001412,creatinine_mg_dL,0.67
E001413,hemoglobin_g_dL,15.2
E001413,sodium_mmol_L,133.0
E001413,creatinine_mg_dL,0.75
E001414,hemoglobin_g_dL,11.4
E001414,sodium_mmol_L,136.0
E001414,creatinine_mg_dL,1.95
E001415,hemoglobin_g_dL,8.9
E001415,sodium_mmol_L,133.0
E001415,creatinine_mg_dL,0.83
E001416,hemoglobin_g_dL,10.9
E001416,creatinine_mg_dL,1.63
E001417,hemoglobin_g_dL,13.8
E001417,sodium_mmol_L,133.0
E001417,creatinine_mg_dL,1.25
E001418,hemoglobin_g_dL,13.3
E001418,sodium_mmol_L,134.0
E001418,creatinine_mg_dL,0.93
E001419,hemoglobin_g_dL,7.8
E001419,sodium_mmol_L,137.0
E001419,creatinine_mg_dL,0.77
E001420,hemoglobin_g_dL,12.4
E001420,sodium_mmol_L,131.0
E001420,creatinine_mg_dL,0.7
E001421,hemoglobin_g_dL,9.2
E001421,sodium_mmol_L,136.0
E001421,creatinine_mg_dL,1.52
E001422,hemoglobin_g_dL,16.9
E001422,sodium_mmol_L,141.0
E001422,creatinine_mg_dL,0.82
E001423,hemoglobin_g_dL,11.9
E001423,sodium_mmol_L,140.0
E001423,creatinine_mg_dL,1.15
E001424,hemoglobin_g_dL,9.5
E001424,sodium_mmol_L,137.0
E001424,creatinine_mg_dL,1.38
E001425,hemoglobin_g_dL,18.6
E001425,sodium_mmol_L,129.0
E001426,hemoglobin_g_dL,13.7
E001426,sodium_mmol_L,136.0
E001426,creatinine_mg_dL,1.63
E001427,hemoglobin_g_dL,10.1
E001427,sodium_mmol_L,137.0
E001427,creatinine_mg_dL,2.2
E001428,sodium_mmol_L,138.0
E001428,creatinine_mg_dL,0.63
E001429,hemoglobin_g_dL,13.3
E001429,sodium_mmol_L,137.0
E001429,creatinine_mg_dL,0.79
E001430,hemoglobin_g_dL,9.6
E001430,sodium_mmol_L,134.0
E001430,creatinine_mg_dL,1.19
E001431,hemoglobin_g_dL,11.1
E001431,sodium_mmol_L,135.0
E001431,creatinine_mg_dL,1.21
E001432,hemoglobin_g_dL,12.6
E001432,sodium_mmol_L,135.0
E001433,hemoglobin_g_dL,12.7
E001433,sodium_mmol_L,135.0
E001433,creatinine_mg_dL,0.91
E001434,hemoglobin_g_dL,16.6
E001434,sodium_mmol_L,136.0
E001434,creatinine_mg_dL,1.19
E001435,hemoglobin_g_dL,13.9
E001435,sodium_mmol_L,135.0
E001435,creatinine_mg_dL,1.01
E001436,hemoglobin_g_dL,11.5
E001436,sodium_mmol_L,140.0
E001437,sodium_mmol_L,138.0
E001437,creatinine_mg_dL,1.05
E001438,hemoglobin_g_dL,12.9
E001438,sodium_mmol_L,139.0
E001439,hemoglobin_g_dL,13.3
E001439,sodium_mmol_L,143.0
E001439,creatinine_mg_dL,1.38
E001440,hemoglobin_g_dL,15.1
E001440,sodium_mmol_L,140.0
E001441,hemoglobin_g_dL,12.8
E001441,sodium_mmol_L,139.0
E001441,creatinine_mg_dL,1.11
E001442,hemoglobin_g_dL,11.5
E001442,sodium_mmol_L,144.0
E001442,creatinine_mg_dL,0.74
E001443,hemoglobin_g_dL,13.6
E001443,sodium_mmol_L,136.0
E001443,creatinine_mg_dL,1.44
E001444,hemoglobin_g_dL,12.1
E001444,sodium_mmol_L,133.0
E001444,creatinine_mg_dL,1.05
E001445,hemoglobin_g_dL,9.5
E001445,sodium_mmol_L,145.0
E001445,creatinine_mg_dL,1.15
E001446,hemoglobin_g_dL,14.2
E001446,creatinine_mg_dL,1.16
E001447,hemoglobin_g_dL,13.1
E001447,sodium_mmol_L,133.0
E001448,hemoglobin_g_dL,13.1
E001448,sodium_mmol_L,130.0
E001448,creatinine_mg_dL,1.14
E001449,hemoglobin_g_dL,12.0
E001449,sodium_mmol_L,125.0
E001450,hemoglobin_g_dL,12.9
E001450,sodium_mmol_L,131.0
E001451,hemoglobin_g_dL,7.4
E001451,sodium_mmol_L,137.0
E001451,creatinine_mg_dL,1.43
E001452,hemoglobin_g_dL,13.9
E001452,sodium_mmol_L,128.0
E001452,creatinine_mg_dL,1.4
E001453,hemoglobin_g_dL,12.0
E001453,sodium_mmol_L,138.0
E001453,creatinine_mg_dL,1.11
E001454,hemoglobin_g_dL,12.0
E001454,sodium_mmol_L,135.0
E001454,creatinine_mg_dL,0.82
E001455,hemoglobin_g_dL,10.1
E001455,sodium_mmol_L,134.0
E001455,creatinine_mg_dL,0.46
E001456,hemoglobin_g_dL,12.9
E001456,sodium_mmol_L,132.0
E001456,creatinine_mg_dL,0.99
E001457,hemoglobin_g_dL,9.1
E001457,creatinine_mg_dL,1.72
E001458,hemoglobin_g_dL,11.4
E001458,sodium_mmol_L,133.0
E001458,creatinine_mg_dL,1.18
E001459,hemoglobin_g_dL,10.8
E001459,sodium_mmol_L,136.0
E001460,hemoglobin_g_dL,9.0
E001460,sodium_mmol_L,131.0
E001460,creatinine_mg_dL,1.31
E001461,hemoglobin_g_dL,15.6
E001461,sodium_mmol_L,140.0
E001461,creatinine_mg_dL,1.15
E001462,hemoglobin_g_dL,15.2
E001462,sodium_mmol_L,139.0
E001462,creatinine_mg_dL,0.73
E001463,hemoglobin_g_dL,10.8
E001463,sodium_mmol_L,137.0
E001463,creatinine_mg_dL,1.09
E001464,hemoglobin_g_dL,10.8
E001464,sodium_mmol_L,144.0
E001464,creatinine_mg_dL,0.62
E001465,hemoglobin_g_dL,14.4
E001465,sodium_mmol_L,138.0
E001465,creatinine_mg_dL,0.45
E001466,hemoglobin_g_dL,13.3
E001466,sodium_mmol_L,141.0
E001466,creatinine_mg_dL,0.96
E001467,hemoglobin_g_dL,12.2
E001467,sodium_mmol_L,134.0
E001467,creatinine_mg_dL,0.92
E001468,hemoglobin_g_dL,11.7
E001468,sodium_mmol_L,139.0
E001468,creatinine_mg_dL,0.54
E001469,sodium_mmol_L,142.0
E001469,creatinine_mg_dL,0.89
E001470,hemoglobin_g_dL,9.8
E001470,sodium_mmol_L,137.0
E001470,creatinine_mg_dL,0.7
E001471,hemoglobin_g_dL,10.1
E001471,sodium_mmol_L,138.0
E001471,creatinine_mg_dL,1.65
E001472,hemoglobin_g_dL,9.3
E001472,sodium_mmol_L,133.0
E001472,creatinine_mg_dL,1.62
E001473,hemoglobin_g_dL,10.2
E001473,sodium_mmol_L,141.0
E001473,creatinine_mg_dL,0.76
E001474,hemoglobin_g_dL,14.3
E001474,sodium_mmol_L,139.0
E001474,creatinine_mg_dL,0.65
E001475,hemoglobin_g_dL,8.5
E001475,sodium_mmol_L,133.0
E001475,creatinine_mg_dL,1.76
E001476,hemoglobin_g_dL,11.1
E001476,sodium_mmol_L,135.0
E001476,creatinine_mg_dL,1.22
E001477,hemoglobin_g_dL,9.6
E001477,sodium_mmol_L,140.0
E001477,creatinine_mg_dL,2.04
E001478,hemoglobin_g_dL,11.7
E001478,sodium_mmol_L,136.0
E001479,hemoglobin_g_dL,12.0
E001479,sodium_mmol_L,139.0
E001479,creatinine_mg_dL,0.85
E001480,hemoglobin_g_dL,11.7
E001480,sodium_mmol_L,140.0
E001480,creatinine_mg_dL,0.81
E001481,hemoglobin_g_dL,10.0
E001481,sodium_mmol_L,136.0
E001482,hemoglobin_g_dL,13.5
E001482,sodium_mmol_L,135.0
E001482,creatinine_mg_dL,2.43
E001483,sodium_mmol_L,139.0
E001483,creatinine_mg_dL,1.16
E001484,hemoglobin_g_dL,10.7
E001484,sodium_mmol_L,132.0
E001484,creatinine_mg_dL,0.73
E001485,hemoglobin_g_dL,12.3
E001485,creatinine_mg_dL,1.21
E001486,hemoglobin_g_dL,11.7
E001486,sodium_mmol_L,128.0
E001486,creatinine_mg_dL,0.72
E001487,hemoglobin_g_dL,12.2
E001487,sodium_mmol_L,143.0
E001487,creatinine_mg_dL,1.04
E001488,hemoglobin_g_dL,11.4
E001488,sodium_mmol_L,136.0
E001488,creatinine_mg_dL,0.74
E001489,hemoglobin_g_dL,12.0
E001489,sodium_mmol_L,142.0
E001489,creatinine_mg_dL,1.63
E001490,hemoglobin_g_dL,11.0
E001490,sodium_mmol_L,134.0
E001490,creatinine_mg_dL,1.18
E001491,hemoglobin_g_dL,13.6
E001491,sodium_mmol_L,138.0
E001491,creatinine_mg_dL,1.81
E001492,hemoglobin_g_dL,13.7
E001492,sodium_mmol_L,134.0
E001492,creatinine_mg_dL,2.58
E001493,hemoglobin_g_dL,9.7
E001493,sodium_mmol_L,139.0
E001493,creatinine_mg_dL,1.45
E001494,hemoglobin_g_dL,11.3
E001494,sodium_mmol_L,139.0
E001494,creatinine_mg_dL,1.12
E001495,hemoglobin_g_dL,11.2
E001495,sodium_mmol_L,137.0
E001495,creatinine_mg_dL,1.07
E001496,hemoglobin_g_dL,10.7
E001496,sodium_mmol_L,135.0
E001496,creatinine_mg_dL,1.24
E001497,hemoglobin_g_dL,10.4
E001497,sodium_mmol_L,132.0
E001497,creatinine_mg_dL,1.59
E001498,hemoglobin_g_dL,13.0
E001498,sodium_mmol_L,139.0
E001498,creatinine_mg_dL,0.69
E001499,hemoglobin_g_dL,7.7
E001499,sodium_mmol_L,135.0
E001499,creatinine_mg_dL,2.14
E001500,hemoglobin_g_dL,12.2
E001500,sodium_mmol_L,132.0
E001500,creatinine_mg_dL,1.21
E001501,sodium_mmol_L,138.0
E001501,creatinine_mg_dL,0.82
E001502,hemoglobin_g_dL,12.8
E001503,hemoglobin_g_dL,12.6
E001503,sodium_mmol_L,132.0
E001503,creatinine_mg_dL,1.08
E001504,hemoglobin_g_dL,12.7
E001504,sodium_mmol_L,137.0
E001504,creatinine_mg_dL,0.65
E001505,hemoglobin_g_dL,9.2
E001505,sodium_mmol_L,141.0
E001505,creatinine_mg_dL,1.15
E001506,hemoglobin_g_dL,10.5
E001506,sodium_mmol_L,142.0
E001506,creatinine_mg_dL,1.44
E001507,hemoglobin_g_dL,12.2
E001507,sodium_mmol_L,139.0
E001507,creatinine_mg_dL,1.5
E001508,hemoglobin_g_dL,10.5
E001508,sodium_mmol_L,131.0
E001508,creatinine_mg_dL,1.1
E001509,hemoglobin_g_dL,12.5
E001509,sodium_mmol_L,131.0
E001509,creatinine_mg_dL,0.56
E001510,hemoglobin_g_dL,13.3
E001510,sodium_mmol_L,144.0
E001510,creatinine_mg_dL,1.67
E001511,hemoglobin_g_dL,11.7
E001511,sodium_mmol_L,143.0
E001512,hemoglobin_g_dL,10.1
E001512,sodium_mmol_L,136.0
E001512,creatinine_mg_dL,1.16
E001513,hemoglobin_g_dL,10.3
E001513,sodium_mmol_L,131.0
E001513,creatinine_mg_dL,1.35
E001514,hemoglobin_g_dL,10.1
E001514,sodium_mmol_L,137.0
E001515,hemoglobin_g_dL,9.2
E001515,sodium_mmol_L,137.0
E001515,creatinine_mg_dL,1.17
E001516,hemoglobin_g_dL,8.5
E001516,sodium_mmol_L,133.0
E001516,creatinine_mg_dL,0.82
E001517,hemoglobin_g_dL,11.1
E001517,sodium_mmol_L,142.0
E001517,creatinine_mg_dL,0.51
E001518,hemoglobin_g_dL,13.2
E001519,sodium_mmol_L,144.0
E001519,creatinine_mg_dL,0.93
E001520,hemoglobin_g_dL,12.7
E001520,creatinine_mg_dL,0.67
E001521,hemoglobin_g_dL,16.6
E001521,sodium_mmol_L,140.0
E001521,creatinine_mg_dL,0.84
E001522,hemoglobin_g_dL,14.5
E001522,sodium_mmol_L,137.0
E001522,creatinine_mg_dL,1.03
E001523,hemoglobin_g_dL,11.0
E001523,sodium_mmol_L,135.0
E001523,creatinine_mg_dL,1.24
E001524,hemoglobin_g_dL,9.8
E001524,sodium_mmol_L,146.0
E001524,creatinine_mg_dL,0.85
E001525,hemoglobin_g_dL,11.6
E001525,sodium_mmol_L,137.0
E001525,creatinine_mg_dL,0.92
E001526,hemoglobin_g_dL,11.0
E001526,sodium_mmol_L,130.0
E001526,creatinine_mg_dL,0.78
E001527,hemoglobin_g_dL,10.8
E001527,sodium_mmol_L,138.0
E001527,creatinine_mg_dL,1.39
E001528,hemoglobin_g_dL,10.5
E001528,sodium_mmol_L,142.0
E001528,creatinine_mg_dL,2.74
E001529,hemoglobin_g_dL,10.8
E001529,sodium_mmol_L,132.0
E001529,creatinine_mg_dL,1.48
E001530,hemoglobin_g_dL,12.8
E001530,sodium_mmol_L,137.0
E001531,hemoglobin_g_dL,9.8
E001531,sodium_mmol_L,129.0
E001532,hemoglobin_g_dL,12.9
E001532,sodium_mmol_L,134.0
E001532,creatinine_mg_dL,0.43
E001533,hemoglobin_g_dL,7.2
E001533,sodium_mmol_L,133.0
E001533,creatinine_mg_dL,2.21
E001534,sodium_mmol_L,141.0
E001534,creatinine_mg_dL,1.19
E001535,hemoglobin_g_dL,11.3
E001535,sodium_mmol_L,134.0
E001535,creatinine_mg_dL,1.18
E001536,hemoglobin_g_dL,8.9
E001536,sodium_mmol_L,137.0
E001536,creatinine_mg_dL,1.01
E001537,hemoglobin_g_dL,10.4
E001537,sodium_mmol_L,141.0
E001537,creatinine_mg_dL,0.43
E001538,hemoglobin_g_dL,11.3
E001538,sodium_mmol_L,135.0
E001538,creatinine_mg_dL,1.42
E001539,hemoglobin_g_dL,14.8
E001539,sodium_mmol_L,137.0
E001539,creatinine_mg_dL,1.06
E001540,hemoglobin_g_dL,13.3
E001540,sodium_mmol_L,133.0
E001540,creatinine_mg_dL,2.2
E001541,hemoglobin_g_dL,13.2
E001541,sodium_mmol_L,135.0
E001541,creatinine_mg_dL,1.12
E001542,hemoglobin_g_dL,12.8
E001542,sodium_mmol_L,137.0
E001542,creatinine_mg_dL,0.98
E001543,hemoglobin_g_dL,10.0
E001543,sodium_mmol_L,138.0
E001543,creatinine_mg_dL,1.36
E001544,hemoglobin_g_dL,11.1
E001544,sodium_mmol_L,132.0
E001545,hemoglobin_g_dL,11.6
E001545,sodium_mmol_L,136.0
E001545,creatinine_mg_dL,2.11
E001546,hemoglobin_g_dL,10.7
E001546,sodium_mmol_L,136.0
E001546,creatinine_mg_dL,0.8
E001547,hemoglobin_g_dL,10.6
E001547,sodium_mmol_L,131.0
E001548,hemoglobin_g_dL,12.7
E001548,sodium_mmol_L,135.0
E001548,creatinine_mg_dL,1.2
E001549,hemoglobin_g_dL,10.6
E001549,sodium_mmol_L,138.0
E001549,creatinine_mg_dL,1.37
E001550,hemoglobin_g_dL,13.8
E001550,sodium_mmol_L,138.0
E001550,creatinine_mg_dL,1.04
E001551,hemoglobin_g_dL,11.4
E001551,sodium_mmol_L,136.0
E001551,creatinine_mg_dL,1.96
E001552,hemoglobin_g_dL,11.0
E001552,sodium_mmol_L,130.0
E001553,hemoglobin_g_dL,10.6
E001553,sodium_mmol_L,135.0
E001553,creatinine_mg_dL,1.81
E001554,hemoglobin_g_dL,9.1
E001554,sodium_mmol_L,133.0
E001554,creatinine_mg_dL,1.1
E001555,sodium_mmol_L,135.0
E001555,creatinine_mg_dL,0.97
E001556,hemoglobin_g_dL,11.7
E001556,sodium_mmol_L,146.0
E001556,creatinine_mg_dL,0.99
E001557,hemoglobin_g_dL,12.3
E001557,sodium_mmol_L,136.0
E001557,creatinine_mg_dL,1.27
E001558,sodium_mmol_L,131.0
E001558,creatinine_mg_dL,0.82
E001559,hemoglobin_g_dL,11.2
E001559,sodium_mmol_L,132.0
E001559,creatinine_mg_dL,1.49
E001560,hemoglobin_g_dL,14.0
E001560,sodium_mmol_L,138.0
E001560,creatinine_mg_dL,1.04
E001561,hemoglobin_g_dL,14.5
E001561,sodium_mmol_L,133.0
E001562,hemoglobin_g_dL,14.9
E001562,sodium_mmol_L,139.0
E001562,creatinine_mg_dL,1.15
E001563,hemoglobin_g_dL,10.2
E001563,sodium_mmol_L,133.0
E001563,creatinine_mg_dL,1.09
E001564,hemoglobin_g_dL,10.9
E001564,sodium_mmol_L,133.0
E001564,creatinine_mg_dL,1.43
E001565,hemoglobin_g_dL,13.9
E001565,sodium_mmol_L,135.0
E001565,creatinine_mg_dL,0.71
E001566,hemoglobin_g_dL,13.3
E001566,sodium_mmol_L,141.0
E001567,hemoglobin_g_dL,13.2
E001567,sodium_mmol_L,130.0
E001567,creatinine_mg_dL,1.83
E001568,hemoglobin_g_dL,13.9
E001568,sodium_mmol_L,136.0
E001568,creatinine_mg_dL,1.34
E001569,sodium_mmol_L,134.0
E001569,creatinine_mg_dL,0.84
E001570,hemoglobin_g_dL,13.5
E001570,sodium_mmol_L,142.0
E001570,creatinine_mg_dL,1.25
E001571,hemoglobin_g_dL,11.3
E001571,sodium_mmol_L,139.0
E001572,hemoglobin_g_dL,12.3
E001572,sodium_mmol_L,145.0
E001572,creatinine_mg_dL,1.64
E001573,hemoglobin_g_dL,9.1
E001573,sodium_mmol_L,132.0
E001573,creatinine_mg_dL,0.82
E001574,hemoglobin_g_dL,9.3
E001574,creatinine_mg_dL,0.83
E001575,hemoglobin_g_dL,15.3
E001575,sodium_mmol_L,134.0
E001575,creatinine_mg_dL,1.03
E001576,hemoglobin_g_dL,14.2
E001576,sodium_mmol_L,144.0
E001576,creatinine_mg_dL,0.76
E001577,hemoglobin_g_dL,14.3
E001577,sodium_mmol_L,143.0
E001577,creatinine_mg_dL,1.26
E001578,hemoglobin_g_dL,10.7
E001578,sodium_mmol_L,142.0
E001578,creatinine_mg_dL,0.74
E001579,hemoglobin_g_dL,12.0
E001579,sodium_mmol_L,138.0
E001579,creatinine_mg_dL,0.99
E001580,hemoglobin_g_dL,10.2
E001580,sodium_mmol_L,136.0
E001580,creatinine_mg_dL,0.95
E001581,hemoglobin_g_dL,11.1
E001581,sodium_mmol_L,135.0
E001581,creatinine_mg_dL,1.27
E001582,hemoglobin_g_dL,14.4
E001582,sodium_mmol_L,140.0
E001582,creatinine_mg_dL,0.9
E001583,hemoglobin_g_dL,10.4
E001583,sodium_mmol_L,133.0
E001583,creatinine_mg_dL,1.34
E001584,hemoglobin_g_dL,11.5
E001584,sodium_mmol_L,136.0
E001584,creatinine_mg_dL,1.35
E001585,hemoglobin_g_dL,10.9
E001585,sodium_mmol_L,127.0
E001585,creatinine_mg_dL,0.93
E001586,hemoglobin_g_dL,11.8
E001586,sodium_mmol_L,139.0
E001586,creatinine_mg_dL,1.12
E001587,hemoglobin_g_dL,14.4
E001587,sodium_mmol_L,141.0
E001587,creatinine_mg_dL,0.44
E001588,hemoglobin_g_dL,12.5
E001588,sodium_mmol_L,146.0
E001588,creatinine_mg_dL,1.16
E001589,hemoglobin_g_dL,10.0
E001589,sodium_mmol_L,134.0
E001590,hemoglobin_g_dL,10.5
E001590,sodium_mmol_L,134.0
E001590,creatinine_mg_dL,1.14
E001591,hemoglobin_g_dL,11.3
E001591,sodium_mmol_L,138.0
E001591,creatinine_mg_dL,0.96
E001592,hemoglobin_g_dL,11.3
E001592,sodium_mmol_L,132.0
E001592,creatinine_mg_dL,1.05
E001593,hemoglobin_g_dL,11.9
E001593,sodium_mmol_L,138.0
E001593,creatinine_mg_dL,1.31
E001594,hemoglobin_g_dL,11.9
E001594,creatinine_mg_dL,1.02
E001595,hemoglobin_g_dL,12.8
E001595,sodium_mmol_L,147.0
E001595,creatinine_mg_dL,1.37
E001596,hemoglobin_g_dL,13.9
E001596,sodium_mmol_L,140.0
E001596,creatinine_mg_dL,0.69
E001597,sodium_mmol_L,140.0
E001597,creatinine_mg_dL,1.06
E001598,hemoglobin_g_dL,14.4
E001598,sodium_mmol_L,135.0
E001598,creatinine_mg_dL,1.67
E001599,hemoglobin_g_dL,13.6
E001599,sodium_mmol_L,149.0
E001599,creatinine_mg_dL,1.35
E001600,hemoglobin_g_dL,13.6
E001600,sodium_mmol_L,140.0
E001600,creatinine_mg_dL,1.03
E001601,hemoglobin_g_dL,9.2
E001601,sodium_mmol_L,137.0
E001602,hemoglobin_g_dL,13.3
E001602,sodium_mmol_L,140.0
E001602,creatinine_mg_dL,1.45
E001603,hemoglobin_g_dL,10.7
E001603,sodium_mmol_L,135.0
E001604,hemoglobin_g_dL,14.0
E001604,sodium_mmol_L,130.0
E001604,creatinine_mg_dL,1.11
E001605,hemoglobin_g_dL,10.0
E001605,sodium_mmol_L,132.0
E001606,hemoglobin_g_dL,14.4
E001606,sodium_mmol_L,143.0
E001606,creatinine_mg_dL,2.45
E001607,hemoglobin_g_dL,13.1
E001607,sodium_mmol_L,142.0
E001607,creatinine_mg_dL,0.53
E001608,hemoglobin_g_dL,14.5
E001608,sodium_mmol_L,125.0
E001608,creatinine_mg_dL,1.35
E001609,hemoglobin_g_dL,15.4
E001609,sodium_mmol_L,132.0
E001609,creatinine_mg_dL,0.87
E001610,hemoglobin_g_dL,12.4
E001610,sodium_mmol_L,134.0
E001610,creatinine_mg_dL,1.57
E001611,hemoglobin_g_dL,10.6
E001611,creatinine_mg_dL,1.53
E001612,hemoglobin_g_dL,9.4
E001612,sodium_mmol_L,140.0
E001612,creatinine_mg_dL,1.17
E001613,hemoglobin_g_dL,8.6
E001613,sodium_mmol_L,131.0
E001613,creatinine_mg_dL,1.3
E001614,hemoglobin_g_dL,11.0
E001614,sodium_mmol_L,137.0
E001614,creatinine_mg_dL,1.17
E001615,hemoglobin_g_dL,15.9
E001615,sodium_mmol_L,130.0
E001615,creatinine_mg_dL,0.81
E001616,hemoglobin_g_dL,13.3
E001616,sodium_mmol_L,138.0
E001616,creatinine_mg_dL,2.07
E001617,hemoglobin_g_dL,11.0
E001617,sodium_mmol_L,131.0
E001617,creatinine_mg_dL,1.02
E001618,hemoglobin_g_dL,9.0
E001618,sodium_mmol_L,134.0
E001619,hemoglobin_g_dL,12.0
E001619,sodium_mmol_L,138.0
E001619,creatinine_mg_dL,0.57
E001620,hemoglobin_g_dL,8.7
E001620,sodium_mmol_L,136.0
E001621,hemoglobin_g_dL,13.5
E001621,sodium_mmol_L,132.0
E001621,creatinine_mg_dL,1.51
E001622,hemoglobin_g_dL,11.1
E001622,sodium_mmol_L,139.0
E001622,creatinine_mg_dL,1.01
E001623,hemoglobin_g_dL,13.7
E001623,sodium_mmol_L,138.0
E001624,sodium_mmol_L,129.0
E001624,creatinine_mg_dL,1.41
E001625,hemoglobin_g_dL,14.1
E001625,sodium_mmol_L,135.0
E001626,hemoglobin_g_dL,10.8
E001626,creatinine_mg_dL,1.67
E001627,hemoglobin_g_dL,14.2
E001627,sodium_mmol_L,134.0
E001627,creatinine_mg_dL,1.0
E001628,hemoglobin_g_dL,12.5
E001628,sodium_mmol_L,136.0
E001628,creatinine_mg_dL,0.71
E001629,hemoglobin_g_dL,7.2
E001629,sodium_mmol_L,133.0
E001630,hemoglobin_g_dL,12.0
E001630,sodium_mmol_L,139.0
E001630,creatinine_mg_dL,0.7
E001631,hemoglobin_g_dL,14.4
E001631,sodium_mmol_L,131.0
E001631,creatinine_mg_dL,1.91
E001632,hemoglobin_g_dL,13.5
E001632,sodium_mmol_L,141.0
E001632,creatinine_mg_dL,0.95
E001633,hemoglobin_g_dL,12.2
E001633,sodium_mmol_L,139.0
E001633,creatinine_mg_dL,0.61
E001634,sodium_mmol_L,137.0
E001635,hemoglobin_g_dL,12.6
E001635,sodium_mmol_L,139.0
E001635,creatinine_mg_dL,1.94
E001636,hemoglobin_g_dL,11.4
E001636,sodium_mmol_L,132.0
E001636,creatinine_mg_dL,0.72
E001637,hemoglobin_g_dL,14.2
E001637,sodium_mmol_L,135.0
E001637,creatinine_mg_dL,0.85
E001638,hemoglobin_g_dL,11.8
E001638,sodium_mmol_L,141.0
E001638,creatinine_mg_dL,1.12
E001639,hemoglobin_g_dL,12.1
E001639,sodium_mmol_L,131.0
E001639,creatinine_mg_dL,0.85
E001640,hemoglobin_g_dL,11.6
E001640,sodium_mmol_L,140.0
E001640,creatinine_mg_dL,1.38
E001641,hemoglobin_g_dL,15.9
E001641,sodium_mmol_L,137.0
E001641,creatinine_mg_dL,1.01
E001642,hemoglobin_g_dL,13.6
E001642,sodium_mmol_L,136.0
E001642,creatinine_mg_dL,1.19
E001643,hemoglobin_g_dL,9.2
E001643,sodium_mmol_L,134.0
E001643,creatinine_mg_dL,1.38
E001644,hemoglobin_g_dL,10.0
E001644,sodium_mmol_L,142.0
E001644,creatinine_mg_dL,1.18
E001645,hemoglobin_g_dL,14.6
E001645,sodium_mmol_L,139.0
E001645,creatinine_mg_dL,1.0
E001646,hemoglobin_g_dL,9.7
E001646,sodium_mmol_L,132.0
E001646,creatinine_mg_dL,1.6
E001647,hemoglobin_g_dL,14.3
E001647,sodium_mmol_L,139.0
E001648,sodium_mmol_L,140.0
E001648,creatinine_mg_dL,0.83
E001649,hemoglobin_g_dL,11.9
E001649,sodium_mmol_L,132.0
E001649,creatinine_mg_dL,0.87
E001650,hemoglobin_g_dL,11.7
E001650,sodium_mmol_L,135.0
E001650,creatinine_mg_dL,0.9
E001651,hemoglobin_g_dL,13.9
E001651,sodium_mmol_L,144.0
E001651,creatinine_mg_dL,0.88
E001652,hemoglobin_g_dL,9.9
E001652,sodium_mmol_L,138.0
E001652,creatinine_mg_dL,1.16
E001653,hemoglobin_g_dL,13.2
E001653,sodium_mmol_L,130.0
E001653,creatinine_mg_dL,1.28
E001654,hemoglobin_g_dL,6.9
E001654,sodium_mmol_L,139.0
E001654,creatinine_mg_dL,1.12
E001655,hemoglobin_g_dL,13.6
E001655,sodium_mmol_L,141.0
E001655,creatinine_mg_dL,0.81
E001656,hemoglobin_g_dL,12.3
E001656,sodium_mmol_L,140.0
E001657,hemoglobin_g_dL,13.1
E001657,sodium_mmol_L,136.0
E001658,hemoglobin_g_dL,12.7
E001658,sodium_mmol_L,135.0
E001658,creatinine_mg_dL,2.67
E001659,sodium_mmol_L,139.0
E001659,creatinine_mg_dL,0.88
E001660,hemoglobin_g_dL,14.4
E001660,sodium_mmol_L,136.0
E001660,creatinine_mg_dL,1.6
E001661,hemoglobin_g_dL,12.0
E001661,sodium_mmol_L,132.0
E001661,creatinine_mg_dL,1.39
E001662,hemoglobin_g_dL,13.0
E001662,sodium_mmol_L,134.0
E001662,creatinine_mg_dL,2.36
E001663,hemoglobin_g_dL,14.7
E001663,sodium_mmol_L,135.0
E001663,creatinine_mg_dL,1.51
E001664,hemoglobin_g_dL,11.0
E001664,sodium_mmol_L,132.0
E001664,creatinine_mg_dL,0.96
E001665,hemoglobin_g_dL,10.0
E001665,sodium_mmol_L,137.0
E001665,creatinine_mg_dL,2.06
E001666,sodium_mmol_L,138.0
E001666,creatinine_mg_dL,1.27
E001667,hemoglobin_g_dL,12.1
E001667,sodium_mmol_L,137.0
E001667,creatinine_mg_dL,1.18
E001668,hemoglobin_g_dL,12.5
E001668,sodium_mmol_L,137.0
E001668,creatinine_mg_dL,2.65
E001669,sodium_mmol_L,136.0
E001669,creatinine_mg_dL,0.49
E001670,hemoglobin_g_dL,15.2
E001670,sodium_mmol_L,136.0
E001670,creatinine_mg_dL,0.34
E001671,hemoglobin_g_dL,11.0
E001671,sodium_mmol_L,136.0
E001671,creatinine_mg_dL,1.13
E001672,hemoglobin_g_dL,14.5
E001672,sodium_mmol_L,143.0
E001672,creatinine_mg_dL,0.79
E001673,hemoglobin_g_dL,13.2
E001673,sodium_mmol_L,138.0
E001673,creatinine_mg_dL,0.53
E001674,hemoglobin_g_dL,12.4
E001674,sodium_mmol_L,138.0
E001674,creatinine_mg_dL,1.67
E001675,hemoglobin_g_dL,14.2
E001675,sodium_mmol_L,138.0
E001675,creatinine_mg_dL,0.49
E001676,hemoglobin_g_dL,10.5
E001676,sodium_mmol_L,136.0
E001676,creatinine_mg_dL,1.13
E001677,hemoglobin_g_dL,13.9
E001677,sodium_mmol_L,141.0
E001677,creatinine_mg_dL,0.95
E001678,hemoglobin_g_dL,13.1
E001678,sodium_mmol_L,140.0
E001678,creatinine_mg_dL,1.11
E001679,hemoglobin_g_dL,13.7
E001679,sodium_mmol_L,135.0
E001680,hemoglobin_g_dL,13.2
E001680,sodium_mmol_L,135.0
E001680,creatinine_mg_dL,0.84
E001681,hemoglobin_g_dL,11.1
E001681,sodium_mmol_L,128.0
E001681,creatinine_mg_dL,1.13
E001682,hemoglobin_g_dL,13.0
E001682,sodium_mmol_L,140.0
E001682,creatinine_mg_dL,0.46
E001683,sodium_mmol_L,137.0
E001683,creatinine_mg_dL,1.16
E001684,hemoglobin_g_dL,11.2
E001684,sodium_mmol_L,141.0
E001684,creatinine_mg_dL,1.15
E001685,hemoglobin_g_dL,10.5
E001685,sodium_mmol_L,129.0
E001685,creatinine_mg_dL,1.39
E001686,hemoglobin_g_dL,13.1
E001686,sodium_mmol_L,136.0
E001686,creatinine_mg_dL,0.94
E001687,hemoglobin_g_dL,11.7
E001687,sodium_mmol_L,139.0
E001687,creatinine_mg_dL,1.16
E001688,sodium_mmol_L,144.0
E001688,creatinine_mg_dL,1.0
E001689,hemoglobin_g_dL,13.6
E001689,sodium_mmol_L,134.0
E001689,creatinine_mg_dL,1.16
E001690,hemoglobin_g_dL,7.5
E001690,sodium_mmol_L,132.0
E001690,creatinine_mg_dL,1.56
E001691,hemoglobin_g_dL,13.2
E001691,sodium_mmol_L,133.0
E001691,creatinine_mg_dL,0.57
E001692,sodium_mmol_L,142.0
E001693,hemoglobin_g_dL,10.9
E001693,sodium_mmol_L,140.0
E001693,creatinine_mg_dL,0.86
E001694,sodium_mmol_L,139.0
E001694,creatinine_mg_dL,1.6
E001695,hemoglobin_g_dL,12.6
E001695,sodium_mmol_L,138.0
E001695,creatinine_mg_dL,0.72
E001696,hemoglobin_g_dL,12.0
E001696,sodium_mmol_L,135.0
E001696,creatinine_mg_dL,1.36
E001697,hemoglobin_g_dL,15.3
E001697,sodium_mmol_L,134.0
E001697,creatinine_mg_dL,0.52
E001698,hemoglobin_g_dL,8.8
E001698,sodium_mmol_L,134.0
E001698,creatinine_mg_dL,0.64
E001699,hemoglobin_g_dL,13.5
E001699,sodium_mmol_L,133.0
E001699,creatinine_mg_dL,1.82
E001700,sodium_mmol_L,138.0
E001700,creatinine_mg_dL,1.28
E001701,hemoglobin_g_dL,15.3
E001701,sodium_mmol_L,141.0
E001701,creatinine_mg_dL,0.4
E001702,hemoglobin_g_dL,12.8
E001702,sodium_mmol_L,138.0
E001702,creatinine_mg_dL,1.01
E001703,hemoglobin_g_dL,10.3
E001703,sodium_mmol_L,129.0
E001703,creatinine_mg_dL,0.74
E001704,sodium_mmol_L,140.0
E001704,creatinine_mg_dL,2.5
E001705,sodium_mmol_L,137.0
E001705,creatinine_mg_dL,1.44
E001706,hemoglobin_g_dL,12.2
E001706,sodium_mmol_L,139.0
E001706,creatinine_mg_dL,1.23
E001707,hemoglobin_g_dL,13.3
E001707,sodium_mmol_L,129.0
E001707,creatinine_mg_dL,2.4
E001708,hemoglobin_g_dL,9.9
E001708,sodium_mmol_L,139.0
E001708,creatinine_mg_dL,1.07
E001709,hemoglobin_g_dL,10.2
E001709,sodium_mmol_L,138.0
E001710,hemoglobin_g_dL,14.3
E001710,sodium_mmol_L,137.0
E001710,creatinine_mg_dL,1.25
E001711,hemoglobin_g_dL,11.1
E001711,sodium_mmol_L,143.0
E001711,creatinine_mg_dL,1.24
E001712,hemoglobin_g_dL,12.6
E001712,sodium_mmol_L,135.0
E001712,creatinine_mg_dL,1.05
E001713,hemoglobin_g_dL,13.0
E001713,sodium_mmol_L,139.0
E001713,creatinine_mg_dL,0.76
E001714,hemoglobin_g_dL,8.7
E001714,creatinine_mg_dL,0.76
E001715,hemoglobin_g_dL,14.8
E001715,sodium_mmol_L,140.0
E001715,creatinine_mg_dL,1.39
E001716,hemoglobin_g_dL,10.0
E001716,sodium_mmol_L,134.0
E001716,creatinine_mg_dL,1.45
E001717,hemoglobin_g_dL,10.6
E001717,sodium_mmol_L,138.0
