primaryid,age,sex,country,reporter_type,event_dt,outc_cod
10000001,56,M,IN,Other HCP,2025-10-13,
10000002,65,F,GB,Physician,2025-10-19,
10000003,37,M,GB,Pharmacist,2025-05-01,
10000004,49,F,US,Pharmacist,2025-11-04,
10000005,51,F,GB,Physician,2025-11-23,
10000006,53,M,IN,Pharmacist,2025-10-01,
10000007,71,F,DE,Other HCP,2025-12-19,
10000008,64,F,GB,Physician,2025-08-27,
10000009,35,F,US,Pharmacist,2025-06-23,
10000010,70,F,IN,Other HCP,2025-01-10,
10000011,74,F,JP,Pharmacist,2025-07-15,HO
10000012,69,F,JP,Physician,2025-08-16,HO
10000013,43,M,IN,Consumer,2025-03-25,
10000014,44,F,DE,Physician,2025-01-22,
10000015,58,F,IN,Physician,2025-09-19,
10000016,26,F,IN,Consumer,2025-02-15,
10000017,47,F,DE,Consumer,2025-01-15,
10000018,63,M,IN,Physician,2025-06-16,
10000019,65,F,JP,Consumer,2025-08-02,
10000020,36,F,GB,Physician,2025-11-16,
10000021,80,F,DE,Consumer,2025-05-17,OT
10000022,76,F,US,Pharmacist,2025-06-05,
10000023,62,F,JP,Other HCP,2025-06-24,
10000024,69,F,US,Consumer,2025-02-25,
10000025,61,F,JP,Pharmacist,2025-05-02,
10000026,69,F,DE,Pharmacist,2025-04-20,
10000027,53,F,DE,Physician,2025-08-24,
10000028,39,F,IN,Pharmacist,2025-07-03,
10000029,43,F,IN,Other HCP,2025-06-10,
10000030,88,F,IN,Physician,2025-11-27,
10000031,42,F,JP,Consumer,2025-09-19,
10000032,57,M,IN,Consumer,2025-10-26,
10000033,50,F,IN,Pharmacist,2025-06-16,
10000034,67,F,IN,Consumer,2025-07-27,
10000035,46,M,JP,Other HCP,2025-06-19,HO
10000036,18,M,US,Consumer,2025-09-07,
10000037,33,F,JP,Consumer,2025-06-12,
10000038,53,M,IN,Consumer,2025-05-10,HO
10000039,56,M,JP,Other HCP,2025-02-14,
10000040,54,M,JP,Physician,2025-11-09,
10000041,78,M,IN,Pharmacist,2025-12-17,
10000042,37,F,IN,Pharmacist,2025-07-07,
10000043,65,F,DE,Physician,2025-07-16,
10000044,65,F,IN,Consumer,2025-11-18,
10000045,45,M,IN,Other HCP,2025-05-15,
10000046,54,F,IN,Other HCP,2025-09-23,
10000047,65,F,US,Physician,2025-09-14,
10000048,56,F,IN,Pharmacist,2025-11-15,HO
10000049,36,M,JP,Consumer,2025-11-02,
10000050,67,F,IN,Physician,2025-06-17,
10000051,70,F,IN,Pharmacist,2025-03-18,
10000052,83,F,JP,Consumer,2025-07-10,
10000053,41,F,US,Pharmacist,2025-01-20,
10000054,39,F,GB,Consumer,2025-06-22,OT
10000055,70,M,US,Consumer,2025-09-19,HO
10000056,59,F,JP,Pharmacist,2025-11-12,HO
10000057,30,M,GB,Pharmacist,2025-08-27,
10000058,41,F,IN,Pharmacist,2025-01-25,OT
10000059,58,F,IN,Physician,2025-08-09,
10000060,60,F,GB,Physician,2025-07-01,
10000061,41,M,IN,Consumer,2025-02-11,
10000062,33,M,DE,Physician,2025-02-05,OT
10000063,53,F,GB,Consumer,2025-09-23,HO
10000064,86,M,US,Consumer,2025-02-20,
10000065,52,F,IN,Pharmacist,2025-10-05,
10000066,23,M,IN,Physician,2025-06-07,OT
10000067,40,M,IN,Consumer,2025-07-01,
10000068,47,F,JP,Pharmacist,2025-05-01,
10000069,52,F,US,Physician,2025-10-04,
10000070,23,F,DE,Consumer,2025-03-09,
10000071,41,M,IN,Physician,2025-10-08,
10000072,43,F,DE,Physician,2025-11-24,
10000073,52,F,IN,Consumer,2025-12-04,
10000074,52,F,DE,Consumer,2025-12-21,
10000075,73,M,JP,Consumer,2025-03-13,
10000076,25,F,JP,Consumer,2025-04-17,
10000077,51,F,JP,Consumer,2025-09-17,
10000078,63,F,DE,Physician,2025-11-04,
10000079,50,M,US,Consumer,2025-06-09,OT
10000080,63,M,US,Pharmacist,2025-12-23,
10000081,41,M,IN,Physician,2025-02-19,OT
10000082,60,F,JP,Consumer,2025-03-22,
10000083,51,M,IN,Physician,2025-01-02,OT
10000084,46,F,IN,Other HCP,2025-01-14,
10000085,77,F,US,Consumer,2025-10-04,HO
10000086,39,F,US,Other HCP,2025-07-08,
10000087,53,F,IN,Physician,2025-08-23,
10000088,65,F,GB,Other HCP,2025-10-23,
10000089,57,M,IN,Pharmacist,2025-08-17,
10000090,60,M,US,Consumer,2025-06-16,
10000091,54,M,DE,Consumer,2025-01-26,
10000092,76,F,DE,Consumer,2025-11-21,
10000093,43,M,GB,Consumer,2025-11-10,
10000094,49,F,US,Other HCP,2025-04-19,
10000095,58,F,US,Pharmacist,2025-06-15,OT
10000096,68,F,IN,Physician,2025-09-16,
10000097,31,F,GB,Pharmacist,2025-02-17,
10000098,74,F,IN,Physician,2025-09-22,HO
10000099,56,F,GB,Consumer,2025-01-09,
10000100,20,M,IN,Consumer,2025-12-01,
10000101,45,F,IN,Consumer,2025-11-04,
10000102,65,F,US,Physician,2025-10-03,HO
10000103,54,F,GB,Physician,2025-01-06,
10000104,56,M,US,Other HCP,2025-06-02,
10000105,48,M,IN,Other HCP,2025-01-27,OT
10000106,76,F,GB,Physician,2025-01-18,
10000107,36,M,DE,Physician,2025-09-26,
10000108,61,F,DE,Consumer,2025-07-19,OT
10000109,74,M,IN,Pharmacist,2025-01-05,
10000110,27,F,GB,Physician,2025-05-19,HO
10000111,61,F,IN,Consumer,2025-12-24,HO
10000112,82,M,DE,Other HCP,2025-07-27,HO
10000113,72,F,DE,Physician,2025-08-01,
10000114,61,F,IN,Consumer,2025-05-15,
10000115,64,M,GB,Pharmacist,2025-01-02,
10000116,60,M,US,Pharmacist,2025-07-03,HO
10000117,69,F,DE,Consumer,2025-07-09,
10000118,50,M,IN,Physician,2025-05-17,
10000119,74,F,JP,Physician,2025-09-05,HO
10000120,47,F,IN,Physician,2025-05-11,
10000121,63,M,JP,Consumer,2025-01-25,
10000122,60,F,IN,Other HCP,2025-07-24,
10000123,59,M,IN,Other HCP,2025-05-05,HO
10000124,46,M,JP,Physician,2025-05-16,
10000125,46,F,IN,Consumer,2025-06-02,
10000126,68,F,IN,Physician,2025-09-01,
10000127,68,F,IN,Physician,2025-12-23,HO
10000128,57,F,IN,Consumer,2025-07-09,
10000129,69,F,US,Consumer,2025-07-13,HO
10000130,47,M,US,Physician,2025-03-16,
10000131,74,F,JP,Pharmacist,2025-03-05,
10000132,52,F,GB,Consumer,2025-10-25,
10000133,38,F,IN,Pharmacist,2025-08-21,
10000134,53,M,IN,Consumer,2025-11-18,HO
10000135,76,F,DE,Pharmacist,2025-06-07,
10000136,74,M,IN,Physician,2025-09-26,
10000137,42,M,JP,Pharmacist,2025-08-19,
10000138,66,M,DE,Consumer,2025-06-11,HO
10000139,70,F,IN,Physician,2025-08-18,
10000140,71,F,DE,Physician,2025-04-14,
10000141,55,F,DE,Consumer,2025-06-20,
10000142,52,F,GB,Pharmacist,2025-11-06,HO
10000143,46,F,US,Consumer,2025-04-14,
10000144,42,M,GB,Consumer,2025-03-03,OT
10000145,35,M,IN,Consumer,2025-12-23,
10000146,59,F,GB,Consumer,2025-08-14,
10000147,45,M,IN,Consumer,2025-07-24,
10000148,58,M,DE,Physician,2025-10-13,
10000149,66,F,US,Consumer,2025-02-15,
10000150,62,M,GB,Physician,2025-04-23,
10000151,59,M,JP,Pharmacist,2025-01-10,
10000152,60,F,DE,Consumer,2025-10-01,OT
10000153,40,M,US,Consumer,2025-10-07,
10000154,61,M,US,Pharmacist,2025-05-03,
10000155,58,F,US,Physician,2025-03-06,
10000156,40,F,IN,Consumer,2025-10-21,
10000157,59,F,DE,Physician,2025-11-16,
10000158,50,M,US,Physician,2025-10-04,HO
10000159,34,F,IN,Pharmacist,2025-06-09,
10000160,48,F,DE,Physician,2025-12-27,
10000161,58,F,US,Consumer,2025-02-21,
10000162,62,F,IN,Consumer,2025-04-16,
10000163,50,F,IN,Other HCP,2025-03-26,
10000164,33,M,US,Physician,2025-12-08,
10000165,66,M,IN,Pharmacist,2025-09-01,
10000166,47,F,DE,Other HCP,2025-03-27,
10000167,54,M,US,Other HCP,2025-06-03,OT
10000168,63,F,GB,Consumer,2025-01-16,
10000169,58,M,JP,Consumer,2025-04-22,
10000170,60,F,US,Pharmacist,2025-05-19,
10000171,38,M,JP,Consumer,2025-09-03,
10000172,56,F,DE,Consumer,2025-12-12,
10000173,37,F,IN,Pharmacist,2025-08-03,
10000174,65,F,US,Physician,2025-12-08,HO
10000175,64,F,IN,Physician,2025-08-13,OT
10000176,60,F,IN,Pharmacist,2025-10-14,
10000177,62,F,US,Other HCP,2025-09-10,HO
10000178,43,F,US,Consumer,2025-12-20,HO
10000179,53,F,IN,Consumer,2025-01-03,
10000180,51,M,US,Consumer,2025-04-09,HO
10000181,70,F,US,Consumer,2025-09-02,HO
10000182,56,F,JP,Physician,2025-11-12,
10000183,88,F,DE,Pharmacist,2025-10-25,
10000184,63,F,IN,Physician,2025-12-27,OT
10000185,54,M,US,Pharmacist,2025-03-10,
10000186,35,F,JP,Other HCP,2025-11-05,HO
10000187,48,F,DE,Physician,2025-02-20,
10000188,30,M,IN,Physician,2025-06-24,
10000189,43,M,IN,Consumer,2025-12-13,
10000190,52,M,JP,Consumer,2025-08-14,
10000191,51,F,DE,Pharmacist,2025-07-10,
10000192,50,F,IN,Physician,2025-02-12,
10000193,19,M,IN,Pharmacist,2025-11-27,HO
10000194,31,F,DE,Consumer,2025-04-16,HO
10000195,52,M,IN,Pharmacist,2025-04-18,
10000196,34,F,GB,Pharmacist,2025-09-09,
10000197,25,M,IN,Pharmacist,2025-07-11,OT
10000198,58,M,JP,Physician,2025-07-07,
10000199,39,F,JP,Consumer,2025-01-21,
10000200,74,M,IN,Other HCP,2025-04-24,
10000201,65,M,IN,Physician,2025-06-13,
10000202,54,M,GB,Pharmacist,2025-11-26,HO
10000203,73,F,US,Consumer,2025-11-26,
10000204,82,F,IN,Pharmacist,2025-03-13,
10000205,32,F,GB,Physician,2025-03-21,
10000206,68,M,IN,Other HCP,2025-11-15,
10000207,31,M,US,Pharmacist,2025-01-23,
10000208,27,M,JP,Pharmacist,2025-07-05,
10000209,76,M,IN,Physician,2025-07-18,
10000210,70,M,IN,Consumer,2025-06-07,
10000211,53,F,IN,Physician,2025-02-06,
10000212,62,F,GB,Consumer,2025-07-03,
10000213,43,M,US,Physician,2025-05-08,
10000214,48,M,JP,Consumer,2025-05-20,
10000215,71,M,IN,Consumer,2025-05-06,OT
10000216,36,F,IN,Physician,2025-02-13,
10000217,58,M,IN,Consumer,2025-02-23,HO
10000218,48,F,DE,Consumer,2025-10-06,
10000219,84,F,JP,Consumer,2025-04-11,
10000220,69,F,IN,Consumer,2025-03-15,HO
10000221,48,M,IN,Pharmacist,2025-04-01,
10000222,39,M,DE,Physician,2025-04-22,
10000223,68,F,GB,Physician,2025-07-19,
10000224,60,F,DE,Consumer,2025-05-13,HO
10000225,62,F,IN,Pharmacist,2025-06-14,
10000226,59,M,IN,Consumer,2025-05-03,OT
10000227,60,M,IN,Physician,2025-03-02,
10000228,59,F,JP,Physician,2025-06-21,
10000229,60,F,DE,Pharmacist,2025-10-18,
10000230,38,F,IN,Other HCP,2025-08-09,
10000231,92,M,US,Pharmacist,2025-09-08,HO
10000232,38,M,IN,Pharmacist,2025-10-11,
10000233,44,F,IN,Pharmacist,2025-06-14,
10000234,62,F,US,Consumer,2025-04-04,OT
10000235,62,M,JP,Other HCP,2025-11-05,
10000236,41,F,IN,Physician,2025-04-22,
10000237,48,M,GB,Consumer,2025-05-24,HO
10000238,29,F,US,Consumer,2025-11-19,
10000239,42,F,JP,Other HCP,2025-01-03,OT
10000240,49,F,DE,Physician,2025-10-15,
10000241,47,F,IN,Physician,2025-02-24,
10000242,64,F,IN,Consumer,2025-12-08,
10000243,38,F,IN,Physician,2025-10-18,
10000244,45,F,JP,Physician,2025-01-03,HO
10000245,34,M,GB,Physician,2025-04-18,
10000246,72,F,US,Consumer,2025-11-21,OT
10000247,67,F,DE,Physician,2025-08-11,
10000248,44,F,IN,Other HCP,2025-08-11,
10000249,31,F,IN,Physician,2025-12-07,
10000250,33,F,JP,Pharmacist,2025-12-21,
10000251,40,M,DE,Consumer,2025-07-02,HO
10000252,69,M,IN,Consumer,2025-04-05,OT
10000253,58,M,IN,Physician,2025-04-01,HO
10000254,34,F,IN,Physician,2025-02-22,OT
10000255,59,M,IN,Consumer,2025-11-26,
10000256,49,M,JP,Pharmacist,2025-04-06,
10000257,58,F,JP,Consumer,2025-09-10,
10000258,58,F,JP,Consumer,2025-02-12,
10000259,32,M,IN,Other HCP,2025-01-11,
10000260,64,F,IN,Consumer,2025-04-02,
10000261,69,F,JP,Consumer,2025-10-11,
10000262,87,F,JP,Pharmacist,2025-03-25,
10000263,63,F,DE,Physician,2025-07-10,HO
10000264,76,M,IN,Physician,2025-09-09,
10000265,52,F,DE,Physician,2025-09-23,
10000266,18,M,GB,Pharmacist,2025-10-05,
10000267,27,F,IN,Physician,2025-04-04,
10000268,31,M,US,Pharmacist,2025-04-05,
10000269,52,F,IN,Consumer,2025-06-10,
10000270,31,F,US,Consumer,2025-10-25,
10000271,74,M,US,Consumer,2025-03-26,
10000272,61,F,DE,Physician,2025-01-23,
10000273,65,F,IN,Consumer,2025-04-09,
10000274,65,F,DE,Consumer,2025-03-22,
10000275,59,F,US,Pharmacist,2025-03-03,HO
10000276,52,M,GB,Consumer,2025-01-13,
10000277,28,F,US,Consumer,2025-02-26,
10000278,62,F,GB,Consumer,2025-04-14,
10000279,82,M,IN,Physician,2025-01-02,
10000280,31,F,DE,Physician,2025-11-05,
10000281,42,F,DE,Consumer,2025-07-03,
10000282,51,M,DE,Consumer,2025-07-01,
10000283,48,M,JP,Physician,2025-07-15,
10000284,74,F,JP,Consumer,2025-08-15,
10000285,51,M,IN,Consumer,2025-03-09,
10000286,67,M,GB,Other HCP,2025-05-15,
10000287,59,F,GB,Pharmacist,2025-11-01,HO
10000288,63,F,IN,Physician,2025-10-02,
10000289,62,M,IN,Consumer,2025-09-12,
10000290,53,M,US,Physician,2025-06-17,
10000291,40,M,US,Consumer,2025-06-13,
10000292,57,M,IN,Physician,2025-03-27,HO
10000293,58,F,US,Consumer,2025-01-24,HO
10000294,70,M,IN,Pharmacist,2025-06-18,
10000295,30,M,US,Pharmacist,2025-06-15,
10000296,37,M,IN,Pharmacist,2025-07-04,
10000297,68,F,GB,Other HCP,2025-08-07,
10000298,74,F,JP,Physician,2025-06-03,
10000299,62,M,DE,Other HCP,2025-06-04,
10000300,71,M,GB,Consumer,2025-12-06,
10000301,56,M,IN,Consumer,2025-12-25,
10000302,58,F,GB,Other HCP,2025-08-21,
10000303,95,M,DE,Other HCP,2025-11-21,HO
10000304,22,M,IN,Consumer,2025-12-12,
10000305,68,F,IN,Consumer,2025-10-19,
10000306,95,F,JP,Pharmacist,2025-08-12,
10000307,34,F,GB,Pharmacist,2025-03-23,HO
10000308,74,M,IN,Physician,2025-07-10,
10000309,79,M,US,Consumer,2025-11-18,
10000310,52,F,IN,Physician,2025-06-02,
10000311,46,F,JP,Physician,2025-02-22,
10000312,44,F,US,Consumer,2025-05-09,
10000313,48,F,JP,Physician,2025-08-13,
10000314,38,M,IN,Consumer,2025-09-23,
10000315,62,M,GB,Physician,2025-08-10,
10000316,51,F,DE,Other HCP,2025-09-03,
10000317,36,F,DE,Physician,2025-04-02,HO
10000318,75,M,JP,Consumer,2025-10-23,OT
10000319,62,F,GB,Physician,2025-03-27,
10000320,63,M,GB,Consumer,2025-05-21,HO
10000321,44,F,DE,Physician,2025-11-02,HO
10000322,74,F,IN,Pharmacist,2025-07-05,
10000323,29,F,IN,Physician,2025-04-17,HO
10000324,47,M,IN,Consumer,2025-12-03,
10000325,62,F,JP,Consumer,2025-02-12,
10000326,51,F,IN,Physician,2025-09-05,
10000327,66,F,IN,Physician,2025-05-12,
10000328,54,M,IN,Pharmacist,2025-09-16,
10000329,76,F,JP,Physician,2025-09-02,HO
10000330,54,F,IN,Consumer,2025-11-14,
10000331,45,F,IN,Consumer,2025-09-25,
10000332,22,F,JP,Physician,2025-07-14,
10000333,62,F,JP,Pharmacist,2025-02-07,
10000334,35,F,GB,Consumer,2025-09-24,
10000335,35,M,US,Consumer,2025-07-05,
10000336,75,M,IN,Physician,2025-07-25,
10000337,56,F,IN,Consumer,2025-12-24,
10000338,72,M,GB,Physician,2025-09-05,OT
10000339,48,F,IN,Physician,2025-01-13,
10000340,51,F,JP,Other HCP,2025-08-16,
10000341,81,M,US,Physician,2025-03-13,
10000342,52,M,DE,Pharmacist,2025-05-14,OT
10000343,70,F,US,Consumer,2025-01-23,
10000344,38,F,DE,Other HCP,2025-07-14,
10000345,65,M,DE,Other HCP,2025-01-15,HO
10000346,47,F,IN,Pharmacist,2025-06-02,
10000347,45,M,US,Physician,2025-12-14,HO
10000348,77,F,US,Physician,2025-04-11,
10000349,50,F,IN,Physician,2025-06-21,
10000350,77,F,US,Consumer,2025-08-27,OT
10000351,55,F,US,Pharmacist,2025-03-27,HO
10000352,50,M,IN,Physician,2025-08-11,HO
10000353,50,M,IN,Physician,2025-12-12,OT
10000354,65,F,DE,Consumer,2025-10-13,
10000355,59,F,GB,Physician,2025-10-05,
10000356,62,M,IN,Physician,2025-09-25,
10000357,58,F,IN,Consumer,2025-06-04,HO
10000358,69,F,IN,Physician,2025-11-20,
10000359,31,M,IN,Consumer,2025-02-02,
10000360,80,F,DE,Physician,2025-08-21,
10000361,43,M,GB,Consumer,2025-10-08,HO
10000362,47,M,US,Consumer,2025-06-16,HO
10000363,62,F,IN,Pharmacist,2025-06-08,
10000364,49,M,IN,Consumer,2025-10-04,
10000365,50,F,GB,Physician,2025-04-13,
10000366,66,M,IN,Consumer,2025-02-19,
10000367,59,F,IN,Physician,2025-09-27,
10000368,82,F,DE,Physician,2025-05-20,
10000369,42,F,IN,Physician,2025-02-06,
10000370,47,M,US,Consumer,2025-12-23,
10000371,45,M,IN,Physician,2025-12-17,
10000372,45,M,GB,Other HCP,2025-03-08,
10000373,57,M,IN,Pharmacist,2025-02-08,
10000374,43,M,IN,Physician,2025-08-24,
10000375,68,M,US,Physician,2025-04-23,
10000376,67,F,DE,Physician,2025-03-07,HO
10000377,58,M,US,Pharmacist,2025-02-14,OT
10000378,59,M,IN,Consumer,2025-02-09,
10000379,56,F,DE,Consumer,2025-07-13,
10000380,55,F,JP,Consumer,2025-09-11,
10000381,70,M,IN,Physician,2025-06-25,
10000382,57,F,JP,Physician,2025-09-22,
10000383,54,F,JP,Pharmacist,2025-09-04,HO
10000384,46,F,IN,Consumer,2025-03-21,
10000385,45,M,GB,Physician,2025-01-19,
10000386,56,F,DE,Pharmacist,2025-10-22,
10000387,48,F,IN,Physician,2025-03-05,
10000388,30,F,IN,Pharmacist,2025-08-24,HO
10000389,31,F,GB,Pharmacist,2025-07-09,HO
10000390,78,F,JP,Consumer,2025-10-24,HO
10000391,74,M,US,Consumer,2025-01-18,
10000392,55,F,GB,Physician,2025-05-16,
10000393,39,F,US,Consumer,2025-01-21,
10000394,56,M,IN,Physician,2025-08-23,
10000395,38,M,IN,Physician,2025-07-04,OT
10000396,67,F,IN,Pharmacist,2025-06-23,HO
10000397,58,M,IN,Physician,2025-03-27,
10000398,55,F,US,Consumer,2025-05-26,
10000399,80,F,IN,Consumer,2025-09-03,OT
10000400,71,F,US,Pharmacist,2025-07-09,
10000401,47,M,IN,Physician,2025-11-24,
10000402,58,F,GB,Consumer,2025-08-21,
10000403,34,M,IN,Pharmacist,2025-10-26,
10000404,46,M,IN,Consumer,2025-03-07,
10000405,45,F,IN,Consumer,2025-03-15,
10000406,72,F,IN,Consumer,2025-03-07,HO
10000407,52,F,DE,Pharmacist,2025-10-07,
10000408,74,F,US,Physician,2025-04-09,HO
10000409,28,M,DE,Physician,2025-11-12,
10000410,66,F,JP,Consumer,2025-08-22,
10000411,62,M,DE,Consumer,2025-11-14,
10000412,66,F,JP,Consumer,2025-08-16,
10000413,61,F,US,Physician,2025-02-23,
10000414,61,M,GB,Physician,2025-08-11,
10000415,28,F,DE,Physician,2025-04-25,
10000416,41,M,DE,Pharmacist,2025-01-08,
10000417,46,M,IN,Physician,2025-01-18,HO
10000418,62,F,IN,Pharmacist,2025-10-10,
10000419,45,F,IN,Physician,2025-06-15,
10000420,58,F,JP,Pharmacist,2025-12-12,HO
10000421,51,M,IN,Consumer,2025-02-16,
10000422,53,F,US,Consumer,2025-02-12,
10000423,33,M,JP,Consumer,2025-05-12,
10000424,51,F,IN,Consumer,2025-05-27,
10000425,48,M,IN,Pharmacist,2025-08-01,HO
10000426,77,M,DE,Consumer,2025-01-08,
10000427,64,M,US,Physician,2025-12-23,
10000428,50,F,JP,Physician,2025-09-12,
10000429,71,F,JP,Physician,2025-03-02,
10000430,66,F,US,Pharmacist,2025-07-15,
10000431,45,F,US,Consumer,2025-05-01,
10000432,55,M,IN,Consumer,2025-06-25,
10000433,59,F,US,Consumer,2025-10-27,HO
10000434,60,F,JP,Pharmacist,2025-05-08,
10000435,43,F,IN,Consumer,2025-10-15,
10000436,51,F,IN,Consumer,2025-12-21,
10000437,54,M,DE,Physician,2025-03-25,OT
10000438,31,F,IN,Physician,2025-03-08,
10000439,31,F,JP,Consumer,2025-10-10,
10000440,28,M,GB,Consumer,2025-11-12,
10000441,78,M,US,Consumer,2025-07-05,
10000442,53,F,DE,Pharmacist,2025-09-14,HO
10000443,72,F,GB,Physician,2025-11-17,OT
10000444,58,F,GB,Physician,2025-04-25,HO
10000445,40,M,IN,Physician,2025-07-18,HO
10000446,64,M,US,Physician,2025-05-02,
10000447,72,M,DE,Physician,2025-11-19,
10000448,21,M,US,Consumer,2025-01-24,
10000449,36,F,DE,Physician,2025-01-15,
10000450,58,M,JP,Consumer,2025-09-23,
10000451,48,M,DE,Physician,2025-01-19,OT
10000452,38,F,US,Other HCP,2025-10-10,
10000453,64,F,IN,Physician,2025-03-09,
10000454,26,F,DE,Physician,2025-05-02,HO
10000455,75,F,IN,Pharmacist,2025-10-18,
10000456,64,F,US,Pharmacist,2025-08-13,
10000457,59,F,IN,Consumer,2025-09-11,HO
10000458,58,F,DE,Physician,2025-10-22,
10000459,74,M,DE,Other HCP,2025-08-20,HO
10000460,85,F,US,Consumer,2025-12-14,
10000461,71,M,DE,Physician,2025-03-15,
10000462,68,M,DE,Consumer,2025-09-07,
10000463,36,F,US,Physician,2025-03-15,HO
10000464,36,F,IN,Other HCP,2025-03-10,OT
10000465,67,F,IN,Consumer,2025-04-01,
10000466,27,F,IN,Other HCP,2025-08-20,
10000467,48,F,US,Physician,2025-09-19,HO
10000468,42,F,JP,Consumer,2025-11-02,
10000469,52,M,DE,Consumer,2025-01-20,
10000470,69,F,IN,Other HCP,2025-04-26,OT
10000471,57,M,IN,Other HCP,2025-04-11,
10000472,63,M,JP,Other HCP,2025-12-01,
10000473,40,F,IN,Consumer,2025-09-21,
10000474,82,F,IN,Consumer,2025-09-18,HO
10000475,57,F,DE,Consumer,2025-08-20,
10000476,31,F,GB,Pharmacist,2025-03-17,
10000477,28,F,JP,Pharmacist,2025-03-05,
10000478,66,F,IN,Consumer,2025-09-06,
10000479,89,F,IN,Consumer,2025-01-20,
10000480,45,M,GB,Consumer,2025-03-06,
10000481,42,F,GB,Pharmacist,2025-11-12,HO
10000482,18,M,IN,Pharmacist,2025-04-16,
10000483,79,F,JP,Physician,2025-06-25,
10000484,59,M,US,Pharmacist,2025-04-15,
10000485,55,F,GB,Pharmacist,2025-06-08,
10000486,26,F,IN,Physician,2025-09-07,
10000487,18,F,US,Physician,2025-06-06,
10000488,41,F,DE,Physician,2025-04-08,HO
10000489,84,F,IN,Physician,2025-04-06,HO
10000490,74,F,GB,Consumer,2025-07-25,OT
10000491,63,F,IN,Consumer,2025-03-05,
10000492,61,M,IN,Physician,2025-11-23,
10000493,54,M,IN,Physician,2025-04-08,
10000494,70,F,IN,Physician,2025-10-23,
10000495,49,M,US,Pharmacist,2025-09-13,HO
10000496,44,M,JP,Consumer,2025-06-06,
10000497,33,F,US,Pharmacist,2025-12-07,HO
10000498,54,F,US,Pharmacist,2025-02-17,
10000499,68,M,DE,Pharmacist,2025-12-04,
10000500,61,F,GB,Pharmacist,2025-04-07,
10000501,54,M,JP,Physician,2025-01-21,
10000502,39,M,IN,Consumer,2025-09-13,HO
10000503,46,M,GB,Pharmacist,2025-07-15,
10000504,45,M,IN,Physician,2025-03-13,
10000505,49,F,DE,Consumer,2025-06-01,
10000506,51,M,IN,Physician,2025-05-22,
10000507,43,F,GB,Consumer,2025-06-19,
10000508,45,F,IN,Other HCP,2025-05-06,
10000509,75,F,JP,Physician,2025-04-25,
10000510,46,M,GB,Pharmacist,2025-02-13,
10000511,59,F,IN,Consumer,2025-02-06,
10000512,56,F,US,Consumer,2025-10-11,
10000513,64,M,JP,Consumer,2025-02-19,
10000514,38,F,GB,Consumer,2025-05-06,
10000515,66,F,IN,Other HCP,2025-10-23,
10000516,69,M,US,Pharmacist,2025-05-15,
10000517,84,M,IN,Pharmacist,2025-11-22,
10000518,85,F,IN,Other HCP,2025-02-13,
10000519,57,F,JP,Consumer,2025-08-06,
10000520,57,M,GB,Pharmacist,2025-09-24,
10000521,67,M,DE,Consumer,2025-01-13,
10000522,80,F,IN,Physician,2025-04-23,
10000523,49,M,IN,Physician,2025-10-15,
10000524,42,F,US,Pharmacist,2025-03-16,
10000525,38,F,GB,Physician,2025-02-20,
10000526,66,M,IN,Physician,2025-06-14,
10000527,78,M,US,Consumer,2025-09-18,
10000528,95,M,IN,Physician,2025-01-21,
10000529,62,F,GB,Pharmacist,2025-06-15,HO
10000530,52,F,DE,Consumer,2025-10-23,
10000531,56,M,GB,Consumer,2025-12-07,
10000532,61,F,IN,Pharmacist,2025-08-13,
10000533,45,M,DE,Physician,2025-12-10,
10000534,76,M,GB,Consumer,2025-09-24,
10000535,50,M,IN,Consumer,2025-10-07,
10000536,49,F,JP,Consumer,2025-09-05,
10000537,38,F,IN,Physician,2025-05-11,
10000538,68,F,GB,Consumer,2025-06-15,
10000539,58,M,IN,Consumer,2025-05-07,
10000540,46,M,US,Consumer,2025-05-11,
10000541,42,F,IN,Physician,2025-07-27,
10000542,50,M,DE,Other HCP,2025-08-03,
10000543,84,F,GB,Consumer,2025-03-24,
10000544,53,F,GB,Physician,2025-02-09,
10000545,51,F,IN,Pharmacist,2025-02-25,HO
10000546,63,M,IN,Consumer,2025-05-07,
10000547,82,M,DE,Pharmacist,2025-10-24,
10000548,28,F,US,Pharmacist,2025-08-14,
10000549,46,F,IN,Physician,2025-05-05,
10000550,42,F,DE,Consumer,2025-01-13,
10000551,65,M,US,Consumer,2025-04-21,
10000552,42,F,JP,Physician,2025-02-18,
10000553,44,M,GB,Physician,2025-02-06,HO
10000554,54,M,IN,Pharmacist,2025-09-24,
10000555,37,M,DE,Pharmacist,2025-03-17,
10000556,49,M,IN,Physician,2025-08-04,
10000557,66,M,IN,Consumer,2025-09-07,
10000558,68,F,JP,Consumer,2025-05-23,
10000559,33,F,US,Consumer,2025-06-17,
10000560,62,M,JP,Physician,2025-03-26,
10000561,40,F,US,Physician,2025-02-13,HO
10000562,76,F,JP,Physician,2025-02-26,
10000563,77,M,DE,Consumer,2025-09-09,OT
10000564,69,F,IN,Consumer,2025-02-15,
10000565,48,M,IN,Physician,2025-06-09,
10000566,89,M,GB,Physician,2025-11-08,
10000567,55,M,US,Pharmacist,2025-09-19,
10000568,68,M,GB,Pharmacist,2025-06-07,
10000569,54,M,IN,Pharmacist,2025-01-25,HO
10000570,61,F,GB,Physician,2025-08-18,
10000571,43,M,GB,Consumer,2025-08-26,
10000572,41,F,IN,Consumer,2025-05-05,
10000573,65,M,IN,Pharmacist,2025-02-08,
10000574,47,M,US,Physician,2025-09-10,
10000575,92,F,DE,Physician,2025-05-01,
10000576,60,F,JP,Physician,2025-04-23,
10000577,75,F,IN,Pharmacist,2025-07-11,
10000578,51,M,DE,Physician,2025-02-02,HO
10000579,71,F,DE,Physician,2025-04-05,
10000580,46,M,GB,Pharmacist,2025-11-08,HO
10000581,63,F,DE,Consumer,2025-02-15,
10000582,71,F,US,Physician,2025-09-20,
10000583,80,F,US,Consumer,2025-11-19,
10000584,47,F,IN,Pharmacist,2025-08-13,HO
10000585,85,F,IN,Consumer,2025-03-09,
10000586,51,F,DE,Physician,2025-08-07,
10000587,53,F,IN,Pharmacist,2025-08-25,HO
10000588,48,F,US,Consumer,2025-05-22,
10000589,51,M,IN,Physician,2025-05-03,
10000590,72,F,US,Consumer,2025-09-01,OT
10000591,48,F,IN,Consumer,2025-05-07,HO
10000592,63,M,JP,Pharmacist,2025-04-11,
10000593,44,F,JP,Pharmacist,2025-10-17,HO
10000594,57,M,JP,Consumer,2025-02-08,HO
10000595,72,F,IN,Physician,2025-10-14,
10000596,56,M,US,Consumer,2025-09-19,
10000597,85,M,US,Physician,2025-04-11,
10000598,73,M,JP,Physician,2025-03-09,
10000599,55,F,IN,Physician,2025-04-15,
10000600,29,F,IN,Physician,2025-11-13,
10000601,42,F,GB,Other HCP,2025-05-18,
10000602,47,M,US,Consumer,2025-07-25,
10000603,28,M,IN,Physician,2025-11-15,
10000604,50,M,DE,Consumer,2025-07-14,
10000605,81,M,GB,Physician,2025-03-03,
10000606,82,M,IN,Physician,2025-11-14,
10000607,49,F,GB,Consumer,2025-10-06,
10000608,38,F,US,Physician,2025-08-27,
10000609,68,F,IN,Pharmacist,2025-08-25,
10000610,37,M,US,Other HCP,2025-10-16,HO
10000611,57,F,DE,Pharmacist,2025-08-15,
10000612,84,M,US,Pharmacist,2025-02-11,
10000613,53,F,DE,Pharmacist,2025-12-02,
10000614,52,F,US,Pharmacist,2025-08-11,
10000615,47,M,IN,Physician,2025-08-03,
10000616,24,F,US,Consumer,2025-10-08,
10000617,70,M,GB,Physician,2025-12-16,
10000618,65,M,DE,Physician,2025-10-18,
10000619,53,F,IN,Pharmacist,2025-11-06,
10000620,69,M,DE,Physician,2025-10-02,HO
10000621,61,M,IN,Physician,2025-05-07,
10000622,56,M,IN,Other HCP,2025-12-19,
10000623,82,M,IN,Physician,2025-04-01,
10000624,48,F,DE,Consumer,2025-08-24,
10000625,47,M,IN,Physician,2025-04-20,HO
10000626,60,F,IN,Consumer,2025-02-09,
10000627,74,F,JP,Consumer,2025-07-13,
10000628,61,M,IN,Consumer,2025-07-23,
10000629,70,M,IN,Physician,2025-01-05,
10000630,56,M,GB,Consumer,2025-05-24,
10000631,82,M,GB,Pharmacist,2025-03-20,OT
10000632,80,F,IN,Consumer,2025-02-13,
10000633,68,M,IN,Physician,2025-02-20,
10000634,77,F,IN,Consumer,2025-07-09,HO
10000635,51,M,JP,Consumer,2025-04-09,
10000636,50,F,IN,Physician,2025-11-19,HO
10000637,71,M,DE,Physician,2025-12-05,OT
10000638,39,F,JP,Consumer,2025-01-21,
10000639,61,M,IN,Physician,2025-06-21,
10000640,48,M,DE,Other HCP,2025-09-27,
10000641,63,F,IN,Pharmacist,2025-10-03,
10000642,41,M,IN,Consumer,2025-07-06,
10000643,37,M,DE,Physician,2025-07-04,
10000644,41,F,IN,Other HCP,2025-05-14,
10000645,41,M,JP,Pharmacist,2025-02-20,
10000646,49,F,DE,Pharmacist,2025-10-03,OT
10000647,51,F,IN,Physician,2025-01-10,
10000648,61,M,US,Consumer,2025-05-22,
10000649,66,F,IN,Physician,2025-09-12,
10000650,54,M,IN,Pharmacist,2025-08-09,HO
10000651,68,F,US,Physician,2025-09-18,
10000652,48,F,GB,Pharmacist,2025-12-04,
10000653,38,M,US,Physician,2025-01-17,HO
10000654,48,F,DE,Physician,2025-09-09,
10000655,71,F,GB,Physician,2025-04-14,
10000656,62,F,GB,Consumer,2025-05-09,
10000657,39,F,JP,Consumer,2025-06-23,
10000658,75,M,IN,Physician,2025-06-05,
10000659,49,F,GB,Physician,2025-01-19,
10000660,68,F,IN,Pharmacist,2025-04-19,
10000661,66,M,GB,Physician,2025-03-15,
10000662,47,M,GB,Pharmacist,2025-03-16,OT
10000663,65,M,IN,Other HCP,2025-04-26,
10000664,47,F,GB,Physician,2025-07-10,
10000665,54,F,GB,Consumer,2025-01-26,
10000666,39,M,DE,Physician,2025-09-25,
10000667,37,M,GB,Other HCP,2025-05-03,
10000668,61,M,IN,Consumer,2025-01-08,
10000669,57,M,IN,Consumer,2025-12-21,HO
10000670,49,F,IN,Consumer,2025-01-16,
10000671,68,M,IN,Pharmacist,2025-08-19,
10000672,44,M,US,Consumer,2025-04-16,OT
10000673,46,F,DE,Consumer,2025-04-23,
10000674,58,M,US,Consumer,2025-12-25,
10000675,39,F,JP,Consumer,2025-04-17,
10000676,34,F,DE,Consumer,2025-01-21,
10000677,61,M,IN,Consumer,2025-09-22,HO
10000678,35,F,JP,Consumer,2025-08-08,
10000679,68,F,IN,Consumer,2025-06-26,
10000680,47,M,GB,Other HCP,2025-03-17,HO
10000681,47,F,IN,Physician,2025-02-26,OT
10000682,62,F,IN,Consumer,2025-11-18,
10000683,57,F,DE,Consumer,2025-09-09,
10000684,44,M,GB,Consumer,2025-05-18,HO
10000685,49,M,US,Pharmacist,2025-07-22,OT
10000686,44,F,IN,Physician,2025-05-24,
10000687,66,M,IN,Consumer,2025-01-02,
10000688,51,F,US,Consumer,2025-07-13,
10000689,61,M,DE,Physician,2025-06-05,
10000690,76,M,JP,Pharmacist,2025-06-19,
10000691,41,M,IN,Consumer,2025-10-03,
10000692,48,M,JP,Consumer,2025-08-05,HO
10000693,36,F,IN,Physician,2025-07-07,
10000694,67,M,JP,Physician,2025-07-17,
10000695,47,M,DE,Consumer,2025-02-15,
10000696,63,M,GB,Physician,2025-01-13,
10000697,58,F,DE,Physician,2025-12-15,OT
10000698,32,M,JP,Consumer,2025-09-09,
10000699,39,F,DE,Physician,2025-01-13,OT
10000700,34,M,US,Pharmacist,2025-12-20,
10000701,80,F,US,Consumer,2025-05-05,
10000702,53,M,DE,Physician,2025-10-21,HO
10000703,55,F,US,Other HCP,2025-07-27,
10000704,81,M,IN,Physician,2025-06-21,
10000705,64,F,IN,Physician,2025-05-19,HO
10000706,53,M,IN,Physician,2025-01-25,
10000707,33,M,IN,Pharmacist,2025-07-24,
10000708,47,M,US,Physician,2025-06-02,OT
10000709,39,F,GB,Consumer,2025-05-01,HO
10000710,54,M,US,Pharmacist,2025-08-10,
10000711,52,M,DE,Physician,2025-07-14,
10000712,57,F,GB,Pharmacist,2025-07-06,HO
10000713,48,F,US,Physician,2025-01-18,
10000714,77,F,IN,Consumer,2025-10-15,
10000715,41,F,GB,Physician,2025-05-08,
10000716,49,F,IN,Pharmacist,2025-08-11,
10000717,63,M,US,Pharmacist,2025-01-08,
10000718,48,M,US,Physician,2025-01-12,HO
10000719,50,M,IN,Other HCP,2025-12-27,
10000720,71,M,US,Consumer,2025-09-01,HO
10000721,66,F,IN,Consumer,2025-08-05,HO
10000722,61,M,US,Pharmacist,2025-07-21,
10000723,18,F,IN,Pharmacist,2025-02-22,
10000724,72,M,IN,Physician,2025-11-15,
10000725,61,F,GB,Consumer,2025-09-05,
10000726,88,F,IN,Physician,2025-12-22,
10000727,66,M,GB,Other HCP,2025-12-14,
10000728,58,F,DE,Physician,2025-03-07,
10000729,52,F,DE,Physician,2025-11-26,
10000730,77,M,IN,Consumer,2025-03-06,HO
10000731,43,M,JP,Consumer,2025-10-15,
10000732,52,M,IN,Pharmacist,2025-05-23,
10000733,43,M,US,Consumer,2025-05-06,
10000734,57,M,IN,Pharmacist,2025-09-04,OT
10000735,29,F,JP,Consumer,2025-11-09,
10000736,35,M,IN,Other HCP,2025-01-11,
10000737,55,F,IN,Pharmacist,2025-12-17,
10000738,48,M,US,Physician,2025-10-14,OT
10000739,67,F,IN,Consumer,2025-03-05,
10000740,68,M,IN,Pharmacist,2025-10-22,
10000741,47,M,US,Physician,2025-11-10,HO
10000742,58,F,DE,Consumer,2025-05-07,OT
10000743,62,F,JP,Physician,2025-11-10,
10000744,38,M,US,Other HCP,2025-05-19,
10000745,47,F,DE,Physician,2025-07-03,
10000746,62,M,DE,Consumer,2025-03-02,
10000747,75,M,IN,Physician,2025-03-07,
10000748,40,F,JP,Other HCP,2025-05-05,
10000749,57,M,GB,Other HCP,2025-07-16,
10000750,64,M,IN,Consumer,2025-07-02,
10000751,40,F,GB,Pharmacist,2025-10-21,OT
10000752,42,M,IN,Physician,2025-04-10,HO
10000753,71,F,US,Consumer,2025-07-12,
10000754,68,M,GB,Pharmacist,2025-01-19,
10000755,70,M,IN,Physician,2025-04-15,
10000756,33,M,US,Physician,2025-05-04,
10000757,60,F,IN,Physician,2025-01-03,
10000758,61,F,IN,Consumer,2025-01-20,OT
10000759,50,F,IN,Consumer,2025-07-07,
10000760,48,M,JP,Consumer,2025-11-05,
10000761,85,M,DE,Consumer,2025-04-07,
10000762,81,M,IN,Physician,2025-08-12,
10000763,37,M,US,Physician,2025-01-12,
10000764,55,F,US,Consumer,2025-08-06,
10000765,56,F,DE,Physician,2025-10-12,
10000766,65,F,IN,Physician,2025-09-16,HO
10000767,59,M,GB,Physician,2025-01-27,
10000768,75,M,IN,Pharmacist,2025-03-18,
10000769,62,M,GB,Physician,2025-07-15,OT
10000770,41,M,JP,Physician,2025-09-14,
10000771,63,F,IN,Physician,2025-04-27,
10000772,83,M,IN,Other HCP,2025-05-15,
10000773,65,F,IN,Physician,2025-09-19,
10000774,78,F,DE,Pharmacist,2025-11-02,
10000775,70,M,DE,Consumer,2025-01-03,
10000776,57,M,IN,Consumer,2025-08-12,
10000777,33,F,IN,Other HCP,2025-07-04,
10000778,51,F,IN,Physician,2025-09-19,
10000779,44,F,US,Physician,2025-12-24,
10000780,56,F,JP,Consumer,2025-10-09,
10000781,53,M,GB,Consumer,2025-03-24,OT
10000782,34,F,JP,Pharmacist,2025-03-22,
10000783,73,M,IN,Pharmacist,2025-09-03,
10000784,45,F,GB,Other HCP,2025-06-15,
10000785,76,M,IN,Physician,2025-09-22,HO
10000786,46,F,JP,Physician,2025-12-12,
10000787,45,F,US,Other HCP,2025-03-20,
10000788,39,F,JP,Other HCP,2025-07-20,OT
10000789,71,M,GB,Consumer,2025-03-07,
10000790,44,M,JP,Physician,2025-07-02,
10000791,68,F,IN,Physician,2025-11-11,
10000792,53,M,DE,Pharmacist,2025-02-05,
10000793,34,M,US,Physician,2025-10-23,
10000794,53,M,GB,Consumer,2025-08-08,
10000795,55,F,IN,Other HCP,2025-10-08,
10000796,58,M,GB,Other HCP,2025-08-21,
10000797,85,F,IN,Pharmacist,2025-08-05,
10000798,88,F,IN,Physician,2025-03-24,OT
10000799,74,M,JP,Pharmacist,2025-02-20,
10000800,61,F,DE,Other HCP,2025-10-03,OT
10000801,61,F,IN,Physician,2025-08-22,
10000802,21,M,IN,Physician,2025-02-06,OT
10000803,61,F,DE,Consumer,2025-10-01,HO
10000804,80,F,US,Physician,2025-09-12,
10000805,66,M,IN,Physician,2025-09-24,
10000806,59,M,DE,Physician,2025-08-20,
10000807,56,F,GB,Pharmacist,2025-04-10,
10000808,64,M,DE,Pharmacist,2025-07-26,
10000809,43,F,IN,Consumer,2025-11-08,
10000810,60,M,IN,Consumer,2025-08-22,
10000811,63,F,US,Physician,2025-09-14,
10000812,29,M,IN,Consumer,2025-09-22,
10000813,78,M,GB,Consumer,2025-11-09,
10000814,64,M,DE,Pharmacist,2025-03-02,
10000815,38,F,JP,Consumer,2025-11-19,
10000816,74,M,US,Physician,2025-07-09,OT
10000817,73,M,IN,Other HCP,2025-03-02,HO
10000818,70,F,DE,Physician,2025-01-06,
10000819,70,F,US,Consumer,2025-11-12,
10000820,29,F,IN,Physician,2025-03-11,
10000821,57,M,IN,Physician,2025-04-08,
10000822,67,M,IN,Other HCP,2025-11-09,
10000823,53,F,IN,Consumer,2025-06-16,
10000824,29,M,DE,Consumer,2025-06-11,
10000825,38,M,IN,Pharmacist,2025-11-10,
10000826,30,F,JP,Consumer,2025-06-19,
10000827,63,F,DE,Physician,2025-09-20,
10000828,70,M,IN,Pharmacist,2025-11-15,
10000829,84,M,DE,Pharmacist,2025-04-24,
10000830,72,M,IN,Pharmacist,2025-05-27,OT
10000831,57,M,IN,Physician,2025-03-02,
10000832,59,M,IN,Consumer,2025-04-11,OT
10000833,63,F,US,Pharmacist,2025-03-21,
10000834,64,F,IN,Physician,2025-02-07,
10000835,52,M,IN,Consumer,2025-06-19,
10000836,19,M,GB,Consumer,2025-01-10,
10000837,70,M,IN,Other HCP,2025-05-24,
10000838,49,F,IN,Physician,2025-04-07,OT
10000839,64,M,US,Pharmacist,2025-04-14,HO
10000840,62,M,IN,Consumer,2025-08-09,
10000841,59,F,DE,Physician,2025-11-01,OT
10000842,74,M,IN,Pharmacist,2025-02-26,
10000843,63,M,DE,Consumer,2025-09-01,
10000844,81,F,IN,Physician,2025-02-24,
10000845,82,F,IN,Pharmacist,2025-07-26,
10000846,54,F,IN,Consumer,2025-02-26,
10000847,34,F,DE,Physician,2025-05-10,
10000848,38,F,US,Physician,2025-04-23,HO
10000849,66,F,US,Physician,2025-06-19,HO
10000850,69,F,JP,Physician,2025-10-04,
10000851,52,F,IN,Physician,2025-01-25,HO
10000852,48,F,IN,Physician,2025-02-16,
10000853,52,F,GB,Pharmacist,2025-08-12,
10000854,81,F,IN,Pharmacist,2025-07-01,
10000855,59,M,IN,Consumer,2025-09-25,
10000856,40,F,DE,Consumer,2025-03-13,
10000857,53,M,US,Physician,2025-05-17,
10000858,57,F,JP,Pharmacist,2025-08-27,
10000859,69,F,IN,Pharmacist,2025-12-02,
10000860,52,F,DE,Pharmacist,2025-02-07,
10000861,74,F,DE,Physician,2025-05-17,
10000862,42,F,DE,Pharmacist,2025-07-07,
10000863,52,F,IN,Physician,2025-03-06,
10000864,66,M,US,Consumer,2025-08-18,
10000865,86,F,IN,Physician,2025-06-15,
10000866,44,M,GB,Pharmacist,2025-03-23,HO
10000867,30,F,US,Other HCP,2025-01-23,OT
10000868,49,F,IN,Pharmacist,2025-10-24,
10000869,55,F,GB,Physician,2025-01-07,
10000870,49,F,IN,Consumer,2025-07-27,
10000871,26,F,US,Physician,2025-01-09,
10000872,66,F,JP,Physician,2025-10-03,
10000873,73,M,DE,Other HCP,2025-04-20,
10000874,79,M,IN,Physician,2025-11-14,OT
10000875,56,M,IN,Other HCP,2025-12-24,
10000876,53,F,JP,Consumer,2025-09-09,HO
10000877,77,F,IN,Physician,2025-12-09,HO
10000878,49,F,IN,Physician,2025-06-16,
10000879,71,M,IN,Pharmacist,2025-02-13,
10000880,41,F,US,Physician,2025-02-11,HO
10000881,33,F,JP,Pharmacist,2025-01-03,
10000882,39,F,JP,Consumer,2025-12-10,
10000883,61,F,US,Pharmacist,2025-10-23,
10000884,54,M,DE,Consumer,2025-12-19,
10000885,53,M,IN,Pharmacist,2025-02-19,
10000886,65,M,IN,Physician,2025-04-07,
10000887,59,M,IN,Pharmacist,2025-04-27,
10000888,72,F,IN,Physician,2025-07-24,OT
10000889,80,M,DE,Physician,2025-10-09,
10000890,88,F,US,Physician,2025-04-07,
10000891,40,F,DE,Consumer,2025-01-14,
10000892,64,M,US,Physician,2025-02-15,
10000893,61,F,GB,Consumer,2025-07-03,
10000894,79,F,GB,Physician,2025-08-17,HO
10000895,56,F,IN,Physician,2025-11-15,
10000896,63,M,GB,Physician,2025-03-27,OT
10000897,67,F,US,Pharmacist,2025-10-17,
10000898,37,M,IN,Physician,2025-02-26,
10000899,32,F,JP,Other HCP,2025-08-23,
10000900,56,M,IN,Physician,2025-07-27,
10000901,66,M,IN,Other HCP,2025-06-19,HO
10000902,48,F,GB,Consumer,2025-10-04,
10000903,89,F,DE,Consumer,2025-06-05,
10000904,18,F,JP,Consumer,2025-06-22,
10000905,55,F,IN,Consumer,2025-08-04,
10000906,62,F,DE,Physician,2025-12-23,
10000907,43,F,IN,Consumer,2025-03-22,
10000908,45,F,JP,Physician,2025-09-07,OT
10000909,44,F,GB,Other HCP,2025-02-21,
10000910,18,F,JP,Physician,2025-03-10,
10000911,76,M,US,Consumer,2025-04-25,
10000912,68,M,DE,Physician,2025-02-24,HO
10000913,28,M,IN,Physician,2025-11-15,
10000914,49,M,JP,Consumer,2025-12-04,
10000915,49,M,GB,Other HCP,2025-01-06,
10000916,52,M,US,Consumer,2025-03-07,OT
10000917,61,F,DE,Other HCP,2025-11-20,HO
10000918,76,F,GB,Physician,2025-12-18,
10000919,69,F,GB,Consumer,2025-07-08,
10000920,58,M,IN,Physician,2025-06-22,HO
10000921,71,M,IN,Consumer,2025-01-19,
10000922,53,M,US,Physician,2025-03-27,OT
10000923,61,M,DE,Consumer,2025-09-13,
10000924,45,M,JP,Pharmacist,2025-08-26,HO
10000925,50,F,GB,Other HCP,2025-06-12,
10000926,55,F,IN,Pharmacist,2025-06-16,
10000927,83,M,IN,Consumer,2025-06-02,
10000928,46,M,US,Consumer,2025-12-08,
10000929,39,F,US,Consumer,2025-06-10,HO
10000930,45,F,IN,Consumer,2025-09-18,
10000931,57,F,GB,Physician,2025-04-23,
10000932,49,M,DE,Consumer,2025-09-03,HO
10000933,80,F,IN,Consumer,2025-05-16,
10000934,50,M,GB,Physician,2025-07-06,HO
10000935,63,M,DE,Physician,2025-07-05,HO
10000936,51,M,US,Pharmacist,2025-02-04,
10000937,47,F,US,Pharmacist,2025-02-25,
10000938,49,M,IN,Other HCP,2025-12-24,
10000939,28,F,GB,Consumer,2025-10-24,
10000940,39,M,JP,Physician,2025-08-27,
10000941,46,F,DE,Pharmacist,2025-11-23,
10000942,56,F,DE,Consumer,2025-07-27,
10000943,47,F,IN,Physician,2025-05-26,
10000944,36,M,GB,Consumer,2025-12-17,
10000945,83,F,DE,Physician,2025-05-22,HO
10000946,39,M,JP,Other HCP,2025-08-26,
10000947,58,F,IN,Consumer,2025-05-13,
10000948,50,M,IN,Pharmacist,2025-04-26,
10000949,55,F,JP,Physician,2025-08-19,
10000950,77,M,GB,Consumer,2025-10-19,
10000951,59,F,IN,Pharmacist,2025-06-21,OT
10000952,64,M,IN,Consumer,2025-10-10,HO
10000953,69,F,DE,Consumer,2025-08-25,
10000954,62,F,DE,Pharmacist,2025-12-20,
10000955,43,F,IN,Physician,2025-12-03,
10000956,61,M,US,Other HCP,2025-03-20,
10000957,57,F,IN,Physician,2025-03-19,
10000958,70,M,IN,Consumer,2025-04-07,
10000959,47,F,US,Consumer,2025-03-25,HO
10000960,50,F,DE,Consumer,2025-01-26,
10000961,51,F,IN,Pharmacist,2025-11-22,HO
10000962,53,F,JP,Pharmacist,2025-06-14,
10000963,52,F,JP,Pharmacist,2025-11-09,
10000964,65,M,IN,Physician,2025-02-21,
10000965,60,F,IN,Other HCP,2025-05-27,HO
10000966,66,F,IN,Physician,2025-05-23,
10000967,57,F,US,Pharmacist,2025-10-13,HO
10000968,52,F,IN,Consumer,2025-03-09,HO
10000969,38,M,IN,Consumer,2025-06-06,
10000970,68,M,IN,Pharmacist,2025-04-25,
10000971,53,F,IN,Consumer,2025-07-07,
10000972,37,F,DE,Other HCP,2025-11-07,
10000973,88,M,DE,Physician,2025-02-15,
10000974,65,M,IN,Consumer,2025-08-08,
10000975,55,F,DE,Pharmacist,2025-12-01,HO
10000976,66,F,IN,Pharmacist,2025-07-27,
10000977,45,M,JP,Pharmacist,2025-02-08,OT
10000978,71,M,GB,Consumer,2025-09-07,
10000979,46,F,US,Consumer,2025-08-17,
10000980,47,F,IN,Pharmacist,2025-01-01,
10000981,62,F,IN,Physician,2025-12-02,
10000982,50,F,IN,Physician,2025-03-19,
10000983,77,F,IN,Physician,2025-10-05,
10000984,52,F,IN,Consumer,2025-03-24,
10000985,84,M,IN,Consumer,2025-09-20,
10000986,21,M,US,Physician,2025-01-03,
10000987,32,F,IN,Pharmacist,2025-06-08,
10000988,65,M,US,Consumer,2025-03-22,HO
10000989,49,F,IN,Physician,2025-03-24,
10000990,18,F,IN,Pharmacist,2025-05-21,
10000991,48,M,IN,Physician,2025-02-21,
10000992,32,M,GB,Physician,2025-06-18,
10000993,69,M,US,Consumer,2025-11-22,
10000994,54,F,IN,Physician,2025-01-16,
10000995,74,F,IN,Consumer,2025-06-16,
10000996,53,M,US,Consumer,2025-08-25,HO
10000997,55,M,IN,Pharmacist,2025-11-08,
10000998,87,F,GB,Other HCP,2025-08-17,
10000999,49,M,IN,Consumer,2025-04-05,
10001000,63,F,JP,Pharmacist,2025-08-02,
10001001,73,M,JP,Physician,2025-05-14,
10001002,58,F,IN,Pharmacist,2025-11-22,HO
10001003,49,M,DE,Consumer,2025-07-12,
10001004,53,F,DE,Consumer,2025-09-06,OT
10001005,69,F,IN,Consumer,2025-11-21,
10001006,77,M,IN,Physician,2025-09-15,HO
10001007,55,M,JP,Physician,2025-11-08,
10001008,46,M,DE,Consumer,2025-04-01,
10001009,50,F,IN,Pharmacist,2025-07-17,
10001010,59,F,JP,Consumer,2025-04-09,
10001011,56,F,JP,Physician,2025-09-23,HO
10001012,60,M,DE,Physician,2025-11-07,
10001013,39,F,GB,Physician,2025-04-01,
10001014,42,M,GB,Other HCP,2025-11-03,HO
10001015,31,F,GB,Physician,2025-08-08,
10001016,49,M,DE,Consumer,2025-06-22,
10001017,34,M,IN,Pharmacist,2025-09-02,HO
10001018,34,F,JP,Consumer,2025-03-09,
10001019,78,F,GB,Pharmacist,2025-10-04,
10001020,51,F,IN,Physician,2025-08-15,
10001021,38,M,US,Consumer,2025-04-21,HO
10001022,52,F,IN,Consumer,2025-02-18,
10001023,68,F,DE,Consumer,2025-07-15,HO
10001024,61,F,JP,Consumer,2025-12-13,
10001025,48,F,IN,Pharmacist,2025-07-01,
10001026,95,M,JP,Consumer,2025-06-11,
10001027,57,F,GB,Consumer,2025-02-24,OT
10001028,44,F,DE,Consumer,2025-04-23,HO
10001029,59,M,US,Consumer,2025-02-01,HO
10001030,56,M,JP,Physician,2025-07-14,
10001031,37,M,DE,Pharmacist,2025-06-26,OT
10001032,37,M,DE,Physician,2025-12-06,
10001033,67,F,DE,Consumer,2025-07-13,
10001034,48,M,US,Pharmacist,2025-05-26,
10001035,42,M,IN,Consumer,2025-04-05,
10001036,60,M,GB,Physician,2025-09-11,OT
10001037,45,M,IN,Consumer,2025-09-15,HO
10001038,57,M,US,Physician,2025-06-19,HO
10001039,53,M,GB,Consumer,2025-02-07,
10001040,59,M,IN,Physician,2025-02-26,
10001041,82,M,GB,Pharmacist,2025-01-12,
10001042,39,M,US,Physician,2025-03-09,
10001043,31,F,DE,Consumer,2025-10-09,OT
10001044,28,M,US,Consumer,2025-02-02,
10001045,60,F,DE,Physician,2025-03-27,HO
10001046,71,M,IN,Consumer,2025-06-13,
10001047,87,F,IN,Consumer,2025-11-17,
10001048,73,F,IN,Pharmacist,2025-03-03,
10001049,36,M,IN,Pharmacist,2025-10-22,HO
10001050,71,F,US,Pharmacist,2025-10-03,
10001051,35,M,JP,Pharmacist,2025-08-17,
10001052,71,F,GB,Physician,2025-02-19,OT
10001053,70,M,IN,Consumer,2025-01-07,
10001054,52,F,JP,Physician,2025-12-21,
10001055,49,F,IN,Physician,2025-07-01,
10001056,54,F,DE,Other HCP,2025-07-13,
10001057,71,M,JP,Physician,2025-10-23,
10001058,71,F,JP,Physician,2025-11-24,
10001059,46,M,IN,Other HCP,2025-06-13,HO
10001060,45,M,JP,Other HCP,2025-07-02,
10001061,28,M,US,Consumer,2025-06-04,
10001062,37,M,JP,Consumer,2025-07-20,
10001063,45,M,JP,Consumer,2025-06-18,
10001064,55,M,JP,Consumer,2025-02-05,
10001065,76,F,IN,Consumer,2025-01-16,
10001066,18,M,DE,Pharmacist,2025-11-07,
10001067,47,M,IN,Consumer,2025-03-04,
10001068,64,M,JP,Physician,2025-03-08,HO
10001069,93,F,US,Consumer,2025-07-22,
10001070,43,F,DE,Physician,2025-01-23,
10001071,48,F,DE,Physician,2025-01-27,
10001072,70,F,JP,Pharmacist,2025-05-17,
10001073,55,M,GB,Consumer,2025-04-26,
10001074,49,M,DE,Physician,2025-02-01,
10001075,72,F,IN,Other HCP,2025-12-27,OT
10001076,64,M,JP,Consumer,2025-03-08,
10001077,53,F,GB,Consumer,2025-11-14,
10001078,70,F,JP,Physician,2025-10-26,
10001079,33,M,JP,Physician,2025-12-03,HO
10001080,50,M,US,Pharmacist,2025-06-26,
10001081,71,F,US,Physician,2025-08-24,HO
10001082,50,M,IN,Consumer,2025-08-27,
10001083,44,F,IN,Physician,2025-03-19,
10001084,31,M,GB,Physician,2025-05-25,
10001085,79,F,GB,Consumer,2025-10-23,
10001086,23,M,DE,Pharmacist,2025-10-23,
10001087,70,M,DE,Consumer,2025-02-16,HO
10001088,64,M,JP,Physician,2025-01-12,
10001089,59,M,JP,Consumer,2025-03-06,
10001090,50,F,US,Physician,2025-06-23,
10001091,57,F,DE,Physician,2025-05-05,
10001092,40,F,IN,Other HCP,2025-01-10,
10001093,43,F,IN,Consumer,2025-03-23,HO
10001094,61,M,US,Pharmacist,2025-08-15,OT
10001095,53,M,IN,Consumer,2025-04-13,HO
10001096,45,F,IN,Consumer,2025-03-16,HO
10001097,68,M,US,Pharmacist,2025-06-24,
10001098,52,F,IN,Physician,2025-12-10,
10001099,62,F,GB,Physician,2025-01-06,
10001100,64,F,JP,Consumer,2025-01-26,HO
10001101,64,F,IN,Physician,2025-02-05,
10001102,75,M,IN,Pharmacist,2025-03-06,HO
10001103,61,M,GB,Physician,2025-04-07,
10001104,73,F,GB,Consumer,2025-02-13,
10001105,70,F,US,Physician,2025-02-13,
10001106,68,F,IN,Physician,2025-11-12,OT
10001107,40,F,DE,Consumer,2025-03-11,
10001108,52,F,JP,Pharmacist,2025-07-17,
10001109,42,M,IN,Consumer,2025-10-15,
10001110,80,F,IN,Consumer,2025-08-09,HO
10001111,77,M,IN,Consumer,2025-03-10,HO
10001112,59,M,IN,Pharmacist,2025-10-07,
10001113,68,M,IN,Physician,2025-07-19,
10001114,60,M,IN,Physician,2025-07-01,OT
10001115,33,F,US,Physician,2025-09-27,
10001116,73,F,IN,Consumer,2025-01-03,
10001117,53,F,IN,Other HCP,2025-02-19,HO
10001118,28,M,DE,Other HCP,2025-05-25,
10001119,53,M,JP,Physician,2025-11-02,
10001120,49,F,JP,Consumer,2025-07-26,
10001121,58,M,IN,Other HCP,2025-04-01,OT
10001122,36,M,DE,Consumer,2025-10-03,
10001123,65,F,IN,Physician,2025-10-22,
10001124,67,F,IN,Physician,2025-04-14,
10001125,65,M,IN,Physician,2025-07-01,
10001126,79,F,DE,Other HCP,2025-06-05,
10001127,72,M,IN,Pharmacist,2025-07-12,
10001128,74,F,IN,Consumer,2025-07-15,
10001129,39,M,GB,Consumer,2025-04-02,
10001130,48,M,GB,Other HCP,2025-01-03,
10001131,56,F,JP,Other HCP,2025-07-12,
10001132,63,F,DE,Pharmacist,2025-09-11,
10001133,72,F,IN,Consumer,2025-02-13,
10001134,77,F,JP,Physician,2025-12-01,HO
10001135,52,M,GB,Consumer,2025-11-14,
10001136,46,F,JP,Consumer,2025-11-02,HO
10001137,61,F,IN,Physician,2025-05-09,
10001138,55,M,US,Physician,2025-09-22,
10001139,80,F,IN,Physician,2025-07-27,
10001140,61,F,GB,Other HCP,2025-12-26,
10001141,54,M,GB,Consumer,2025-02-04,OT
10001142,57,F,GB,Consumer,2025-08-09,
10001143,52,F,IN,Physician,2025-09-17,OT
10001144,18,F,IN,Physician,2025-07-05,
10001145,65,M,DE,Pharmacist,2025-10-17,
10001146,69,M,DE,Consumer,2025-05-27,
10001147,56,F,GB,Physician,2025-02-20,HO
10001148,43,M,IN,Physician,2025-03-09,HO
10001149,70,F,IN,Physician,2025-02-06,
10001150,68,M,JP,Consumer,2025-08-14,HO
10001151,69,M,JP,Consumer,2025-07-21,HO
10001152,51,F,JP,Consumer,2025-10-12,
10001153,53,M,IN,Other HCP,2025-07-10,
10001154,38,F,GB,Physician,2025-02-24,
10001155,44,F,US,Consumer,2025-11-12,
10001156,75,M,US,Physician,2025-03-15,
10001157,84,F,IN,Consumer,2025-09-01,
10001158,46,M,IN,Physician,2025-10-04,
10001159,52,F,IN,Consumer,2025-12-08,
10001160,56,F,JP,Physician,2025-02-26,
10001161,57,F,JP,Consumer,2025-09-01,
10001162,66,M,US,Physician,2025-01-11,
10001163,74,M,GB,Physician,2025-06-07,
10001164,29,M,IN,Consumer,2025-02-14,
10001165,31,M,IN,Physician,2025-08-21,
10001166,44,F,IN,Pharmacist,2025-09-04,
10001167,57,M,GB,Consumer,2025-10-26,
10001168,46,F,DE,Pharmacist,2025-12-22,
10001169,66,F,US,Physician,2025-10-08,
10001170,54,M,IN,Consumer,2025-02-09,HO
10001171,47,F,GB,Physician,2025-03-19,
10001172,25,F,IN,Physician,2025-01-10,
10001173,84,F,US,Physician,2025-08-16,
10001174,59,F,IN,Physician,2025-05-03,
10001175,75,M,IN,Pharmacist,2025-06-17,HO
10001176,44,M,IN,Consumer,2025-09-24,OT
10001177,67,F,IN,Other HCP,2025-01-12,
10001178,47,M,JP,Consumer,2025-12-08,
10001179,67,M,JP,Pharmacist,2025-04-11,
10001180,42,M,IN,Consumer,2025-01-04,
10001181,54,M,DE,Physician,2025-12-26,
10001182,60,M,JP,Pharmacist,2025-06-14,OT
10001183,77,F,US,Consumer,2025-11-02,
10001184,52,F,JP,Consumer,2025-12-17,
10001185,61,F,DE,Consumer,2025-04-13,
10001186,64,F,DE,Consumer,2025-09-10,
10001187,43,M,US,Other HCP,2025-05-23,
10001188,68,F,IN,Pharmacist,2025-10-25,
10001189,41,F,GB,Pharmacist,2025-05-04,
10001190,50,F,DE,Pharmacist,2025-11-12,
10001191,70,M,JP,Other HCP,2025-02-11,
10001192,61,F,IN,Consumer,2025-12-10,
10001193,30,F,GB,Pharmacist,2025-12-20,
10001194,61,F,DE,Consumer,2025-10-17,
10001195,79,M,IN,Physician,2025-11-13,
10001196,55,F,GB,Physician,2025-11-01,HO
10001197,58,M,GB,Physician,2025-11-23,HO
10001198,85,F,US,Consumer,2025-06-22,HO
10001199,62,M,IN,Physician,2025-09-01,HO
10001200,95,M,DE,Consumer,2025-06-23,
10001201,69,F,IN,Physician,2025-02-15,OT
10001202,61,F,IN,Physician,2025-09-26,
10001203,39,F,GB,Pharmacist,2025-08-02,
10001204,50,M,US,Other HCP,2025-02-03,HO
10001205,46,M,US,Pharmacist,2025-03-23,
10001206,63,F,IN,Consumer,2025-10-17,
10001207,47,M,IN,Physician,2025-05-24,
10001208,67,F,DE,Physician,2025-05-16,
10001209,40,M,DE,Pharmacist,2025-06-24,
10001210,66,M,IN,Physician,2025-06-17,HO
10001211,79,F,IN,Physician,2025-02-16,
10001212,61,M,DE,Consumer,2025-07-02,
10001213,72,M,IN,Other HCP,2025-11-09,OT
10001214,35,F,DE,Consumer,2025-10-15,
10001215,46,M,US,Other HCP,2025-06-26,
10001216,88,F,DE,Consumer,2025-05-20,
10001217,42,F,US,Physician,2025-02-02,
10001218,46,F,JP,Physician,2025-04-15,
10001219,60,M,JP,Consumer,2025-10-08,HO
10001220,62,F,DE,Physician,2025-04-13,HO
10001221,18,F,IN,Physician,2025-10-12,
10001222,54,F,JP,Consumer,2025-01-14,
10001223,62,F,IN,Pharmacist,2025-07-11,OT
10001224,51,M,IN,Consumer,2025-04-01,
10001225,21,M,US,Pharmacist,2025-03-17,
10001226,44,F,JP,Physician,2025-11-14,
10001227,81,F,US,Pharmacist,2025-07-27,HO
10001228,55,M,IN,Physician,2025-02-11,
10001229,68,F,IN,Physician,2025-01-16,
10001230,42,F,US,Pharmacist,2025-09-04,OT
10001231,54,M,IN,Physician,2025-11-16,
10001232,51,F,DE,Pharmacist,2025-08-09,
10001233,53,F,JP,Consumer,2025-12-09,
10001234,62,F,GB,Consumer,2025-12-21,
10001235,87,F,DE,Pharmacist,2025-06-22,
10001236,31,M,JP,Consumer,2025-03-13,
10001237,47,F,IN,Physician,2025-04-26,HO
10001238,27,M,IN,Pharmacist,2025-12-23,OT
10001239,69,M,IN,Consumer,2025-05-14,
10001240,48,F,IN,Consumer,2025-12-05,
10001241,80,M,JP,Pharmacist,2025-06-26,OT
10001242,44,M,US,Physician,2025-12-18,
10001243,35,M,GB,Other HCP,2025-11-23,HO
10001244,86,F,JP,Consumer,2025-04-18,HO
10001245,41,M,US,Consumer,2025-05-08,
10001246,54,F,JP,Consumer,2025-03-04,
10001247,91,F,US,Physician,2025-03-06,HO
10001248,59,M,IN,Physician,2025-09-14,
10001249,50,F,IN,Physician,2025-08-11,HO
10001250,38,F,US,Consumer,2025-07-05,HO
10001251,71,M,IN,Consumer,2025-02-03,
10001252,34,M,IN,Consumer,2025-08-03,
10001253,59,F,IN,Consumer,2025-05-17,
10001254,57,F,DE,Consumer,2025-02-17,
10001255,74,M,JP,Physician,2025-03-13,
10001256,63,M,DE,Physician,2025-04-23,HO
10001257,48,F,IN,Physician,2025-07-03,
10001258,34,F,IN,Physician,2025-04-27,
10001259,55,M,IN,Physician,2025-10-13,
10001260,62,F,IN,Consumer,2025-08-05,
10001261,46,F,IN,Pharmacist,2025-05-12,
10001262,55,F,DE,Physician,2025-12-15,
10001263,67,M,DE,Consumer,2025-03-04,HO
10001264,73,F,IN,Pharmacist,2025-01-08,
10001265,76,F,GB,Physician,2025-11-22,
10001266,54,M,JP,Other HCP,2025-07-14,
10001267,52,F,IN,Physician,2025-08-26,HO
10001268,70,M,JP,Consumer,2025-10-02,
10001269,49,M,GB,Physician,2025-08-22,
10001270,44,M,US,Consumer,2025-02-02,
10001271,64,M,DE,Other HCP,2025-08-01,OT
10001272,53,F,IN,Physician,2025-01-08,
10001273,71,M,JP,Other HCP,2025-05-11,
10001274,56,F,JP,Physician,2025-07-17,
10001275,68,M,IN,Pharmacist,2025-09-01,
10001276,92,F,US,Pharmacist,2025-09-05,
10001277,18,M,IN,Physician,2025-07-12,
10001278,30,F,IN,Consumer,2025-11-12,
10001279,39,F,JP,Physician,2025-07-18,
10001280,59,F,US,Pharmacist,2025-03-01,
10001281,28,F,IN,Physician,2025-11-18,
10001282,41,F,US,Consumer,2025-02-14,
10001283,57,F,GB,Physician,2025-11-17,
10001284,63,M,IN,Physician,2025-02-06,
10001285,37,M,US,Consumer,2025-10-15,
10001286,59,F,GB,Pharmacist,2025-09-12,
10001287,37,M,JP,Physician,2025-02-17,
10001288,77,F,JP,Pharmacist,2025-07-17,HO
10001289,51,M,IN,Consumer,2025-04-19,OT
10001290,85,M,GB,Consumer,2025-09-15,
10001291,48,M,GB,Pharmacist,2025-01-07,
10001292,37,F,US,Physician,2025-11-20,HO
10001293,45,F,IN,Physician,2025-05-27,OT
10001294,84,F,IN,Consumer,2025-06-13,
10001295,39,F,DE,Consumer,2025-01-18,
10001296,50,M,DE,Consumer,2025-07-12,
10001297,58,M,IN,Consumer,2025-12-04,
10001298,30,F,US,Consumer,2025-08-05,
10001299,81,M,GB,Other HCP,2025-06-09,
10001300,62,M,IN,Physician,2025-07-03,
10001301,70,F,JP,Pharmacist,2025-08-10,
10001302,50,M,IN,Physician,2025-02-18,
10001303,66,F,JP,Pharmacist,2025-07-19,
10001304,43,F,IN,Physician,2025-02-08,HO
10001305,95,F,IN,Pharmacist,2025-11-10,
10001306,33,F,IN,Pharmacist,2025-02-05,
10001307,60,F,JP,Other HCP,2025-02-21,
10001308,65,M,IN,Pharmacist,2025-06-07,
10001309,49,M,IN,Consumer,2025-03-21,
10001310,54,M,GB,Consumer,2025-06-17,
10001311,71,M,IN,Physician,2025-09-11,
10001312,43,M,IN,Physician,2025-04-27,
10001313,27,M,IN,Physician,2025-11-14,HO
10001314,48,F,US,Physician,2025-11-11,
10001315,48,F,IN,Pharmacist,2025-10-05,
10001316,65,F,DE,Consumer,2025-06-06,
10001317,61,M,JP,Physician,2025-12-25,
10001318,71,F,IN,Physician,2025-03-01,HO
10001319,37,F,IN,Physician,2025-07-12,
10001320,39,F,DE,Physician,2025-04-12,
10001321,66,F,IN,Other HCP,2025-12-19,HO
10001322,49,M,GB,Consumer,2025-04-01,
10001323,57,M,IN,Physician,2025-02-12,
10001324,49,F,IN,Consumer,2025-05-26,
10001325,66,M,JP,Physician,2025-01-04,
10001326,59,F,JP,Pharmacist,2025-09-26,OT
10001327,45,F,US,Physician,2025-08-07,
10001328,42,M,DE,Consumer,2025-09-13,HO
10001329,22,M,IN,Physician,2025-08-12,OT
10001330,54,F,DE,Consumer,2025-04-12,HO
10001331,74,M,DE,Physician,2025-11-13,
10001332,39,F,DE,Physician,2025-03-07,
10001333,88,M,IN,Consumer,2025-09-19,
10001334,66,F,IN,Other HCP,2025-12-22,HO
10001335,71,M,DE,Consumer,2025-05-20,
10001336,59,M,GB,Pharmacist,2025-09-04,
10001337,47,F,IN,Physician,2025-06-26,OT
10001338,95,M,GB,Consumer,2025-03-15,
10001339,55,M,IN,Pharmacist,2025-06-03,HO
10001340,55,F,US,Physician,2025-10-22,
10001341,91,F,US,Consumer,2025-03-26,
10001342,57,F,IN,Physician,2025-10-04,
10001343,55,F,IN,Consumer,2025-01-27,HO
10001344,57,F,GB,Physician,2025-06-13,
10001345,65,M,DE,Consumer,2025-03-27,
10001346,53,F,IN,Consumer,2025-09-06,
10001347,90,M,IN,Other HCP,2025-08-26,OT
10001348,68,M,JP,Consumer,2025-02-20,
10001349,45,F,IN,Other HCP,2025-09-12,
10001350,76,F,IN,Physician,2025-11-02,
10001351,58,M,IN,Physician,2025-03-07,
10001352,23,F,DE,Other HCP,2025-10-25,
10001353,83,M,US,Other HCP,2025-01-23,
10001354,49,M,GB,Physician,2025-12-10,
10001355,73,M,US,Pharmacist,2025-02-22,
10001356,58,F,DE,Pharmacist,2025-02-16,
10001357,43,M,IN,Physician,2025-09-13,
10001358,49,F,JP,Physician,2025-03-14,
10001359,78,F,US,Consumer,2025-04-26,
10001360,18,F,DE,Physician,2025-05-17,
10001361,66,F,JP,Pharmacist,2025-12-27,
10001362,22,F,IN,Other HCP,2025-05-05,
10001363,37,M,GB,Consumer,2025-03-27,
10001364,54,F,JP,Physician,2025-12-21,HO
10001365,64,M,IN,Physician,2025-04-02,
10001366,52,F,GB,Other HCP,2025-03-17,OT
10001367,45,F,IN,Consumer,2025-05-08,
10001368,81,M,GB,Other HCP,2025-09-16,HO
10001369,63,M,IN,Pharmacist,2025-06-05,
10001370,19,M,IN,Physician,2025-08-15,
10001371,50,M,JP,Consumer,2025-04-20,
10001372,63,F,IN,Consumer,2025-08-06,HO
10001373,39,M,IN,Physician,2025-10-17,HO
10001374,91,F,IN,Pharmacist,2025-03-02,HO
10001375,51,F,IN,Consumer,2025-08-10,
10001376,48,F,DE,Physician,2025-10-06,
10001377,60,F,JP,Physician,2025-03-05,
10001378,63,M,IN,Consumer,2025-03-20,HO
10001379,42,F,DE,Consumer,2025-03-12,
10001380,21,M,GB,Physician,2025-09-04,HO
10001381,39,F,IN,Pharmacist,2025-12-22,
10001382,62,M,IN,Other HCP,2025-02-05,
10001383,25,F,DE,Pharmacist,2025-09-02,
10001384,72,F,IN,Physician,2025-07-20,HO
10001385,34,F,GB,Consumer,2025-11-26,
10001386,66,F,GB,Consumer,2025-07-25,
10001387,75,F,US,Consumer,2025-03-04,
10001388,86,F,IN,Pharmacist,2025-01-05,
10001389,38,F,GB,Pharmacist,2025-03-10,
10001390,83,M,DE,Physician,2025-02-17,
10001391,73,F,GB,Physician,2025-03-17,
10001392,80,M,IN,Physician,2025-07-04,OT
10001393,53,F,IN,Pharmacist,2025-04-19,
10001394,53,M,DE,Physician,2025-06-15,
10001395,23,F,JP,Pharmacist,2025-11-15,
10001396,63,F,US,Pharmacist,2025-01-11,
10001397,37,F,DE,Consumer,2025-11-10,
10001398,66,M,GB,Consumer,2025-05-08,HO
10001399,42,M,JP,Physician,2025-03-01,OT
10001400,66,F,US,Consumer,2025-05-15,HO
10001401,53,F,IN,Consumer,2025-12-10,
10001402,67,M,JP,Pharmacist,2025-05-01,
10001403,42,F,GB,Consumer,2025-06-12,
10001404,72,M,IN,Physician,2025-08-18,
10001405,49,M,GB,Physician,2025-12-04,
10001406,61,F,IN,Physician,2025-11-12,HO
10001407,30,F,IN,Pharmacist,2025-09-21,
10001408,35,F,US,Consumer,2025-10-03,HO
10001409,67,F,IN,Consumer,2025-04-03,
10001410,47,M,GB,Physician,2025-02-12,
10001411,42,F,IN,Physician,2025-12-07,
10001412,65,M,US,Pharmacist,2025-10-14,
10001413,53,M,IN,Pharmacist,2025-06-24,
10001414,26,F,JP,Consumer,2025-09-25,
10001415,52,F,DE,Physician,2025-09-07,HO
10001416,47,F,DE,Physician,2025-06-26,HO
10001417,40,M,GB,Consumer,2025-09-04,OT
10001418,66,M,JP,Consumer,2025-05-16,
10001419,66,M,US,Pharmacist,2025-08-12,
10001420,53,M,DE,Physician,2025-04-09,
10001421,60,F,JP,Physician,2025-08-16,
10001422,50,M,US,Consumer,2025-09-06,
10001423,64,M,GB,Consumer,2025-12-18,
10001424,45,M,US,Consumer,2025-02-07,
10001425,35,M,GB,Pharmacist,2025-06-09,HO
10001426,66,F,US,Physician,2025-07-02,HO
10001427,69,M,GB,Consumer,2025-02-17,
10001428,72,F,IN,Physician,2025-11-20,
10001429,52,F,IN,Physician,2025-01-12,
10001430,41,F,IN,Physician,2025-07-12,
10001431,60,F,GB,Consumer,2025-05-08,
10001432,57,M,IN,Physician,2025-08-24,
10001433,65,F,IN,Consumer,2025-03-06,
10001434,53,F,IN,Pharmacist,2025-06-21,
10001435,73,M,IN,Physician,2025-12-06,
10001436,47,F,DE,Pharmacist,2025-03-09,HO
10001437,55,F,IN,Physician,2025-07-17,
10001438,53,F,DE,Physician,2025-03-06,
10001439,55,F,GB,Consumer,2025-12-02,
10001440,30,M,IN,Consumer,2025-12-12,
10001441,18,M,US,Pharmacist,2025-02-18,
10001442,45,F,DE,Pharmacist,2025-04-14,
10001443,93,M,IN,Physician,2025-04-02,
10001444,59,F,IN,Consumer,2025-03-08,
10001445,90,F,US,Consumer,2025-08-06,HO
10001446,69,F,US,Consumer,2025-09-01,OT
10001447,26,F,IN,Consumer,2025-01-14,
10001448,52,F,IN,Consumer,2025-11-06,
10001449,38,F,JP,Physician,2025-03-14,
10001450,47,F,GB,Consumer,2025-01-20,HO
10001451,47,M,DE,Consumer,2025-05-02,OT
10001452,69,F,US,Physician,2025-11-18,OT
10001453,40,F,JP,Physician,2025-04-07,
10001454,52,F,DE,Pharmacist,2025-11-20,
10001455,44,M,US,Physician,2025-11-04,
10001456,37,M,IN,Physician,2025-07-22,
10001457,62,M,GB,Physician,2025-09-14,OT
10001458,66,F,JP,Physician,2025-02-03,HO
10001459,44,F,GB,Consumer,2025-06-14,
10001460,51,F,IN,Consumer,2025-12-27,
10001461,62,M,GB,Consumer,2025-03-16,HO
10001462,51,F,IN,Consumer,2025-11-17,
10001463,69,F,IN,Consumer,2025-07-23,OT
10001464,68,M,IN,Other HCP,2025-03-15,
10001465,63,M,IN,Consumer,2025-08-25,
10001466,38,F,IN,Consumer,2025-03-27,HO
10001467,31,F,IN,Physician,2025-07-16,
10001468,58,F,IN,Consumer,2025-02-14,HO
10001469,34,F,GB,Consumer,2025-09-22,
10001470,44,F,IN,Consumer,2025-05-01,
10001471,60,M,GB,Physician,2025-05-09,
10001472,45,F,US,Other HCP,2025-09-15,
10001473,65,F,IN,Pharmacist,2025-06-19,
10001474,45,F,IN,Consumer,2025-03-14,
10001475,29,M,IN,Pharmacist,2025-10-09,
10001476,67,F,US,Other HCP,2025-12-13,
10001477,60,F,JP,Consumer,2025-07-23,
10001478,55,F,IN,Pharmacist,2025-05-11,
10001479,39,F,GB,Consumer,2025-09-06,HO
10001480,48,F,IN,Consumer,2025-06-11,
10001481,68,F,DE,Consumer,2025-01-23,
10001482,56,F,IN,Consumer,2025-07-06,
10001483,34,F,US,Consumer,2025-08-03,
10001484,58,F,US,Consumer,2025-12-24,
10001485,52,F,IN,Consumer,2025-10-18,HO
10001486,85,F,IN,Pharmacist,2025-07-06,
10001487,59,F,US,Other HCP,2025-06-03,HO
10001488,34,F,DE,Pharmacist,2025-11-20,
10001489,18,M,US,Physician,2025-03-11,
10001490,73,M,GB,Consumer,2025-01-17,
10001491,23,F,JP,Consumer,2025-07-14,
10001492,42,M,IN,Other HCP,2025-04-23,
10001493,54,M,IN,Pharmacist,2025-02-27,
10001494,73,F,GB,Physician,2025-07-27,HO
10001495,43,F,JP,Physician,2025-11-22,
10001496,68,M,IN,Consumer,2025-06-17,HO
10001497,29,M,GB,Consumer,2025-10-17,
10001498,61,M,DE,Consumer,2025-10-17,HO
10001499,37,M,IN,Physician,2025-01-15,
10001500,59,M,GB,Pharmacist,2025-03-11,
10001501,50,F,IN,Consumer,2025-08-08,
10001502,60,M,IN,Consumer,2025-12-09,
10001503,64,F,IN,Physician,2025-08-22,
10001504,52,F,IN,Consumer,2025-07-06,
10001505,68,F,IN,Pharmacist,2025-03-18,
10001506,59,M,IN,Consumer,2025-12-20,OT
10001507,64,M,US,Physician,2025-11-12,
10001508,58,F,IN,Consumer,2025-03-02,
10001509,57,F,IN,Pharmacist,2025-07-07,
10001510,66,M,GB,Physician,2025-12-25,
10001511,44,M,IN,Pharmacist,2025-02-18,
10001512,82,M,IN,Consumer,2025-03-16,
10001513,45,F,GB,Physician,2025-07-18,HO
10001514,44,F,JP,Consumer,2025-04-21,HO
10001515,67,M,IN,Pharmacist,2025-01-04,HO
10001516,73,M,IN,Pharmacist,2025-09-02,
10001517,77,F,IN,Other HCP,2025-06-23,
10001518,36,F,US,Pharmacist,2025-04-11,
10001519,59,M,IN,Consumer,2025-08-16,
10001520,75,M,JP,Consumer,2025-03-27,HO
10001521,24,F,IN,Physician,2025-09-14,
10001522,78,F,JP,Physician,2025-12-11,HO
10001523,55,F,GB,Consumer,2025-09-17,HO
10001524,69,M,GB,Physician,2025-04-09,
10001525,70,M,DE,Physician,2025-07-05,
10001526,59,F,US,Other HCP,2025-09-27,HO
10001527,60,M,IN,Physician,2025-08-25,
10001528,59,M,US,Consumer,2025-03-19,OT
10001529,30,F,IN,Pharmacist,2025-07-11,
10001530,85,M,US,Consumer,2025-09-16,
10001531,21,M,GB,Other HCP,2025-03-20,
10001532,33,M,GB,Physician,2025-05-16,
10001533,87,F,IN,Pharmacist,2025-05-08,
10001534,35,F,DE,Pharmacist,2025-04-02,
10001535,34,M,IN,Consumer,2025-04-16,
10001536,34,M,IN,Physician,2025-01-01,
10001537,46,F,IN,Physician,2025-04-22,
10001538,62,F,IN,Pharmacist,2025-06-04,
10001539,53,F,DE,Consumer,2025-02-02,
10001540,56,F,GB,Consumer,2025-10-14,
10001541,32,F,IN,Physician,2025-06-09,HO
10001542,55,F,GB,Pharmacist,2025-08-19,
10001543,61,F,US,Consumer,2025-08-11,
10001544,60,F,JP,Other HCP,2025-04-26,
10001545,87,M,GB,Consumer,2025-11-16,
10001546,57,M,IN,Physician,2025-04-08,HO
10001547,49,F,IN,Pharmacist,2025-05-17,HO
10001548,68,F,GB,Other HCP,2025-11-12,
10001549,47,M,GB,Pharmacist,2025-11-18,
10001550,33,F,IN,Consumer,2025-07-08,
10001551,72,F,IN,Consumer,2025-10-05,OT
10001552,55,M,IN,Pharmacist,2025-10-24,
10001553,18,M,IN,Consumer,2025-07-15,
10001554,31,F,IN,Consumer,2025-05-25,
10001555,53,F,US,Physician,2025-03-20,
10001556,57,M,IN,Consumer,2025-04-05,
10001557,54,M,DE,Consumer,2025-03-04,HO
10001558,49,F,IN,Consumer,2025-04-03,
10001559,51,M,JP,Physician,2025-08-26,
10001560,65,M,US,Consumer,2025-01-01,
10001561,43,F,GB,Physician,2025-05-22,
10001562,37,M,JP,Consumer,2025-03-19,
10001563,73,M,DE,Consumer,2025-06-06,
10001564,41,F,IN,Consumer,2025-01-05,HO
10001565,55,M,IN,Consumer,2025-01-15,OT
10001566,34,M,GB,Physician,2025-04-06,HO
10001567,58,F,JP,Consumer,2025-05-02,
10001568,95,F,US,Physician,2025-01-09,OT
10001569,81,M,IN,Other HCP,2025-03-22,
10001570,43,F,DE,Physician,2025-01-26,
10001571,69,F,IN,Physician,2025-01-05,
10001572,43,F,JP,Consumer,2025-09-07,OT
10001573,49,M,GB,Consumer,2025-06-14,
10001574,72,F,IN,Consumer,2025-07-02,HO
10001575,57,M,DE,Physician,2025-01-25,
10001576,57,F,GB,Physician,2025-08-26,
10001577,53,F,IN,Pharmacist,2025-12-03,OT
10001578,42,F,IN,Pharmacist,2025-12-20,
10001579,26,M,IN,Consumer,2025-09-26,OT
10001580,48,F,GB,Physician,2025-03-18,
10001581,68,F,IN,Physician,2025-11-26,HO
10001582,54,F,US,Consumer,2025-12-07,
10001583,57,M,IN,Consumer,2025-03-06,
10001584,71,F,IN,Physician,2025-10-27,
10001585,74,M,IN,Physician,2025-11-14,
10001586,56,F,IN,Pharmacist,2025-09-18,
10001587,64,F,GB,Consumer,2025-09-10,
10001588,78,M,JP,Pharmacist,2025-09-02,
10001589,94,F,US,Other HCP,2025-01-23,
10001590,57,F,JP,Pharmacist,2025-08-04,
10001591,61,M,IN,Physician,2025-05-23,
10001592,54,F,US,Physician,2025-07-17,HO
10001593,51,M,GB,Physician,2025-05-03,
10001594,27,M,IN,Consumer,2025-08-26,
10001595,46,M,DE,Consumer,2025-10-15,
10001596,62,M,GB,Pharmacist,2025-08-13,
10001597,61,F,IN,Other HCP,2025-04-04,HO
10001598,43,F,IN,Consumer,2025-05-13,OT
10001599,38,M,IN,Consumer,2025-07-21,
10001600,29,F,US,Physician,2025-03-16,
10001601,55,F,DE,Consumer,2025-04-23,
10001602,43,F,DE,Consumer,2025-01-01,
10001603,30,F,GB,Consumer,2025-01-06,
10001604,40,M,JP,Pharmacist,2025-04-03,OT
10001605,75,M,IN,Physician,2025-11-07,
10001606,48,M,IN,Physician,2025-08-07,OT
10001607,18,F,JP,Consumer,2025-06-11,
10001608,90,M,IN,Physician,2025-05-21,
10001609,67,F,JP,Pharmacist,2025-11-25,HO
10001610,69,M,GB,Pharmacist,2025-09-05,
10001611,18,F,JP,Physician,2025-12-19,HO
10001612,59,M,IN,Consumer,2025-04-05,HO
10001613,68,F,DE,Other HCP,2025-08-15,OT
10001614,61,M,GB,Physician,2025-07-14,
10001615,55,M,GB,Consumer,2025-02-12,
10001616,81,M,DE,Consumer,2025-12-11,HO
10001617,59,F,IN,Pharmacist,2025-06-05,
10001618,45,M,IN,Pharmacist,2025-04-12,
10001619,57,F,IN,Consumer,2025-01-18,HO
10001620,34,M,IN,Consumer,2025-06-07,HO
10001621,76,F,IN,Physician,2025-04-04,
10001622,66,M,IN,Pharmacist,2025-06-20,
10001623,31,M,US,Physician,2025-11-03,
10001624,73,F,US,Physician,2025-02-03,
10001625,64,M,IN,Consumer,2025-02-18,HO
10001626,59,M,GB,Consumer,2025-06-05,
10001627,44,M,GB,Physician,2025-09-23,
10001628,82,F,US,Physician,2025-07-14,
10001629,54,M,JP,Pharmacist,2025-01-26,HO
10001630,40,F,IN,Consumer,2025-12-18,OT
10001631,77,M,GB,Physician,2025-05-09,
10001632,44,F,IN,Physician,2025-05-18,
10001633,69,M,JP,Pharmacist,2025-01-11,
10001634,41,M,IN,Physician,2025-07-11,
10001635,65,M,DE,Pharmacist,2025-06-06,OT
10001636,63,F,IN,Consumer,2025-10-25,
10001637,72,F,IN,Physician,2025-08-10,
10001638,45,M,US,Consumer,2025-03-19,
10001639,48,F,JP,Physician,2025-01-25,
10001640,76,F,US,Physician,2025-02-03,
10001641,49,M,DE,Consumer,2025-12-01,
10001642,54,M,JP,Physician,2025-09-07,
10001643,60,F,GB,Consumer,2025-08-10,
10001644,30,F,IN,Consumer,2025-03-09,HO
10001645,64,F,IN,Physician,2025-06-27,HO
10001646,43,F,GB,Consumer,2025-09-11,HO
10001647,56,F,GB,Pharmacist,2025-11-27,
10001648,71,M,IN,Pharmacist,2025-01-22,
10001649,52,F,IN,Pharmacist,2025-06-12,OT
10001650,64,M,GB,Physician,2025-04-06,
10001651,49,F,US,Pharmacist,2025-08-07,
10001652,77,M,IN,Consumer,2025-08-17,
10001653,47,M,GB,Pharmacist,2025-03-24,
10001654,62,M,US,Physician,2025-09-27,
10001655,51,M,IN,Consumer,2025-12-03,
10001656,83,F,JP,Pharmacist,2025-08-27,
10001657,44,F,IN,Pharmacist,2025-12-06,
10001658,43,M,JP,Consumer,2025-10-16,
10001659,38,M,DE,Physician,2025-04-22,
10001660,35,M,US,Other HCP,2025-11-02,
10001661,65,F,GB,Physician,2025-02-20,OT
10001662,26,M,GB,Physician,2025-05-03,
10001663,58,F,US,Physician,2025-01-12,
10001664,28,M,GB,Physician,2025-05-12,HO
10001665,81,M,DE,Physician,2025-07-27,
10001666,63,M,DE,Consumer,2025-03-20,
10001667,37,M,IN,Consumer,2025-12-07,
10001668,64,M,GB,Consumer,2025-10-16,
10001669,51,F,US,Pharmacist,2025-10-19,
10001670,46,M,US,Consumer,2025-03-25,
10001671,54,F,US,Physician,2025-09-21,
10001672,65,M,IN,Consumer,2025-12-14,
10001673,36,F,IN,Physician,2025-04-14,
10001674,66,M,IN,Physician,2025-04-24,HO
10001675,33,F,GB,Physician,2025-06-23,
10001676,53,F,DE,Other HCP,2025-02-27,
10001677,41,M,IN,Other HCP,2025-12-13,
10001678,46,F,IN,Pharmacist,2025-05-24,
10001679,18,F,US,Other HCP,2025-05-13,
10001680,68,F,DE,Consumer,2025-08-20,
10001681,72,F,IN,Physician,2025-03-12,
10001682,44,F,GB,Pharmacist,2025-09-05,
10001683,44,M,US,Consumer,2025-11-24,
10001684,53,M,GB,Consumer,2025-09-24,
10001685,58,F,DE,Physician,2025-03-08,
10001686,39,F,DE,Pharmacist,2025-01-24,
10001687,63,M,US,Consumer,2025-09-16,
10001688,87,F,US,Consumer,2025-07-15,
10001689,56,M,GB,Pharmacist,2025-02-12,
10001690,60,M,IN,Physician,2025-03-27,
10001691,84,F,US,Pharmacist,2025-06-20,
10001692,57,M,JP,Consumer,2025-08-02,
10001693,42,M,DE,Physician,2025-07-20,OT
10001694,46,M,IN,Physician,2025-08-08,
10001695,90,M,GB,Physician,2025-08-24,
10001696,79,F,US,Physician,2025-01-22,OT
10001697,80,M,JP,Physician,2025-01-18,HO
10001698,64,F,IN,Pharmacist,2025-12-06,HO
10001699,70,M,IN,Pharmacist,2025-01-05,HO
10001700,67,F,IN,Pharmacist,2025-09-06,
10001701,41,M,IN,Physician,2025-02-08,HO
10001702,37,M,IN,Physician,2025-07-11,HO
10001703,46,M,IN,Consumer,2025-10-08,
10001704,59,F,IN,Consumer,2025-07-23,HO
10001705,69,F,IN,Physician,2025-01-04,
10001706,64,M,DE,Physician,2025-04-18,HO
10001707,60,M,IN,Physician,2025-10-08,
10001708,47,F,IN,Pharmacist,2025-11-17,
10001709,46,M,US,Physician,2025-07-03,
10001710,67,F,JP,Consumer,2025-11-05,OT
10001711,74,F,DE,Pharmacist,2025-04-23,
10001712,41,F,JP,Physician,2025-10-01,
10001713,54,F,GB,Physician,2025-11-07,
10001714,40,M,GB,Consumer,2025-12-16,
10001715,88,F,IN,Pharmacist,2025-06-12,
10001716,64,F,JP,Other HCP,2025-01-05,HO
10001717,40,M,US,Physician,2025-06-13,
10001718,77,M,JP,Consumer,2025-07-10,
10001719,61,M,IN,Pharmacist,2025-08-01,OT
10001720,75,F,JP,Physician,2025-11-01,
10001721,39,F,US,Consumer,2025-10-11,
10001722,35,M,GB,Consumer,2025-05-20,
10001723,53,M,JP,Consumer,2025-09-08,
10001724,91,F,US,Other HCP,2025-06-24,
10001725,49,F,IN,Pharmacist,2025-09-05,
10001726,40,M,JP,Consumer,2025-02-11,
10001727,46,M,DE,Physician,2025-11-10,
10001728,68,F,GB,Physician,2025-02-26,HO
10001729,81,M,GB,Pharmacist,2025-12-14,HO
10001730,68,F,GB,Consumer,2025-03-27,OT
10001731,45,M,GB,Consumer,2025-01-23,
10001732,58,M,DE,Pharmacist,2025-07-27,
10001733,37,M,IN,Pharmacist,2025-07-21,
10001734,57,F,IN,Physician,2025-06-02,
10001735,50,M,US,Consumer,2025-06-17,HO
10001736,58,F,IN,Physician,2025-08-15,
10001737,23,M,US,Physician,2025-09-11,
10001738,81,M,IN,Other HCP,2025-06-18,
10001739,59,M,IN,Physician,2025-07-06,
10001740,79,F,IN,Physician,2025-01-03,
10001741,57,F,JP,Pharmacist,2025-06-05,
10001742,40,F,IN,Physician,2025-04-03,
10001743,67,F,JP,Pharmacist,2025-08-23,OT
10001744,60,M,JP,Physician,2025-06-24,OT
10001745,33,M,JP,Consumer,2025-11-06,
10001746,50,M,IN,Consumer,2025-02-22,
10001747,64,F,JP,Physician,2025-12-20,OT
10001748,57,F,JP,Pharmacist,2025-05-23,
10001749,66,M,GB,Pharmacist,2025-09-23,
10001750,59,F,GB,Other HCP,2025-12-01,HO
10001751,73,F,IN,Other HCP,2025-01-23,HO
10001752,70,M,US,Other HCP,2025-10-26,OT
10001753,78,M,DE,Physician,2025-01-16,
10001754,59,M,DE,Physician,2025-02-15,HO
10001755,47,F,JP,Physician,2025-10-14,
10001756,64,M,US,Consumer,2025-12-20,
10001757,66,M,JP,Consumer,2025-02-19,HO
10001758,56,F,GB,Consumer,2025-11-08,
10001759,49,F,IN,Other HCP,2025-02-05,
10001760,70,M,GB,Physician,2025-03-26,
10001761,46,M,IN,Physician,2025-09-12,
10001762,70,F,US,Pharmacist,2025-10-24,HO
10001763,76,F,GB,Other HCP,2025-07-17,
10001764,78,F,JP,Physician,2025-06-13,
10001765,44,F,IN,Consumer,2025-12-19,OT
10001766,52,M,IN,Physician,2025-05-21,OT
10001767,72,M,IN,Physician,2025-11-27,OT
10001768,63,M,GB,Consumer,2025-09-21,
10001769,45,F,DE,Physician,2025-02-23,HO
10001770,73,M,JP,Consumer,2025-06-17,
10001771,49,M,US,Consumer,2025-10-23,
10001772,51,F,JP,Pharmacist,2025-10-23,
10001773,72,F,IN,Physician,2025-10-08,
10001774,82,M,IN,Other HCP,2025-06-22,
10001775,43,F,IN,Pharmacist,2025-08-11,HO
10001776,59,F,IN,Physician,2025-10-20,OT
10001777,82,F,JP,Physician,2025-06-21,
10001778,83,M,JP,Physician,2025-08-22,
10001779,41,M,GB,Consumer,2025-11-07,
10001780,28,M,GB,Pharmacist,2025-06-05,
10001781,44,M,DE,Physician,2025-04-23,HO
10001782,43,M,IN,Physician,2025-09-06,
10001783,39,F,US,Pharmacist,2025-04-25,
10001784,46,M,JP,Physician,2025-10-21,
10001785,64,M,GB,Other HCP,2025-03-07,OT
10001786,53,F,IN,Consumer,2025-02-01,
10001787,57,M,IN,Pharmacist,2025-10-03,
10001788,64,F,JP,Consumer,2025-09-23,
10001789,47,M,IN,Physician,2025-08-09,
10001790,49,M,IN,Pharmacist,2025-05-11,
10001791,46,F,JP,Physician,2025-05-10,
10001792,36,F,US,Consumer,2025-12-03,
10001793,46,F,GB,Physician,2025-02-25,OT
10001794,38,M,DE,Pharmacist,2025-02-27,
10001795,67,F,US,Physician,2025-07-11,
10001796,35,F,IN,Consumer,2025-08-26,
10001797,64,F,JP,Pharmacist,2025-02-15,
10001798,45,F,JP,Consumer,2025-09-19,
10001799,47,F,IN,Consumer,2025-06-10,OT
10001800,18,M,IN,Physician,2025-04-01,
10001801,51,M,US,Physician,2025-11-27,
10001802,58,F,IN,Pharmacist,2025-01-21,
10001803,57,M,GB,Pharmacist,2025-02-12,
10001804,95,F,IN,Consumer,2025-04-13,HO
10001805,37,M,US,Pharmacist,2025-04-24,HO
10001806,47,F,DE,Consumer,2025-06-24,HO
10001807,48,F,DE,Physician,2025-03-22,
10001808,69,M,JP,Consumer,2025-03-24,
10001809,60,M,JP,Physician,2025-11-25,
10001810,27,M,GB,Other HCP,2025-03-03,HO
10001811,58,M,DE,Other HCP,2025-06-08,
10001812,54,M,US,Consumer,2025-03-26,
10001813,31,M,US,Consumer,2025-04-07,
10001814,34,F,IN,Consumer,2025-05-14,HO
10001815,42,F,IN,Physician,2025-10-06,
10001816,45,F,JP,Consumer,2025-07-20,
10001817,38,M,GB,Consumer,2025-03-04,
10001818,30,F,IN,Physician,2025-03-26,
10001819,54,F,IN,Consumer,2025-03-09,
10001820,40,F,JP,Consumer,2025-02-02,
10001821,48,F,IN,Pharmacist,2025-03-16,OT
10001822,18,F,DE,Physician,2025-08-22,
10001823,45,M,IN,Physician,2025-12-10,
10001824,74,F,DE,Other HCP,2025-06-07,HO
10001825,76,M,IN,Consumer,2025-05-11,
10001826,50,F,IN,Other HCP,2025-06-22,HO
10001827,59,F,IN,Physician,2025-12-24,HO
10001828,67,F,DE,Physician,2025-12-06,
10001829,63,F,GB,Consumer,2025-08-15,
10001830,35,M,US,Pharmacist,2025-06-10,
10001831,38,F,JP,Consumer,2025-11-16,HO
10001832,57,M,IN,Physician,2025-10-05,
10001833,35,F,US,Physician,2025-06-02,
10001834,37,F,US,Physician,2025-04-23,OT
10001835,60,F,DE,Pharmacist,2025-01-26,
10001836,93,M,US,Physician,2025-02-12,
10001837,34,M,DE,Physician,2025-07-11,
10001838,75,M,US,Consumer,2025-11-18,OT
10001839,83,F,IN,Physician,2025-09-19,
10001840,48,M,DE,Physician,2025-11-12,
10001841,54,M,IN,Pharmacist,2025-01-01,
10001842,60,M,IN,Pharmacist,2025-12-17,
10001843,52,F,GB,Physician,2025-01-08,HO
10001844,32,F,JP,Other HCP,2025-12-06,
10001845,69,F,IN,Consumer,2025-01-03,
10001846,66,F,GB,Consumer,2025-07-16,OT
10001847,40,M,IN,Pharmacist,2025-07-11,
10001848,50,F,IN,Other HCP,2025-03-11,OT
10001849,69,M,DE,Pharmacist,2025-02-16,
10001850,18,F,GB,Pharmacist,2025-03-27,
10001851,53,M,JP,Pharmacist,2025-10-18,
10001852,63,M,GB,Physician,2025-03-03,
10001853,87,F,DE,Consumer,2025-11-27,
10001854,38,F,US,Pharmacist,2025-02-27,
10001855,42,M,IN,Pharmacist,2025-07-20,HO
10001856,24,F,DE,Other HCP,2025-01-04,
10001857,95,F,IN,Consumer,2025-02-05,
10001858,43,M,GB,Consumer,2025-05-12,
10001859,54,M,IN,Consumer,2025-07-27,
10001860,95,M,IN,Consumer,2025-05-01,
10001861,36,M,GB,Physician,2025-08-10,
10001862,47,M,DE,Consumer,2025-05-12,
10001863,36,F,IN,Other HCP,2025-11-23,
10001864,61,F,IN,Pharmacist,2025-04-08,
10001865,62,F,JP,Consumer,2025-03-24,
10001866,42,F,DE,Consumer,2025-07-14,
10001867,75,F,US,Consumer,2025-11-13,
10001868,69,F,JP,Consumer,2025-04-18,
10001869,56,F,JP,Physician,2025-10-14,
10001870,63,F,IN,Pharmacist,2025-03-13,HO
10001871,73,M,JP,Consumer,2025-10-19,HO
10001872,22,F,JP,Other HCP,2025-10-06,
10001873,53,M,IN,Other HCP,2025-07-08,
10001874,63,F,US,Physician,2025-11-10,
10001875,36,F,JP,Pharmacist,2025-06-05,
10001876,36,M,IN,Other HCP,2025-12-02,
10001877,67,M,IN,Pharmacist,2025-04-19,
10001878,61,F,US,Consumer,2025-08-16,
10001879,50,M,JP,Physician,2025-07-10,OT
10001880,65,F,GB,Consumer,2025-04-27,
10001881,31,F,DE,Consumer,2025-03-08,
10001882,44,M,IN,Physician,2025-03-16,
10001883,44,M,DE,Other HCP,2025-07-14,
10001884,57,F,IN,Consumer,2025-08-14,
10001885,61,M,DE,Pharmacist,2025-02-22,HO
10001886,67,F,IN,Physician,2025-10-19,
10001887,85,M,IN,Consumer,2025-07-23,
10001888,51,M,DE,Pharmacist,2025-08-25,
10001889,91,M,DE,Physician,2025-07-19,
10001890,55,M,GB,Other HCP,2025-12-02,
10001891,43,M,IN,Consumer,2025-02-19,OT
10001892,67,M,JP,Physician,2025-10-13,
10001893,63,M,IN,Physician,2025-12-26,HO
10001894,70,F,GB,Pharmacist,2025-09-27,
10001895,46,M,IN,Physician,2025-12-16,
10001896,38,F,DE,Physician,2025-02-16,
10001897,71,F,US,Physician,2025-08-05,
10001898,77,F,GB,Physician,2025-07-17,
10001899,35,M,JP,Consumer,2025-09-23,
10001900,48,F,US,Consumer,2025-05-06,
10001901,90,M,IN,Consumer,2025-01-07,
10001902,59,F,IN,Consumer,2025-11-11,
10001903,28,M,US,Physician,2025-08-12,
10001904,49,F,GB,Physician,2025-11-09,
10001905,38,F,IN,Consumer,2025-02-19,OT
10001906,40,F,IN,Pharmacist,2025-01-21,
10001907,35,M,IN,Consumer,2025-07-06,
10001908,65,F,JP,Consumer,2025-08-24,OT
10001909,70,M,US,Other HCP,2025-02-05,
10001910,71,F,JP,Consumer,2025-01-14,
10001911,64,M,DE,Pharmacist,2025-09-03,
10001912,34,M,US,Physician,2025-10-17,
10001913,32,F,JP,Pharmacist,2025-08-11,
10001914,50,M,GB,Physician,2025-08-07,HO
10001915,73,M,GB,Consumer,2025-09-18,HO
10001916,70,F,IN,Consumer,2025-12-14,
10001917,46,M,US,Consumer,2025-11-01,
10001918,81,F,IN,Physician,2025-03-07,
10001919,37,F,GB,Physician,2025-08-18,
10001920,48,F,US,Other HCP,2025-04-19,
10001921,58,M,GB,Physician,2025-01-10,HO
10001922,75,F,IN,Pharmacist,2025-06-02,
10001923,57,M,GB,Consumer,2025-09-06,
10001924,18,F,IN,Pharmacist,2025-01-17,
10001925,36,F,IN,Pharmacist,2025-06-21,OT
10001926,37,M,IN,Pharmacist,2025-01-21,HO
10001927,51,M,US,Consumer,2025-04-27,OT
10001928,73,F,IN,Physician,2025-09-21,OT
10001929,54,M,JP,Other HCP,2025-05-12,
10001930,68,M,US,Consumer,2025-02-23,
10001931,64,M,IN,Other HCP,2025-03-11,
10001932,47,M,JP,Physician,2025-06-18,
10001933,47,F,IN,Pharmacist,2025-10-07,
10001934,64,F,GB,Consumer,2025-03-01,
10001935,46,F,US,Pharmacist,2025-05-18,
10001936,57,M,IN,Consumer,2025-11-23,
10001937,77,F,US,Consumer,2025-09-04,
10001938,63,M,GB,Physician,2025-08-26,
10001939,81,M,IN,Pharmacist,2025-12-01,
10001940,18,M,IN,Other HCP,2025-04-09,
10001941,40,M,JP,Physician,2025-10-05,
10001942,58,F,GB,Physician,2025-05-16,
10001943,45,M,IN,Consumer,2025-09-20,
10001944,76,M,DE,Consumer,2025-05-26,
10001945,60,F,US,Physician,2025-02-09,
10001946,82,M,US,Pharmacist,2025-01-09,
10001947,71,M,DE,Other HCP,2025-03-26,
10001948,49,M,GB,Physician,2025-05-25,
10001949,49,M,GB,Consumer,2025-10-19,HO
10001950,78,F,JP,Pharmacist,2025-01-15,
10001951,54,F,DE,Consumer,2025-01-06,OT
10001952,59,F,IN,Consumer,2025-01-02,
10001953,69,M,IN,Physician,2025-09-06,
10001954,66,F,DE,Other HCP,2025-10-05,
10001955,50,F,IN,Pharmacist,2025-10-10,
10001956,35,M,IN,Consumer,2025-09-04,
10001957,63,M,IN,Pharmacist,2025-11-21,
10001958,55,F,DE,Other HCP,2025-11-15,
10001959,49,M,GB,Physician,2025-04-16,
10001960,53,F,US,Physician,2025-06-27,
10001961,63,F,GB,Physician,2025-10-11,
10001962,32,F,GB,Physician,2025-04-11,OT
10001963,67,F,IN,Pharmacist,2025-01-12,
10001964,70,F,JP,Consumer,2025-09-15,OT
10001965,34,F,US,Physician,2025-09-05,
10001966,59,M,IN,Pharmacist,2025-03-24,
10001967,54,F,GB,Pharmacist,2025-05-04,
10001968,49,M,IN,Consumer,2025-09-03,OT
10001969,35,M,IN,Physician,2025-02-21,
10001970,48,F,IN,Pharmacist,2025-03-12,
10001971,87,F,JP,Consumer,2025-12-21,HO
10001972,30,M,IN,Consumer,2025-12-01,
10001973,34,F,DE,Pharmacist,2025-01-01,
10001974,72,F,IN,Consumer,2025-05-17,
10001975,77,F,IN,Consumer,2025-05-13,HO
10001976,56,F,JP,Physician,2025-03-24,
10001977,70,M,IN,Pharmacist,2025-07-18,
10001978,55,M,US,Pharmacist,2025-09-13,OT
10001979,31,F,IN,Pharmacist,2025-01-17,
10001980,53,M,IN,Other HCP,2025-07-08,
10001981,75,F,IN,Consumer,2025-07-09,
10001982,45,F,IN,Physician,2025-06-23,
10001983,52,M,JP,Pharmacist,2025-04-15,
10001984,84,M,JP,Pharmacist,2025-10-07,
10001985,75,F,US,Consumer,2025-06-06,
10001986,44,F,IN,Consumer,2025-08-04,
10001987,62,M,US,Other HCP,2025-11-23,
10001988,67,M,IN,Physician,2025-02-25,
10001989,57,M,IN,Other HCP,2025-06-08,
10001990,54,F,JP,Physician,2025-05-25,
10001991,46,M,IN,Pharmacist,2025-08-02,HO
10001992,63,M,IN,Physician,2025-12-03,
10001993,72,F,DE,Consumer,2025-03-05,
10001994,32,M,JP,Pharmacist,2025-01-09,HO
10001995,74,F,US,Physician,2025-08-26,
10001996,71,F,IN,Consumer,2025-07-21,
10001997,57,F,IN,Physician,2025-07-02,HO
10001998,34,F,IN,Consumer,2025-04-08,HO
10001999,76,M,IN,Consumer,2025-02-23,HO
10002000,65,F,DE,Physician,2025-12-10,
10002001,61,M,JP,Physician,2025-03-15,
10002002,59,M,IN,Consumer,2025-10-02,
10002003,48,M,IN,Pharmacist,2025-07-04,
10002004,64,M,GB,Consumer,2025-07-08,
10002005,66,M,JP,Physician,2025-09-01,
10002006,78,F,JP,Physician,2025-07-23,
10002007,29,M,JP,Other HCP,2025-11-16,
10002008,58,M,IN,Consumer,2025-10-21,
10002009,41,F,DE,Physician,2025-11-21,HO
10002010,29,M,GB,Consumer,2025-01-16,
10002011,40,M,JP,Pharmacist,2025-05-07,
10002012,77,F,IN,Physician,2025-02-13,
10002013,51,F,GB,Physician,2025-09-25,
10002014,39,M,DE,Consumer,2025-09-02,OT
10002015,67,M,JP,Physician,2025-04-22,
10002016,65,F,JP,Physician,2025-10-25,
10002017,62,F,IN,Consumer,2025-10-07,HO
10002018,41,F,IN,Consumer,2025-01-03,HO
10002019,19,M,US,Consumer,2025-12-21,
10002020,43,M,DE,Physician,2025-09-14,
10002021,72,F,US,Consumer,2025-02-05,
10002022,58,M,DE,Pharmacist,2025-08-25,
10002023,56,F,JP,Physician,2025-07-22,
10002024,77,F,JP,Pharmacist,2025-01-17,
10002025,48,F,US,Physician,2025-09-02,OT
10002026,55,F,DE,Physician,2025-07-04,
10002027,51,F,IN,Consumer,2025-03-22,
10002028,93,M,US,Other HCP,2025-04-13,HO
10002029,50,M,GB,Physician,2025-01-15,
10002030,57,F,GB,Physician,2025-06-04,HO
10002031,62,F,IN,Other HCP,2025-09-24,HO
10002032,64,M,JP,Consumer,2025-09-17,
10002033,58,M,US,Consumer,2025-07-07,
10002034,52,M,IN,Physician,2025-02-01,
10002035,54,M,DE,Physician,2025-05-04,
10002036,49,M,JP,Consumer,2025-09-04,OT
10002037,74,M,GB,Consumer,2025-06-25,
10002038,65,F,JP,Consumer,2025-01-23,
10002039,62,F,IN,Consumer,2025-01-05,
10002040,78,F,IN,Physician,2025-01-24,HO
10002041,95,M,DE,Physician,2025-01-18,HO
10002042,45,F,IN,Consumer,2025-10-09,HO
10002043,62,F,IN,Physician,2025-07-17,
10002044,58,F,IN,Physician,2025-03-27,
10002045,38,F,DE,Pharmacist,2025-01-26,
10002046,46,M,IN,Consumer,2025-02-05,HO
10002047,69,M,IN,Consumer,2025-06-07,
10002048,33,F,DE,Consumer,2025-06-17,HO
10002049,62,M,IN,Other HCP,2025-05-21,
10002050,35,M,JP,Consumer,2025-06-06,
10002051,33,M,US,Consumer,2025-12-23,
10002052,54,M,US,Consumer,2025-01-12,
10002053,74,M,JP,Other HCP,2025-11-12,
10002054,35,M,IN,Consumer,2025-11-19,
10002055,33,M,US,Consumer,2025-07-25,
10002056,61,M,IN,Physician,2025-06-14,
10002057,62,F,JP,Physician,2025-04-17,
10002058,49,M,DE,Physician,2025-10-21,OT
10002059,49,M,IN,Pharmacist,2025-04-22,
10002060,35,F,JP,Physician,2025-07-21,
10002061,25,F,IN,Consumer,2025-03-08,
10002062,58,M,IN,Consumer,2025-11-06,HO
10002063,53,F,US,Other HCP,2025-03-26,
10002064,54,M,JP,Physician,2025-07-26,
10002065,71,F,JP,Pharmacist,2025-03-16,
10002066,53,F,DE,Physician,2025-11-22,
10002067,56,M,US,Physician,2025-11-18,
10002068,48,M,JP,Consumer,2025-08-15,
10002069,64,M,IN,Physician,2025-02-19,HO
10002070,54,F,IN,Physician,2025-08-18,
10002071,95,F,IN,Consumer,2025-11-01,
10002072,58,M,GB,Physician,2025-01-14,OT
10002073,54,F,IN,Physician,2025-10-10,
10002074,32,F,IN,Physician,2025-09-13,
10002075,35,M,IN,Consumer,2025-10-07,
10002076,52,F,GB,Consumer,2025-06-09,OT
10002077,44,F,DE,Physician,2025-08-01,OT
10002078,37,M,US,Physician,2025-04-05,
10002079,50,F,IN,Consumer,2025-03-16,
10002080,59,F,DE,Pharmacist,2025-07-26,HO
10002081,48,M,US,Pharmacist,2025-10-25,
10002082,20,M,JP,Pharmacist,2025-02-27,HO
10002083,44,F,US,Consumer,2025-02-20,
10002084,47,F,IN,Physician,2025-11-21,
10002085,59,M,IN,Consumer,2025-10-05,
10002086,34,F,US,Pharmacist,2025-01-16,
10002087,38,F,US,Consumer,2025-02-10,
10002088,44,F,GB,Consumer,2025-05-16,
10002089,74,F,IN,Consumer,2025-12-13,HO
10002090,47,F,IN,Consumer,2025-03-02,
10002091,38,F,GB,Consumer,2025-09-05,
10002092,56,F,GB,Other HCP,2025-08-25,HO
10002093,54,M,DE,Physician,2025-05-09,
10002094,40,F,IN,Physician,2025-04-03,
10002095,67,F,IN,Pharmacist,2025-07-16,HO
10002096,43,M,JP,Physician,2025-10-18,
10002097,74,F,DE,Physician,2025-06-22,OT
10002098,54,F,GB,Consumer,2025-09-10,
10002099,24,M,US,Physician,2025-05-12,HO
10002100,49,M,GB,Physician,2025-10-19,
10002101,37,M,DE,Consumer,2025-08-08,
10002102,48,F,JP,Consumer,2025-04-04,
10002103,55,F,IN,Physician,2025-02-27,
10002104,66,M,JP,Other HCP,2025-04-06,
10002105,64,M,IN,Physician,2025-07-15,
10002106,84,F,DE,Pharmacist,2025-01-14,
10002107,59,M,JP,Physician,2025-04-13,HO
10002108,42,F,GB,Physician,2025-10-05,HO
10002109,27,M,JP,Pharmacist,2025-10-08,
10002110,59,F,JP,Physician,2025-03-25,
10002111,95,M,DE,Pharmacist,2025-03-20,
10002112,54,F,GB,Consumer,2025-10-09,
10002113,33,F,IN,Physician,2025-12-21,
10002114,32,F,IN,Pharmacist,2025-04-02,OT
10002115,76,F,DE,Physician,2025-09-27,
10002116,59,F,IN,Physician,2025-12-16,OT
10002117,45,M,GB,Physician,2025-04-14,
10002118,39,M,JP,Physician,2025-10-11,
10002119,70,F,IN,Consumer,2025-07-11,
10002120,47,M,IN,Physician,2025-10-05,
10002121,47,M,IN,Consumer,2025-07-13,
10002122,61,M,JP,Physician,2025-10-11,HO
10002123,72,M,JP,Consumer,2025-03-13,
10002124,49,F,IN,Pharmacist,2025-03-07,HO
10002125,54,M,DE,Consumer,2025-02-03,
10002126,82,F,US,Other HCP,2025-08-27,HO
10002127,55,F,JP,Consumer,2025-11-11,
10002128,60,F,US,Physician,2025-09-10,
10002129,68,F,IN,Consumer,2025-07-13,
10002130,45,M,DE,Consumer,2025-08-24,OT
10002131,26,F,IN,Pharmacist,2025-01-13,OT
10002132,37,F,IN,Consumer,2025-02-08,
10002133,38,F,IN,Physician,2025-06-16,HO
10002134,47,F,JP,Physician,2025-08-25,
10002135,36,M,IN,Consumer,2025-07-04,HO
10002136,65,M,DE,Consumer,2025-02-25,HO
10002137,39,M,IN,Consumer,2025-07-15,HO
10002138,86,M,IN,Physician,2025-12-19,HO
10002139,60,F,US,Consumer,2025-01-12,
10002140,62,M,JP,Consumer,2025-08-03,
10002141,92,F,IN,Other HCP,2025-07-08,
10002142,77,M,US,Consumer,2025-02-11,
10002143,77,F,GB,Physician,2025-01-26,
10002144,45,F,GB,Consumer,2025-03-17,
10002145,52,M,IN,Physician,2025-06-19,
10002146,59,F,IN,Consumer,2025-04-01,
10002147,48,M,JP,Physician,2025-06-27,HO
10002148,33,F,DE,Physician,2025-10-21,
10002149,42,F,DE,Other HCP,2025-07-06,
10002150,63,F,DE,Consumer,2025-04-16,
10002151,48,M,US,Physician,2025-12-15,
10002152,68,F,IN,Physician,2025-08-24,
10002153,48,M,IN,Consumer,2025-01-18,
10002154,92,F,JP,Physician,2025-08-02,HO
10002155,63,F,JP,Pharmacist,2025-04-14,
10002156,38,M,IN,Consumer,2025-06-22,
10002157,56,F,DE,Consumer,2025-07-18,
10002158,41,F,IN,Physician,2025-05-19,
10002159,29,F,JP,Consumer,2025-07-14,
10002160,70,F,JP,Physician,2025-09-16,HO
10002161,52,F,IN,Consumer,2025-03-01,
10002162,73,F,IN,Physician,2025-06-05,
10002163,67,M,US,Physician,2025-12-09,HO
10002164,53,F,GB,Other HCP,2025-10-25,
10002165,71,F,IN,Consumer,2025-02-05,
10002166,68,F,DE,Pharmacist,2025-06-06,
10002167,33,F,US,Physician,2025-04-18,
10002168,61,F,IN,Consumer,2025-05-06,
10002169,52,M,IN,Physician,2025-06-21,
10002170,65,F,DE,Physician,2025-04-07,
10002171,61,F,IN,Physician,2025-03-16,HO
10002172,38,F,GB,Consumer,2025-03-17,OT
10002173,80,M,DE,Other HCP,2025-09-08,OT
10002174,35,F,US,Consumer,2025-12-02,
10002175,42,M,JP,Physician,2025-10-05,HO
10002176,58,M,IN,Other HCP,2025-02-26,
10002177,58,M,IN,Physician,2025-12-24,
10002178,71,M,IN,Consumer,2025-11-24,
10002179,64,F,US,Pharmacist,2025-05-25,
10002180,40,M,IN,Consumer,2025-04-11,
10002181,61,M,IN,Physician,2025-04-23,HO
10002182,62,F,JP,Physician,2025-06-27,
10002183,75,F,DE,Pharmacist,2025-01-10,
10002184,80,F,IN,Consumer,2025-03-18,HO
10002185,40,M,US,Consumer,2025-01-22,HO
10002186,58,F,DE,Consumer,2025-02-07,
10002187,55,F,DE,Physician,2025-07-02,HO
10002188,22,M,IN,Consumer,2025-01-18,
10002189,55,M,IN,Physician,2025-08-19,
10002190,58,F,JP,Consumer,2025-06-16,
10002191,35,M,US,Physician,2025-08-12,
10002192,60,M,DE,Consumer,2025-12-09,
10002193,72,F,US,Physician,2025-05-12,
10002194,48,F,IN,Physician,2025-06-03,
10002195,77,F,GB,Consumer,2025-12-13,HO
10002196,69,F,IN,Consumer,2025-10-01,
10002197,53,F,IN,Other HCP,2025-08-12,
10002198,45,F,US,Consumer,2025-03-07,HO
10002199,32,M,IN,Pharmacist,2025-12-06,
10002200,71,F,IN,Consumer,2025-07-20,
10002201,61,M,IN,Consumer,2025-03-16,
10002202,45,F,JP,Physician,2025-01-26,HO
10002203,64,M,GB,Physician,2025-03-20,
10002204,35,F,DE,Pharmacist,2025-07-19,
10002205,36,M,IN,Consumer,2025-08-10,
10002206,45,M,DE,Physician,2025-07-27,
10002207,87,F,JP,Consumer,2025-08-23,HO
10002208,59,M,JP,Consumer,2025-06-16,
10002209,60,M,IN,Physician,2025-06-16,
10002210,36,M,JP,Other HCP,2025-12-16,
10002211,45,M,JP,Pharmacist,2025-06-06,HO
10002212,59,F,JP,Consumer,2025-10-19,
10002213,56,F,JP,Other HCP,2025-02-03,
10002214,52,F,IN,Pharmacist,2025-11-26,
10002215,66,F,GB,Consumer,2025-12-14,
10002216,63,M,DE,Physician,2025-08-13,
10002217,62,M,GB,Other HCP,2025-04-13,OT
10002218,59,M,IN,Pharmacist,2025-04-13,
10002219,18,F,US,Consumer,2025-10-12,
10002220,44,M,DE,Pharmacist,2025-10-26,
10002221,70,F,US,Pharmacist,2025-09-11,
10002222,81,M,GB,Consumer,2025-04-07,
10002223,70,M,US,Consumer,2025-05-15,
10002224,50,F,US,Pharmacist,2025-08-27,
10002225,73,M,DE,Physician,2025-05-09,
10002226,74,M,IN,Physician,2025-03-12,
10002227,31,F,US,Pharmacist,2025-05-01,
10002228,64,F,DE,Other HCP,2025-09-27,
10002229,80,F,IN,Consumer,2025-07-17,
10002230,44,M,US,Physician,2025-12-04,
10002231,63,M,US,Physician,2025-02-14,HO
10002232,32,F,GB,Pharmacist,2025-11-12,
10002233,24,M,JP,Pharmacist,2025-04-05,
10002234,61,F,JP,Physician,2025-01-15,
10002235,63,M,IN,Consumer,2025-09-10,
10002236,66,M,JP,Physician,2025-03-19,
10002237,62,F,IN,Physician,2025-07-12,HO
10002238,54,F,IN,Pharmacist,2025-11-16,
10002239,48,F,DE,Pharmacist,2025-10-03,
10002240,57,F,US,Physician,2025-09-25,
10002241,71,F,US,Consumer,2025-01-27,
10002242,32,F,IN,Other HCP,2025-01-14,
10002243,44,F,DE,Consumer,2025-02-21,
10002244,40,M,IN,Pharmacist,2025-11-15,
10002245,63,F,IN,Consumer,2025-05-11,HO
10002246,52,F,US,Consumer,2025-04-03,HO
10002247,45,F,IN,Pharmacist,2025-12-14,
10002248,68,M,IN,Consumer,2025-09-15,
10002249,54,F,DE,Pharmacist,2025-12-11,
10002250,48,M,IN,Other HCP,2025-08-25,OT
10002251,61,F,IN,Physician,2025-02-14,
10002252,20,F,US,Physician,2025-02-06,
10002253,58,F,JP,Consumer,2025-08-25,
10002254,69,M,IN,Pharmacist,2025-12-07,HO
10002255,61,M,DE,Physician,2025-09-10,
10002256,56,F,IN,Pharmacist,2025-07-07,
10002257,51,M,JP,Pharmacist,2025-07-04,
10002258,57,M,GB,Consumer,2025-03-03,
10002259,18,F,GB,Physician,2025-05-15,
10002260,31,M,GB,Physician,2025-12-14,
10002261,48,M,JP,Consumer,2025-09-18,
10002262,39,M,IN,Pharmacist,2025-06-03,
10002263,20,F,IN,Pharmacist,2025-01-07,
10002264,82,M,IN,Pharmacist,2025-08-05,
10002265,74,F,IN,Physician,2025-05-16,
10002266,46,F,IN,Physician,2025-09-22,
10002267,76,M,IN,Physician,2025-02-23,
10002268,52,F,DE,Consumer,2025-05-11,
10002269,57,F,IN,Consumer,2025-09-14,
10002270,41,F,GB,Consumer,2025-05-19,
10002271,80,F,IN,Pharmacist,2025-08-13,
10002272,51,F,IN,Pharmacist,2025-12-25,
10002273,57,F,JP,Consumer,2025-10-05,
10002274,70,F,DE,Physician,2025-09-17,
10002275,42,F,US,Pharmacist,2025-03-09,
10002276,65,M,JP,Consumer,2025-10-07,
10002277,53,M,GB,Physician,2025-11-11,
10002278,58,F,IN,Pharmacist,2025-09-25,
10002279,47,M,GB,Consumer,2025-05-19,OT
10002280,24,F,GB,Physician,2025-04-02,
10002281,43,M,US,Physician,2025-05-11,OT
10002282,81,F,GB,Physician,2025-09-04,
10002283,70,F,IN,Other HCP,2025-08-05,
10002284,31,F,JP,Consumer,2025-02-07,HO
10002285,69,F,GB,Physician,2025-05-07,
10002286,80,M,DE,Pharmacist,2025-09-08,
10002287,42,F,IN,Consumer,2025-06-19,
10002288,66,F,GB,Consumer,2025-02-23,
10002289,29,M,JP,Physician,2025-04-03,HO
10002290,61,M,JP,Consumer,2025-07-19,
10002291,59,F,IN,Physician,2025-08-22,
10002292,46,M,IN,Pharmacist,2025-12-19,
10002293,61,M,JP,Physician,2025-04-14,
10002294,40,F,DE,Consumer,2025-10-08,
10002295,84,F,GB,Pharmacist,2025-09-25,OT
10002296,65,F,JP,Consumer,2025-04-03,
10002297,56,F,GB,Physician,2025-09-04,OT
10002298,32,M,IN,Other HCP,2025-12-05,HO
10002299,55,M,US,Pharmacist,2025-06-23,
10002300,25,F,IN,Consumer,2025-11-05,HO
10002301,59,M,IN,Physician,2025-05-25,
10002302,58,M,IN,Pharmacist,2025-04-14,
10002303,85,M,DE,Consumer,2025-07-26,
10002304,43,F,GB,Physician,2025-06-20,
10002305,79,M,DE,Consumer,2025-01-12,
10002306,49,M,DE,Pharmacist,2025-11-25,
10002307,53,M,IN,Consumer,2025-07-11,
10002308,59,M,US,Consumer,2025-07-13,HO
10002309,63,M,JP,Consumer,2025-07-19,
10002310,31,F,JP,Other HCP,2025-03-05,
10002311,65,M,US,Consumer,2025-08-14,HO
10002312,65,M,GB,Physician,2025-01-21,
10002313,58,F,DE,Other HCP,2025-12-19,
10002314,48,M,IN,Consumer,2025-03-11,
10002315,31,F,DE,Physician,2025-04-25,
10002316,38,M,GB,Pharmacist,2025-08-18,
10002317,65,F,IN,Consumer,2025-06-06,
10002318,40,F,DE,Physician,2025-11-10,OT
10002319,60,F,JP,Other HCP,2025-07-09,
10002320,56,M,JP,Pharmacist,2025-03-15,
10002321,66,M,DE,Consumer,2025-10-23,
10002322,54,F,GB,Pharmacist,2025-02-22,
10002323,74,M,US,Physician,2025-04-06,
10002324,36,M,DE,Consumer,2025-09-10,
10002325,46,M,DE,Other HCP,2025-05-21,HO
10002326,49,M,IN,Physician,2025-06-10,
10002327,55,F,IN,Physician,2025-07-12,
10002328,75,F,JP,Consumer,2025-04-26,
10002329,56,F,US,Consumer,2025-11-07,
10002330,75,M,IN,Other HCP,2025-10-01,
10002331,34,F,DE,Consumer,2025-08-26,HO
10002332,58,F,JP,Physician,2025-12-16,
10002333,31,F,IN,Consumer,2025-05-03,HO
10002334,80,F,DE,Pharmacist,2025-03-26,
10002335,64,F,GB,Physician,2025-04-12,
10002336,31,F,JP,Other HCP,2025-07-25,
10002337,53,F,DE,Physician,2025-08-03,HO
10002338,52,F,DE,Consumer,2025-01-12,
10002339,74,M,IN,Pharmacist,2025-12-13,HO
10002340,62,F,GB,Consumer,2025-05-12,
10002341,35,F,IN,Consumer,2025-01-03,
10002342,62,M,IN,Pharmacist,2025-08-22,HO
10002343,61,M,US,Other HCP,2025-08-10,HO
10002344,49,F,DE,Pharmacist,2025-03-15,OT
10002345,53,F,GB,Pharmacist,2025-06-04,
10002346,45,F,IN,Physician,2025-01-23,
10002347,53,M,IN,Physician,2025-03-25,HO
10002348,58,M,JP,Physician,2025-02-19,OT
10002349,66,F,JP,Pharmacist,2025-09-25,HO
10002350,60,M,IN,Consumer,2025-07-24,
10002351,71,M,US,Physician,2025-04-17,
10002352,61,M,US,Other HCP,2025-05-19,HO
10002353,81,M,IN,Physician,2025-10-18,
10002354,39,F,IN,Pharmacist,2025-02-22,
10002355,41,F,JP,Pharmacist,2025-03-18,
10002356,60,F,GB,Other HCP,2025-11-13,
10002357,58,M,US,Physician,2025-06-03,HO
10002358,46,F,DE,Consumer,2025-12-04,
10002359,29,F,IN,Consumer,2025-04-08,
10002360,25,F,IN,Physician,2025-08-01,HO
10002361,48,F,GB,Physician,2025-11-06,HO
10002362,89,M,IN,Pharmacist,2025-07-02,HO
10002363,49,F,US,Physician,2025-06-16,
10002364,59,F,JP,Other HCP,2025-09-27,
10002365,63,F,US,Physician,2025-04-13,
10002366,76,F,IN,Other HCP,2025-09-09,HO
10002367,72,M,US,Consumer,2025-12-05,
10002368,34,F,IN,Pharmacist,2025-11-13,HO
10002369,49,F,IN,Physician,2025-11-15,
10002370,48,F,JP,Consumer,2025-10-13,
10002371,38,M,GB,Pharmacist,2025-02-23,
10002372,50,M,JP,Other HCP,2025-11-27,
10002373,51,M,DE,Consumer,2025-07-23,OT
10002374,63,F,IN,Other HCP,2025-12-20,OT
10002375,59,F,JP,Pharmacist,2025-09-11,
10002376,42,M,US,Consumer,2025-12-12,
10002377,58,F,IN,Pharmacist,2025-12-03,
10002378,59,F,JP,Pharmacist,2025-05-15,OT
10002379,76,F,IN,Consumer,2025-01-24,HO
10002380,70,M,GB,Consumer,2025-08-27,
10002381,31,F,IN,Other HCP,2025-12-13,
10002382,35,F,JP,Physician,2025-07-23,OT
10002383,39,F,JP,Consumer,2025-08-21,
10002384,23,F,IN,Physician,2025-08-25,HO
10002385,60,M,US,Consumer,2025-05-11,
10002386,41,F,DE,Consumer,2025-03-16,
10002387,59,F,JP,Other HCP,2025-07-04,
10002388,53,F,IN,Physician,2025-03-12,
10002389,49,F,US,Pharmacist,2025-05-10,
10002390,40,M,DE,Other HCP,2025-06-20,
10002391,58,F,IN,Physician,2025-07-06,OT
10002392,83,F,IN,Other HCP,2025-06-10,
10002393,44,M,IN,Consumer,2025-12-11,
10002394,33,M,DE,Physician,2025-06-01,HO
10002395,82,F,IN,Other HCP,2025-11-26,HO
10002396,84,M,DE,Pharmacist,2025-08-14,HO
10002397,71,F,JP,Physician,2025-09-12,HO
10002398,18,M,JP,Physician,2025-11-20,
10002399,50,F,IN,Physician,2025-02-14,
10002400,55,F,US,Physician,2025-11-14,
10002401,55,F,IN,Physician,2025-01-06,
10002402,58,M,IN,Consumer,2025-03-25,HO
10002403,61,F,US,Physician,2025-05-08,
10002404,54,F,IN,Other HCP,2025-12-22,HO
10002405,74,M,JP,Physician,2025-09-24,
10002406,36,M,IN,Physician,2025-02-03,
10002407,83,F,JP,Consumer,2025-12-15,
10002408,39,F,US,Physician,2025-06-25,
10002409,62,F,DE,Pharmacist,2025-03-19,OT
10002410,68,F,US,Physician,2025-10-10,
10002411,88,F,DE,Consumer,2025-11-26,
10002412,66,F,JP,Physician,2025-05-14,HO
10002413,46,M,JP,Pharmacist,2025-11-25,
10002414,51,M,JP,Other HCP,2025-02-19,
10002415,61,F,IN,Other HCP,2025-07-05,
10002416,56,M,IN,Consumer,2025-09-16,
10002417,79,M,DE,Pharmacist,2025-06-22,
10002418,41,M,JP,Physician,2025-12-07,HO
10002419,68,F,GB,Pharmacist,2025-03-07,
10002420,64,F,GB,Other HCP,2025-03-10,
10002421,66,F,DE,Physician,2025-02-04,
10002422,59,M,JP,Consumer,2025-05-19,
10002423,43,F,GB,Physician,2025-10-24,
10002424,66,F,US,Consumer,2025-06-25,
10002425,46,F,JP,Physician,2025-07-08,
10002426,35,F,DE,Other HCP,2025-03-27,
10002427,63,M,IN,Physician,2025-12-02,OT
10002428,76,M,IN,Pharmacist,2025-11-20,
10002429,48,M,JP,Pharmacist,2025-12-02,
10002430,82,F,DE,Consumer,2025-04-12,
10002431,71,F,DE,Other HCP,2025-11-11,
10002432,37,M,DE,Consumer,2025-01-05,
10002433,56,F,IN,Pharmacist,2025-07-26,
10002434,80,F,DE,Physician,2025-03-15,
10002435,76,M,IN,Other HCP,2025-11-21,
10002436,48,F,IN,Consumer,2025-04-11,
10002437,66,F,DE,Physician,2025-12-04,
10002438,34,F,DE,Physician,2025-03-20,
10002439,95,M,DE,Physician,2025-06-03,
10002440,39,F,US,Consumer,2025-10-25,
10002441,49,M,IN,Consumer,2025-04-01,
10002442,45,F,JP,Pharmacist,2025-01-14,
10002443,50,F,DE,Pharmacist,2025-07-14,HO
10002444,51,F,JP,Pharmacist,2025-08-02,HO
10002445,48,M,DE,Physician,2025-10-01,
10002446,83,F,DE,Physician,2025-04-08,HO
10002447,47,M,JP,Other HCP,2025-11-19,
10002448,59,F,IN,Consumer,2025-12-22,
10002449,39,F,US,Pharmacist,2025-03-16,
10002450,41,F,IN,Other HCP,2025-12-05,
10002451,43,F,GB,Physician,2025-03-15,
10002452,66,M,GB,Pharmacist,2025-09-16,
10002453,76,M,IN,Physician,2025-06-20,
10002454,38,F,US,Pharmacist,2025-03-25,HO
10002455,54,F,US,Other HCP,2025-06-22,
10002456,54,M,IN,Physician,2025-03-22,
10002457,47,M,GB,Consumer,2025-02-08,
10002458,65,F,JP,Physician,2025-04-10,HO
10002459,71,F,IN,Physician,2025-02-17,
10002460,57,F,JP,Pharmacist,2025-02-13,
10002461,62,F,IN,Pharmacist,2025-11-09,HO
10002462,66,F,IN,Physician,2025-09-02,
10002463,44,F,GB,Other HCP,2025-09-24,
10002464,36,M,JP,Consumer,2025-07-13,
10002465,46,M,JP,Consumer,2025-09-27,
10002466,57,F,US,Other HCP,2025-10-27,
10002467,54,F,IN,Consumer,2025-10-16,
10002468,57,F,JP,Pharmacist,2025-01-07,
10002469,57,F,IN,Physician,2025-01-06,
10002470,58,M,US,Pharmacist,2025-10-11,
10002471,44,F,US,Consumer,2025-09-09,
10002472,38,M,GB,Physician,2025-04-08,
10002473,63,F,IN,Physician,2025-10-16,OT
10002474,73,M,US,Consumer,2025-09-01,
10002475,70,M,US,Consumer,2025-09-18,
10002476,66,M,JP,Physician,2025-01-25,HO
10002477,38,M,IN,Consumer,2025-08-11,HO
10002478,24,F,US,Consumer,2025-08-14,
10002479,49,F,JP,Physician,2025-04-09,
10002480,50,F,DE,Physician,2025-07-17,
10002481,41,M,US,Pharmacist,2025-12-25,
10002482,52,F,US,Physician,2025-04-09,
10002483,58,F,US,Consumer,2025-04-06,OT
10002484,30,F,DE,Pharmacist,2025-12-10,
10002485,54,M,IN,Physician,2025-11-14,
10002486,53,M,IN,Consumer,2025-02-04,
10002487,55,F,US,Physician,2025-09-12,
10002488,72,F,DE,Consumer,2025-04-05,HO
10002489,55,F,DE,Consumer,2025-06-26,HO
10002490,32,M,GB,Pharmacist,2025-10-27,
10002491,58,M,IN,Consumer,2025-07-05,
10002492,45,F,IN,Physician,2025-12-26,
10002493,66,M,IN,Pharmacist,2025-04-26,OT
10002494,59,F,GB,Physician,2025-04-14,
10002495,81,F,DE,Consumer,2025-07-04,HO
10002496,20,F,US,Physician,2025-10-22,
10002497,49,M,GB,Consumer,2025-04-27,HO
10002498,57,M,IN,Physician,2025-04-22,HO
10002499,85,M,IN,Physician,2025-07-23,OT
10002500,37,F,GB,Physician,2025-02-14,
10002501,62,M,JP,Physician,2025-11-02,
10002502,49,F,DE,Consumer,2025-04-13,
10002503,51,M,IN,Pharmacist,2025-08-05,
10002504,66,F,IN,Other HCP,2025-03-11,
10002505,75,F,GB,Pharmacist,2025-06-20,OT
10002506,51,F,IN,Physician,2025-06-14,
10002507,54,F,IN,Physician,2025-01-21,
10002508,61,M,IN,Consumer,2025-12-18,
10002509,63,F,DE,Other HCP,2025-08-07,
10002510,70,F,DE,Consumer,2025-10-08,
10002511,51,M,JP,Consumer,2025-10-01,
10002512,40,M,IN,Physician,2025-01-02,
10002513,37,F,JP,Physician,2025-11-20,OT
10002514,70,M,IN,Physician,2025-03-16,
10002515,52,F,DE,Physician,2025-01-23,
10002516,50,F,DE,Consumer,2025-12-14,
10002517,66,F,JP,Physician,2025-07-03,
10002518,44,F,IN,Consumer,2025-02-17,
10002519,34,M,US,Physician,2025-01-02,
10002520,54,F,IN,Consumer,2025-07-10,
10002521,66,F,US,Consumer,2025-04-15,
10002522,24,F,JP,Consumer,2025-04-05,HO
10002523,55,F,DE,Consumer,2025-04-01,
10002524,51,F,GB,Consumer,2025-12-06,HO
10002525,61,F,GB,Pharmacist,2025-05-22,OT
10002526,57,M,IN,Physician,2025-09-04,
10002527,59,F,IN,Physician,2025-10-15,
10002528,31,M,US,Consumer,2025-03-27,
10002529,35,M,US,Pharmacist,2025-01-07,
10002530,87,M,IN,Physician,2025-01-19,
10002531,61,F,IN,Consumer,2025-06-01,
10002532,71,F,DE,Consumer,2025-10-01,OT
10002533,53,F,GB,Consumer,2025-09-22,
10002534,75,F,JP,Physician,2025-05-14,
10002535,62,F,US,Physician,2025-06-18,HO
10002536,28,M,GB,Consumer,2025-02-09,
10002537,58,F,GB,Pharmacist,2025-02-20,HO
10002538,48,M,JP,Other HCP,2025-07-16,
10002539,38,F,IN,Consumer,2025-09-17,HO
10002540,69,F,IN,Consumer,2025-06-07,
10002541,22,F,IN,Consumer,2025-05-15,
10002542,66,M,JP,Other HCP,2025-04-26,
10002543,46,F,IN,Other HCP,2025-04-13,HO
10002544,49,F,US,Consumer,2025-08-19,
10002545,86,F,IN,Consumer,2025-12-18,OT
10002546,72,F,IN,Pharmacist,2025-10-11,
10002547,49,F,IN,Physician,2025-02-14,
10002548,41,F,US,Physician,2025-04-05,
10002549,54,M,IN,Other HCP,2025-01-08,
10002550,35,M,IN,Other HCP,2025-11-15,HO
10002551,46,F,IN,Consumer,2025-01-16,
10002552,51,F,US,Other HCP,2025-04-03,
10002553,49,M,IN,Pharmacist,2025-04-18,
10002554,70,M,DE,Physician,2025-05-20,
10002555,45,M,DE,Physician,2025-01-17,
10002556,32,M,DE,Pharmacist,2025-04-09,
10002557,42,F,GB,Consumer,2025-03-14,OT
10002558,59,F,GB,Physician,2025-09-21,
10002559,57,F,GB,Physician,2025-06-24,
10002560,69,F,GB,Pharmacist,2025-01-02,HO
10002561,74,F,IN,Consumer,2025-01-07,
10002562,40,F,JP,Pharmacist,2025-04-01,
10002563,58,M,IN,Consumer,2025-04-26,
10002564,54,F,DE,Pharmacist,2025-04-20,
10002565,49,F,IN,Physician,2025-07-08,
10002566,43,F,IN,Consumer,2025-12-18,
10002567,33,F,IN,Physician,2025-09-07,
10002568,82,M,DE,Consumer,2025-11-13,
10002569,32,F,IN,Pharmacist,2025-10-26,OT
10002570,18,M,IN,Pharmacist,2025-01-02,OT
10002571,82,M,DE,Physician,2025-09-02,HO
10002572,62,M,IN,Consumer,2025-08-13,
10002573,71,M,IN,Pharmacist,2025-06-11,HO
10002574,73,F,IN,Physician,2025-09-20,OT
10002575,28,M,GB,Physician,2025-12-22,HO
10002576,69,M,DE,Pharmacist,2025-03-06,
10002577,37,F,IN,Physician,2025-07-10,
10002578,59,F,GB,Consumer,2025-09-01,HO
10002579,55,M,GB,Other HCP,2025-12-21,
10002580,52,M,JP,Physician,2025-07-02,
10002581,60,F,US,Consumer,2025-12-18,
10002582,61,F,GB,Consumer,2025-05-23,
10002583,40,M,US,Physician,2025-11-16,
10002584,57,F,IN,Physician,2025-03-19,
10002585,39,F,US,Physician,2025-02-01,HO
10002586,71,F,JP,Physician,2025-01-02,
10002587,56,F,JP,Physician,2025-03-14,HO
10002588,66,F,DE,Consumer,2025-04-15,
10002589,73,F,IN,Physician,2025-07-20,
10002590,65,F,IN,Physician,2025-06-18,
10002591,68,M,IN,Consumer,2025-03-18,OT
10002592,74,M,JP,Pharmacist,2025-05-07,
10002593,71,M,IN,Consumer,2025-06-19,
10002594,44,M,JP,Physician,2025-05-17,
10002595,87,F,GB,Pharmacist,2025-11-05,OT
10002596,39,M,IN,Physician,2025-04-04,
10002597,66,M,IN,Consumer,2025-09-09,
10002598,68,F,JP,Consumer,2025-07-25,
10002599,62,M,US,Pharmacist,2025-12-10,
10002600,48,F,DE,Physician,2025-11-05,
10002601,76,F,IN,Pharmacist,2025-09-11,
10002602,63,F,DE,Physician,2025-09-13,
10002603,24,M,JP,Physician,2025-06-18,
10002604,51,F,DE,Physician,2025-01-17,
10002605,51,F,IN,Physician,2025-09-13,HO
10002606,69,F,IN,Other HCP,2025-08-19,
10002607,28,M,DE,Pharmacist,2025-05-11,
10002608,50,F,GB,Physician,2025-02-12,
10002609,52,F,IN,Other HCP,2025-08-21,
10002610,56,F,DE,Consumer,2025-03-18,
10002611,52,M,IN,Physician,2025-02-25,
10002612,54,M,JP,Consumer,2025-11-23,
10002613,45,F,US,Physician,2025-11-06,
10002614,54,F,IN,Pharmacist,2025-10-24,
10002615,80,F,GB,Consumer,2025-04-25,
10002616,25,F,IN,Consumer,2025-04-25,
10002617,57,F,IN,Pharmacist,2025-10-10,
10002618,65,M,IN,Other HCP,2025-08-14,
10002619,62,F,IN,Other HCP,2025-01-11,
10002620,41,F,IN,Consumer,2025-09-01,
10002621,55,M,IN,Consumer,2025-05-04,
10002622,85,F,IN,Pharmacist,2025-11-11,
10002623,51,F,DE,Physician,2025-12-07,
10002624,59,F,GB,Physician,2025-07-03,
10002625,46,F,DE,Pharmacist,2025-10-19,
10002626,61,M,DE,Consumer,2025-02-21,HO
10002627,36,M,IN,Other HCP,2025-05-02,
10002628,57,M,JP,Consumer,2025-04-21,HO
10002629,92,M,IN,Physician,2025-09-10,
10002630,45,F,IN,Consumer,2025-10-26,
10002631,48,M,JP,Pharmacist,2025-07-16,
10002632,64,M,IN,Other HCP,2025-03-23,
10002633,70,F,IN,Pharmacist,2025-09-04,
10002634,38,F,GB,Pharmacist,2025-04-06,HO
10002635,53,F,IN,Physician,2025-05-23,
10002636,49,F,US,Consumer,2025-02-21,
10002637,83,F,IN,Pharmacist,2025-10-19,OT
10002638,64,F,US,Consumer,2025-02-26,
10002639,78,M,IN,Pharmacist,2025-10-19,
10002640,63,M,IN,Consumer,2025-09-18,
10002641,18,M,IN,Physician,2025-07-02,
10002642,55,M,IN,Consumer,2025-06-08,
10002643,51,F,IN,Physician,2025-09-08,
10002644,61,F,IN,Physician,2025-08-24,
10002645,47,M,DE,Physician,2025-06-23,
10002646,44,M,DE,Physician,2025-04-15,
10002647,37,F,IN,Other HCP,2025-06-20,HO
10002648,51,F,US,Physician,2025-01-24,
10002649,68,M,DE,Physician,2025-06-12,
10002650,22,F,US,Physician,2025-10-25,
10002651,67,F,US,Pharmacist,2025-05-17,OT
10002652,51,M,US,Other HCP,2025-11-15,
10002653,29,F,IN,Other HCP,2025-05-13,
10002654,56,M,JP,Consumer,2025-01-05,HO
10002655,45,M,IN,Consumer,2025-07-09,
10002656,50,M,DE,Consumer,2025-03-20,
10002657,84,F,IN,Consumer,2025-09-17,HO
10002658,52,M,IN,Physician,2025-01-06,
10002659,42,F,IN,Physician,2025-09-23,
10002660,63,M,GB,Consumer,2025-04-06,
10002661,40,M,IN,Other HCP,2025-12-05,
10002662,81,F,GB,Consumer,2025-11-02,
10002663,71,M,JP,Consumer,2025-02-03,
10002664,57,F,IN,Physician,2025-03-14,
10002665,62,F,IN,Pharmacist,2025-06-05,
10002666,69,M,DE,Consumer,2025-01-07,
10002667,60,F,DE,Consumer,2025-07-15,
10002668,72,M,IN,Physician,2025-02-12,
10002669,47,M,JP,Pharmacist,2025-12-20,HO
10002670,74,M,US,Consumer,2025-07-23,
10002671,60,M,IN,Consumer,2025-09-13,
10002672,71,F,DE,Physician,2025-02-21,HO
10002673,41,F,DE,Physician,2025-10-24,
10002674,53,F,GB,Pharmacist,2025-08-05,
10002675,66,F,IN,Pharmacist,2025-04-26,OT
10002676,33,F,IN,Consumer,2025-12-19,
10002677,36,F,IN,Consumer,2025-08-09,
10002678,48,F,IN,Pharmacist,2025-06-08,HO
10002679,47,M,DE,Pharmacist,2025-12-20,
10002680,51,F,JP,Physician,2025-01-01,OT
10002681,59,F,US,Physician,2025-03-17,
10002682,32,F,US,Consumer,2025-11-05,
10002683,37,F,IN,Consumer,2025-08-21,
10002684,75,M,IN,Pharmacist,2025-03-17,HO
10002685,39,F,GB,Consumer,2025-06-15,HO
10002686,84,M,DE,Consumer,2025-12-13,
10002687,58,M,IN,Physician,2025-07-17,
10002688,48,F,JP,Consumer,2025-01-06,
10002689,90,F,US,Pharmacist,2025-01-06,
10002690,44,M,IN,Physician,2025-11-10,HO
10002691,52,M,IN,Consumer,2025-12-11,
10002692,25,F,IN,Physician,2025-12-19,
10002693,80,F,IN,Consumer,2025-08-21,
10002694,43,F,US,Physician,2025-03-27,
10002695,58,M,IN,Consumer,2025-09-24,
10002696,27,M,IN,Consumer,2025-06-23,
10002697,84,F,IN,Consumer,2025-03-11,
10002698,69,F,DE,Consumer,2025-01-25,
10002699,80,F,IN,Physician,2025-01-11,
10002700,48,F,IN,Physician,2025-03-13,
10002701,94,M,GB,Consumer,2025-05-23,HO
10002702,63,M,IN,Other HCP,2025-05-12,
10002703,57,M,IN,Physician,2025-02-21,
10002704,68,M,US,Consumer,2025-07-16,
10002705,77,M,IN,Pharmacist,2025-09-27,
10002706,59,F,IN,Consumer,2025-04-21,HO
10002707,49,M,IN,Physician,2025-01-10,
10002708,55,M,IN,Physician,2025-04-18,
10002709,33,F,JP,Physician,2025-06-21,
10002710,88,F,GB,Consumer,2025-03-14,
10002711,35,M,JP,Consumer,2025-10-15,HO
10002712,52,F,IN,Consumer,2025-03-05,
10002713,78,F,IN,Consumer,2025-08-01,HO
10002714,41,F,GB,Consumer,2025-12-11,
10002715,55,M,IN,Consumer,2025-07-18,
10002716,51,F,IN,Physician,2025-09-22,
10002717,56,M,IN,Other HCP,2025-08-07,OT
10002718,47,F,IN,Consumer,2025-04-07,
10002719,65,M,JP,Physician,2025-07-25,OT
10002720,44,M,IN,Consumer,2025-01-12,
10002721,73,F,GB,Consumer,2025-12-24,
10002722,29,M,DE,Physician,2025-02-15,
10002723,71,F,GB,Consumer,2025-10-16,
10002724,42,F,JP,Physician,2025-02-10,
10002725,71,F,IN,Physician,2025-05-03,
10002726,95,F,US,Pharmacist,2025-06-02,OT
10002727,80,M,IN,Physician,2025-06-09,HO
10002728,32,M,IN,Physician,2025-01-27,
10002729,59,M,IN,Physician,2025-09-07,
10002730,52,F,IN,Pharmacist,2025-11-23,
10002731,52,M,US,Consumer,2025-07-19,
10002732,71,F,US,Pharmacist,2025-08-18,
10002733,41,F,US,Consumer,2025-12-05,
10002734,69,M,IN,Pharmacist,2025-10-15,
10002735,55,M,US,Pharmacist,2025-09-26,
10002736,59,F,GB,Consumer,2025-10-17,
10002737,59,M,US,Physician,2025-04-21,
10002738,56,F,IN,Physician,2025-07-10,
10002739,40,F,IN,Physician,2025-01-13,
10002740,69,M,IN,Pharmacist,2025-01-15,
10002741,74,M,IN,Physician,2025-01-25,
10002742,41,F,IN,Consumer,2025-03-27,HO
10002743,61,F,IN,Physician,2025-05-03,
10002744,52,F,GB,Consumer,2025-07-22,
10002745,24,M,IN,Pharmacist,2025-10-22,HO
10002746,78,M,DE,Consumer,2025-06-13,
10002747,47,M,IN,Other HCP,2025-12-26,
10002748,31,F,IN,Consumer,2025-05-14,HO
10002749,56,F,US,Consumer,2025-05-10,
10002750,69,F,IN,Physician,2025-08-12,HO
10002751,53,M,DE,Physician,2025-05-26,
10002752,61,F,IN,Consumer,2025-12-05,
10002753,55,F,IN,Physician,2025-09-19,
10002754,24,M,IN,Pharmacist,2025-11-11,
10002755,56,F,IN,Consumer,2025-05-17,
10002756,75,M,JP,Consumer,2025-03-25,
10002757,94,M,DE,Pharmacist,2025-08-12,HO
10002758,38,M,US,Physician,2025-01-13,
10002759,79,F,DE,Pharmacist,2025-10-03,
10002760,59,F,IN,Consumer,2025-08-19,
10002761,59,F,US,Pharmacist,2025-02-27,OT
10002762,32,F,IN,Other HCP,2025-04-15,
10002763,55,F,IN,Pharmacist,2025-04-14,
10002764,77,F,US,Physician,2025-09-14,
10002765,65,F,US,Physician,2025-06-19,HO
10002766,65,F,GB,Pharmacist,2025-04-07,
10002767,38,M,US,Other HCP,2025-01-14,
10002768,74,F,US,Physician,2025-09-07,HO
10002769,48,M,US,Consumer,2025-07-16,OT
10002770,27,M,IN,Consumer,2025-12-02,
10002771,61,M,JP,Physician,2025-09-15,HO
10002772,47,M,US,Physician,2025-09-17,
10002773,56,F,IN,Consumer,2025-06-19,
10002774,26,F,US,Consumer,2025-05-23,
10002775,79,F,DE,Physician,2025-12-12,
10002776,62,M,IN,Consumer,2025-12-09,HO
10002777,46,F,GB,Physician,2025-03-06,
10002778,71,F,IN,Physician,2025-03-12,
10002779,55,F,IN,Consumer,2025-03-02,HO
10002780,76,F,JP,Physician,2025-07-19,
10002781,54,M,JP,Consumer,2025-06-17,
10002782,64,M,DE,Pharmacist,2025-07-04,
10002783,50,M,IN,Consumer,2025-09-15,
10002784,43,M,JP,Pharmacist,2025-07-02,
10002785,67,F,US,Physician,2025-12-23,
10002786,47,F,IN,Physician,2025-01-26,
10002787,48,M,JP,Consumer,2025-09-25,
10002788,66,M,IN,Physician,2025-09-09,
10002789,83,F,DE,Consumer,2025-05-13,OT
10002790,42,M,JP,Physician,2025-04-01,
10002791,37,M,JP,Pharmacist,2025-10-13,
10002792,44,M,IN,Physician,2025-10-19,
10002793,83,M,IN,Consumer,2025-09-15,HO
10002794,67,F,GB,Consumer,2025-07-06,
10002795,60,F,IN,Pharmacist,2025-04-03,
10002796,55,F,IN,Physician,2025-05-14,
10002797,48,M,JP,Consumer,2025-03-25,
10002798,83,M,JP,Physician,2025-06-15,
10002799,31,M,IN,Consumer,2025-05-23,
10002800,48,M,IN,Consumer,2025-08-02,
10002801,37,M,JP,Physician,2025-07-14,HO
10002802,52,M,JP,Pharmacist,2025-10-10,HO
10002803,38,M,US,Physician,2025-02-10,
10002804,55,F,DE,Physician,2025-10-04,
10002805,42,F,US,Consumer,2025-06-01,
10002806,54,F,JP,Physician,2025-11-01,
10002807,66,M,DE,Consumer,2025-11-20,HO
10002808,88,M,GB,Consumer,2025-01-06,HO
10002809,54,M,IN,Consumer,2025-03-17,
10002810,59,F,IN,Consumer,2025-10-25,
10002811,48,F,DE,Physician,2025-10-15,
10002812,31,F,US,Consumer,2025-04-14,
10002813,24,F,JP,Pharmacist,2025-01-17,HO
10002814,61,F,DE,Pharmacist,2025-10-16,
10002815,24,F,IN,Physician,2025-03-23,HO
10002816,68,M,JP,Consumer,2025-01-24,
10002817,50,F,IN,Consumer,2025-09-07,
10002818,18,F,IN,Consumer,2025-12-19,HO
10002819,82,F,GB,Consumer,2025-10-26,
10002820,67,M,JP,Other HCP,2025-09-11,
10002821,34,F,IN,Pharmacist,2025-08-21,
10002822,34,F,US,Consumer,2025-03-21,
10002823,30,F,IN,Consumer,2025-01-01,
10002824,78,F,US,Consumer,2025-08-25,OT
10002825,61,F,US,Consumer,2025-10-06,
10002826,50,F,GB,Physician,2025-12-11,
10002827,37,F,JP,Consumer,2025-04-26,OT
10002828,41,M,IN,Physician,2025-09-01,HO
10002829,85,M,GB,Consumer,2025-08-06,
10002830,33,M,US,Physician,2025-04-23,
10002831,54,M,JP,Physician,2025-02-10,
10002832,41,M,IN,Consumer,2025-01-20,
10002833,67,M,IN,Consumer,2025-09-17,
10002834,42,M,IN,Physician,2025-08-08,
10002835,79,F,IN,Physician,2025-03-02,
10002836,57,F,DE,Pharmacist,2025-05-20,
10002837,89,F,US,Pharmacist,2025-03-26,
10002838,59,F,JP,Physician,2025-03-20,
10002839,51,F,IN,Consumer,2025-04-04,
10002840,59,M,DE,Other HCP,2025-06-08,
10002841,63,M,GB,Pharmacist,2025-05-06,HO
10002842,42,F,JP,Consumer,2025-12-03,OT
10002843,74,F,IN,Consumer,2025-07-01,
10002844,48,F,JP,Consumer,2025-07-02,HO
10002845,68,M,DE,Physician,2025-05-17,HO
10002846,56,F,JP,Pharmacist,2025-12-06,
10002847,56,M,IN,Pharmacist,2025-10-06,
10002848,44,M,DE,Consumer,2025-07-12,
10002849,37,F,IN,Consumer,2025-02-05,
10002850,51,M,GB,Pharmacist,2025-02-11,
10002851,40,F,US,Physician,2025-10-23,
10002852,79,F,US,Physician,2025-11-02,
10002853,52,F,IN,Consumer,2025-10-18,
10002854,60,F,IN,Consumer,2025-01-17,
10002855,37,F,IN,Pharmacist,2025-06-10,HO
10002856,44,M,JP,Pharmacist,2025-06-19,HO
10002857,88,M,IN,Physician,2025-12-19,
10002858,36,F,DE,Pharmacist,2025-04-19,
10002859,27,F,US,Consumer,2025-06-10,HO
10002860,95,M,US,Consumer,2025-12-03,
10002861,58,M,GB,Physician,2025-07-22,HO
10002862,20,M,IN,Physician,2025-07-14,
10002863,68,M,IN,Consumer,2025-04-15,
10002864,61,M,JP,Consumer,2025-05-26,
10002865,35,M,DE,Other HCP,2025-07-16,
10002866,56,M,IN,Physician,2025-06-09,
10002867,50,F,JP,Pharmacist,2025-07-25,
10002868,33,M,GB,Physician,2025-05-27,
10002869,47,F,DE,Physician,2025-11-04,
10002870,74,F,US,Physician,2025-06-26,
10002871,51,F,IN,Physician,2025-05-06,
10002872,43,M,US,Consumer,2025-04-15,HO
10002873,58,M,JP,Consumer,2025-08-25,
10002874,54,F,DE,Pharmacist,2025-06-04,
10002875,59,F,JP,Physician,2025-12-12,
10002876,34,F,DE,Consumer,2025-03-05,
10002877,53,F,US,Pharmacist,2025-10-12,
10002878,73,F,GB,Physician,2025-02-21,
10002879,69,F,IN,Consumer,2025-04-19,
10002880,24,F,US,Physician,2025-05-18,
10002881,40,F,JP,Other HCP,2025-04-19,
10002882,56,F,US,Physician,2025-07-18,
10002883,37,M,US,Physician,2025-02-04,HO
10002884,48,F,IN,Physician,2025-02-20,
10002885,47,M,JP,Physician,2025-06-11,
10002886,25,M,IN,Other HCP,2025-07-09,
10002887,35,F,IN,Physician,2025-02-20,HO
10002888,55,F,JP,Consumer,2025-06-19,
10002889,48,F,IN,Other HCP,2025-01-18,
10002890,55,M,IN,Physician,2025-01-17,
10002891,47,M,IN,Physician,2025-05-23,HO
10002892,72,M,GB,Physician,2025-10-02,
10002893,70,F,IN,Physician,2025-03-15,
10002894,42,F,US,Pharmacist,2025-02-21,
10002895,66,F,IN,Pharmacist,2025-02-11,
10002896,48,M,IN,Pharmacist,2025-08-02,
10002897,55,M,DE,Physician,2025-10-05,OT
10002898,59,F,US,Consumer,2025-09-08,
10002899,45,F,JP,Consumer,2025-02-04,HO
10002900,60,F,DE,Consumer,2025-11-12,HO
10002901,58,F,IN,Physician,2025-10-18,
10002902,52,F,GB,Other HCP,2025-07-26,
10002903,83,F,DE,Pharmacist,2025-09-08,OT
10002904,75,F,US,Other HCP,2025-10-03,
10002905,66,F,GB,Physician,2025-07-13,
10002906,33,F,GB,Physician,2025-08-22,HO
10002907,46,M,IN,Other HCP,2025-09-25,
10002908,51,F,JP,Pharmacist,2025-11-05,
10002909,43,F,US,Consumer,2025-08-10,HO
10002910,38,F,IN,Consumer,2025-07-23,
10002911,92,M,IN,Physician,2025-08-26,OT
10002912,61,M,IN,Consumer,2025-09-23,
10002913,37,F,IN,Pharmacist,2025-09-24,
10002914,44,F,JP,Physician,2025-11-11,OT
10002915,68,F,DE,Other HCP,2025-11-08,
10002916,62,M,GB,Physician,2025-08-19,
10002917,63,F,IN,Physician,2025-12-07,
10002918,80,M,DE,Physician,2025-05-01,
10002919,75,M,IN,Physician,2025-10-11,
10002920,40,F,US,Consumer,2025-10-17,
10002921,77,F,IN,Pharmacist,2025-11-17,HO
10002922,75,F,GB,Consumer,2025-07-11,
10002923,56,M,US,Pharmacist,2025-02-11,HO
10002924,43,M,IN,Physician,2025-04-16,
10002925,71,F,IN,Physician,2025-09-06,
10002926,70,F,DE,Pharmacist,2025-07-02,
10002927,56,F,GB,Consumer,2025-02-11,
10002928,46,F,DE,Physician,2025-08-23,
10002929,28,M,DE,Other HCP,2025-03-14,
10002930,67,F,JP,Physician,2025-12-16,
10002931,69,F,IN,Physician,2025-07-23,
10002932,73,M,GB,Consumer,2025-05-19,
10002933,42,M,DE,Pharmacist,2025-10-01,HO
10002934,53,F,IN,Consumer,2025-12-16,
10002935,78,M,GB,Consumer,2025-12-26,
10002936,64,F,IN,Physician,2025-08-21,
10002937,55,M,IN,Pharmacist,2025-05-02,
10002938,67,F,IN,Pharmacist,2025-07-01,HO
10002939,39,M,IN,Consumer,2025-07-21,
10002940,78,F,DE,Consumer,2025-05-02,
10002941,48,F,IN,Physician,2025-02-26,HO
10002942,66,F,GB,Consumer,2025-06-15,HO
10002943,44,M,JP,Pharmacist,2025-11-24,
10002944,78,F,IN,Consumer,2025-05-10,
10002945,43,M,JP,Physician,2025-11-09,HO
10002946,73,M,IN,Consumer,2025-09-12,
10002947,44,F,DE,Physician,2025-06-09,
10002948,95,F,IN,Physician,2025-08-24,
10002949,78,F,GB,Physician,2025-01-11,HO
10002950,32,M,US,Other HCP,2025-06-16,
10002951,75,M,GB,Consumer,2025-12-01,
10002952,32,F,IN,Other HCP,2025-02-05,
10002953,44,F,IN,Consumer,2025-03-23,
10002954,49,F,IN,Consumer,2025-07-07,
10002955,29,F,IN,Physician,2025-05-26,
10002956,59,M,IN,Consumer,2025-01-07,
10002957,49,M,IN,Pharmacist,2025-08-23,
10002958,48,F,IN,Physician,2025-03-14,
10002959,47,M,DE,Physician,2025-12-10,
10002960,22,F,DE,Consumer,2025-04-14,
10002961,59,M,JP,Pharmacist,2025-03-09,
10002962,46,F,IN,Physician,2025-10-17,
10002963,73,M,IN,Other HCP,2025-09-16,
10002964,75,F,IN,Other HCP,2025-09-20,
10002965,65,M,IN,Pharmacist,2025-03-17,
10002966,36,F,IN,Physician,2025-10-23,
10002967,61,F,IN,Physician,2025-11-04,
10002968,66,F,JP,Pharmacist,2025-07-24,HO
10002969,69,F,US,Pharmacist,2025-05-23,
10002970,61,F,DE,Consumer,2025-01-13,
10002971,30,F,IN,Consumer,2025-09-20,
10002972,59,M,DE,Consumer,2025-02-09,
10002973,95,M,IN,Physician,2025-03-24,
10002974,63,M,IN,Pharmacist,2025-10-13,
10002975,54,F,DE,Physician,2025-10-16,HO
10002976,39,M,US,Consumer,2025-05-06,
10002977,40,M,DE,Consumer,2025-04-15,
10002978,27,M,DE,Physician,2025-02-18,HO
10002979,47,M,IN,Consumer,2025-11-02,
10002980,77,M,US,Pharmacist,2025-12-10,
10002981,81,M,GB,Consumer,2025-11-21,OT
10002982,44,M,IN,Physician,2025-10-27,
10002983,71,M,US,Consumer,2025-09-04,
10002984,32,F,IN,Other HCP,2025-08-20,
10002985,33,F,JP,Other HCP,2025-09-19,
10002986,35,F,IN,Other HCP,2025-08-14,
10002987,82,F,DE,Other HCP,2025-06-19,
10002988,80,F,IN,Consumer,2025-12-19,
10002989,65,M,IN,Consumer,2025-01-27,
10002990,66,F,JP,Pharmacist,2025-09-01,OT
10002991,91,F,US,Physician,2025-11-18,HO
10002992,58,M,JP,Consumer,2025-04-25,
10002993,43,F,IN,Consumer,2025-12-19,
10002994,33,F,DE,Consumer,2025-11-06,
10002995,42,M,IN,Consumer,2025-10-26,
10002996,65,M,IN,Consumer,2025-03-11,OT
10002997,58,M,JP,Physician,2025-10-18,HO
10002998,57,F,IN,Consumer,2025-05-24,
10002999,66,F,IN,Pharmacist,2025-11-01,
10003000,54,F,US,Pharmacist,2025-08-03,
10003001,54,F,DE,Physician,2025-04-18,
10003002,61,F,IN,Other HCP,2025-09-07,
10003003,95,M,IN,Consumer,2025-08-17,
10003004,55,F,US,Consumer,2025-12-19,HO
10003005,43,F,IN,Other HCP,2025-05-26,
10003006,63,F,IN,Consumer,2025-09-09,HO
10003007,75,F,DE,Physician,2025-04-10,
10003008,35,F,IN,Physician,2025-07-27,
10003009,55,F,DE,Physician,2025-06-23,HO
10003010,72,M,GB,Consumer,2025-04-23,
10003011,77,M,US,Consumer,2025-05-01,
10003012,45,M,JP,Consumer,2025-02-09,HO
10003013,43,F,GB,Pharmacist,2025-06-02,HO
10003014,59,M,GB,Consumer,2025-07-14,
10003015,75,M,US,Physician,2025-10-12,
10003016,62,F,IN,Consumer,2025-02-04,
10003017,69,M,IN,Physician,2025-01-18,OT
10003018,28,M,US,Other HCP,2025-02-01,
10003019,43,M,JP,Other HCP,2025-03-21,
10003020,41,F,IN,Other HCP,2025-08-05,
10003021,55,M,DE,Consumer,2025-01-26,
10003022,51,M,IN,Consumer,2025-05-06,
10003023,51,F,JP,Pharmacist,2025-02-23,
10003024,31,M,IN,Physician,2025-03-01,HO
10003025,46,F,DE,Pharmacist,2025-12-04,HO
10003026,59,M,DE,Physician,2025-11-08,HO
10003027,52,M,IN,Consumer,2025-06-07,
10003028,39,M,IN,Physician,2025-04-19,
10003029,58,F,IN,Consumer,2025-08-21,
10003030,47,M,US,Consumer,2025-04-21,
10003031,34,F,IN,Consumer,2025-01-13,HO
10003032,40,M,JP,Consumer,2025-03-07,
10003033,53,M,US,Pharmacist,2025-01-16,
10003034,61,F,US,Pharmacist,2025-05-19,
10003035,32,F,IN,Physician,2025-02-09,
10003036,92,F,DE,Other HCP,2025-12-02,
10003037,50,F,DE,Physician,2025-02-20,OT
10003038,39,F,IN,Consumer,2025-03-26,
10003039,74,M,US,Pharmacist,2025-08-02,
10003040,51,M,IN,Physician,2025-06-18,OT
10003041,59,F,IN,Other HCP,2025-09-05,
10003042,52,F,DE,Pharmacist,2025-06-07,
10003043,57,F,IN,Consumer,2025-02-11,
10003044,79,F,GB,Consumer,2025-09-03,
10003045,49,F,DE,Pharmacist,2025-11-01,
10003046,62,M,IN,Pharmacist,2025-06-16,
10003047,42,F,JP,Physician,2025-12-12,
10003048,43,F,DE,Pharmacist,2025-05-13,
10003049,58,F,JP,Pharmacist,2025-03-20,
10003050,44,F,IN,Consumer,2025-11-27,
10003051,54,F,US,Pharmacist,2025-10-11,
10003052,85,F,IN,Consumer,2025-02-07,
10003053,52,F,DE,Physician,2025-06-11,
10003054,44,F,GB,Physician,2025-11-06,
10003055,29,F,IN,Other HCP,2025-01-12,HO
10003056,22,F,DE,Physician,2025-08-11,
10003057,51,F,JP,Physician,2025-10-09,
10003058,38,M,IN,Physician,2025-05-24,
10003059,18,M,US,Consumer,2025-02-21,HO
10003060,34,F,GB,Other HCP,2025-08-03,
10003061,58,M,GB,Pharmacist,2025-08-12,
10003062,62,F,IN,Consumer,2025-09-15,
10003063,70,M,IN,Physician,2025-08-25,
10003064,55,F,GB,Consumer,2025-01-15,OT
10003065,18,M,DE,Pharmacist,2025-02-08,
10003066,43,F,IN,Other HCP,2025-03-06,
10003067,93,M,DE,Consumer,2025-05-24,
10003068,18,F,GB,Pharmacist,2025-07-11,
10003069,58,M,DE,Pharmacist,2025-10-22,
10003070,30,M,IN,Physician,2025-06-11,
10003071,25,M,IN,Consumer,2025-03-16,
10003072,73,M,IN,Consumer,2025-03-06,
10003073,35,M,IN,Consumer,2025-07-10,
10003074,53,F,US,Consumer,2025-09-18,
10003075,64,M,IN,Consumer,2025-06-14,
10003076,70,M,JP,Physician,2025-04-16,
10003077,83,F,IN,Physician,2025-03-25,
10003078,63,F,GB,Physician,2025-12-20,HO
10003079,45,M,JP,Physician,2025-01-27,
10003080,62,F,US,Consumer,2025-04-16,HO
10003081,66,F,IN,Physician,2025-03-18,
10003082,52,M,IN,Consumer,2025-11-25,
10003083,40,F,GB,Pharmacist,2025-12-03,
10003084,49,M,JP,Consumer,2025-09-13,HO
10003085,71,F,DE,Physician,2025-08-03,
10003086,47,M,DE,Consumer,2025-06-19,
10003087,41,M,IN,Consumer,2025-05-10,OT
10003088,69,M,IN,Physician,2025-07-17,
10003089,58,M,GB,Physician,2025-11-02,
10003090,53,M,JP,Consumer,2025-11-16,
10003091,82,M,DE,Consumer,2025-08-12,
10003092,47,F,IN,Consumer,2025-07-08,OT
10003093,78,F,JP,Pharmacist,2025-09-04,
10003094,42,F,US,Other HCP,2025-11-20,
10003095,20,F,IN,Other HCP,2025-01-27,
10003096,52,M,IN,Pharmacist,2025-08-17,
10003097,35,M,DE,Consumer,2025-05-10,HO
10003098,38,F,DE,Consumer,2025-05-16,
10003099,51,M,IN,Consumer,2025-01-20,
10003100,50,M,IN,Physician,2025-06-10,
10003101,72,F,GB,Consumer,2025-09-25,
10003102,57,M,IN,Consumer,2025-09-22,
10003103,66,F,DE,Physician,2025-02-04,
10003104,51,F,US,Physician,2025-07-02,HO
10003105,54,F,IN,Pharmacist,2025-08-04,
10003106,47,F,US,Consumer,2025-06-19,
10003107,57,M,GB,Consumer,2025-02-26,
10003108,33,M,IN,Physician,2025-11-15,
10003109,77,M,IN,Other HCP,2025-05-17,
10003110,45,F,GB,Consumer,2025-07-15,OT
10003111,49,F,GB,Other HCP,2025-08-23,
10003112,43,F,IN,Pharmacist,2025-11-09,
10003113,79,M,IN,Physician,2025-01-05,
10003114,53,M,IN,Other HCP,2025-06-12,
10003115,43,F,IN,Physician,2025-06-10,
10003116,79,F,DE,Pharmacist,2025-10-06,
10003117,73,F,IN,Other HCP,2025-02-19,
10003118,43,F,JP,Consumer,2025-10-10,
10003119,79,F,IN,Physician,2025-12-25,
10003120,86,M,JP,Consumer,2025-02-20,
10003121,55,F,GB,Consumer,2025-04-03,
10003122,53,F,DE,Pharmacist,2025-04-10,
10003123,38,M,DE,Consumer,2025-03-12,
10003124,95,M,US,Pharmacist,2025-04-06,
10003125,54,F,IN,Pharmacist,2025-06-27,
10003126,34,F,IN,Physician,2025-02-01,
10003127,62,F,IN,Physician,2025-10-12,
10003128,67,F,US,Consumer,2025-10-14,
10003129,60,F,IN,Pharmacist,2025-04-19,
10003130,50,F,DE,Physician,2025-06-24,
10003131,51,M,DE,Pharmacist,2025-06-07,
10003132,71,F,GB,Consumer,2025-04-12,
10003133,58,F,GB,Physician,2025-04-27,HO
10003134,75,F,JP,Physician,2025-05-23,
10003135,48,M,IN,Consumer,2025-10-03,
10003136,40,M,IN,Other HCP,2025-01-18,
10003137,55,F,IN,Consumer,2025-09-06,
10003138,57,M,IN,Consumer,2025-09-06,
10003139,88,M,IN,Physician,2025-05-18,OT
10003140,62,F,IN,Physician,2025-05-14,OT
10003141,88,F,IN,Physician,2025-03-04,
10003142,65,M,DE,Physician,2025-03-23,
10003143,44,M,GB,Consumer,2025-01-08,
10003144,49,M,IN,Pharmacist,2025-05-23,
10003145,66,F,US,Consumer,2025-03-09,OT
10003146,42,M,GB,Consumer,2025-10-27,HO
10003147,77,M,JP,Consumer,2025-03-21,
10003148,95,F,JP,Physician,2025-01-20,
10003149,26,F,IN,Consumer,2025-01-11,HO
10003150,70,F,US,Physician,2025-11-09,
10003151,40,F,US,Pharmacist,2025-10-05,
10003152,18,M,IN,Consumer,2025-11-20,
10003153,85,M,GB,Physician,2025-12-17,
10003154,69,F,GB,Physician,2025-05-26,
10003155,43,F,GB,Physician,2025-05-16,
10003156,39,F,DE,Physician,2025-08-20,
10003157,47,F,DE,Pharmacist,2025-01-06,
10003158,58,M,JP,Physician,2025-04-10,
10003159,83,F,IN,Pharmacist,2025-03-16,
10003160,59,F,JP,Pharmacist,2025-09-09,
10003161,39,M,DE,Consumer,2025-07-08,
10003162,75,F,JP,Physician,2025-05-05,
10003163,59,M,IN,Other HCP,2025-08-06,
10003164,48,F,DE,Physician,2025-08-12,
10003165,45,F,IN,Pharmacist,2025-03-11,HO
10003166,61,M,IN,Pharmacist,2025-03-11,OT
10003167,71,F,IN,Physician,2025-03-07,
10003168,36,F,IN,Physician,2025-01-09,
10003169,37,F,GB,Other HCP,2025-10-02,
10003170,18,M,GB,Consumer,2025-12-02,
10003171,58,F,GB,Physician,2025-08-18,
10003172,35,F,JP,Pharmacist,2025-04-05,
10003173,62,F,JP,Pharmacist,2025-01-17,HO
10003174,47,F,IN,Physician,2025-07-24,
10003175,20,M,JP,Other HCP,2025-10-14,
10003176,73,M,IN,Pharmacist,2025-03-18,
10003177,77,F,IN,Consumer,2025-01-25,OT
10003178,76,F,JP,Consumer,2025-02-17,
10003179,63,M,GB,Consumer,2025-01-08,
10003180,44,F,GB,Physician,2025-12-11,
10003181,54,F,JP,Other HCP,2025-01-23,
10003182,52,M,US,Consumer,2025-09-21,HO
10003183,57,F,JP,Physician,2025-12-22,
10003184,72,F,IN,Physician,2025-01-19,
10003185,56,M,US,Other HCP,2025-06-13,OT
10003186,50,F,IN,Consumer,2025-04-08,
10003187,54,M,JP,Consumer,2025-01-24,
10003188,61,F,IN,Physician,2025-08-23,
10003189,35,M,IN,Pharmacist,2025-04-26,
10003190,27,M,JP,Physician,2025-11-08,
10003191,68,M,IN,Physician,2025-09-10,HO
10003192,54,M,GB,Pharmacist,2025-10-24,OT
10003193,73,F,DE,Pharmacist,2025-09-07,HO
10003194,55,F,IN,Pharmacist,2025-07-13,
10003195,78,M,IN,Physician,2025-12-24,
10003196,81,M,IN,Consumer,2025-09-25,
10003197,35,F,IN,Consumer,2025-01-27,HO
10003198,67,F,GB,Physician,2025-01-09,HO
10003199,43,F,JP,Physician,2025-04-08,HO
10003200,73,M,GB,Pharmacist,2025-09-17,
10003201,43,M,IN,Pharmacist,2025-07-26,
10003202,64,M,DE,Consumer,2025-07-21,
10003203,61,M,IN,Physician,2025-01-01,
10003204,73,F,JP,Pharmacist,2025-12-10,HO
10003205,65,F,JP,Consumer,2025-11-07,
10003206,54,F,DE,Physician,2025-09-25,
10003207,18,M,GB,Physician,2025-12-08,OT
10003208,48,F,IN,Consumer,2025-03-14,
10003209,66,M,IN,Other HCP,2025-10-02,
10003210,39,M,GB,Pharmacist,2025-06-03,
10003211,50,M,JP,Consumer,2025-10-06,
10003212,40,M,US,Physician,2025-06-10,
10003213,71,F,DE,Pharmacist,2025-02-27,
10003214,95,F,IN,Consumer,2025-02-04,
10003215,66,F,JP,Pharmacist,2025-11-10,
10003216,50,F,IN,Consumer,2025-01-05,HO
10003217,72,M,GB,Pharmacist,2025-12-21,
10003218,47,M,IN,Physician,2025-11-05,
10003219,41,F,IN,Physician,2025-12-09,
10003220,38,F,JP,Physician,2025-09-24,
10003221,39,F,DE,Pharmacist,2025-11-10,
10003222,44,M,GB,Consumer,2025-06-24,
10003223,63,F,GB,Pharmacist,2025-07-21,
10003224,85,M,IN,Pharmacist,2025-07-05,
10003225,66,F,IN,Physician,2025-07-27,HO
10003226,39,F,IN,Other HCP,2025-09-03,HO
10003227,38,F,DE,Consumer,2025-12-22,OT
10003228,60,F,IN,Consumer,2025-02-15,
10003229,65,M,GB,Other HCP,2025-03-14,
10003230,18,M,US,Physician,2025-07-05,OT
10003231,74,M,GB,Consumer,2025-11-12,
10003232,34,F,US,Physician,2025-06-26,
10003233,74,F,JP,Physician,2025-02-19,
10003234,58,F,GB,Consumer,2025-04-12,
10003235,52,F,DE,Pharmacist,2025-04-14,OT
10003236,53,F,IN,Physician,2025-10-14,
10003237,50,F,US,Physician,2025-01-05,
10003238,60,M,US,Other HCP,2025-12-16,
10003239,67,M,IN,Consumer,2025-03-27,
10003240,60,M,GB,Physician,2025-03-25,OT
10003241,73,M,GB,Pharmacist,2025-05-11,
10003242,41,M,IN,Pharmacist,2025-09-22,
10003243,48,F,DE,Consumer,2025-02-03,
10003244,52,M,DE,Physician,2025-04-11,
10003245,76,M,US,Physician,2025-10-08,
10003246,42,M,IN,Physician,2025-12-02,
10003247,58,M,DE,Physician,2025-08-12,
10003248,63,M,US,Consumer,2025-04-01,
10003249,50,M,JP,Pharmacist,2025-04-06,
10003250,65,F,JP,Pharmacist,2025-01-12,
10003251,20,M,IN,Physician,2025-10-19,
10003252,62,M,DE,Consumer,2025-10-06,
10003253,58,M,GB,Consumer,2025-12-17,
10003254,73,M,IN,Consumer,2025-06-02,
10003255,50,F,JP,Physician,2025-05-25,OT
10003256,68,M,IN,Consumer,2025-11-09,
10003257,66,M,IN,Physician,2025-06-15,
10003258,70,F,GB,Consumer,2025-11-24,HO
10003259,56,F,IN,Other HCP,2025-01-12,
10003260,52,M,DE,Consumer,2025-01-24,
10003261,67,F,GB,Other HCP,2025-09-03,
10003262,67,F,US,Other HCP,2025-07-06,
10003263,38,F,JP,Consumer,2025-10-03,
10003264,81,F,IN,Physician,2025-12-24,
10003265,58,F,US,Pharmacist,2025-11-18,HO
10003266,66,F,IN,Physician,2025-11-02,
10003267,36,M,JP,Consumer,2025-10-04,
10003268,32,F,US,Consumer,2025-05-09,
10003269,45,F,JP,Pharmacist,2025-04-03,OT
10003270,68,M,DE,Consumer,2025-11-24,
10003271,56,F,DE,Consumer,2025-06-15,
10003272,68,F,DE,Pharmacist,2025-03-05,
10003273,73,M,IN,Consumer,2025-03-16,
10003274,18,M,US,Consumer,2025-09-11,
10003275,47,M,IN,Pharmacist,2025-06-19,
10003276,58,F,IN,Consumer,2025-07-27,
10003277,78,F,GB,Physician,2025-03-18,
10003278,73,F,JP,Consumer,2025-01-18,
10003279,44,M,DE,Consumer,2025-01-03,
10003280,56,F,GB,Physician,2025-12-15,
10003281,45,F,DE,Pharmacist,2025-07-14,
10003282,66,F,JP,Pharmacist,2025-11-24,
10003283,52,F,DE,Physician,2025-03-17,
10003284,45,M,IN,Physician,2025-02-02,HO
10003285,59,F,IN,Consumer,2025-10-18,
10003286,38,F,DE,Physician,2025-09-27,
10003287,56,F,GB,Physician,2025-01-22,
10003288,60,M,US,Consumer,2025-12-25,
10003289,42,F,DE,Consumer,2025-07-15,
10003290,36,F,IN,Other HCP,2025-10-03,
10003291,53,M,DE,Physician,2025-02-14,
10003292,36,M,US,Consumer,2025-06-01,
10003293,74,F,JP,Pharmacist,2025-10-25,
10003294,90,M,GB,Consumer,2025-09-18,
10003295,43,M,IN,Consumer,2025-12-07,HO
10003296,79,F,DE,Pharmacist,2025-11-09,
10003297,56,F,US,Physician,2025-11-12,
10003298,81,M,JP,Consumer,2025-11-24,
10003299,83,F,JP,Consumer,2025-05-17,
10003300,47,F,IN,Pharmacist,2025-12-27,
10003301,80,M,JP,Other HCP,2025-11-26,HO
10003302,53,M,DE,Physician,2025-03-08,OT
10003303,18,F,JP,Consumer,2025-08-03,
10003304,45,F,GB,Physician,2025-05-23,
10003305,53,M,US,Consumer,2025-03-05,
10003306,28,F,GB,Consumer,2025-01-12,
10003307,39,M,IN,Physician,2025-03-02,
10003308,18,M,IN,Physician,2025-07-24,HO
10003309,45,M,DE,Consumer,2025-07-24,
10003310,81,F,IN,Physician,2025-12-22,
10003311,50,M,JP,Physician,2025-10-10,HO
10003312,44,F,GB,Physician,2025-12-11,
10003313,30,M,GB,Other HCP,2025-03-16,
10003314,54,F,GB,Physician,2025-07-17,HO
10003315,41,F,GB,Physician,2025-09-21,OT
10003316,83,F,JP,Pharmacist,2025-09-09,
10003317,61,F,US,Consumer,2025-05-14,
10003318,24,M,IN,Consumer,2025-06-01,
10003319,61,F,US,Physician,2025-01-26,
10003320,59,F,GB,Physician,2025-08-18,
10003321,71,F,GB,Physician,2025-04-16,
10003322,74,M,IN,Consumer,2025-04-20,
10003323,46,F,IN,Consumer,2025-09-25,
10003324,48,M,US,Pharmacist,2025-10-08,
10003325,41,F,US,Pharmacist,2025-09-06,
10003326,46,F,US,Pharmacist,2025-12-23,HO
10003327,55,M,IN,Physician,2025-09-11,
10003328,82,M,DE,Physician,2025-07-14,HO
10003329,57,M,IN,Physician,2025-07-13,
10003330,75,M,US,Consumer,2025-07-27,
10003331,58,M,DE,Physician,2025-06-17,
10003332,43,M,DE,Consumer,2025-12-13,
10003333,48,F,JP,Consumer,2025-11-21,HO
10003334,47,F,US,Consumer,2025-12-18,
10003335,77,F,DE,Consumer,2025-02-24,HO
10003336,55,F,IN,Consumer,2025-02-18,
10003337,41,F,US,Consumer,2025-07-06,
10003338,77,M,US,Consumer,2025-03-11,
10003339,71,F,US,Pharmacist,2025-11-04,
10003340,78,F,IN,Consumer,2025-05-24,HO
10003341,34,F,IN,Physician,2025-11-01,HO
10003342,27,M,US,Physician,2025-04-27,
10003343,67,F,IN,Physician,2025-08-08,
10003344,39,M,DE,Pharmacist,2025-08-12,
10003345,59,F,JP,Pharmacist,2025-03-27,
10003346,79,M,IN,Physician,2025-09-11,
10003347,39,F,IN,Consumer,2025-08-21,
10003348,42,M,IN,Consumer,2025-06-16,
10003349,64,M,US,Pharmacist,2025-02-12,HO
10003350,47,F,US,Consumer,2025-07-24,
10003351,60,F,DE,Pharmacist,2025-08-01,
10003352,63,M,IN,Pharmacist,2025-08-21,
10003353,53,M,JP,Physician,2025-10-12,
10003354,54,F,JP,Physician,2025-12-07,
10003355,92,F,GB,Consumer,2025-02-25,OT
10003356,86,M,US,Other HCP,2025-02-01,
10003357,64,F,IN,Physician,2025-08-18,
10003358,33,F,GB,Other HCP,2025-01-15,
10003359,57,M,IN,Other HCP,2025-08-01,
10003360,52,F,US,Physician,2025-11-08,HO
10003361,77,M,DE,Pharmacist,2025-09-18,
10003362,53,F,IN,Consumer,2025-02-09,
10003363,77,F,JP,Physician,2025-04-17,
10003364,40,F,US,Pharmacist,2025-01-13,
10003365,53,F,DE,Consumer,2025-03-06,
10003366,45,F,IN,Consumer,2025-02-24,
10003367,18,F,IN,Consumer,2025-04-27,
10003368,53,F,JP,Pharmacist,2025-11-07,
10003369,30,F,US,Physician,2025-12-02,HO
10003370,61,F,DE,Consumer,2025-02-01,
10003371,44,F,US,Consumer,2025-07-23,
10003372,80,F,DE,Physician,2025-08-27,
10003373,33,M,IN,Other HCP,2025-04-11,
10003374,68,F,IN,Other HCP,2025-08-25,OT
10003375,35,F,IN,Pharmacist,2025-01-23,OT
10003376,45,M,GB,Consumer,2025-05-23,
10003377,32,M,US,Physician,2025-10-24,
10003378,41,F,IN,Pharmacist,2025-07-01,OT
10003379,49,F,US,Physician,2025-03-07,OT
10003380,52,F,US,Consumer,2025-05-22,
10003381,43,F,IN,Consumer,2025-07-23,HO
10003382,93,F,IN,Physician,2025-04-04,HO
10003383,48,F,JP,Consumer,2025-10-07,HO
10003384,51,F,IN,Physician,2025-11-20,HO
10003385,43,M,GB,Consumer,2025-12-12,
10003386,43,M,US,Physician,2025-05-02,HO
10003387,45,F,DE,Physician,2025-02-25,
10003388,36,F,IN,Physician,2025-05-10,
10003389,62,M,DE,Consumer,2025-11-22,
10003390,56,F,GB,Physician,2025-03-25,OT
10003391,58,F,IN,Consumer,2025-11-26,
10003392,70,F,IN,Consumer,2025-06-01,
10003393,76,F,US,Consumer,2025-01-24,
10003394,73,F,DE,Physician,2025-01-08,OT
10003395,71,F,IN,Pharmacist,2025-05-01,
10003396,42,F,IN,Physician,2025-04-05,
10003397,63,M,IN,Pharmacist,2025-07-27,
10003398,54,F,DE,Consumer,2025-06-08,
10003399,61,F,JP,Physician,2025-03-02,
10003400,66,F,GB,Other HCP,2025-06-06,
10003401,80,M,JP,Physician,2025-09-21,
10003402,64,M,DE,Physician,2025-08-03,HO
10003403,43,F,IN,Consumer,2025-08-18,HO
10003404,67,M,DE,Physician,2025-11-25,
10003405,64,M,JP,Consumer,2025-11-27,HO
10003406,43,F,DE,Pharmacist,2025-05-05,
10003407,22,M,JP,Consumer,2025-08-21,
10003408,68,M,JP,Physician,2025-04-11,
10003409,27,M,GB,Physician,2025-10-18,
10003410,77,F,US,Other HCP,2025-06-23,
10003411,73,F,GB,Consumer,2025-04-06,
10003412,70,F,US,Pharmacist,2025-06-19,HO
10003413,28,M,GB,Other HCP,2025-09-07,
10003414,40,M,IN,Pharmacist,2025-02-08,HO
10003415,62,M,IN,Consumer,2025-07-27,
10003416,65,F,US,Physician,2025-07-12,
10003417,79,F,JP,Other HCP,2025-05-07,
10003418,50,M,IN,Physician,2025-07-18,
10003419,52,F,IN,Physician,2025-10-25,
10003420,81,M,JP,Other HCP,2025-01-07,
10003421,50,M,DE,Physician,2025-12-12,
10003422,60,F,JP,Physician,2025-05-27,
10003423,37,M,JP,Other HCP,2025-01-08,HO
10003424,73,F,DE,Physician,2025-12-04,
10003425,69,M,IN,Physician,2025-06-26,
10003426,71,F,IN,Pharmacist,2025-02-21,
10003427,62,F,GB,Other HCP,2025-05-27,HO
10003428,36,M,IN,Physician,2025-09-04,
10003429,66,F,US,Consumer,2025-07-04,
10003430,18,M,IN,Physician,2025-04-12,
10003431,56,F,JP,Physician,2025-05-08,
10003432,47,M,JP,Consumer,2025-04-04,
10003433,50,F,JP,Pharmacist,2025-07-10,HO
10003434,55,M,JP,Physician,2025-01-08,
10003435,28,M,IN,Consumer,2025-10-18,
10003436,50,F,DE,Physician,2025-09-02,
10003437,50,F,IN,Consumer,2025-05-16,HO
10003438,47,F,GB,Consumer,2025-08-23,HO
10003439,72,M,DE,Other HCP,2025-02-08,
10003440,38,F,IN,Consumer,2025-02-15,
10003441,39,F,US,Pharmacist,2025-01-15,HO
10003442,45,M,GB,Physician,2025-05-23,HO
10003443,66,M,JP,Physician,2025-02-07,
10003444,46,M,US,Consumer,2025-06-19,
10003445,78,M,IN,Pharmacist,2025-11-16,HO
10003446,47,F,GB,Pharmacist,2025-11-17,
10003447,43,F,JP,Consumer,2025-12-21,
10003448,51,F,JP,Physician,2025-11-01,
10003449,66,M,IN,Consumer,2025-03-19,
10003450,42,M,GB,Pharmacist,2025-03-19,HO
10003451,63,F,IN,Other HCP,2025-05-10,
10003452,43,F,JP,Pharmacist,2025-09-11,
10003453,79,F,DE,Consumer,2025-09-03,
10003454,79,F,IN,Consumer,2025-04-24,
10003455,94,M,US,Other HCP,2025-09-25,
10003456,56,M,JP,Physician,2025-08-11,
10003457,35,M,IN,Consumer,2025-11-14,
10003458,57,F,IN,Physician,2025-12-03,
10003459,35,M,IN,Consumer,2025-11-09,
10003460,85,F,US,Physician,2025-05-27,HO
10003461,41,F,IN,Consumer,2025-07-12,
10003462,45,M,JP,Physician,2025-02-17,
10003463,73,F,IN,Pharmacist,2025-12-07,
10003464,56,M,IN,Pharmacist,2025-09-21,
10003465,53,F,IN,Pharmacist,2025-11-19,
10003466,61,F,DE,Physician,2025-12-10,
10003467,62,M,GB,Physician,2025-11-20,
10003468,59,F,JP,Consumer,2025-03-07,
10003469,44,M,IN,Physician,2025-11-13,
10003470,57,F,IN,Consumer,2025-02-11,
10003471,70,F,JP,Other HCP,2025-03-27,HO
10003472,59,F,GB,Other HCP,2025-10-24,HO
10003473,50,M,IN,Physician,2025-04-25,
10003474,39,F,JP,Consumer,2025-06-10,
10003475,51,F,DE,Consumer,2025-12-09,
10003476,40,F,IN,Pharmacist,2025-11-24,
10003477,64,F,US,Consumer,2025-03-23,
10003478,74,F,DE,Physician,2025-01-07,
10003479,62,M,GB,Physician,2025-03-21,HO
10003480,42,M,IN,Consumer,2025-07-10,
10003481,68,F,JP,Consumer,2025-05-22,
10003482,42,F,JP,Physician,2025-11-17,
10003483,54,F,IN,Pharmacist,2025-09-11,
10003484,75,F,IN,Physician,2025-05-19,
10003485,51,M,GB,Consumer,2025-05-22,HO
10003486,73,M,US,Other HCP,2025-11-10,HO
10003487,31,M,US,Physician,2025-01-23,
10003488,49,F,IN,Pharmacist,2025-04-22,
10003489,44,F,IN,Physician,2025-03-11,
10003490,28,F,IN,Physician,2025-04-09,HO
10003491,43,F,GB,Physician,2025-01-19,
10003492,51,F,IN,Consumer,2025-08-10,HO
10003493,54,F,US,Other HCP,2025-01-17,HO
10003494,92,F,JP,Pharmacist,2025-04-12,
10003495,53,F,IN,Consumer,2025-11-09,
10003496,52,F,DE,Consumer,2025-08-19,
10003497,72,M,JP,Pharmacist,2025-05-10,OT
10003498,55,F,IN,Physician,2025-08-18,
10003499,57,M,IN,Consumer,2025-04-01,
10003500,37,F,IN,Pharmacist,2025-07-20,
10003501,36,F,IN,Pharmacist,2025-12-10,
10003502,38,M,GB,Pharmacist,2025-03-21,HO
10003503,77,M,GB,Consumer,2025-06-24,
10003504,49,M,GB,Pharmacist,2025-03-12,OT
10003505,47,M,IN,Consumer,2025-03-06,
10003506,20,M,GB,Physician,2025-03-10,
10003507,54,M,GB,Physician,2025-09-06,HO
10003508,54,M,GB,Consumer,2025-12-03,
10003509,78,F,US,Consumer,2025-06-14,OT
10003510,36,F,US,Consumer,2025-06-12,
10003511,49,F,US,Physician,2025-09-25,
10003512,46,F,DE,Consumer,2025-04-09,HO
10003513,65,M,US,Physician,2025-11-04,HO
10003514,57,M,GB,Physician,2025-05-13,
10003515,58,F,IN,Pharmacist,2025-06-11,HO
10003516,18,M,JP,Other HCP,2025-11-12,OT
10003517,43,M,JP,Pharmacist,2025-06-17,
10003518,50,F,IN,Consumer,2025-05-08,
10003519,78,F,IN,Consumer,2025-01-24,
10003520,61,F,JP,Consumer,2025-01-03,OT
10003521,44,M,IN,Pharmacist,2025-12-09,
10003522,45,M,DE,Physician,2025-01-12,
10003523,39,F,US,Other HCP,2025-05-06,
10003524,36,F,GB,Physician,2025-07-13,
10003525,66,F,IN,Pharmacist,2025-02-15,
10003526,49,F,US,Physician,2025-08-12,
10003527,44,F,US,Consumer,2025-09-05,
10003528,58,M,IN,Physician,2025-05-11,OT
10003529,59,M,US,Consumer,2025-05-05,
10003530,85,F,US,Physician,2025-01-04,OT
10003531,63,M,US,Consumer,2025-09-05,HO
10003532,54,M,IN,Consumer,2025-08-10,
10003533,63,F,IN,Pharmacist,2025-02-09,
10003534,67,M,IN,Physician,2025-07-01,
10003535,50,M,JP,Physician,2025-01-02,
10003536,52,F,IN,Physician,2025-03-26,HO
10003537,51,F,JP,Physician,2025-03-11,
10003538,59,M,IN,Pharmacist,2025-07-11,
10003539,56,M,IN,Other HCP,2025-03-07,
10003540,48,F,JP,Consumer,2025-07-06,
10003541,60,F,IN,Physician,2025-09-16,
10003542,73,F,US,Consumer,2025-12-21,
10003543,85,F,GB,Physician,2025-05-07,
10003544,58,F,JP,Physician,2025-06-01,OT
10003545,41,F,GB,Other HCP,2025-08-08,
10003546,48,F,IN,Pharmacist,2025-04-25,
10003547,60,M,IN,Consumer,2025-03-24,
10003548,44,M,DE,Pharmacist,2025-07-21,
10003549,62,F,IN,Consumer,2025-03-14,
10003550,67,F,US,Consumer,2025-09-07,OT
10003551,81,M,US,Other HCP,2025-07-03,
10003552,66,F,JP,Physician,2025-07-21,HO
10003553,69,M,IN,Consumer,2025-10-11,
10003554,54,M,IN,Physician,2025-10-21,HO
10003555,71,F,JP,Consumer,2025-09-21,
10003556,55,F,IN,Consumer,2025-09-11,OT
10003557,64,F,US,Pharmacist,2025-02-13,
10003558,70,F,US,Consumer,2025-06-18,
10003559,68,F,IN,Physician,2025-02-05,OT
10003560,66,F,JP,Consumer,2025-07-11,
10003561,66,F,GB,Physician,2025-01-12,OT
10003562,52,F,IN,Pharmacist,2025-05-03,
10003563,72,M,DE,Pharmacist,2025-12-24,
10003564,37,F,JP,Pharmacist,2025-11-02,
10003565,63,F,IN,Consumer,2025-08-25,HO
10003566,43,F,IN,Pharmacist,2025-10-18,HO
10003567,58,F,GB,Pharmacist,2025-09-05,
10003568,61,M,IN,Other HCP,2025-12-10,
10003569,44,F,US,Consumer,2025-03-20,
10003570,40,M,DE,Physician,2025-05-02,
10003571,49,F,DE,Pharmacist,2025-09-05,
10003572,65,M,DE,Consumer,2025-11-15,
10003573,36,F,JP,Consumer,2025-03-18,
10003574,41,F,JP,Pharmacist,2025-05-14,HO
10003575,52,F,IN,Pharmacist,2025-08-09,HO
10003576,50,F,JP,Physician,2025-03-14,
10003577,61,F,GB,Physician,2025-11-01,
10003578,74,M,GB,Pharmacist,2025-02-18,
10003579,59,M,IN,Consumer,2025-02-05,
10003580,44,F,IN,Physician,2025-08-02,
10003581,73,F,US,Physician,2025-11-13,
10003582,62,M,JP,Consumer,2025-01-21,
10003583,45,M,GB,Consumer,2025-06-03,
10003584,53,M,IN,Other HCP,2025-12-24,
10003585,45,F,GB,Pharmacist,2025-05-03,HO
10003586,59,M,GB,Consumer,2025-12-24,
10003587,43,F,IN,Pharmacist,2025-11-11,OT
10003588,61,M,US,Consumer,2025-10-08,
10003589,33,M,US,Pharmacist,2025-02-13,HO
10003590,22,M,GB,Consumer,2025-01-18,
10003591,58,M,US,Physician,2025-04-03,
10003592,86,F,US,Physician,2025-01-27,
10003593,27,M,IN,Consumer,2025-05-12,
10003594,62,F,IN,Physician,2025-04-16,HO
10003595,53,M,US,Consumer,2025-05-09,OT
10003596,47,M,IN,Consumer,2025-01-11,
10003597,51,M,IN,Physician,2025-06-13,
10003598,57,F,JP,Physician,2025-08-01,HO
10003599,24,M,US,Physician,2025-05-23,
10003600,61,M,GB,Consumer,2025-08-23,
10003601,63,F,JP,Physician,2025-11-21,
10003602,47,M,JP,Consumer,2025-07-10,
10003603,53,F,DE,Consumer,2025-09-18,
10003604,62,M,IN,Physician,2025-06-23,
10003605,50,F,IN,Physician,2025-10-03,
10003606,50,M,JP,Pharmacist,2025-03-18,HO
10003607,76,F,IN,Consumer,2025-08-13,
10003608,22,F,JP,Consumer,2025-10-15,
10003609,41,M,IN,Consumer,2025-08-25,HO
10003610,49,M,JP,Physician,2025-05-17,HO
10003611,18,F,US,Physician,2025-03-01,
10003612,38,M,IN,Consumer,2025-05-12,HO
10003613,43,M,US,Physician,2025-10-10,OT
10003614,37,F,US,Other HCP,2025-12-19,
10003615,57,F,US,Physician,2025-08-26,
10003616,46,F,IN,Physician,2025-06-26,HO
10003617,62,M,US,Pharmacist,2025-05-03,
10003618,33,M,IN,Pharmacist,2025-09-27,
10003619,76,F,US,Consumer,2025-01-15,
10003620,53,F,IN,Pharmacist,2025-03-25,
10003621,52,M,GB,Pharmacist,2025-02-21,
10003622,48,F,US,Pharmacist,2025-09-15,
10003623,66,F,JP,Consumer,2025-11-21,OT
10003624,31,M,DE,Pharmacist,2025-09-16,HO
10003625,35,F,GB,Consumer,2025-02-07,
10003626,53,F,GB,Consumer,2025-01-02,
10003627,42,F,DE,Other HCP,2025-06-15,
10003628,74,M,IN,Consumer,2025-11-08,
10003629,33,F,IN,Physician,2025-07-11,
10003630,73,M,IN,Physician,2025-12-06,OT
10003631,36,F,DE,Physician,2025-01-25,
10003632,29,F,IN,Physician,2025-02-12,
10003633,49,F,GB,Other HCP,2025-01-24,
10003634,76,F,IN,Physician,2025-09-08,
10003635,63,F,IN,Consumer,2025-12-11,
10003636,51,F,IN,Other HCP,2025-11-05,
10003637,18,M,GB,Consumer,2025-01-17,
10003638,52,M,IN,Physician,2025-11-12,
10003639,27,F,IN,Physician,2025-01-12,
10003640,56,M,IN,Pharmacist,2025-03-24,
10003641,53,F,IN,Physician,2025-05-10,
10003642,49,F,DE,Consumer,2025-11-12,
10003643,46,F,DE,Physician,2025-09-05,
10003644,66,M,US,Consumer,2025-04-22,
10003645,51,M,DE,Other HCP,2025-06-11,
10003646,42,M,IN,Physician,2025-08-19,
10003647,58,M,GB,Pharmacist,2025-06-10,
10003648,58,M,DE,Other HCP,2025-12-04,HO
10003649,37,F,DE,Pharmacist,2025-03-05,
10003650,59,F,IN,Pharmacist,2025-08-01,HO
10003651,59,F,IN,Other HCP,2025-11-18,
10003652,84,F,IN,Pharmacist,2025-10-07,HO
10003653,31,F,JP,Consumer,2025-08-21,OT
10003654,68,M,US,Physician,2025-03-02,
10003655,52,F,GB,Consumer,2025-08-06,
10003656,44,M,DE,Consumer,2025-08-10,
10003657,51,F,US,Pharmacist,2025-07-23,
10003658,46,F,IN,Pharmacist,2025-12-04,
10003659,61,F,DE,Pharmacist,2025-09-11,
10003660,64,F,DE,Consumer,2025-02-09,
10003661,71,M,IN,Consumer,2025-03-20,
10003662,52,F,IN,Pharmacist,2025-11-13,HO
10003663,39,M,GB,Other HCP,2025-03-27,HO
10003664,47,F,IN,Other HCP,2025-08-09,HO
10003665,54,M,JP,Pharmacist,2025-12-26,
10003666,55,F,IN,Pharmacist,2025-03-23,
10003667,39,M,IN,Physician,2025-11-09,
10003668,30,M,GB,Consumer,2025-04-27,
10003669,52,F,IN,Pharmacist,2025-05-12,
10003670,68,F,JP,Consumer,2025-03-24,
10003671,70,F,IN,Physician,2025-11-03,
10003672,60,M,IN,Pharmacist,2025-07-17,HO
10003673,51,F,DE,Consumer,2025-01-03,
10003674,44,F,IN,Pharmacist,2025-04-19,OT
10003675,50,F,JP,Consumer,2025-12-08,
10003676,36,M,DE,Physician,2025-04-21,
10003677,74,M,US,Other HCP,2025-02-02,
10003678,69,F,GB,Consumer,2025-11-21,
10003679,84,F,IN,Consumer,2025-11-26,
10003680,60,M,IN,Other HCP,2025-01-20,
10003681,53,F,DE,Consumer,2025-08-13,
10003682,79,M,JP,Physician,2025-06-05,
10003683,49,M,GB,Consumer,2025-02-08,
10003684,50,F,GB,Physician,2025-09-16,
10003685,54,F,DE,Consumer,2025-08-21,
10003686,58,F,JP,Consumer,2025-11-24,
10003687,71,F,GB,Consumer,2025-10-16,
10003688,56,M,JP,Physician,2025-12-01,
10003689,60,M,US,Consumer,2025-08-09,HO
10003690,34,M,IN,Consumer,2025-05-18,HO
10003691,42,F,IN,Consumer,2025-11-19,HO
10003692,55,F,GB,Physician,2025-05-27,OT
10003693,34,F,JP,Consumer,2025-07-21,
10003694,26,F,IN,Consumer,2025-01-19,
10003695,46,M,DE,Consumer,2025-03-09,
10003696,43,F,DE,Pharmacist,2025-06-19,
10003697,55,F,JP,Physician,2025-10-07,HO
10003698,84,M,DE,Other HCP,2025-05-16,
10003699,95,M,IN,Pharmacist,2025-08-01,HO
10003700,60,M,GB,Physician,2025-09-10,OT
10003701,18,F,GB,Physician,2025-03-16,
10003702,37,M,JP,Physician,2025-10-27,HO
10003703,64,F,US,Consumer,2025-02-03,
10003704,63,M,IN,Pharmacist,2025-04-07,HO
10003705,61,F,IN,Pharmacist,2025-04-27,HO
10003706,44,M,US,Physician,2025-11-21,
10003707,45,F,IN,Physician,2025-10-06,HO
10003708,66,M,IN,Physician,2025-12-13,OT
10003709,57,F,GB,Pharmacist,2025-08-09,
10003710,47,M,GB,Pharmacist,2025-09-17,
10003711,55,F,US,Pharmacist,2025-01-26,
10003712,80,F,IN,Physician,2025-01-15,HO
10003713,42,F,IN,Other HCP,2025-10-27,
10003714,67,F,GB,Consumer,2025-07-08,
10003715,55,M,DE,Other HCP,2025-01-18,
10003716,65,F,US,Physician,2025-03-05,
10003717,51,M,GB,Consumer,2025-12-14,
10003718,58,F,GB,Physician,2025-08-19,
10003719,70,M,GB,Consumer,2025-04-16,
10003720,63,F,IN,Consumer,2025-11-01,
10003721,41,F,IN,Pharmacist,2025-04-25,
10003722,36,M,JP,Physician,2025-12-18,
10003723,95,F,US,Consumer,2025-05-10,HO
10003724,45,F,DE,Other HCP,2025-03-15,
10003725,54,F,US,Consumer,2025-10-11,
10003726,72,F,JP,Other HCP,2025-08-03,
10003727,41,F,IN,Consumer,2025-03-03,
10003728,54,M,GB,Consumer,2025-02-14,
10003729,77,M,IN,Pharmacist,2025-01-12,
10003730,64,M,US,Consumer,2025-05-06,OT
10003731,55,F,IN,Consumer,2025-02-22,HO
10003732,50,F,DE,Consumer,2025-08-18,OT
10003733,38,M,US,Consumer,2025-12-25,
10003734,37,F,DE,Physician,2025-05-10,HO
10003735,38,F,GB,Consumer,2025-06-03,
10003736,58,M,IN,Consumer,2025-08-27,HO
10003737,66,F,US,Pharmacist,2025-12-18,OT
10003738,53,M,IN,Physician,2025-02-16,
10003739,46,F,IN,Other HCP,2025-09-24,
10003740,39,M,GB,Physician,2025-03-04,
10003741,42,F,JP,Consumer,2025-09-11,
10003742,71,F,US,Other HCP,2025-07-09,
10003743,80,F,DE,Other HCP,2025-11-18,HO
10003744,66,M,GB,Physician,2025-09-21,
10003745,56,F,JP,Physician,2025-01-17,
10003746,61,F,JP,Pharmacist,2025-08-12,
10003747,76,F,DE,Consumer,2025-12-26,
10003748,76,F,IN,Other HCP,2025-05-14,
10003749,43,F,IN,Other HCP,2025-01-17,
10003750,59,F,DE,Consumer,2025-02-01,HO
10003751,47,F,IN,Physician,2025-09-14,
10003752,52,M,JP,Consumer,2025-06-22,HO
10003753,48,F,IN,Physician,2025-12-02,HO
10003754,48,F,US,Other HCP,2025-11-14,
10003755,72,M,DE,Physician,2025-07-05,OT
10003756,42,F,IN,Other HCP,2025-03-06,
10003757,60,F,US,Other HCP,2025-01-05,HO
10003758,51,F,GB,Physician,2025-11-09,
10003759,37,M,DE,Pharmacist,2025-06-09,
10003760,44,F,JP,Pharmacist,2025-04-13,
10003761,27,F,JP,Physician,2025-05-04,HO
10003762,73,M,IN,Physician,2025-08-21,
10003763,56,M,JP,Physician,2025-01-26,
10003764,38,F,GB,Pharmacist,2025-10-03,
10003765,44,F,IN,Consumer,2025-03-19,
10003766,60,F,IN,Pharmacist,2025-01-26,HO
10003767,68,M,IN,Physician,2025-04-18,OT
10003768,43,M,IN,Other HCP,2025-01-26,
10003769,54,M,US,Consumer,2025-06-07,
10003770,64,F,IN,Pharmacist,2025-07-27,
10003771,68,M,IN,Consumer,2025-01-10,
10003772,51,M,IN,Consumer,2025-12-12,HO
10003773,38,F,GB,Physician,2025-03-18,
10003774,78,M,DE,Physician,2025-04-19,
10003775,64,M,GB,Consumer,2025-11-04,OT
10003776,54,F,US,Consumer,2025-06-01,HO
10003777,50,F,GB,Consumer,2025-11-12,
10003778,60,F,IN,Pharmacist,2025-03-01,HO
10003779,68,F,GB,Physician,2025-12-22,
10003780,57,F,IN,Other HCP,2025-11-01,
10003781,68,F,IN,Other HCP,2025-07-01,
10003782,20,F,GB,Physician,2025-02-13,
10003783,63,F,DE,Consumer,2025-05-02,
10003784,37,F,US,Pharmacist,2025-08-16,
10003785,49,M,GB,Physician,2025-07-02,
10003786,50,F,IN,Pharmacist,2025-11-12,HO
10003787,18,F,US,Physician,2025-05-05,
10003788,52,F,GB,Physician,2025-10-24,
10003789,69,F,GB,Consumer,2025-01-03,HO
10003790,76,M,DE,Consumer,2025-06-18,
10003791,45,M,DE,Physician,2025-12-24,
10003792,90,F,IN,Physician,2025-02-27,
10003793,72,F,US,Pharmacist,2025-02-23,
10003794,65,F,JP,Pharmacist,2025-10-16,
10003795,64,M,IN,Consumer,2025-08-18,
10003796,64,F,US,Physician,2025-04-08,HO
10003797,71,M,DE,Physician,2025-10-08,
10003798,62,M,JP,Pharmacist,2025-03-25,
10003799,42,M,IN,Physician,2025-11-01,
10003800,35,M,US,Consumer,2025-11-27,
10003801,55,F,JP,Consumer,2025-12-16,
10003802,56,M,DE,Physician,2025-03-06,
10003803,35,F,US,Consumer,2025-09-23,
10003804,20,F,IN,Pharmacist,2025-05-18,
10003805,69,F,IN,Other HCP,2025-06-07,
10003806,30,F,GB,Physician,2025-10-05,OT
10003807,71,M,IN,Pharmacist,2025-11-06,
10003808,74,F,JP,Physician,2025-03-04,HO
10003809,68,F,IN,Physician,2025-04-25,HO
10003810,72,M,IN,Consumer,2025-12-04,
10003811,59,F,DE,Consumer,2025-08-09,
10003812,63,M,US,Consumer,2025-01-13,
10003813,60,F,GB,Consumer,2025-10-01,
10003814,69,F,JP,Physician,2025-11-27,
10003815,36,F,DE,Pharmacist,2025-05-11,HO
10003816,50,F,IN,Physician,2025-05-12,
10003817,24,M,DE,Other HCP,2025-09-13,
10003818,44,F,IN,Consumer,2025-06-18,
10003819,57,F,IN,Other HCP,2025-08-11,
10003820,32,F,US,Physician,2025-11-05,
10003821,70,M,DE,Consumer,2025-11-18,
10003822,35,M,IN,Physician,2025-11-01,
10003823,45,F,JP,Consumer,2025-12-07,
10003824,35,F,GB,Other HCP,2025-04-24,
10003825,47,F,GB,Consumer,2025-03-26,HO
10003826,38,F,US,Other HCP,2025-03-02,
10003827,39,M,DE,Physician,2025-10-05,
10003828,39,F,US,Consumer,2025-04-05,
10003829,74,F,IN,Consumer,2025-05-06,OT
10003830,60,F,JP,Pharmacist,2025-10-10,OT
10003831,45,F,IN,Consumer,2025-10-26,
10003832,45,M,IN,Consumer,2025-08-15,
10003833,70,M,US,Consumer,2025-11-02,HO
10003834,57,M,JP,Pharmacist,2025-01-02,HO
10003835,48,F,US,Consumer,2025-01-16,
10003836,58,F,IN,Physician,2025-09-15,
10003837,51,M,IN,Other HCP,2025-06-12,
10003838,55,F,GB,Consumer,2025-04-19,
10003839,68,M,DE,Consumer,2025-05-09,OT
10003840,82,F,IN,Consumer,2025-02-13,
10003841,67,M,JP,Consumer,2025-02-19,
10003842,81,F,IN,Physician,2025-05-13,
10003843,78,M,US,Consumer,2025-06-22,
10003844,58,M,IN,Consumer,2025-01-17,HO
10003845,33,M,GB,Other HCP,2025-02-16,
10003846,56,M,DE,Physician,2025-08-06,
10003847,60,M,DE,Other HCP,2025-08-16,HO
10003848,56,M,DE,Consumer,2025-11-08,HO
10003849,67,M,IN,Consumer,2025-03-26,HO
10003850,52,F,JP,Physician,2025-01-11,
10003851,48,M,DE,Other HCP,2025-08-07,
10003852,42,M,IN,Physician,2025-05-15,
10003853,38,F,JP,Pharmacist,2025-09-13,
10003854,95,M,IN,Consumer,2025-08-23,
10003855,45,F,IN,Physician,2025-08-01,HO
10003856,63,F,US,Consumer,2025-04-10,
10003857,57,M,GB,Other HCP,2025-03-03,
10003858,35,M,IN,Physician,2025-04-25,
10003859,62,M,JP,Physician,2025-08-16,
10003860,69,F,DE,Consumer,2025-02-04,HO
10003861,35,M,IN,Other HCP,2025-03-27,HO
10003862,68,M,US,Consumer,2025-03-12,
10003863,29,F,IN,Consumer,2025-11-14,
10003864,56,M,IN,Physician,2025-02-20,
10003865,50,F,IN,Physician,2025-08-16,
10003866,57,M,IN,Physician,2025-11-27,
10003867,52,F,GB,Other HCP,2025-12-02,HO
10003868,48,F,GB,Pharmacist,2025-12-14,
10003869,56,F,US,Consumer,2025-12-25,
10003870,66,M,GB,Physician,2025-10-22,
10003871,50,M,GB,Physician,2025-01-13,
10003872,79,M,DE,Consumer,2025-02-06,
10003873,81,M,IN,Other HCP,2025-12-09,
10003874,87,F,IN,Physician,2025-12-06,
10003875,66,F,DE,Physician,2025-08-08,
10003876,51,M,IN,Pharmacist,2025-03-24,OT
10003877,65,M,GB,Pharmacist,2025-06-01,OT
10003878,76,F,IN,Physician,2025-02-21,HO
10003879,78,F,US,Consumer,2025-12-19,HO
10003880,42,M,GB,Consumer,2025-04-26,
10003881,50,M,JP,Physician,2025-12-10,
10003882,77,F,IN,Pharmacist,2025-12-06,
10003883,42,M,GB,Physician,2025-10-07,
10003884,76,M,IN,Consumer,2025-11-06,
10003885,54,M,US,Physician,2025-07-20,
10003886,50,F,IN,Physician,2025-12-02,HO
10003887,29,F,DE,Consumer,2025-12-12,
10003888,36,F,IN,Consumer,2025-12-24,
10003889,73,F,IN,Pharmacist,2025-11-01,OT
10003890,30,F,IN,Consumer,2025-08-23,
10003891,68,F,IN,Consumer,2025-03-05,
10003892,45,F,GB,Consumer,2025-01-26,
10003893,46,M,IN,Physician,2025-08-02,
10003894,40,M,IN,Other HCP,2025-02-03,OT
10003895,79,M,DE,Pharmacist,2025-12-12,OT
10003896,44,M,JP,Physician,2025-10-25,HO
10003897,75,M,JP,Physician,2025-04-12,
10003898,56,F,IN,Pharmacist,2025-06-06,OT
10003899,43,F,IN,Physician,2025-09-01,HO
10003900,76,M,DE,Consumer,2025-05-05,
10003901,68,F,IN,Consumer,2025-09-17,
10003902,82,M,IN,Physician,2025-11-13,
10003903,18,F,JP,Consumer,2025-09-14,
10003904,61,F,JP,Physician,2025-08-03,
10003905,75,M,IN,Pharmacist,2025-05-17,
10003906,47,F,IN,Physician,2025-12-18,
10003907,43,M,IN,Consumer,2025-10-25,
10003908,85,M,IN,Physician,2025-12-24,
10003909,75,M,JP,Physician,2025-02-17,
10003910,47,F,GB,Physician,2025-04-03,HO
10003911,64,F,IN,Consumer,2025-05-07,HO
10003912,42,F,JP,Physician,2025-12-12,
10003913,27,F,GB,Pharmacist,2025-10-11,
10003914,40,F,IN,Physician,2025-05-16,HO
10003915,45,M,DE,Consumer,2025-02-13,HO
10003916,78,F,JP,Physician,2025-07-12,
10003917,51,F,JP,Pharmacist,2025-01-20,OT
10003918,83,M,JP,Physician,2025-07-09,HO
10003919,52,F,DE,Other HCP,2025-01-01,
10003920,26,F,GB,Consumer,2025-02-17,
10003921,21,M,IN,Consumer,2025-04-11,
10003922,56,F,JP,Other HCP,2025-05-18,
10003923,73,M,IN,Consumer,2025-04-26,HO
10003924,68,M,IN,Other HCP,2025-12-10,
10003925,63,F,DE,Pharmacist,2025-10-17,
10003926,32,M,IN,Consumer,2025-07-02,
10003927,66,M,IN,Physician,2025-09-02,
10003928,44,F,IN,Pharmacist,2025-08-12,HO
10003929,57,M,IN,Physician,2025-04-12,
10003930,46,F,JP,Physician,2025-02-13,
10003931,26,M,US,Consumer,2025-01-09,
10003932,48,F,US,Pharmacist,2025-01-01,
10003933,53,M,IN,Physician,2025-08-27,
10003934,44,M,DE,Consumer,2025-01-13,
10003935,61,F,GB,Pharmacist,2025-06-23,HO
10003936,62,M,GB,Consumer,2025-05-17,
10003937,49,F,DE,Pharmacist,2025-10-24,
10003938,45,F,GB,Physician,2025-11-19,
10003939,74,F,US,Physician,2025-11-09,
10003940,56,F,IN,Pharmacist,2025-06-15,
10003941,76,F,DE,Consumer,2025-11-25,
10003942,87,F,US,Physician,2025-07-01,
10003943,67,F,IN,Physician,2025-11-19,
10003944,78,F,DE,Other HCP,2025-08-16,
10003945,41,F,GB,Other HCP,2025-10-22,
10003946,57,F,DE,Physician,2025-04-15,
10003947,59,M,DE,Other HCP,2025-07-18,
10003948,56,F,JP,Consumer,2025-01-23,
10003949,58,F,GB,Pharmacist,2025-09-01,
10003950,77,F,IN,Consumer,2025-07-08,
10003951,47,M,DE,Physician,2025-12-07,HO
10003952,54,M,DE,Other HCP,2025-03-16,
10003953,71,F,US,Consumer,2025-01-14,
10003954,69,M,GB,Consumer,2025-10-07,
10003955,45,F,IN,Consumer,2025-05-12,HO
10003956,95,F,US,Consumer,2025-02-06,
10003957,54,M,JP,Physician,2025-08-24,HO
10003958,87,F,GB,Pharmacist,2025-04-14,
10003959,60,M,GB,Physician,2025-12-21,
10003960,59,F,GB,Physician,2025-08-01,
10003961,65,M,IN,Physician,2025-08-05,HO
10003962,39,F,GB,Pharmacist,2025-10-18,
10003963,48,M,IN,Physician,2025-06-04,
10003964,62,M,DE,Consumer,2025-06-11,
10003965,59,M,DE,Pharmacist,2025-09-11,
10003966,62,F,GB,Pharmacist,2025-07-20,OT
10003967,79,F,DE,Other HCP,2025-09-18,OT
10003968,72,M,US,Physician,2025-11-12,
10003969,59,F,JP,Consumer,2025-06-14,
10003970,53,F,IN,Other HCP,2025-05-18,
10003971,34,F,JP,Physician,2025-10-15,
10003972,50,F,DE,Physician,2025-11-11,
10003973,45,F,IN,Physician,2025-04-15,
10003974,77,M,GB,Physician,2025-01-18,
10003975,41,M,IN,Consumer,2025-09-07,
10003976,51,F,US,Consumer,2025-04-06,
10003977,58,M,IN,Consumer,2025-01-01,
10003978,62,F,IN,Pharmacist,2025-03-23,
10003979,78,F,IN,Physician,2025-11-15,
10003980,60,F,GB,Physician,2025-12-23,OT
10003981,53,F,IN,Physician,2025-10-12,
10003982,64,F,DE,Consumer,2025-08-08,
10003983,58,F,IN,Consumer,2025-12-12,HO
10003984,63,M,IN,Physician,2025-08-04,
10003985,75,F,US,Physician,2025-08-25,HO
10003986,52,F,US,Physician,2025-02-24,
10003987,95,F,IN,Physician,2025-09-04,
10003988,44,F,GB,Physician,2025-06-17,
10003989,77,F,JP,Consumer,2025-06-12,
10003990,44,M,US,Pharmacist,2025-01-01,HO
10003991,68,F,IN,Physician,2025-02-05,
10003992,65,M,IN,Physician,2025-04-25,HO
10003993,50,M,GB,Consumer,2025-08-24,OT
10003994,62,M,JP,Physician,2025-02-16,
10003995,42,M,US,Physician,2025-11-01,
10003996,40,F,US,Consumer,2025-03-14,
10003997,61,M,IN,Consumer,2025-05-16,
10003998,60,M,IN,Physician,2025-06-06,
10003999,46,F,JP,Physician,2025-09-22,
10004000,45,M,IN,Pharmacist,2025-02-18,
10004001,44,F,US,Consumer,2025-07-08,
10004002,52,M,US,Consumer,2025-08-27,
10004003,58,F,IN,Consumer,2025-03-03,
10004004,48,M,US,Consumer,2025-02-17,
10004005,84,F,IN,Physician,2025-11-10,HO
10004006,51,F,GB,Consumer,2025-03-27,
10004007,85,F,IN,Physician,2025-01-08,
10004008,71,F,US,Other HCP,2025-10-18,OT
10004009,48,F,IN,Pharmacist,2025-12-16,
10004010,85,F,US,Other HCP,2025-10-12,
10004011,51,M,US,Pharmacist,2025-02-26,OT
10004012,71,F,GB,Other HCP,2025-03-02,
10004013,41,F,IN,Consumer,2025-09-22,
10004014,44,M,US,Pharmacist,2025-05-06,HO
10004015,29,F,US,Physician,2025-03-25,
10004016,75,M,IN,Consumer,2025-11-19,
10004017,44,M,US,Other HCP,2025-07-03,
10004018,52,M,IN,Consumer,2025-03-19,
10004019,41,M,US,Physician,2025-11-25,HO
10004020,60,M,US,Consumer,2025-07-16,
10004021,46,M,US,Pharmacist,2025-12-22,
10004022,50,F,GB,Pharmacist,2025-06-22,HO
10004023,72,M,IN,Consumer,2025-03-13,
10004024,36,F,IN,Other HCP,2025-07-04,
10004025,79,F,IN,Other HCP,2025-07-26,
10004026,25,M,IN,Physician,2025-11-02,
10004027,54,F,IN,Consumer,2025-11-04,
10004028,53,F,JP,Physician,2025-08-07,
10004029,65,F,DE,Physician,2025-11-25,
10004030,49,F,DE,Pharmacist,2025-03-04,
10004031,26,M,IN,Physician,2025-06-04,
10004032,55,M,IN,Other HCP,2025-12-12,
10004033,61,M,IN,Physician,2025-12-08,
10004034,56,M,IN,Pharmacist,2025-10-24,
10004035,72,F,IN,Physician,2025-10-10,
10004036,80,M,JP,Physician,2025-08-14,
10004037,77,M,GB,Consumer,2025-02-06,
10004038,66,M,DE,Pharmacist,2025-08-25,
10004039,84,M,IN,Pharmacist,2025-11-06,
10004040,95,M,GB,Physician,2025-09-04,
10004041,45,M,JP,Pharmacist,2025-07-22,
10004042,44,F,US,Other HCP,2025-10-04,
10004043,62,F,IN,Consumer,2025-03-16,HO
10004044,69,F,IN,Physician,2025-01-25,
10004045,61,M,JP,Pharmacist,2025-01-25,
10004046,82,F,IN,Pharmacist,2025-06-26,
10004047,50,F,JP,Pharmacist,2025-03-15,
10004048,52,F,GB,Physician,2025-10-04,
10004049,54,F,GB,Other HCP,2025-07-12,OT
10004050,79,F,IN,Consumer,2025-02-20,
10004051,56,M,IN,Consumer,2025-04-13,
10004052,35,F,IN,Physician,2025-01-25,
10004053,35,M,IN,Consumer,2025-09-13,
10004054,70,M,US,Pharmacist,2025-08-01,
10004055,39,F,IN,Pharmacist,2025-07-07,
10004056,57,M,US,Other HCP,2025-11-10,
10004057,79,F,JP,Pharmacist,2025-10-17,
10004058,32,M,DE,Physician,2025-07-08,
10004059,61,M,IN,Consumer,2025-11-04,
10004060,50,M,GB,Physician,2025-10-15,HO
10004061,61,M,IN,Other HCP,2025-02-14,OT
10004062,41,F,IN,Pharmacist,2025-06-11,
10004063,37,M,US,Physician,2025-02-02,
10004064,43,M,US,Consumer,2025-12-18,
10004065,44,F,JP,Pharmacist,2025-08-01,
10004066,55,F,IN,Pharmacist,2025-10-23,
10004067,65,M,DE,Pharmacist,2025-12-27,OT
10004068,65,F,IN,Pharmacist,2025-07-19,
10004069,66,F,JP,Consumer,2025-04-23,
10004070,38,M,DE,Other HCP,2025-09-11,
10004071,48,M,IN,Consumer,2025-03-05,
10004072,57,F,IN,Consumer,2025-11-01,HO
10004073,52,M,US,Consumer,2025-02-21,
10004074,40,M,IN,Consumer,2025-10-24,
10004075,77,M,GB,Consumer,2025-05-15,
10004076,67,M,US,Physician,2025-12-06,
10004077,53,F,DE,Physician,2025-01-09,
10004078,77,F,US,Pharmacist,2025-12-23,
10004079,88,F,GB,Physician,2025-08-01,
10004080,39,M,IN,Physician,2025-10-23,
10004081,51,M,IN,Consumer,2025-10-15,
10004082,49,F,IN,Consumer,2025-11-07,
10004083,66,M,JP,Physician,2025-01-03,HO
10004084,51,M,US,Consumer,2025-07-04,HO
10004085,46,M,IN,Physician,2025-06-06,
10004086,70,M,GB,Consumer,2025-08-09,
10004087,51,M,US,Pharmacist,2025-12-27,
10004088,42,M,IN,Physician,2025-10-01,OT
10004089,48,F,JP,Other HCP,2025-05-12,
10004090,55,M,GB,Consumer,2025-01-14,
10004091,30,F,IN,Consumer,2025-11-02,
10004092,33,F,US,Consumer,2025-06-09,
10004093,53,F,IN,Pharmacist,2025-02-14,
10004094,29,F,JP,Pharmacist,2025-10-03,
10004095,69,F,GB,Consumer,2025-06-23,
10004096,41,M,JP,Other HCP,2025-04-04,
10004097,59,F,JP,Consumer,2025-07-20,
10004098,32,M,GB,Physician,2025-10-25,
10004099,53,F,IN,Consumer,2025-03-02,
10004100,47,M,US,Physician,2025-11-23,
10004101,52,M,IN,Physician,2025-12-09,
10004102,54,F,GB,Pharmacist,2025-03-05,
10004103,50,M,IN,Pharmacist,2025-01-08,
10004104,70,M,DE,Physician,2025-06-01,
10004105,75,F,JP,Other HCP,2025-10-07,HO
10004106,50,M,IN,Physician,2025-01-21,OT
10004107,86,M,DE,Other HCP,2025-06-08,
10004108,50,F,US,Consumer,2025-03-22,
10004109,44,M,IN,Consumer,2025-05-26,
10004110,53,M,JP,Pharmacist,2025-03-05,
10004111,42,F,GB,Physician,2025-01-16,
10004112,77,F,JP,Consumer,2025-10-10,
10004113,61,F,DE,Physician,2025-08-24,HO
10004114,47,F,IN,Consumer,2025-06-13,HO
10004115,36,M,DE,Physician,2025-10-21,HO
10004116,62,F,IN,Physician,2025-06-05,
10004117,95,M,IN,Physician,2025-04-27,
10004118,69,M,IN,Pharmacist,2025-03-26,
10004119,68,F,IN,Other HCP,2025-07-11,
10004120,78,F,GB,Consumer,2025-08-19,
10004121,34,F,IN,Other HCP,2025-02-16,
10004122,47,F,IN,Consumer,2025-07-21,
10004123,38,M,IN,Other HCP,2025-05-25,
10004124,79,F,DE,Pharmacist,2025-04-20,
10004125,63,M,DE,Physician,2025-01-12,
10004126,60,F,JP,Pharmacist,2025-11-10,HO
10004127,44,M,DE,Physician,2025-12-16,
10004128,54,F,JP,Physician,2025-11-25,
10004129,77,M,US,Other HCP,2025-03-12,
10004130,52,M,DE,Physician,2025-02-20,
10004131,65,M,IN,Other HCP,2025-08-11,
10004132,35,M,IN,Physician,2025-03-01,HO
10004133,36,M,DE,Pharmacist,2025-04-08,OT
10004134,60,M,GB,Consumer,2025-07-24,HO
10004135,75,F,IN,Physician,2025-10-21,
10004136,47,M,DE,Consumer,2025-11-09,
10004137,59,F,JP,Pharmacist,2025-08-20,
10004138,65,F,JP,Pharmacist,2025-06-07,OT
10004139,28,F,IN,Physician,2025-09-11,HO
10004140,31,F,IN,Physician,2025-04-17,
10004141,43,F,US,Consumer,2025-12-23,
10004142,65,F,GB,Consumer,2025-06-27,
10004143,46,M,US,Consumer,2025-08-20,HO
10004144,30,M,GB,Other HCP,2025-04-17,
10004145,60,F,IN,Other HCP,2025-01-02,OT
10004146,31,F,US,Consumer,2025-05-03,
10004147,39,M,IN,Physician,2025-06-13,
10004148,43,M,US,Physician,2025-01-04,
10004149,73,F,JP,Physician,2025-01-11,OT
10004150,65,M,GB,Consumer,2025-05-27,
10004151,80,M,JP,Physician,2025-08-27,
10004152,49,M,GB,Other HCP,2025-10-25,HO
10004153,58,F,DE,Pharmacist,2025-06-13,HO
10004154,82,F,IN,Consumer,2025-02-24,
10004155,84,F,JP,Other HCP,2025-08-07,HO
10004156,65,F,IN,Consumer,2025-10-20,OT
10004157,51,M,DE,Physician,2025-08-11,
10004158,59,F,JP,Physician,2025-11-07,
10004159,45,M,DE,Physician,2025-10-07,HO
10004160,57,M,US,Consumer,2025-09-11,
10004161,48,F,IN,Consumer,2025-05-16,
10004162,34,F,IN,Pharmacist,2025-02-12,
10004163,58,M,IN,Consumer,2025-05-22,
10004164,38,M,IN,Physician,2025-09-09,
10004165,65,F,IN,Physician,2025-07-05,
10004166,28,F,IN,Physician,2025-08-27,HO
10004167,55,M,DE,Other HCP,2025-03-17,
10004168,43,M,IN,Pharmacist,2025-09-10,OT
10004169,18,F,IN,Physician,2025-04-21,
10004170,54,F,IN,Consumer,2025-01-25,
10004171,74,M,IN,Physician,2025-11-11,
10004172,55,F,GB,Physician,2025-06-26,
10004173,53,F,IN,Physician,2025-11-04,OT
10004174,70,F,IN,Other HCP,2025-05-22,
10004175,78,M,IN,Consumer,2025-02-11,
10004176,53,M,IN,Pharmacist,2025-06-13,HO
10004177,62,F,IN,Physician,2025-06-16,HO
10004178,41,F,IN,Physician,2025-01-17,OT
10004179,50,M,IN,Physician,2025-01-13,HO
10004180,47,M,DE,Physician,2025-07-18,
10004181,42,M,US,Physician,2025-05-19,
10004182,56,F,IN,Consumer,2025-08-08,
10004183,62,F,IN,Pharmacist,2025-10-11,OT
10004184,71,F,IN,Physician,2025-01-16,OT
10004185,71,F,GB,Physician,2025-07-27,
10004186,23,F,DE,Physician,2025-11-13,
10004187,39,F,US,Consumer,2025-08-05,
10004188,48,F,DE,Consumer,2025-08-03,
10004189,57,M,US,Pharmacist,2025-02-22,
10004190,73,F,DE,Physician,2025-06-18,
10004191,24,M,JP,Consumer,2025-06-15,
10004192,61,F,US,Physician,2025-12-05,HO
10004193,19,M,DE,Physician,2025-10-01,HO
10004194,58,M,IN,Other HCP,2025-08-09,
10004195,79,F,GB,Other HCP,2025-10-13,
10004196,43,M,GB,Physician,2025-11-01,
10004197,52,F,DE,Pharmacist,2025-09-01,HO
10004198,44,F,IN,Consumer,2025-04-07,
10004199,74,F,IN,Physician,2025-04-07,
10004200,63,F,US,Consumer,2025-11-12,
10004201,37,M,IN,Consumer,2025-10-22,
10004202,59,M,GB,Consumer,2025-04-05,HO
10004203,51,F,IN,Pharmacist,2025-09-04,HO
10004204,64,M,DE,Physician,2025-04-19,HO
10004205,42,F,JP,Consumer,2025-07-08,
10004206,59,M,IN,Physician,2025-03-17,
10004207,74,M,IN,Consumer,2025-08-01,HO
10004208,47,F,US,Consumer,2025-11-18,HO
10004209,75,M,IN,Physician,2025-10-18,
10004210,41,F,IN,Other HCP,2025-08-22,HO
10004211,39,M,DE,Consumer,2025-06-02,
10004212,56,M,GB,Consumer,2025-08-10,
10004213,45,F,IN,Other HCP,2025-12-26,OT
10004214,56,F,IN,Physician,2025-09-21,HO
10004215,42,F,IN,Consumer,2025-08-18,
10004216,77,F,IN,Consumer,2025-12-18,
10004217,67,F,DE,Physician,2025-09-22,
10004218,64,F,GB,Physician,2025-06-18,
10004219,58,F,DE,Consumer,2025-06-06,
10004220,57,F,IN,Consumer,2025-05-07,
10004221,57,F,IN,Consumer,2025-01-03,
10004222,51,M,IN,Other HCP,2025-06-21,
10004223,76,M,IN,Consumer,2025-12-17,
10004224,69,M,US,Pharmacist,2025-06-23,
10004225,59,F,US,Other HCP,2025-09-05,
10004226,38,F,US,Pharmacist,2025-03-27,
10004227,51,F,IN,Physician,2025-02-21,
10004228,34,F,US,Pharmacist,2025-02-15,
10004229,72,F,IN,Consumer,2025-01-05,
10004230,53,F,IN,Physician,2025-03-13,HO
10004231,63,F,DE,Pharmacist,2025-04-18,
10004232,64,M,DE,Consumer,2025-03-25,OT
10004233,46,M,IN,Consumer,2025-04-08,
10004234,36,M,GB,Pharmacist,2025-01-04,HO
10004235,48,F,IN,Physician,2025-10-09,
10004236,56,F,JP,Pharmacist,2025-03-07,
10004237,46,F,IN,Consumer,2025-10-12,
10004238,54,M,JP,Pharmacist,2025-02-09,OT
10004239,39,M,IN,Physician,2025-09-21,
10004240,65,F,JP,Consumer,2025-03-19,HO
10004241,71,F,US,Physician,2025-06-25,
10004242,50,M,DE,Consumer,2025-03-26,
10004243,55,F,IN,Pharmacist,2025-08-27,HO
10004244,49,M,IN,Physician,2025-12-21,
10004245,93,F,IN,Physician,2025-03-07,OT
10004246,52,F,JP,Consumer,2025-08-20,HO
10004247,53,F,US,Other HCP,2025-12-27,
10004248,73,F,IN,Pharmacist,2025-11-20,
10004249,56,M,DE,Pharmacist,2025-06-02,
10004250,41,M,GB,Physician,2025-06-14,OT
10004251,72,M,DE,Physician,2025-04-01,
10004252,72,M,DE,Pharmacist,2025-04-24,OT
10004253,49,F,JP,Consumer,2025-08-20,
10004254,63,F,IN,Physician,2025-03-08,
10004255,49,M,GB,Consumer,2025-09-10,OT
10004256,56,F,IN,Pharmacist,2025-09-22,
10004257,37,M,US,Pharmacist,2025-03-11,
10004258,47,M,DE,Pharmacist,2025-09-21,HO
10004259,51,F,DE,Other HCP,2025-04-01,HO
10004260,53,M,GB,Consumer,2025-04-06,
10004261,41,F,IN,Other HCP,2025-08-21,
10004262,36,M,JP,Physician,2025-11-03,
10004263,58,F,IN,Pharmacist,2025-04-14,
10004264,24,M,IN,Pharmacist,2025-04-11,
10004265,80,F,IN,Physician,2025-09-05,
10004266,51,F,IN,Consumer,2025-03-25,
10004267,60,F,GB,Other HCP,2025-03-13,
10004268,61,F,IN,Pharmacist,2025-08-06,HO
10004269,57,M,IN,Consumer,2025-11-16,
10004270,44,F,JP,Physician,2025-08-24,
10004271,70,M,JP,Consumer,2025-03-06,
10004272,68,F,US,Physician,2025-04-18,
10004273,43,M,IN,Pharmacist,2025-04-12,
10004274,74,F,JP,Consumer,2025-12-07,
10004275,68,F,US,Pharmacist,2025-01-08,
10004276,39,M,US,Physician,2025-03-12,
10004277,37,M,US,Physician,2025-05-17,
10004278,40,M,GB,Physician,2025-12-11,
10004279,41,F,GB,Consumer,2025-02-20,
10004280,61,F,DE,Consumer,2025-03-03,
10004281,52,M,IN,Pharmacist,2025-07-12,OT
10004282,63,M,IN,Consumer,2025-01-20,
10004283,71,M,IN,Consumer,2025-10-08,OT
10004284,59,F,US,Consumer,2025-09-10,
10004285,59,M,JP,Pharmacist,2025-06-23,
10004286,52,F,US,Other HCP,2025-03-19,
10004287,63,F,GB,Consumer,2025-12-03,
10004288,66,F,GB,Physician,2025-11-15,
10004289,65,M,GB,Pharmacist,2025-05-25,OT
10004290,65,F,IN,Consumer,2025-02-25,
10004291,56,M,IN,Consumer,2025-02-04,HO
10004292,35,F,IN,Consumer,2025-08-04,
10004293,48,F,US,Pharmacist,2025-07-06,
10004294,43,M,US,Consumer,2025-04-10,
10004295,67,F,DE,Pharmacist,2025-03-11,
10004296,26,F,US,Physician,2025-10-08,
10004297,42,F,US,Consumer,2025-03-17,OT
10004298,27,F,IN,Physician,2025-05-17,
10004299,60,F,IN,Physician,2025-04-18,
10004300,60,F,IN,Consumer,2025-05-06,
10004301,64,F,IN,Physician,2025-05-09,
10004302,74,F,US,Pharmacist,2025-01-06,OT
10004303,61,F,US,Physician,2025-11-09,HO
10004304,70,F,GB,Consumer,2025-01-21,
10004305,52,M,IN,Consumer,2025-12-02,
10004306,77,F,GB,Other HCP,2025-01-13,
10004307,65,F,JP,Pharmacist,2025-08-01,
10004308,50,M,IN,Physician,2025-06-12,
10004309,46,M,US,Consumer,2025-03-07,
10004310,70,M,JP,Other HCP,2025-08-20,OT
10004311,25,F,GB,Consumer,2025-06-19,
10004312,61,M,IN,Physician,2025-04-26,
10004313,61,M,IN,Pharmacist,2025-04-01,
10004314,41,F,IN,Physician,2025-07-07,
10004315,21,M,IN,Physician,2025-03-23,
10004316,61,M,US,Other HCP,2025-09-13,
10004317,48,M,IN,Consumer,2025-12-07,
10004318,68,F,IN,Pharmacist,2025-10-10,
10004319,30,F,IN,Pharmacist,2025-08-04,
10004320,48,M,DE,Consumer,2025-02-21,HO
10004321,62,F,GB,Pharmacist,2025-05-22,
10004322,42,M,US,Pharmacist,2025-06-16,
10004323,80,F,JP,Pharmacist,2025-11-13,
10004324,92,F,IN,Physician,2025-01-18,HO
10004325,51,F,DE,Physician,2025-03-23,
10004326,81,F,IN,Pharmacist,2025-01-25,
10004327,51,M,IN,Physician,2025-03-25,
10004328,77,M,IN,Consumer,2025-05-05,
10004329,58,F,GB,Physician,2025-05-20,
10004330,31,M,JP,Consumer,2025-06-10,
10004331,61,M,JP,Pharmacist,2025-10-02,
10004332,69,F,JP,Physician,2025-09-16,
10004333,86,M,IN,Physician,2025-02-10,
10004334,55,M,IN,Physician,2025-11-15,
10004335,57,F,GB,Other HCP,2025-11-09,
10004336,64,F,GB,Other HCP,2025-01-13,
10004337,80,M,GB,Physician,2025-09-15,
10004338,46,M,IN,Consumer,2025-02-09,
10004339,69,M,US,Other HCP,2025-03-27,HO
10004340,28,M,IN,Physician,2025-09-09,HO
10004341,27,M,IN,Consumer,2025-12-06,
10004342,35,F,IN,Consumer,2025-10-24,
10004343,32,F,IN,Physician,2025-10-01,
10004344,75,F,GB,Physician,2025-07-13,
10004345,44,F,IN,Consumer,2025-04-01,HO
10004346,18,F,IN,Pharmacist,2025-05-10,
10004347,65,M,IN,Physician,2025-05-05,
10004348,73,F,US,Consumer,2025-12-13,
10004349,52,F,GB,Physician,2025-06-19,HO
10004350,51,M,GB,Pharmacist,2025-02-25,
10004351,54,F,US,Other HCP,2025-01-27,OT
10004352,55,F,IN,Physician,2025-10-01,
10004353,40,F,JP,Consumer,2025-01-18,
10004354,60,M,IN,Pharmacist,2025-04-06,
10004355,28,F,IN,Consumer,2025-05-26,
10004356,48,F,IN,Consumer,2025-01-01,
10004357,49,F,IN,Physician,2025-06-02,
10004358,52,F,JP,Other HCP,2025-05-26,OT
10004359,42,F,DE,Consumer,2025-04-25,OT
10004360,68,F,IN,Consumer,2025-06-03,
10004361,54,M,JP,Physician,2025-06-20,
10004362,38,M,IN,Physician,2025-05-08,
10004363,92,M,JP,Consumer,2025-06-24,
10004364,60,M,IN,Physician,2025-11-02,
10004365,67,M,GB,Consumer,2025-02-26,OT
10004366,41,F,IN,Consumer,2025-02-15,
10004367,21,F,IN,Consumer,2025-09-02,
10004368,64,F,GB,Physician,2025-10-12,
10004369,57,M,DE,Pharmacist,2025-10-17,
10004370,71,F,JP,Pharmacist,2025-01-17,
10004371,41,M,IN,Consumer,2025-07-04,HO
10004372,83,M,IN,Physician,2025-11-01,
10004373,58,M,DE,Physician,2025-03-20,
10004374,26,F,IN,Consumer,2025-03-14,
10004375,61,F,IN,Physician,2025-07-26,
10004376,62,M,JP,Physician,2025-01-14,HO
10004377,62,F,DE,Consumer,2025-03-03,HO
10004378,25,F,IN,Consumer,2025-02-20,HO
10004379,42,M,IN,Physician,2025-09-19,
10004380,55,F,DE,Consumer,2025-01-06,
10004381,55,M,IN,Pharmacist,2025-10-22,
10004382,65,F,GB,Physician,2025-05-27,
10004383,64,M,IN,Physician,2025-09-08,
10004384,58,F,IN,Physician,2025-12-01,
10004385,28,F,GB,Physician,2025-08-23,
10004386,57,F,DE,Consumer,2025-07-14,
10004387,40,M,US,Consumer,2025-10-22,
10004388,73,M,JP,Consumer,2025-02-07,
10004389,55,F,IN,Consumer,2025-09-02,
10004390,55,M,DE,Pharmacist,2025-11-20,
10004391,31,F,IN,Physician,2025-10-19,
10004392,42,F,IN,Physician,2025-01-07,
10004393,62,M,US,Consumer,2025-01-04,
10004394,41,F,IN,Physician,2025-01-20,
10004395,68,M,DE,Pharmacist,2025-03-11,HO
10004396,51,M,DE,Physician,2025-05-16,
10004397,51,F,IN,Consumer,2025-06-25,HO
10004398,52,M,IN,Consumer,2025-09-22,HO
10004399,69,F,IN,Other HCP,2025-02-26,
10004400,47,M,US,Consumer,2025-06-17,HO
10004401,69,F,US,Other HCP,2025-10-18,HO
10004402,44,M,IN,Pharmacist,2025-07-10,
10004403,38,M,GB,Physician,2025-05-11,
10004404,87,F,IN,Pharmacist,2025-04-16,
10004405,35,F,GB,Physician,2025-11-21,
10004406,40,M,GB,Pharmacist,2025-05-26,
10004407,61,F,DE,Consumer,2025-08-26,
10004408,89,F,DE,Physician,2025-12-01,OT
10004409,64,F,GB,Consumer,2025-11-19,
10004410,47,M,DE,Pharmacist,2025-04-13,
10004411,53,F,IN,Consumer,2025-03-12,OT
10004412,47,M,JP,Consumer,2025-04-07,
10004413,67,F,IN,Pharmacist,2025-01-15,
10004414,78,M,IN,Consumer,2025-04-11,HO
10004415,48,F,US,Pharmacist,2025-10-25,
10004416,60,F,IN,Consumer,2025-04-21,
10004417,55,F,IN,Physician,2025-09-03,
10004418,59,F,IN,Consumer,2025-05-03,OT
10004419,41,F,IN,Pharmacist,2025-10-21,
10004420,62,F,DE,Pharmacist,2025-09-16,
10004421,69,M,IN,Consumer,2025-04-02,
10004422,69,M,IN,Pharmacist,2025-10-23,HO
10004423,64,M,DE,Other HCP,2025-12-22,HO
10004424,57,M,GB,Other HCP,2025-11-13,HO
10004425,68,F,IN,Pharmacist,2025-03-27,HO
10004426,67,F,DE,Consumer,2025-05-18,
10004427,57,F,IN,Physician,2025-09-19,
10004428,56,F,JP,Physician,2025-12-09,
10004429,71,F,IN,Physician,2025-11-13,
10004430,51,F,GB,Other HCP,2025-07-05,
10004431,55,F,IN,Other HCP,2025-09-07,
10004432,27,F,IN,Consumer,2025-05-16,OT
10004433,77,F,DE,Other HCP,2025-01-10,
10004434,36,F,IN,Physician,2025-01-11,
10004435,53,F,US,Pharmacist,2025-12-01,
10004436,59,F,US,Physician,2025-10-27,
10004437,53,F,GB,Consumer,2025-02-20,OT
10004438,44,F,US,Consumer,2025-03-24,
10004439,33,F,US,Physician,2025-07-10,
10004440,53,F,DE,Consumer,2025-11-13,
10004441,51,F,JP,Physician,2025-07-09,
10004442,45,M,IN,Physician,2025-07-12,
10004443,33,M,DE,Consumer,2025-10-05,OT
10004444,50,M,DE,Consumer,2025-01-16,
10004445,69,F,GB,Pharmacist,2025-02-14,
10004446,63,M,JP,Pharmacist,2025-10-04,
10004447,58,F,US,Consumer,2025-12-27,
10004448,75,F,JP,Consumer,2025-05-06,
10004449,63,F,GB,Pharmacist,2025-04-18,
10004450,51,F,IN,Consumer,2025-02-04,
10004451,46,M,GB,Physician,2025-11-17,OT
10004452,58,F,JP,Consumer,2025-04-15,
10004453,42,M,GB,Consumer,2025-08-19,
10004454,60,F,US,Physician,2025-01-05,
10004455,64,M,IN,Physician,2025-03-09,HO
10004456,75,M,DE,Other HCP,2025-08-20,
10004457,52,F,JP,Consumer,2025-07-25,
10004458,62,F,IN,Consumer,2025-01-15,OT
10004459,68,M,IN,Physician,2025-01-25,
10004460,80,F,GB,Other HCP,2025-06-13,
10004461,91,F,DE,Pharmacist,2025-04-05,
10004462,57,M,JP,Consumer,2025-09-14,
10004463,68,M,IN,Other HCP,2025-05-14,HO
10004464,40,F,IN,Physician,2025-05-12,
10004465,35,M,GB,Physician,2025-09-23,
10004466,46,M,DE,Pharmacist,2025-11-24,
10004467,69,F,IN,Pharmacist,2025-10-20,
10004468,35,F,DE,Physician,2025-11-12,
10004469,51,F,IN,Physician,2025-12-04,
10004470,52,M,IN,Physician,2025-07-25,
10004471,36,F,IN,Pharmacist,2025-07-12,
10004472,52,F,GB,Other HCP,2025-08-04,HO
10004473,81,F,GB,Consumer,2025-01-22,
10004474,38,M,IN,Physician,2025-06-07,
10004475,42,F,IN,Consumer,2025-10-10,HO
10004476,38,F,JP,Pharmacist,2025-10-15,HO
10004477,68,M,IN,Consumer,2025-11-08,HO
10004478,48,F,IN,Consumer,2025-01-20,HO
10004479,45,M,IN,Physician,2025-11-06,
10004480,68,F,US,Consumer,2025-10-20,
10004481,61,F,DE,Physician,2025-06-19,
10004482,58,M,IN,Consumer,2025-10-22,HO
10004483,53,F,IN,Physician,2025-06-18,
10004484,56,M,IN,Consumer,2025-11-04,
10004485,64,F,US,Pharmacist,2025-12-25,HO
10004486,43,M,IN,Physician,2025-02-04,
10004487,58,F,IN,Pharmacist,2025-02-16,
10004488,69,M,IN,Physician,2025-01-15,HO
10004489,41,M,IN,Pharmacist,2025-12-12,
10004490,66,F,IN,Pharmacist,2025-12-07,
10004491,45,F,IN,Physician,2025-07-14,
10004492,60,F,JP,Pharmacist,2025-09-02,
10004493,50,M,US,Pharmacist,2025-10-08,
10004494,45,M,IN,Pharmacist,2025-03-10,
10004495,42,F,US,Physician,2025-05-26,HO
10004496,48,F,US,Consumer,2025-11-11,HO
10004497,60,M,GB,Consumer,2025-07-19,
10004498,59,M,JP,Consumer,2025-11-10,
10004499,24,F,JP,Physician,2025-05-12,
10004500,67,M,DE,Consumer,2025-08-07,
10004501,63,F,US,Consumer,2025-10-03,
10004502,84,M,IN,Consumer,2025-12-22,HO
10004503,18,F,DE,Other HCP,2025-02-12,OT
10004504,41,F,DE,Physician,2025-02-01,
10004505,61,M,US,Consumer,2025-09-14,
10004506,80,M,US,Physician,2025-08-02,
10004507,60,M,JP,Consumer,2025-07-04,
10004508,64,M,IN,Physician,2025-08-01,
10004509,56,M,JP,Physician,2025-06-25,
10004510,83,M,DE,Consumer,2025-04-01,
10004511,57,F,US,Physician,2025-07-19,HO
10004512,56,F,IN,Other HCP,2025-06-18,
10004513,45,M,IN,Consumer,2025-01-18,HO
10004514,38,F,IN,Physician,2025-07-14,HO
10004515,75,F,JP,Pharmacist,2025-02-07,
10004516,70,M,IN,Consumer,2025-12-10,
10004517,64,F,US,Consumer,2025-11-12,
10004518,42,F,IN,Other HCP,2025-11-17,
10004519,77,F,DE,Consumer,2025-06-01,HO
10004520,73,F,IN,Consumer,2025-02-08,
10004521,19,M,IN,Physician,2025-02-06,
10004522,71,M,IN,Consumer,2025-08-13,
10004523,54,M,DE,Physician,2025-07-12,HO
10004524,53,M,DE,Physician,2025-12-07,
10004525,55,F,IN,Physician,2025-01-06,
10004526,53,M,IN,Other HCP,2025-11-26,
10004527,71,F,IN,Consumer,2025-03-22,
10004528,34,M,DE,Pharmacist,2025-02-06,HO
10004529,42,F,JP,Pharmacist,2025-10-06,OT
10004530,53,M,IN,Pharmacist,2025-07-13,OT
10004531,19,F,DE,Consumer,2025-12-08,
10004532,76,F,IN,Consumer,2025-03-18,
10004533,85,F,US,Physician,2025-03-16,HO
10004534,67,F,IN,Physician,2025-09-23,
10004535,51,F,JP,Consumer,2025-03-03,HO
10004536,73,M,GB,Consumer,2025-12-26,
10004537,47,M,IN,Other HCP,2025-08-19,
10004538,60,F,IN,Physician,2025-10-25,
10004539,43,F,IN,Physician,2025-03-05,HO
10004540,50,M,GB,Pharmacist,2025-11-05,
10004541,29,M,JP,Other HCP,2025-09-16,
10004542,55,M,DE,Physician,2025-06-23,OT
10004543,29,F,DE,Pharmacist,2025-03-18,
10004544,76,M,IN,Physician,2025-03-25,
10004545,43,F,IN,Pharmacist,2025-06-02,
10004546,60,F,GB,Physician,2025-01-05,OT
10004547,34,M,US,Other HCP,2025-06-08,
10004548,67,M,US,Physician,2025-05-22,
10004549,52,M,JP,Consumer,2025-02-02,
10004550,41,M,US,Consumer,2025-11-13,
10004551,49,F,GB,Consumer,2025-08-17,HO
10004552,57,F,IN,Consumer,2025-10-16,
10004553,94,F,IN,Consumer,2025-05-03,
10004554,48,F,IN,Consumer,2025-09-12,OT
10004555,30,M,DE,Other HCP,2025-07-01,
10004556,43,F,IN,Consumer,2025-04-14,
10004557,54,F,US,Consumer,2025-08-02,
10004558,47,M,JP,Pharmacist,2025-02-19,
10004559,78,F,IN,Pharmacist,2025-10-01,OT
10004560,18,M,GB,Other HCP,2025-07-14,
10004561,40,M,IN,Physician,2025-08-26,
10004562,93,F,DE,Physician,2025-11-24,
10004563,44,F,GB,Pharmacist,2025-12-20,
10004564,48,M,US,Consumer,2025-07-17,HO
10004565,61,F,US,Consumer,2025-09-23,
10004566,40,M,JP,Physician,2025-03-24,
10004567,42,M,JP,Consumer,2025-09-10,OT
10004568,63,F,IN,Physician,2025-07-10,
10004569,34,M,GB,Consumer,2025-02-08,HO
10004570,67,M,IN,Pharmacist,2025-04-21,
10004571,69,M,GB,Physician,2025-11-07,
10004572,41,M,JP,Physician,2025-08-16,
10004573,61,M,GB,Other HCP,2025-02-20,
10004574,27,F,US,Physician,2025-09-12,HO
10004575,73,M,GB,Consumer,2025-12-21,
10004576,66,F,JP,Physician,2025-02-07,
10004577,77,M,US,Consumer,2025-03-18,
10004578,52,F,GB,Consumer,2025-01-20,
10004579,50,M,DE,Physician,2025-07-14,
10004580,32,M,JP,Consumer,2025-02-12,
10004581,26,F,IN,Consumer,2025-02-07,
10004582,58,F,GB,Physician,2025-10-09,
10004583,84,F,IN,Physician,2025-05-22,
10004584,25,M,IN,Physician,2025-09-15,
10004585,58,F,GB,Other HCP,2025-11-23,
10004586,46,M,DE,Pharmacist,2025-09-23,
10004587,65,F,GB,Consumer,2025-06-14,
10004588,74,F,IN,Pharmacist,2025-01-19,
10004589,66,F,DE,Consumer,2025-12-15,OT
10004590,53,F,JP,Physician,2025-09-24,
10004591,21,M,JP,Physician,2025-02-27,
10004592,52,M,GB,Consumer,2025-06-14,
10004593,71,M,IN,Consumer,2025-04-17,HO
10004594,88,F,JP,Pharmacist,2025-12-02,HO
10004595,44,F,JP,Pharmacist,2025-01-09,
10004596,55,F,US,Consumer,2025-06-17,
10004597,23,M,GB,Pharmacist,2025-01-15,HO
10004598,56,F,GB,Consumer,2025-05-21,HO
10004599,64,F,IN,Physician,2025-10-18,HO
10004600,67,F,IN,Consumer,2025-05-06,
10004601,33,F,DE,Other HCP,2025-01-22,
10004602,60,M,GB,Pharmacist,2025-08-12,
10004603,79,M,IN,Pharmacist,2025-11-12,
10004604,52,F,GB,Physician,2025-01-08,
10004605,58,F,IN,Physician,2025-06-23,
10004606,39,M,DE,Physician,2025-06-05,HO
10004607,58,F,DE,Physician,2025-11-01,
10004608,65,F,IN,Physician,2025-05-06,
10004609,39,M,US,Consumer,2025-01-10,
10004610,66,M,US,Physician,2025-07-07,
10004611,68,M,IN,Physician,2025-02-24,OT
10004612,63,M,DE,Physician,2025-07-03,
10004613,51,M,GB,Pharmacist,2025-08-11,HO
10004614,53,F,JP,Other HCP,2025-02-24,
10004615,38,F,IN,Consumer,2025-05-11,
10004616,48,F,IN,Consumer,2025-05-09,OT
10004617,48,F,JP,Pharmacist,2025-06-06,
10004618,37,F,IN,Physician,2025-01-17,
10004619,39,F,IN,Consumer,2025-11-05,
10004620,39,M,GB,Physician,2025-12-19,
10004621,31,F,DE,Consumer,2025-11-07,HO
10004622,45,M,IN,Consumer,2025-11-26,
10004623,65,F,JP,Physician,2025-05-11,
10004624,37,F,IN,Other HCP,2025-05-13,
10004625,69,M,IN,Physician,2025-11-21,
10004626,48,F,US,Consumer,2025-08-07,OT
10004627,62,M,DE,Consumer,2025-09-25,
10004628,48,F,IN,Pharmacist,2025-11-06,
10004629,41,F,DE,Physician,2025-10-24,
10004630,55,F,JP,Physician,2025-05-16,
10004631,53,F,IN,Consumer,2025-11-17,
10004632,60,M,JP,Physician,2025-04-15,
10004633,29,F,IN,Physician,2025-10-26,HO
10004634,34,F,DE,Pharmacist,2025-03-26,
10004635,65,M,GB,Consumer,2025-01-02,
10004636,26,M,IN,Consumer,2025-04-25,
10004637,53,F,JP,Consumer,2025-05-15,
10004638,65,M,JP,Pharmacist,2025-09-05,
10004639,70,F,GB,Pharmacist,2025-10-12,
10004640,93,F,IN,Consumer,2025-10-18,OT
10004641,62,F,DE,Consumer,2025-12-27,
10004642,59,F,US,Pharmacist,2025-07-15,
10004643,52,F,JP,Pharmacist,2025-08-06,
10004644,57,F,IN,Consumer,2025-10-02,
10004645,37,F,IN,Pharmacist,2025-11-01,
10004646,34,M,IN,Physician,2025-12-03,
10004647,67,M,IN,Physician,2025-03-10,
10004648,38,F,IN,Physician,2025-01-22,
10004649,63,M,JP,Consumer,2025-01-07,
10004650,80,F,JP,Pharmacist,2025-02-25,
10004651,61,F,IN,Consumer,2025-02-04,
10004652,74,F,US,Physician,2025-06-15,HO
10004653,54,F,IN,Physician,2025-09-14,
10004654,55,M,JP,Consumer,2025-11-23,
10004655,58,M,JP,Pharmacist,2025-08-27,
10004656,90,F,IN,Other HCP,2025-01-20,OT
10004657,54,F,DE,Other HCP,2025-04-10,
10004658,44,F,US,Consumer,2025-12-08,
10004659,38,F,US,Physician,2025-09-21,HO
10004660,56,M,IN,Consumer,2025-01-22,
10004661,18,F,DE,Consumer,2025-07-13,
10004662,38,M,IN,Physician,2025-11-08,HO
10004663,44,F,IN,Other HCP,2025-03-27,
10004664,71,M,IN,Pharmacist,2025-12-06,HO
10004665,84,F,IN,Pharmacist,2025-06-22,HO
10004666,48,M,US,Physician,2025-08-20,HO
10004667,49,M,IN,Physician,2025-10-03,HO
10004668,48,F,US,Consumer,2025-04-16,
10004669,48,M,IN,Consumer,2025-10-01,
10004670,54,F,IN,Other HCP,2025-07-06,
10004671,71,F,GB,Consumer,2025-09-21,
10004672,67,M,IN,Consumer,2025-10-09,HO
10004673,45,F,JP,Physician,2025-12-27,
10004674,53,M,DE,Physician,2025-08-02,
10004675,58,F,GB,Physician,2025-02-01,HO
10004676,73,M,GB,Pharmacist,2025-10-24,
10004677,52,F,US,Physician,2025-08-18,
10004678,43,F,DE,Physician,2025-03-09,
10004679,56,F,IN,Physician,2025-02-19,
10004680,78,M,IN,Other HCP,2025-01-27,OT
10004681,57,F,JP,Physician,2025-01-20,
10004682,65,M,IN,Consumer,2025-03-03,HO
10004683,70,M,US,Physician,2025-07-06,HO
10004684,68,F,GB,Other HCP,2025-02-10,
10004685,42,F,GB,Physician,2025-06-03,
10004686,49,F,JP,Consumer,2025-06-25,
10004687,52,M,JP,Consumer,2025-06-03,OT
10004688,61,F,IN,Consumer,2025-09-07,
10004689,51,F,IN,Physician,2025-04-25,
10004690,46,F,US,Physician,2025-12-22,HO
10004691,79,F,IN,Consumer,2025-01-06,
10004692,39,M,IN,Pharmacist,2025-12-25,
10004693,78,F,IN,Physician,2025-08-25,
10004694,79,M,IN,Physician,2025-09-07,
10004695,79,M,JP,Consumer,2025-04-15,
10004696,51,F,US,Consumer,2025-02-23,
10004697,45,M,IN,Pharmacist,2025-05-03,
10004698,49,M,IN,Consumer,2025-11-09,HO
10004699,69,M,DE,Physician,2025-11-21,HO
10004700,55,F,IN,Consumer,2025-09-07,HO
10004701,34,F,DE,Physician,2025-06-16,
10004702,54,F,US,Consumer,2025-08-22,
10004703,62,M,IN,Physician,2025-11-11,HO
10004704,32,F,IN,Physician,2025-02-27,
10004705,65,M,IN,Physician,2025-04-27,HO
10004706,78,F,GB,Consumer,2025-01-14,
10004707,66,F,JP,Consumer,2025-10-08,
10004708,68,M,JP,Physician,2025-07-04,
10004709,77,F,IN,Pharmacist,2025-10-21,
10004710,46,F,JP,Consumer,2025-12-13,
10004711,40,F,IN,Pharmacist,2025-04-15,
10004712,56,F,IN,Consumer,2025-06-07,
10004713,77,F,JP,Other HCP,2025-06-01,
10004714,50,F,JP,Physician,2025-12-14,
10004715,33,M,DE,Pharmacist,2025-12-07,
10004716,30,M,DE,Consumer,2025-07-01,
10004717,39,F,IN,Other HCP,2025-01-18,
10004718,71,M,DE,Physician,2025-04-01,
10004719,52,M,IN,Pharmacist,2025-08-18,OT
10004720,57,M,US,Consumer,2025-01-21,
10004721,56,F,US,Consumer,2025-11-26,HO
10004722,37,F,IN,Consumer,2025-09-01,HO
10004723,95,F,IN,Pharmacist,2025-01-27,
10004724,72,F,IN,Consumer,2025-07-06,HO
10004725,45,F,GB,Consumer,2025-06-20,OT
10004726,52,F,JP,Pharmacist,2025-06-07,
10004727,68,M,GB,Physician,2025-12-02,HO
10004728,52,F,JP,Physician,2025-10-06,HO
10004729,60,M,IN,Other HCP,2025-12-27,
10004730,69,F,US,Pharmacist,2025-07-17,HO
10004731,57,M,JP,Pharmacist,2025-08-18,HO
10004732,79,F,IN,Consumer,2025-07-09,
10004733,32,F,IN,Pharmacist,2025-06-16,
10004734,63,F,US,Physician,2025-04-12,
10004735,75,F,IN,Consumer,2025-05-07,HO
10004736,62,M,IN,Physician,2025-09-01,
10004737,47,F,DE,Physician,2025-03-20,HO
10004738,67,F,US,Consumer,2025-03-01,
10004739,33,M,IN,Consumer,2025-02-06,
10004740,80,M,JP,Consumer,2025-04-12,
10004741,66,F,US,Physician,2025-11-06,
10004742,61,M,JP,Physician,2025-07-27,
10004743,60,M,IN,Consumer,2025-08-11,
10004744,67,F,GB,Physician,2025-03-20,HO
10004745,62,F,GB,Consumer,2025-03-06,
10004746,52,M,DE,Pharmacist,2025-01-20,
10004747,46,F,JP,Consumer,2025-06-26,HO
10004748,52,F,IN,Consumer,2025-10-14,
10004749,79,F,IN,Consumer,2025-04-04,
10004750,20,F,IN,Consumer,2025-04-26,OT
10004751,69,F,GB,Physician,2025-06-21,
10004752,58,M,DE,Pharmacist,2025-08-01,
10004753,54,M,IN,Pharmacist,2025-08-21,
10004754,45,M,JP,Physician,2025-07-08,HO
10004755,59,F,GB,Physician,2025-11-22,
10004756,75,M,US,Consumer,2025-10-25,
10004757,59,M,IN,Pharmacist,2025-02-23,
10004758,73,F,US,Physician,2025-03-03,
10004759,75,F,DE,Consumer,2025-09-15,
10004760,47,M,JP,Physician,2025-12-03,
10004761,39,F,DE,Physician,2025-05-17,HO
10004762,52,M,DE,Physician,2025-12-05,
10004763,65,F,GB,Other HCP,2025-08-23,
10004764,74,F,DE,Consumer,2025-07-13,
10004765,63,F,US,Physician,2025-04-26,HO
10004766,45,M,IN,Other HCP,2025-05-25,
10004767,63,F,IN,Consumer,2025-05-03,
10004768,81,M,GB,Consumer,2025-04-01,HO
10004769,63,M,GB,Consumer,2025-03-12,
10004770,31,F,DE,Consumer,2025-11-06,
10004771,77,F,US,Consumer,2025-02-02,
10004772,73,M,IN,Consumer,2025-01-25,
10004773,64,M,US,Consumer,2025-11-16,
10004774,49,M,IN,Other HCP,2025-07-06,HO
10004775,74,F,GB,Physician,2025-03-07,
10004776,52,F,GB,Consumer,2025-08-16,HO
10004777,55,M,IN,Pharmacist,2025-12-04,HO
10004778,54,F,IN,Consumer,2025-01-03,HO
10004779,35,M,DE,Consumer,2025-10-26,
10004780,65,M,US,Pharmacist,2025-11-08,
10004781,37,M,GB,Physician,2025-10-07,HO
10004782,18,M,US,Physician,2025-07-22,
10004783,49,F,IN,Physician,2025-05-19,
10004784,72,F,JP,Consumer,2025-04-20,
10004785,61,F,DE,Other HCP,2025-07-26,OT
10004786,34,F,GB,Physician,2025-10-01,
10004787,36,F,JP,Pharmacist,2025-08-24,HO
10004788,72,M,DE,Pharmacist,2025-03-03,
10004789,59,F,JP,Pharmacist,2025-04-10,
10004790,59,M,IN,Physician,2025-09-18,
10004791,28,M,US,Consumer,2025-07-15,
10004792,76,F,JP,Physician,2025-04-07,
10004793,43,M,JP,Physician,2025-04-11,
10004794,24,F,IN,Other HCP,2025-01-19,
10004795,28,F,IN,Pharmacist,2025-10-20,
10004796,60,F,DE,Other HCP,2025-08-10,
10004797,36,F,DE,Pharmacist,2025-03-04,
10004798,73,F,JP,Consumer,2025-04-17,
10004799,49,F,IN,Consumer,2025-04-02,
10004800,52,M,IN,Physician,2025-11-10,
10004801,37,F,GB,Physician,2025-05-24,
10004802,72,F,GB,Pharmacist,2025-09-07,
10004803,40,F,US,Pharmacist,2025-04-03,
10004804,61,M,IN,Physician,2025-05-09,HO
10004805,66,M,IN,Consumer,2025-03-03,
10004806,59,F,IN,Consumer,2025-12-04,
10004807,57,M,DE,Consumer,2025-09-05,HO
10004808,46,M,IN,Physician,2025-05-05,
10004809,59,F,IN,Consumer,2025-05-17,
10004810,56,M,IN,Consumer,2025-09-27,
10004811,62,F,IN,Consumer,2025-02-03,
10004812,36,F,GB,Physician,2025-05-16,
10004813,30,F,US,Consumer,2025-01-21,
10004814,66,M,JP,Consumer,2025-07-08,
10004815,62,F,JP,Physician,2025-01-26,
10004816,30,F,IN,Consumer,2025-11-25,
10004817,32,F,US,Physician,2025-06-15,
10004818,48,F,DE,Pharmacist,2025-01-09,
10004819,50,F,DE,Physician,2025-03-03,
10004820,34,M,IN,Physician,2025-08-26,
10004821,85,M,IN,Consumer,2025-05-24,
10004822,54,F,GB,Physician,2025-12-15,
10004823,53,F,US,Consumer,2025-04-08,HO
10004824,52,M,IN,Physician,2025-01-16,
10004825,40,M,JP,Physician,2025-01-25,
10004826,78,M,IN,Physician,2025-08-25,
10004827,60,M,DE,Other HCP,2025-02-16,
10004828,59,F,IN,Physician,2025-01-25,
10004829,74,M,US,Consumer,2025-06-16,
10004830,45,M,JP,Consumer,2025-10-03,HO
10004831,63,F,IN,Physician,2025-07-12,
10004832,38,F,IN,Consumer,2025-01-09,
10004833,52,M,JP,Physician,2025-12-16,
10004834,52,F,GB,Consumer,2025-07-15,
10004835,67,F,US,Other HCP,2025-11-26,HO
10004836,55,F,US,Pharmacist,2025-09-23,
10004837,53,M,IN,Consumer,2025-07-07,
10004838,62,M,DE,Consumer,2025-08-23,HO
10004839,58,F,US,Consumer,2025-09-06,
10004840,33,M,IN,Physician,2025-10-20,
10004841,44,M,DE,Other HCP,2025-03-05,HO
10004842,58,M,JP,Pharmacist,2025-11-07,
10004843,43,M,GB,Physician,2025-08-24,
10004844,52,F,DE,Physician,2025-05-27,
10004845,47,F,GB,Physician,2025-04-10,
10004846,57,F,IN,Consumer,2025-08-14,
10004847,75,M,IN,Physician,2025-11-16,HO
10004848,75,F,JP,Other HCP,2025-02-08,
10004849,63,M,IN,Consumer,2025-05-03,
10004850,43,F,DE,Other HCP,2025-02-15,
10004851,78,F,IN,Physician,2025-07-23,HO
10004852,63,F,US,Pharmacist,2025-08-04,
10004853,48,F,GB,Consumer,2025-02-14,
10004854,59,M,JP,Physician,2025-10-16,
10004855,45,M,IN,Consumer,2025-06-01,
10004856,44,F,US,Pharmacist,2025-09-25,
10004857,33,F,JP,Consumer,2025-05-11,
10004858,52,M,GB,Physician,2025-11-24,
10004859,75,M,US,Consumer,2025-07-19,
10004860,60,M,GB,Physician,2025-01-08,
10004861,27,M,IN,Consumer,2025-10-18,
10004862,33,F,JP,Consumer,2025-01-07,
10004863,43,F,US,Consumer,2025-02-25,
10004864,65,M,GB,Physician,2025-08-20,
10004865,56,F,IN,Other HCP,2025-09-24,
10004866,76,M,IN,Physician,2025-01-06,
10004867,82,F,DE,Physician,2025-03-09,
10004868,38,F,GB,Other HCP,2025-11-18,OT
10004869,48,F,IN,Consumer,2025-12-10,
10004870,79,M,GB,Physician,2025-05-22,
10004871,63,F,US,Consumer,2025-02-18,HO
10004872,35,M,IN,Pharmacist,2025-03-17,
10004873,52,M,IN,Consumer,2025-03-16,HO
10004874,40,F,US,Consumer,2025-11-09,
10004875,59,F,US,Physician,2025-12-15,HO
10004876,44,F,GB,Consumer,2025-04-14,
10004877,43,F,IN,Other HCP,2025-04-23,
10004878,65,M,IN,Consumer,2025-12-25,
10004879,77,F,IN,Physician,2025-06-12,
10004880,73,F,DE,Physician,2025-12-10,HO
10004881,61,M,GB,Consumer,2025-06-02,
10004882,62,F,IN,Consumer,2025-11-09,
10004883,65,M,IN,Pharmacist,2025-04-05,
10004884,77,M,IN,Consumer,2025-01-24,
10004885,66,F,US,Pharmacist,2025-07-13,
10004886,61,M,IN,Consumer,2025-12-17,
10004887,59,F,GB,Consumer,2025-12-19,OT
10004888,54,F,JP,Pharmacist,2025-10-17,
10004889,69,M,IN,Pharmacist,2025-05-04,
10004890,60,M,IN,Physician,2025-03-11,
10004891,45,M,GB,Consumer,2025-08-07,
10004892,61,F,IN,Physician,2025-08-12,
10004893,49,F,GB,Consumer,2025-07-07,
10004894,30,F,GB,Other HCP,2025-11-21,
10004895,40,M,IN,Consumer,2025-12-26,
10004896,65,M,US,Consumer,2025-02-24,
10004897,68,F,DE,Physician,2025-02-17,
10004898,87,F,GB,Pharmacist,2025-10-15,OT
10004899,66,M,DE,Pharmacist,2025-09-13,
10004900,32,M,JP,Consumer,2025-11-11,
10004901,33,F,GB,Consumer,2025-12-13,
10004902,95,F,GB,Consumer,2025-11-23,
10004903,73,F,US,Other HCP,2025-11-27,
10004904,36,F,US,Physician,2025-01-02,
10004905,28,F,DE,Consumer,2025-11-11,
10004906,65,M,GB,Physician,2025-09-16,HO
10004907,60,M,JP,Physician,2025-09-17,
10004908,29,F,GB,Physician,2025-07-26,
10004909,71,F,GB,Consumer,2025-04-22,
10004910,46,F,IN,Physician,2025-08-10,
10004911,52,M,DE,Consumer,2025-09-24,OT
10004912,72,F,IN,Physician,2025-10-13,
10004913,83,F,IN,Physician,2025-07-01,OT
10004914,34,M,DE,Consumer,2025-07-05,HO
10004915,55,F,US,Physician,2025-09-11,HO
10004916,73,F,GB,Physician,2025-06-18,HO
10004917,18,F,IN,Consumer,2025-11-02,
10004918,30,M,IN,Consumer,2025-01-10,HO
10004919,37,F,DE,Consumer,2025-12-16,HO
10004920,75,M,IN,Other HCP,2025-10-09,OT
10004921,45,F,JP,Physician,2025-11-12,
10004922,63,F,IN,Physician,2025-07-15,
10004923,48,F,JP,Other HCP,2025-07-27,
10004924,60,M,DE,Consumer,2025-10-25,
10004925,57,F,US,Physician,2025-01-21,
10004926,64,F,IN,Physician,2025-08-13,
10004927,31,M,US,Physician,2025-09-25,
10004928,53,F,DE,Other HCP,2025-04-06,
10004929,56,M,IN,Consumer,2025-04-03,OT
10004930,44,M,DE,Pharmacist,2025-08-08,
10004931,52,F,IN,Consumer,2025-10-16,
10004932,44,F,IN,Pharmacist,2025-03-18,
10004933,46,M,IN,Consumer,2025-03-12,
10004934,74,F,JP,Consumer,2025-12-02,
10004935,50,M,JP,Physician,2025-01-24,
10004936,57,F,JP,Consumer,2025-08-20,
10004937,43,M,DE,Consumer,2025-12-02,
10004938,63,F,IN,Pharmacist,2025-11-21,
10004939,87,F,GB,Consumer,2025-11-09,
10004940,54,M,IN,Physician,2025-05-07,
10004941,65,M,DE,Physician,2025-09-15,
10004942,18,M,GB,Pharmacist,2025-06-19,
10004943,33,M,IN,Pharmacist,2025-12-08,HO
10004944,61,F,DE,Physician,2025-01-16,OT
10004945,41,M,US,Other HCP,2025-10-18,
10004946,78,F,IN,Consumer,2025-01-09,
10004947,68,F,IN,Pharmacist,2025-02-26,HO
10004948,52,M,GB,Pharmacist,2025-07-16,
10004949,68,M,US,Consumer,2025-12-22,
10004950,76,F,JP,Consumer,2025-09-02,
10004951,62,M,DE,Pharmacist,2025-01-06,
10004952,76,M,IN,Physician,2025-07-03,HO
10004953,37,F,IN,Consumer,2025-11-09,
10004954,53,M,GB,Consumer,2025-08-16,
10004955,54,M,DE,Pharmacist,2025-04-06,OT
10004956,53,F,IN,Consumer,2025-07-20,
10004957,48,F,US,Pharmacist,2025-05-25,
10004958,52,M,GB,Other HCP,2025-06-06,
10004959,78,F,DE,Consumer,2025-07-25,
10004960,73,F,IN,Consumer,2025-03-22,
10004961,63,M,IN,Consumer,2025-07-15,
10004962,36,F,IN,Consumer,2025-05-05,
10004963,60,F,DE,Consumer,2025-10-19,
10004964,25,M,JP,Consumer,2025-05-23,
10004965,40,F,US,Physician,2025-06-23,HO
10004966,54,F,IN,Pharmacist,2025-01-11,OT
10004967,37,F,GB,Consumer,2025-03-27,
10004968,46,F,IN,Pharmacist,2025-11-11,
10004969,64,F,JP,Physician,2025-04-07,
10004970,78,F,IN,Consumer,2025-07-04,
10004971,58,M,JP,Consumer,2025-02-07,HO
10004972,48,F,IN,Pharmacist,2025-03-04,
10004973,48,F,DE,Consumer,2025-12-17,HO
10004974,89,M,IN,Pharmacist,2025-10-18,
10004975,49,M,US,Physician,2025-11-16,
10004976,49,M,DE,Consumer,2025-06-26,
10004977,55,M,IN,Consumer,2025-04-18,
10004978,53,M,JP,Consumer,2025-04-07,
10004979,68,M,GB,Consumer,2025-11-12,
10004980,49,F,GB,Physician,2025-04-03,
10004981,35,M,IN,Consumer,2025-08-13,OT
10004982,36,M,IN,Physician,2025-10-24,
10004983,30,F,IN,Consumer,2025-06-09,HO
10004984,60,F,IN,Pharmacist,2025-12-13,
10004985,53,M,DE,Physician,2025-01-27,OT
10004986,18,F,JP,Physician,2025-08-16,
10004987,45,M,IN,Physician,2025-10-10,
10004988,44,F,IN,Physician,2025-05-01,
10004989,49,F,DE,Physician,2025-02-18,HO
10004990,57,F,IN,Physician,2025-07-27,
10004991,49,M,US,Pharmacist,2025-05-06,
10004992,49,M,IN,Physician,2025-08-20,HO
10004993,79,M,JP,Pharmacist,2025-08-06,
10004994,70,F,IN,Pharmacist,2025-03-04,
10004995,72,F,GB,Other HCP,2025-03-27,
10004996,40,F,US,Pharmacist,2025-06-12,
10004997,65,M,GB,Physician,2025-12-25,
10004998,68,F,IN,Physician,2025-10-21,
10004999,46,F,IN,Physician,2025-01-04,HO
10005000,43,M,JP,Consumer,2025-08-06,
10005001,90,M,IN,Consumer,2025-02-27,
10005002,58,M,IN,Physician,2025-08-25,HO
10005003,18,F,DE,Consumer,2025-04-18,
10005004,68,F,IN,Consumer,2025-12-06,
10005005,56,F,IN,Consumer,2025-06-27,
10005006,56,F,US,Physician,2025-07-01,OT
10005007,38,M,IN,Consumer,2025-11-24,
10005008,43,F,US,Physician,2025-06-20,OT
10005009,80,M,IN,Physician,2025-05-21,
10005010,63,M,IN,Consumer,2025-05-09,HO
10005011,54,F,US,Consumer,2025-07-10,
10005012,54,F,IN,Pharmacist,2025-07-20,
10005013,66,M,US,Physician,2025-12-17,OT
10005014,64,F,GB,Physician,2025-01-12,
10005015,32,M,DE,Pharmacist,2025-11-15,OT
10005016,62,F,GB,Pharmacist,2025-08-24,HO
10005017,63,M,GB,Pharmacist,2025-01-18,
10005018,89,F,IN,Pharmacist,2025-01-15,
10005019,65,M,US,Consumer,2025-11-05,
10005020,59,F,IN,Physician,2025-02-27,
10005021,71,M,DE,Pharmacist,2025-04-17,
10005022,50,F,JP,Pharmacist,2025-10-15,
10005023,41,M,GB,Pharmacist,2025-02-19,
10005024,67,M,IN,Pharmacist,2025-04-07,HO
10005025,71,F,IN,Consumer,2025-07-26,
10005026,49,F,US,Consumer,2025-07-11,
10005027,94,M,GB,Physician,2025-09-24,
10005028,35,F,US,Pharmacist,2025-03-23,
10005029,75,F,US,Pharmacist,2025-01-16,
10005030,70,F,IN,Pharmacist,2025-12-01,
10005031,74,M,IN,Physician,2025-04-21,
10005032,70,F,JP,Consumer,2025-05-05,HO
10005033,64,F,IN,Physician,2025-09-11,
10005034,55,F,IN,Physician,2025-04-06,
10005035,65,M,IN,Pharmacist,2025-02-06,
10005036,57,F,JP,Physician,2025-04-04,
10005037,53,F,IN,Physician,2025-02-06,
10005038,66,F,GB,Physician,2025-03-08,
10005039,65,F,GB,Physician,2025-03-23,
10005040,62,F,DE,Consumer,2025-06-19,
10005041,67,M,GB,Consumer,2025-06-10,
10005042,71,M,JP,Other HCP,2025-06-13,HO
10005043,58,F,US,Physician,2025-12-08,
10005044,55,F,IN,Consumer,2025-09-02,HO
10005045,38,F,US,Physician,2025-11-17,
10005046,84,F,GB,Physician,2025-01-25,
10005047,72,M,DE,Consumer,2025-01-15,
10005048,69,M,GB,Physician,2025-11-23,
10005049,46,F,JP,Consumer,2025-03-24,
10005050,49,M,DE,Consumer,2025-12-01,
10005051,32,M,IN,Physician,2025-05-26,HO
10005052,30,F,US,Consumer,2025-08-03,
10005053,44,M,IN,Consumer,2025-12-16,
10005054,47,F,IN,Pharmacist,2025-02-12,
10005055,63,M,IN,Consumer,2025-01-07,HO
10005056,50,F,IN,Physician,2025-10-13,
10005057,61,M,DE,Consumer,2025-10-26,
10005058,49,F,JP,Consumer,2025-02-21,OT
10005059,60,M,IN,Physician,2025-05-07,
10005060,58,F,IN,Pharmacist,2025-04-20,
10005061,54,M,IN,Consumer,2025-01-26,
10005062,42,F,IN,Physician,2025-10-25,OT
10005063,46,M,IN,Physician,2025-08-26,
10005064,48,M,GB,Consumer,2025-06-27,
10005065,40,M,GB,Consumer,2025-10-07,
10005066,82,M,GB,Consumer,2025-05-24,
10005067,56,F,DE,Consumer,2025-10-25,
10005068,60,F,IN,Physician,2025-08-01,
10005069,46,F,IN,Consumer,2025-01-21,
10005070,58,M,IN,Other HCP,2025-05-16,
10005071,62,M,IN,Consumer,2025-08-15,
10005072,35,F,US,Physician,2025-01-01,
10005073,67,F,US,Pharmacist,2025-12-06,
10005074,31,F,IN,Consumer,2025-07-07,
10005075,69,M,IN,Physician,2025-08-17,
10005076,52,F,DE,Pharmacist,2025-07-19,
10005077,54,F,IN,Consumer,2025-11-16,
10005078,62,M,IN,Physician,2025-12-22,HO
10005079,53,M,US,Consumer,2025-08-23,HO
10005080,49,F,DE,Physician,2025-07-10,OT
10005081,53,M,GB,Physician,2025-09-09,
10005082,28,F,DE,Physician,2025-04-02,
10005083,68,F,US,Physician,2025-11-24,
10005084,32,F,IN,Physician,2025-03-26,
10005085,52,F,JP,Consumer,2025-05-22,HO
10005086,19,F,IN,Consumer,2025-07-14,
10005087,68,M,JP,Physician,2025-04-21,OT
10005088,47,M,IN,Physician,2025-06-16,OT
10005089,24,F,US,Physician,2025-09-01,
10005090,51,F,IN,Consumer,2025-05-12,
10005091,61,M,JP,Pharmacist,2025-05-17,
10005092,40,F,GB,Consumer,2025-01-04,OT
10005093,88,F,US,Physician,2025-03-14,
10005094,51,F,GB,Consumer,2025-12-26,HO
10005095,57,F,DE,Consumer,2025-09-24,
10005096,57,F,GB,Consumer,2025-06-21,
10005097,62,F,DE,Physician,2025-06-22,
10005098,56,F,IN,Other HCP,2025-03-09,HO
10005099,52,M,JP,Consumer,2025-12-07,
10005100,40,F,US,Physician,2025-09-19,
10005101,59,M,IN,Other HCP,2025-08-03,OT
10005102,76,M,US,Pharmacist,2025-12-15,HO
10005103,56,M,IN,Consumer,2025-06-11,
10005104,54,M,IN,Consumer,2025-04-06,OT
10005105,48,F,JP,Physician,2025-02-18,HO
10005106,40,M,IN,Physician,2025-07-05,
10005107,51,M,IN,Other HCP,2025-01-17,
10005108,60,F,GB,Consumer,2025-02-19,
10005109,74,F,IN,Consumer,2025-01-01,
10005110,59,F,IN,Consumer,2025-01-23,
10005111,51,F,JP,Consumer,2025-04-06,HO
10005112,52,F,IN,Physician,2025-06-08,
10005113,63,M,DE,Physician,2025-08-12,
10005114,37,M,IN,Pharmacist,2025-05-16,
10005115,86,F,DE,Consumer,2025-12-14,
10005116,33,F,IN,Other HCP,2025-05-08,
10005117,25,F,IN,Physician,2025-01-01,
10005118,68,F,JP,Pharmacist,2025-01-24,OT
10005119,78,M,GB,Consumer,2025-09-20,
10005120,75,M,IN,Physician,2025-07-25,
10005121,54,F,IN,Consumer,2025-06-05,HO
10005122,79,M,GB,Consumer,2025-09-27,
10005123,26,M,US,Physician,2025-05-13,
10005124,50,M,DE,Physician,2025-09-27,
10005125,53,M,IN,Consumer,2025-02-04,
10005126,46,M,IN,Physician,2025-09-19,OT
10005127,45,M,DE,Consumer,2025-11-02,
10005128,33,F,IN,Physician,2025-01-08,
10005129,65,F,GB,Consumer,2025-03-10,
10005130,49,M,IN,Physician,2025-04-27,
10005131,56,F,US,Consumer,2025-10-12,OT
10005132,29,F,GB,Pharmacist,2025-05-10,
10005133,74,F,IN,Consumer,2025-08-01,OT
10005134,47,M,JP,Consumer,2025-09-11,HO
10005135,69,F,IN,Physician,2025-06-10,
10005136,20,F,GB,Physician,2025-02-04,OT
10005137,70,M,IN,Physician,2025-07-15,
10005138,53,F,IN,Physician,2025-09-12,
10005139,58,F,GB,Physician,2025-05-24,HO
10005140,40,F,DE,Physician,2025-06-16,
10005141,40,F,JP,Pharmacist,2025-06-20,
10005142,34,F,GB,Consumer,2025-06-17,HO
10005143,71,F,IN,Consumer,2025-05-24,
10005144,84,F,JP,Consumer,2025-11-05,
10005145,67,F,IN,Consumer,2025-11-22,
10005146,65,M,JP,Physician,2025-09-25,
10005147,57,F,GB,Other HCP,2025-09-26,
10005148,58,M,IN,Consumer,2025-02-27,
10005149,38,M,IN,Consumer,2025-05-19,
10005150,49,M,IN,Pharmacist,2025-04-02,HO
10005151,55,F,JP,Pharmacist,2025-03-11,
10005152,51,M,JP,Physician,2025-05-02,
10005153,89,M,JP,Consumer,2025-10-04,
10005154,58,M,JP,Physician,2025-08-19,
10005155,60,F,IN,Physician,2025-02-06,
10005156,49,F,IN,Physician,2025-07-27,
10005157,76,M,DE,Pharmacist,2025-09-01,
10005158,57,M,GB,Pharmacist,2025-02-25,
10005159,70,M,IN,Physician,2025-10-07,
10005160,38,F,JP,Other HCP,2025-03-03,
10005161,58,F,IN,Consumer,2025-04-11,
10005162,61,F,IN,Physician,2025-07-10,
10005163,71,F,JP,Pharmacist,2025-03-02,
10005164,78,F,JP,Consumer,2025-10-27,
10005165,79,F,JP,Physician,2025-04-24,HO
10005166,60,F,IN,Pharmacist,2025-05-05,
10005167,58,F,DE,Physician,2025-08-12,
10005168,73,F,IN,Consumer,2025-06-24,
10005169,81,M,GB,Consumer,2025-12-25,HO
10005170,44,F,JP,Physician,2025-08-10,
10005171,29,F,IN,Pharmacist,2025-06-16,
10005172,55,M,IN,Physician,2025-08-05,
10005173,45,M,US,Physician,2025-08-16,
10005174,60,M,IN,Consumer,2025-12-19,
10005175,40,F,JP,Physician,2025-06-21,HO
10005176,63,F,IN,Pharmacist,2025-12-23,OT
10005177,48,F,DE,Other HCP,2025-07-26,
10005178,42,F,IN,Physician,2025-12-25,HO
10005179,74,F,IN,Physician,2025-03-14,HO
10005180,59,M,GB,Consumer,2025-03-06,
10005181,60,M,US,Physician,2025-03-17,
10005182,49,M,IN,Physician,2025-12-16,
10005183,67,M,JP,Consumer,2025-09-23,
10005184,64,F,GB,Physician,2025-07-10,OT
10005185,80,F,IN,Consumer,2025-06-18,HO
10005186,65,F,US,Consumer,2025-08-16,
10005187,43,M,IN,Consumer,2025-10-22,
10005188,44,M,DE,Physician,2025-01-03,HO
10005189,81,F,JP,Physician,2025-04-27,
10005190,62,F,DE,Pharmacist,2025-05-23,
10005191,36,M,US,Pharmacist,2025-02-14,OT
10005192,25,M,IN,Consumer,2025-04-11,
10005193,27,F,GB,Pharmacist,2025-10-06,
10005194,68,M,IN,Physician,2025-08-19,
10005195,55,F,IN,Other HCP,2025-08-19,
10005196,49,F,DE,Consumer,2025-07-18,
10005197,25,F,IN,Consumer,2025-11-12,
10005198,57,M,JP,Physician,2025-01-23,
10005199,48,F,US,Pharmacist,2025-04-24,HO
10005200,72,M,DE,Pharmacist,2025-06-15,
10005201,66,M,JP,Pharmacist,2025-05-15,
10005202,64,M,IN,Consumer,2025-02-27,
10005203,66,F,US,Physician,2025-11-12,
10005204,95,F,JP,Pharmacist,2025-04-24,HO
10005205,52,F,US,Pharmacist,2025-12-13,
10005206,72,M,US,Consumer,2025-01-04,
10005207,44,F,US,Physician,2025-02-26,
10005208,63,F,JP,Physician,2025-08-20,
10005209,59,F,JP,Consumer,2025-04-03,
10005210,70,M,US,Other HCP,2025-03-02,
10005211,66,F,IN,Physician,2025-03-07,
10005212,78,M,DE,Physician,2025-05-14,
10005213,73,M,IN,Consumer,2025-08-01,
10005214,51,M,JP,Physician,2025-01-19,
10005215,79,F,US,Physician,2025-12-12,
10005216,44,F,IN,Consumer,2025-12-02,
10005217,47,F,US,Physician,2025-05-04,
10005218,58,F,JP,Consumer,2025-01-19,
10005219,76,F,DE,Physician,2025-03-03,HO
10005220,75,F,IN,Physician,2025-08-04,
10005221,74,F,IN,Pharmacist,2025-03-12,
10005222,57,F,GB,Consumer,2025-10-11,
10005223,70,M,DE,Physician,2025-01-25,
10005224,46,F,IN,Physician,2025-01-16,HO
10005225,45,M,GB,Consumer,2025-02-06,OT
10005226,67,F,IN,Consumer,2025-10-12,
10005227,39,M,IN,Other HCP,2025-11-07,
10005228,41,M,US,Pharmacist,2025-09-24,
10005229,64,F,GB,Consumer,2025-05-15,HO
10005230,57,F,IN,Consumer,2025-05-22,
10005231,51,F,IN,Physician,2025-08-27,
10005232,50,M,JP,Other HCP,2025-05-01,
10005233,66,F,GB,Pharmacist,2025-04-26,
10005234,57,F,GB,Physician,2025-10-24,
10005235,41,F,US,Other HCP,2025-01-10,
10005236,47,M,IN,Physician,2025-04-19,
10005237,64,F,US,Pharmacist,2025-01-10,
10005238,26,F,GB,Physician,2025-05-15,HO
10005239,66,M,IN,Other HCP,2025-09-07,
10005240,67,F,JP,Physician,2025-08-15,
10005241,83,M,GB,Physician,2025-07-09,
10005242,44,F,US,Physician,2025-09-09,
10005243,48,F,DE,Consumer,2025-08-08,
10005244,71,M,DE,Pharmacist,2025-06-10,HO
10005245,46,M,JP,Consumer,2025-05-22,
10005246,66,F,JP,Pharmacist,2025-05-26,
10005247,75,F,DE,Pharmacist,2025-09-08,
10005248,73,F,IN,Pharmacist,2025-04-03,HO
10005249,42,M,DE,Pharmacist,2025-11-03,
10005250,61,F,IN,Consumer,2025-07-13,OT
10005251,66,F,GB,Physician,2025-08-03,
10005252,66,F,DE,Pharmacist,2025-03-09,
10005253,50,F,DE,Physician,2025-04-14,
10005254,64,M,IN,Physician,2025-05-22,
10005255,41,M,DE,Consumer,2025-07-23,
10005256,39,M,JP,Pharmacist,2025-03-03,
10005257,36,M,JP,Other HCP,2025-01-19,
10005258,46,F,US,Consumer,2025-08-09,HO
10005259,43,F,IN,Consumer,2025-01-11,HO
10005260,62,F,IN,Other HCP,2025-07-27,
10005261,59,M,DE,Consumer,2025-11-11,
10005262,45,M,IN,Consumer,2025-03-08,OT
10005263,78,F,JP,Other HCP,2025-10-04,
10005264,95,M,DE,Consumer,2025-08-14,OT
10005265,50,M,JP,Consumer,2025-10-04,
10005266,47,M,DE,Physician,2025-02-18,
10005267,43,F,IN,Consumer,2025-04-15,HO
10005268,63,M,DE,Physician,2025-11-22,
10005269,64,M,JP,Physician,2025-01-09,HO
10005270,77,M,US,Physician,2025-01-23,HO
10005271,71,F,DE,Pharmacist,2025-12-10,
10005272,59,M,GB,Physician,2025-10-25,
10005273,58,M,JP,Physician,2025-06-23,
10005274,42,F,IN,Consumer,2025-10-11,
10005275,42,F,IN,Physician,2025-07-20,
10005276,80,M,DE,Pharmacist,2025-08-18,
10005277,40,F,IN,Consumer,2025-06-13,
10005278,53,M,GB,Consumer,2025-03-05,
10005279,55,F,IN,Physician,2025-01-14,
10005280,47,F,DE,Consumer,2025-10-21,
10005281,56,F,GB,Physician,2025-06-09,HO
10005282,63,M,DE,Pharmacist,2025-11-24,
10005283,67,F,IN,Other HCP,2025-07-05,HO
10005284,72,F,US,Consumer,2025-10-20,
10005285,69,M,IN,Consumer,2025-04-22,
10005286,44,M,IN,Physician,2025-11-21,
10005287,53,F,IN,Physician,2025-11-18,
10005288,70,M,IN,Consumer,2025-01-19,
10005289,63,F,IN,Physician,2025-09-15,OT
10005290,45,F,IN,Pharmacist,2025-12-04,
10005291,54,M,IN,Consumer,2025-02-25,
10005292,57,F,IN,Consumer,2025-01-22,
10005293,47,F,DE,Pharmacist,2025-07-02,
10005294,34,F,IN,Physician,2025-04-12,
10005295,83,M,IN,Consumer,2025-06-22,
10005296,20,F,IN,Consumer,2025-10-22,
10005297,48,M,IN,Consumer,2025-05-23,
10005298,49,F,US,Physician,2025-10-19,HO
10005299,57,F,US,Consumer,2025-12-01,
10005300,46,F,US,Pharmacist,2025-12-16,
10005301,44,F,GB,Physician,2025-12-23,
10005302,57,M,IN,Physician,2025-09-05,
10005303,73,M,US,Physician,2025-12-26,
10005304,48,F,JP,Physician,2025-12-06,
10005305,69,F,JP,Consumer,2025-03-11,
10005306,52,M,GB,Consumer,2025-11-13,
10005307,55,F,JP,Physician,2025-02-24,
10005308,58,F,JP,Consumer,2025-09-18,
10005309,73,M,US,Consumer,2025-05-07,
10005310,78,F,DE,Consumer,2025-01-26,OT
10005311,36,M,GB,Physician,2025-09-14,
10005312,33,F,IN,Consumer,2025-05-19,
10005313,42,F,JP,Physician,2025-10-22,
10005314,66,M,DE,Consumer,2025-08-03,
10005315,73,F,IN,Physician,2025-06-19,
10005316,51,M,IN,Physician,2025-07-17,
10005317,56,M,IN,Other HCP,2025-02-24,HO
10005318,30,F,GB,Consumer,2025-10-01,HO
10005319,71,M,IN,Other HCP,2025-06-06,
10005320,43,F,IN,Other HCP,2025-07-04,OT
10005321,59,M,JP,Pharmacist,2025-02-17,
10005322,28,M,GB,Other HCP,2025-09-06,OT
10005323,34,M,IN,Consumer,2025-01-23,OT
10005324,24,M,GB,Consumer,2025-08-15,OT
10005325,65,M,IN,Physician,2025-06-19,
10005326,44,F,IN,Consumer,2025-07-18,
10005327,80,F,IN,Physician,2025-01-21,OT
10005328,68,M,DE,Physician,2025-06-20,
10005329,67,F,JP,Consumer,2025-04-10,
10005330,95,F,DE,Pharmacist,2025-09-19,
10005331,72,M,IN,Pharmacist,2025-08-23,
10005332,66,F,DE,Consumer,2025-01-11,
10005333,78,M,IN,Pharmacist,2025-04-21,OT
10005334,58,F,IN,Pharmacist,2025-06-10,
10005335,71,F,IN,Other HCP,2025-09-21,OT
10005336,52,F,DE,Physician,2025-01-18,
10005337,68,M,IN,Other HCP,2025-01-15,OT
10005338,67,F,DE,Physician,2025-01-10,
10005339,68,F,IN,Pharmacist,2025-07-07,
10005340,95,M,IN,Physician,2025-04-09,
10005341,46,F,IN,Consumer,2025-04-24,
10005342,74,M,DE,Consumer,2025-07-17,OT
10005343,48,M,DE,Consumer,2025-02-15,
10005344,45,F,IN,Consumer,2025-11-03,
10005345,51,F,US,Pharmacist,2025-04-14,
10005346,45,F,IN,Physician,2025-04-18,
10005347,45,F,DE,Consumer,2025-04-03,
10005348,45,M,IN,Consumer,2025-07-11,
10005349,56,M,DE,Consumer,2025-12-26,
10005350,52,M,GB,Consumer,2025-05-17,OT
10005351,65,F,GB,Pharmacist,2025-09-20,OT
10005352,69,F,IN,Consumer,2025-02-14,
10005353,53,M,IN,Consumer,2025-09-13,HO
10005354,50,M,IN,Consumer,2025-10-24,
10005355,48,M,GB,Pharmacist,2025-03-02,
10005356,47,F,US,Physician,2025-07-20,HO
10005357,95,M,JP,Consumer,2025-01-08,
10005358,48,M,GB,Physician,2025-09-09,
10005359,65,M,DE,Pharmacist,2025-03-20,OT
10005360,46,M,JP,Physician,2025-11-25,HO
10005361,51,F,DE,Physician,2025-12-19,
10005362,59,M,DE,Physician,2025-04-12,
10005363,48,F,JP,Physician,2025-02-24,
10005364,75,F,US,Pharmacist,2025-05-24,
10005365,40,M,GB,Consumer,2025-05-22,
10005366,38,F,IN,Consumer,2025-04-27,HO
10005367,56,F,US,Pharmacist,2025-02-19,HO
10005368,35,M,IN,Consumer,2025-12-24,
10005369,42,M,US,Other HCP,2025-08-10,
10005370,47,F,DE,Physician,2025-10-11,
10005371,65,M,US,Physician,2025-03-05,
10005372,93,F,IN,Other HCP,2025-08-15,
10005373,39,M,GB,Physician,2025-12-05,
10005374,56,M,DE,Consumer,2025-12-11,
10005375,63,F,DE,Physician,2025-08-22,
10005376,58,M,US,Pharmacist,2025-05-05,
10005377,73,M,US,Pharmacist,2025-03-01,
10005378,71,F,IN,Physician,2025-08-25,
10005379,43,F,JP,Pharmacist,2025-11-24,
10005380,58,M,IN,Consumer,2025-12-24,OT
10005381,66,F,GB,Pharmacist,2025-01-19,
10005382,50,M,IN,Pharmacist,2025-07-17,
10005383,58,M,IN,Physician,2025-09-12,OT
10005384,91,M,DE,Pharmacist,2025-12-20,
10005385,45,F,JP,Other HCP,2025-08-15,
10005386,22,M,DE,Physician,2025-05-17,
10005387,47,M,IN,Consumer,2025-06-05,
10005388,71,M,IN,Pharmacist,2025-02-26,
10005389,67,M,DE,Consumer,2025-04-20,HO
10005390,67,F,GB,Consumer,2025-02-26,
10005391,55,M,GB,Pharmacist,2025-04-07,
10005392,68,M,DE,Physician,2025-03-26,OT
10005393,60,F,DE,Consumer,2025-12-11,
10005394,38,M,DE,Pharmacist,2025-01-13,HO
10005395,68,F,DE,Consumer,2025-07-24,
10005396,69,F,GB,Physician,2025-11-14,
10005397,69,F,GB,Physician,2025-02-01,
10005398,59,F,JP,Pharmacist,2025-12-14,
10005399,43,M,IN,Pharmacist,2025-03-22,
10005400,19,F,IN,Consumer,2025-07-07,
10005401,72,M,DE,Consumer,2025-03-12,
10005402,58,M,IN,Pharmacist,2025-06-13,
10005403,47,M,IN,Physician,2025-01-25,
10005404,64,F,GB,Physician,2025-01-26,
10005405,73,F,GB,Consumer,2025-01-25,
10005406,51,F,GB,Consumer,2025-06-17,
10005407,53,F,JP,Physician,2025-07-10,
10005408,95,M,JP,Physician,2025-10-06,
10005409,67,M,IN,Consumer,2025-04-17,
10005410,51,F,JP,Other HCP,2025-10-19,
10005411,67,F,GB,Consumer,2025-09-07,
10005412,36,M,IN,Pharmacist,2025-07-14,
10005413,38,M,JP,Consumer,2025-08-10,OT
10005414,60,F,IN,Physician,2025-11-16,
10005415,47,M,JP,Consumer,2025-07-24,
10005416,60,M,GB,Physician,2025-11-20,
10005417,80,F,JP,Physician,2025-12-04,
10005418,58,M,US,Consumer,2025-06-03,
10005419,49,M,IN,Pharmacist,2025-03-26,
10005420,30,F,IN,Consumer,2025-08-15,OT
10005421,78,F,JP,Pharmacist,2025-07-19,
10005422,33,M,JP,Consumer,2025-02-06,
10005423,42,F,IN,Consumer,2025-07-16,
10005424,46,F,DE,Consumer,2025-07-26,
10005425,58,F,IN,Physician,2025-03-06,
10005426,40,F,IN,Consumer,2025-08-12,
10005427,87,F,IN,Physician,2025-03-17,OT
10005428,93,F,IN,Consumer,2025-03-25,HO
10005429,95,M,JP,Consumer,2025-10-20,
10005430,46,F,US,Other HCP,2025-12-25,
10005431,59,M,DE,Physician,2025-08-21,
10005432,56,M,IN,Consumer,2025-10-12,
10005433,43,F,IN,Consumer,2025-03-20,
10005434,49,F,IN,Consumer,2025-03-03,
10005435,38,F,IN,Consumer,2025-05-13,
10005436,50,F,IN,Consumer,2025-08-01,
10005437,32,M,IN,Consumer,2025-12-22,
10005438,37,M,US,Consumer,2025-08-15,
10005439,63,F,DE,Physician,2025-01-26,
10005440,66,M,US,Consumer,2025-03-14,
10005441,42,F,IN,Physician,2025-08-27,
10005442,55,F,IN,Physician,2025-02-02,
10005443,61,F,JP,Consumer,2025-01-12,
10005444,57,F,US,Physician,2025-11-20,
10005445,64,F,IN,Other HCP,2025-06-11,
10005446,74,F,IN,Pharmacist,2025-02-02,
10005447,40,F,IN,Physician,2025-04-27,
10005448,68,F,DE,Physician,2025-11-10,
10005449,68,F,IN,Consumer,2025-05-11,
10005450,55,F,DE,Other HCP,2025-03-04,
10005451,70,F,GB,Physician,2025-12-21,OT
10005452,42,M,IN,Consumer,2025-07-12,
10005453,40,F,IN,Other HCP,2025-08-23,
10005454,76,F,IN,Pharmacist,2025-09-09,
10005455,43,F,DE,Pharmacist,2025-01-19,
10005456,54,F,IN,Pharmacist,2025-03-23,
10005457,45,F,IN,Physician,2025-06-17,
10005458,51,F,IN,Other HCP,2025-12-19,HO
10005459,81,F,US,Consumer,2025-02-05,
10005460,67,M,IN,Physician,2025-06-19,
10005461,47,M,US,Pharmacist,2025-03-24,
10005462,33,F,GB,Other HCP,2025-06-12,
10005463,48,M,JP,Pharmacist,2025-11-26,
10005464,52,M,DE,Pharmacist,2025-05-01,
10005465,45,M,IN,Consumer,2025-03-07,HO
10005466,61,F,DE,Consumer,2025-03-06,HO
10005467,50,F,IN,Consumer,2025-01-04,OT
10005468,70,M,JP,Pharmacist,2025-02-10,HO
10005469,60,F,IN,Pharmacist,2025-12-12,OT
10005470,77,M,GB,Consumer,2025-08-22,OT
10005471,72,F,IN,Consumer,2025-03-13,
10005472,56,M,IN,Consumer,2025-04-24,
10005473,54,M,US,Consumer,2025-03-21,
10005474,39,M,IN,Pharmacist,2025-04-22,
10005475,52,F,DE,Consumer,2025-12-13,
10005476,46,M,US,Physician,2025-08-17,
10005477,40,M,GB,Consumer,2025-03-11,
10005478,84,F,DE,Consumer,2025-08-03,
10005479,33,M,GB,Physician,2025-06-03,
10005480,37,F,JP,Consumer,2025-11-04,HO
10005481,57,M,IN,Physician,2025-01-07,
10005482,71,F,IN,Physician,2025-08-01,HO
10005483,34,M,JP,Physician,2025-06-07,
10005484,26,F,DE,Physician,2025-08-13,OT
10005485,61,M,IN,Consumer,2025-12-07,
10005486,60,M,DE,Consumer,2025-11-17,
10005487,40,M,IN,Other HCP,2025-04-27,
10005488,48,M,DE,Pharmacist,2025-05-19,
10005489,37,F,IN,Consumer,2025-09-16,
10005490,44,M,IN,Consumer,2025-09-04,
10005491,52,M,IN,Pharmacist,2025-11-04,
10005492,55,F,JP,Pharmacist,2025-10-11,HO
10005493,30,M,US,Physician,2025-10-02,HO
10005494,64,F,IN,Consumer,2025-02-17,HO
10005495,72,F,GB,Consumer,2025-03-09,
10005496,43,F,JP,Other HCP,2025-02-14,
10005497,49,M,GB,Pharmacist,2025-02-14,HO
10005498,66,F,JP,Physician,2025-09-06,
10005499,54,F,DE,Other HCP,2025-04-02,
10005500,45,M,GB,Consumer,2025-11-19,
10005501,55,F,IN,Pharmacist,2025-04-02,OT
10005502,22,F,IN,Consumer,2025-12-26,
10005503,34,F,IN,Other HCP,2025-04-08,
10005504,53,F,US,Physician,2025-07-16,
10005505,79,F,JP,Pharmacist,2025-12-13,
10005506,61,M,IN,Pharmacist,2025-02-08,HO
10005507,65,F,JP,Pharmacist,2025-12-19,
10005508,62,M,DE,Physician,2025-03-12,
10005509,39,F,IN,Physician,2025-01-11,
10005510,71,M,IN,Consumer,2025-12-07,
10005511,39,F,IN,Physician,2025-01-03,
10005512,55,M,JP,Consumer,2025-04-17,HO
10005513,45,M,DE,Other HCP,2025-08-22,
10005514,46,F,GB,Consumer,2025-07-27,
10005515,32,F,IN,Consumer,2025-03-25,
10005516,77,F,IN,Physician,2025-10-26,
10005517,91,M,IN,Consumer,2025-03-22,
10005518,26,F,IN,Pharmacist,2025-06-07,
10005519,73,F,IN,Pharmacist,2025-09-18,
10005520,74,M,GB,Physician,2025-06-18,OT
10005521,38,F,JP,Pharmacist,2025-01-07,
10005522,53,M,IN,Consumer,2025-02-02,HO
10005523,43,M,US,Physician,2025-01-07,
10005524,42,F,US,Consumer,2025-04-02,
10005525,64,F,IN,Physician,2025-09-18,
10005526,47,F,US,Consumer,2025-10-25,
10005527,61,M,IN,Physician,2025-02-13,HO
10005528,38,M,DE,Consumer,2025-04-13,
10005529,52,M,US,Physician,2025-05-17,
10005530,47,M,DE,Physician,2025-03-14,
10005531,61,F,JP,Consumer,2025-11-25,
10005532,40,M,GB,Pharmacist,2025-09-22,OT
10005533,38,F,JP,Physician,2025-07-13,
10005534,91,F,IN,Consumer,2025-11-10,
10005535,30,F,US,Physician,2025-07-20,
10005536,78,M,JP,Other HCP,2025-03-23,
10005537,56,F,IN,Physician,2025-09-02,
10005538,61,F,JP,Pharmacist,2025-09-07,
10005539,84,M,IN,Physician,2025-02-27,
10005540,30,F,IN,Consumer,2025-07-21,
10005541,61,M,US,Physician,2025-06-14,
10005542,52,F,DE,Consumer,2025-09-12,
10005543,68,F,DE,Consumer,2025-05-16,OT
10005544,43,M,IN,Other HCP,2025-06-09,HO
10005545,77,F,DE,Consumer,2025-11-09,HO
10005546,52,F,IN,Physician,2025-11-27,
10005547,55,F,DE,Consumer,2025-11-24,HO
10005548,65,F,IN,Pharmacist,2025-05-07,
10005549,50,M,IN,Physician,2025-06-16,
10005550,50,M,US,Physician,2025-04-21,
10005551,84,F,IN,Physician,2025-03-19,
10005552,52,F,JP,Physician,2025-04-27,HO
10005553,55,F,IN,Physician,2025-07-23,
10005554,53,M,IN,Pharmacist,2025-09-27,
10005555,58,F,IN,Consumer,2025-09-07,HO
10005556,51,F,DE,Pharmacist,2025-08-20,
10005557,54,F,JP,Pharmacist,2025-09-27,
10005558,40,F,IN,Physician,2025-05-22,HO
10005559,37,M,IN,Consumer,2025-09-13,
10005560,60,F,DE,Physician,2025-11-13,OT
10005561,54,M,US,Consumer,2025-01-19,HO
10005562,60,M,GB,Consumer,2025-12-26,
10005563,70,M,IN,Consumer,2025-07-22,
10005564,51,F,US,Other HCP,2025-04-04,
10005565,58,M,IN,Consumer,2025-03-10,
10005566,69,M,DE,Consumer,2025-02-14,
10005567,72,M,IN,Consumer,2025-08-06,
10005568,63,F,IN,Consumer,2025-08-17,HO
10005569,51,M,IN,Consumer,2025-11-12,
10005570,42,M,US,Pharmacist,2025-10-17,HO
10005571,40,F,DE,Pharmacist,2025-10-22,HO
10005572,76,F,JP,Pharmacist,2025-02-17,
10005573,71,F,IN,Pharmacist,2025-09-03,
10005574,35,M,IN,Consumer,2025-08-09,OT
10005575,69,M,IN,Consumer,2025-07-09,
10005576,51,M,GB,Physician,2025-02-01,
10005577,63,M,GB,Other HCP,2025-12-15,
10005578,63,F,US,Physician,2025-03-27,OT
10005579,53,F,DE,Physician,2025-01-17,
10005580,64,F,GB,Physician,2025-05-25,
10005581,55,M,JP,Physician,2025-04-20,HO
10005582,64,F,US,Physician,2025-01-23,
10005583,51,M,GB,Physician,2025-07-23,HO
10005584,81,M,DE,Consumer,2025-08-13,
10005585,55,F,US,Other HCP,2025-09-06,
10005586,57,F,US,Consumer,2025-10-10,
10005587,53,F,JP,Consumer,2025-09-13,
10005588,52,M,JP,Other HCP,2025-01-25,
10005589,28,M,DE,Consumer,2025-12-03,
10005590,62,F,IN,Consumer,2025-04-14,OT
10005591,56,F,IN,Consumer,2025-04-07,
10005592,68,M,IN,Physician,2025-09-17,
10005593,58,M,US,Consumer,2025-05-11,
10005594,47,F,IN,Physician,2025-08-15,
10005595,40,F,IN,Consumer,2025-08-10,
10005596,34,F,IN,Pharmacist,2025-12-16,
10005597,62,M,IN,Consumer,2025-05-01,
10005598,49,F,IN,Consumer,2025-07-09,
10005599,69,F,GB,Pharmacist,2025-05-20,OT
10005600,54,M,IN,Pharmacist,2025-11-25,
10005601,58,F,US,Pharmacist,2025-04-18,
10005602,56,F,GB,Consumer,2025-04-04,HO
10005603,39,F,IN,Consumer,2025-04-06,
10005604,58,M,US,Physician,2025-01-09,
10005605,45,M,IN,Consumer,2025-06-23,
10005606,54,F,JP,Consumer,2025-09-10,
10005607,46,M,US,Consumer,2025-10-18,
10005608,55,F,US,Pharmacist,2025-03-20,
10005609,62,F,GB,Physician,2025-06-10,
10005610,76,F,DE,Physician,2025-08-25,HO
10005611,69,M,IN,Physician,2025-08-27,
10005612,68,F,IN,Consumer,2025-09-22,
10005613,61,M,IN,Consumer,2025-08-05,
10005614,34,M,DE,Other HCP,2025-12-19,
10005615,69,M,DE,Physician,2025-04-25,
10005616,22,F,GB,Physician,2025-09-05,
10005617,53,M,IN,Physician,2025-05-17,
10005618,21,F,US,Physician,2025-07-14,
10005619,84,F,JP,Consumer,2025-04-05,
10005620,44,M,GB,Physician,2025-03-19,
10005621,72,M,IN,Physician,2025-05-16,
10005622,55,M,US,Other HCP,2025-10-12,
10005623,38,M,DE,Physician,2025-06-16,
10005624,57,F,US,Other HCP,2025-03-07,OT
10005625,64,M,IN,Physician,2025-01-21,
10005626,73,F,JP,Consumer,2025-01-05,
10005627,39,M,IN,Consumer,2025-09-23,
10005628,72,F,US,Physician,2025-02-01,
10005629,64,M,IN,Physician,2025-04-13,
10005630,70,F,GB,Consumer,2025-01-12,
10005631,71,F,JP,Consumer,2025-07-02,
10005632,53,F,DE,Consumer,2025-07-02,
10005633,49,F,IN,Physician,2025-11-03,OT
10005634,36,F,IN,Physician,2025-11-18,
10005635,67,F,IN,Consumer,2025-04-01,
10005636,34,F,IN,Pharmacist,2025-09-07,
10005637,54,F,US,Physician,2025-05-08,HO
10005638,63,M,DE,Physician,2025-07-20,
10005639,51,M,IN,Consumer,2025-11-21,OT
10005640,54,F,IN,Pharmacist,2025-03-21,
10005641,61,F,JP,Physician,2025-09-12,
10005642,69,F,US,Consumer,2025-10-04,
10005643,32,F,DE,Consumer,2025-01-25,
10005644,56,F,JP,Physician,2025-05-10,
10005645,32,M,IN,Pharmacist,2025-10-03,
10005646,71,F,IN,Consumer,2025-10-01,
10005647,55,M,IN,Pharmacist,2025-05-23,
10005648,50,M,IN,Consumer,2025-05-20,HO
10005649,65,F,JP,Consumer,2025-02-14,
10005650,53,M,GB,Consumer,2025-11-25,
10005651,70,M,IN,Pharmacist,2025-12-10,
10005652,54,F,DE,Pharmacist,2025-07-20,HO
10005653,34,F,US,Consumer,2025-06-27,
10005654,45,M,GB,Physician,2025-03-10,
10005655,29,F,JP,Physician,2025-11-02,
10005656,64,F,GB,Pharmacist,2025-04-16,
10005657,29,F,GB,Physician,2025-01-21,
10005658,71,M,JP,Other HCP,2025-01-27,HO
10005659,56,F,JP,Physician,2025-12-23,
10005660,80,F,GB,Physician,2025-01-16,
10005661,58,M,IN,Consumer,2025-12-16,
10005662,48,M,DE,Consumer,2025-05-13,
10005663,50,F,JP,Pharmacist,2025-02-27,
10005664,85,F,GB,Consumer,2025-01-22,HO
10005665,32,F,IN,Consumer,2025-03-04,
10005666,67,F,US,Consumer,2025-08-04,
10005667,28,F,IN,Physician,2025-07-21,
10005668,65,F,JP,Other HCP,2025-05-25,
10005669,52,F,DE,Consumer,2025-06-21,
10005670,69,M,DE,Consumer,2025-06-03,
10005671,23,M,JP,Physician,2025-05-25,
10005672,53,F,DE,Physician,2025-07-22,
10005673,61,M,GB,Consumer,2025-08-24,
10005674,22,M,JP,Consumer,2025-08-24,
10005675,65,M,IN,Consumer,2025-01-27,HO
10005676,38,M,JP,Physician,2025-04-12,
10005677,60,M,DE,Physician,2025-09-19,
10005678,26,F,DE,Consumer,2025-01-17,
10005679,86,F,IN,Physician,2025-07-06,
10005680,88,F,US,Consumer,2025-02-25,
10005681,51,M,IN,Other HCP,2025-06-23,
10005682,29,F,GB,Physician,2025-12-16,
10005683,62,M,IN,Physician,2025-02-27,HO
10005684,51,M,IN,Consumer,2025-07-07,
10005685,73,F,IN,Pharmacist,2025-07-15,
10005686,63,F,IN,Pharmacist,2025-09-07,
10005687,42,F,IN,Consumer,2025-06-13,
10005688,59,F,GB,Physician,2025-06-04,
10005689,69,M,GB,Consumer,2025-11-15,
10005690,71,M,DE,Pharmacist,2025-12-19,
10005691,34,F,GB,Other HCP,2025-11-06,
10005692,46,M,DE,Consumer,2025-09-10,HO
10005693,58,M,US,Consumer,2025-06-16,
10005694,74,F,GB,Physician,2025-12-26,OT
10005695,31,F,IN,Consumer,2025-09-16,OT
10005696,45,M,DE,Consumer,2025-11-19,HO
10005697,57,F,JP,Consumer,2025-10-09,
10005698,39,F,IN,Consumer,2025-03-05,
10005699,63,F,IN,Other HCP,2025-01-26,
10005700,68,F,IN,Physician,2025-02-15,
10005701,56,M,IN,Consumer,2025-08-09,
10005702,51,F,JP,Consumer,2025-09-18,
10005703,47,M,IN,Physician,2025-05-11,OT
10005704,61,M,US,Physician,2025-03-19,
10005705,67,F,US,Physician,2025-02-23,
10005706,67,M,JP,Consumer,2025-11-18,HO
10005707,41,F,JP,Pharmacist,2025-07-08,
10005708,66,F,IN,Physician,2025-01-07,HO
10005709,56,M,JP,Physician,2025-03-04,
10005710,69,F,IN,Physician,2025-03-21,
10005711,56,F,IN,Consumer,2025-12-02,
10005712,51,F,IN,Consumer,2025-06-04,
10005713,48,F,GB,Consumer,2025-01-23,
10005714,73,F,DE,Physician,2025-12-05,
10005715,63,M,IN,Other HCP,2025-01-03,HO
10005716,42,M,IN,Physician,2025-05-08,OT
10005717,34,F,DE,Consumer,2025-12-13,OT
10005718,71,M,US,Consumer,2025-08-05,
10005719,59,M,GB,Pharmacist,2025-08-22,
10005720,60,M,DE,Physician,2025-09-01,
10005721,49,F,GB,Physician,2025-04-09,
10005722,60,M,GB,Consumer,2025-11-03,
10005723,42,M,US,Consumer,2025-07-07,
10005724,67,F,GB,Physician,2025-09-08,
10005725,27,M,IN,Pharmacist,2025-05-11,
10005726,47,M,GB,Physician,2025-06-26,
10005727,61,F,IN,Consumer,2025-05-04,
10005728,51,M,US,Physician,2025-10-16,OT
10005729,56,M,DE,Consumer,2025-11-17,
10005730,33,M,JP,Other HCP,2025-11-17,OT
10005731,67,F,DE,Physician,2025-01-26,
10005732,20,F,DE,Physician,2025-10-08,HO
10005733,70,F,GB,Consumer,2025-09-09,HO
10005734,65,F,IN,Consumer,2025-06-10,
10005735,32,F,IN,Consumer,2025-02-12,
10005736,37,M,IN,Consumer,2025-04-03,HO
10005737,58,M,IN,Pharmacist,2025-02-09,HO
10005738,61,M,IN,Physician,2025-12-16,
10005739,57,M,IN,Consumer,2025-07-21,
10005740,52,M,US,Consumer,2025-10-18,
10005741,34,F,JP,Physician,2025-08-24,
10005742,41,F,GB,Other HCP,2025-01-13,HO
10005743,72,M,JP,Physician,2025-09-07,
10005744,50,M,IN,Physician,2025-02-09,HO
10005745,65,F,IN,Physician,2025-02-11,
10005746,25,M,GB,Physician,2025-06-18,HO
10005747,52,M,GB,Consumer,2025-07-16,
10005748,49,M,DE,Physician,2025-06-03,
10005749,59,F,US,Physician,2025-06-01,
10005750,43,F,US,Physician,2025-08-08,
10005751,41,M,GB,Pharmacist,2025-12-03,OT
10005752,63,F,IN,Physician,2025-03-19,
10005753,51,M,IN,Pharmacist,2025-11-14,
10005754,35,F,US,Physician,2025-01-26,
10005755,59,F,IN,Physician,2025-08-27,
10005756,56,F,GB,Other HCP,2025-12-21,
10005757,57,F,US,Consumer,2025-11-25,
10005758,60,M,GB,Other HCP,2025-03-11,HO
10005759,67,F,DE,Physician,2025-09-13,
10005760,40,F,IN,Consumer,2025-08-10,OT
10005761,90,F,IN,Other HCP,2025-04-17,OT
10005762,62,F,DE,Consumer,2025-10-12,
10005763,24,F,IN,Pharmacist,2025-03-11,
10005764,79,F,IN,Consumer,2025-08-23,
10005765,39,M,IN,Pharmacist,2025-11-25,
10005766,53,F,DE,Physician,2025-02-06,HO
10005767,39,F,DE,Consumer,2025-12-24,
10005768,41,F,IN,Physician,2025-11-03,
10005769,61,M,IN,Physician,2025-10-02,
10005770,56,F,US,Consumer,2025-08-20,
10005771,71,M,IN,Physician,2025-10-10,
10005772,65,F,IN,Consumer,2025-02-07,HO
10005773,27,M,GB,Pharmacist,2025-05-09,
10005774,38,F,IN,Physician,2025-07-15,
10005775,49,M,IN,Consumer,2025-07-17,
10005776,48,F,JP,Pharmacist,2025-09-13,
10005777,48,M,US,Physician,2025-03-24,HO
10005778,43,F,IN,Other HCP,2025-07-01,
10005779,70,F,DE,Physician,2025-03-10,OT
10005780,69,M,IN,Pharmacist,2025-04-22,HO
10005781,52,M,JP,Physician,2025-02-11,OT
10005782,82,F,US,Consumer,2025-02-07,OT
10005783,56,M,JP,Pharmacist,2025-03-11,
10005784,57,F,IN,Consumer,2025-11-21,
10005785,35,F,GB,Consumer,2025-10-02,
10005786,51,F,US,Physician,2025-06-09,
10005787,69,F,GB,Other HCP,2025-12-23,HO
10005788,37,F,IN,Physician,2025-02-03,
10005789,42,M,US,Other HCP,2025-11-19,
10005790,52,F,DE,Consumer,2025-11-17,
10005791,39,F,IN,Consumer,2025-08-09,
10005792,26,M,IN,Physician,2025-12-06,
10005793,64,F,JP,Other HCP,2025-03-02,
10005794,46,F,DE,Pharmacist,2025-08-07,
10005795,28,M,IN,Physician,2025-07-10,
10005796,76,M,IN,Consumer,2025-09-18,
10005797,54,M,GB,Pharmacist,2025-10-06,
10005798,40,F,JP,Physician,2025-05-19,
10005799,73,F,IN,Consumer,2025-11-22,
10005800,95,M,IN,Consumer,2025-04-03,
10005801,37,M,IN,Consumer,2025-12-05,HO
10005802,46,M,IN,Consumer,2025-03-15,
10005803,70,F,IN,Physician,2025-10-23,
10005804,60,M,IN,Consumer,2025-08-14,
10005805,37,F,US,Consumer,2025-12-24,HO
10005806,45,F,IN,Consumer,2025-12-23,HO
10005807,70,M,GB,Physician,2025-10-14,
10005808,74,F,JP,Physician,2025-06-01,
10005809,59,F,GB,Physician,2025-02-14,
10005810,55,F,US,Consumer,2025-02-11,
10005811,49,M,US,Pharmacist,2025-07-21,
10005812,55,F,DE,Consumer,2025-01-16,
10005813,51,F,US,Consumer,2025-12-08,
10005814,64,F,US,Other HCP,2025-06-09,
10005815,50,F,GB,Physician,2025-01-26,
10005816,70,M,IN,Pharmacist,2025-02-18,OT
10005817,36,F,IN,Consumer,2025-02-08,HO
10005818,46,M,IN,Physician,2025-08-13,HO
10005819,57,M,US,Consumer,2025-06-19,HO
10005820,54,F,US,Other HCP,2025-03-26,OT
10005821,24,F,JP,Consumer,2025-11-08,HO
10005822,55,F,US,Physician,2025-12-16,HO
10005823,42,M,JP,Consumer,2025-03-21,
10005824,60,M,IN,Pharmacist,2025-08-14,
10005825,62,F,IN,Consumer,2025-04-17,
10005826,49,M,JP,Consumer,2025-05-10,
10005827,63,M,IN,Consumer,2025-11-04,
10005828,39,M,IN,Consumer,2025-04-01,OT
10005829,64,F,IN,Consumer,2025-02-01,
10005830,72,F,IN,Consumer,2025-02-21,OT
10005831,34,F,IN,Consumer,2025-08-05,OT
10005832,23,M,DE,Pharmacist,2025-08-18,
10005833,69,F,US,Consumer,2025-09-09,
10005834,72,F,GB,Consumer,2025-12-16,
10005835,60,F,GB,Pharmacist,2025-05-23,
10005836,78,F,US,Consumer,2025-03-13,
10005837,66,M,IN,Consumer,2025-10-21,
10005838,41,F,JP,Consumer,2025-08-17,
10005839,65,F,IN,Consumer,2025-06-05,
10005840,41,M,DE,Consumer,2025-09-09,
10005841,43,F,US,Consumer,2025-01-21,
10005842,43,F,IN,Pharmacist,2025-11-12,HO
10005843,31,F,DE,Other HCP,2025-02-16,
10005844,51,F,IN,Consumer,2025-04-07,OT
10005845,53,M,IN,Other HCP,2025-12-01,
10005846,37,F,IN,Pharmacist,2025-06-03,
10005847,42,F,DE,Physician,2025-01-22,
10005848,61,F,GB,Consumer,2025-07-24,
10005849,61,M,IN,Physician,2025-08-14,
10005850,63,F,IN,Consumer,2025-08-18,HO
10005851,58,M,IN,Consumer,2025-03-06,HO
10005852,66,M,DE,Physician,2025-07-10,
10005853,68,F,IN,Consumer,2025-01-14,
10005854,46,F,JP,Pharmacist,2025-03-20,
10005855,39,M,DE,Consumer,2025-07-08,
10005856,26,F,GB,Pharmacist,2025-10-07,HO
10005857,32,F,JP,Physician,2025-12-14,HO
10005858,33,F,GB,Physician,2025-01-21,HO
10005859,35,F,GB,Other HCP,2025-11-25,HO
10005860,63,F,JP,Physician,2025-08-18,OT
10005861,48,M,IN,Pharmacist,2025-09-17,
10005862,69,F,DE,Consumer,2025-01-17,
10005863,60,F,IN,Physician,2025-03-16,
10005864,64,F,IN,Pharmacist,2025-12-20,
10005865,46,F,IN,Physician,2025-02-07,
10005866,31,F,US,Consumer,2025-10-13,
10005867,71,M,IN,Consumer,2025-07-02,
10005868,47,M,IN,Other HCP,2025-10-11,HO
10005869,51,F,IN,Other HCP,2025-06-01,OT
10005870,59,F,GB,Pharmacist,2025-02-12,
10005871,18,F,US,Consumer,2025-03-14,
10005872,56,M,IN,Consumer,2025-06-17,
10005873,33,M,DE,Consumer,2025-04-02,
10005874,53,F,IN,Physician,2025-02-02,HO
10005875,44,F,IN,Consumer,2025-03-21,
10005876,49,M,US,Consumer,2025-02-21,
10005877,32,M,IN,Other HCP,2025-02-05,
10005878,18,M,IN,Consumer,2025-09-20,
10005879,26,F,IN,Other HCP,2025-08-21,
10005880,73,M,IN,Consumer,2025-03-07,
10005881,77,F,IN,Physician,2025-02-18,
10005882,61,F,US,Physician,2025-07-03,HO
10005883,75,F,US,Consumer,2025-11-20,
10005884,74,F,IN,Consumer,2025-11-24,OT
10005885,35,M,IN,Physician,2025-05-12,
10005886,50,F,JP,Consumer,2025-01-19,
10005887,68,F,IN,Physician,2025-10-17,HO
10005888,40,M,JP,Physician,2025-08-06,
10005889,64,F,GB,Consumer,2025-04-21,
10005890,55,F,GB,Physician,2025-05-20,HO
10005891,40,F,IN,Consumer,2025-05-17,
10005892,78,F,JP,Consumer,2025-11-08,HO
10005893,70,F,US,Consumer,2025-02-16,
10005894,36,M,DE,Consumer,2025-02-18,
10005895,22,M,IN,Consumer,2025-02-05,
10005896,24,M,IN,Other HCP,2025-01-07,
10005897,65,F,IN,Consumer,2025-07-14,HO
10005898,54,F,GB,Physician,2025-04-17,
10005899,61,F,DE,Pharmacist,2025-04-02,
10005900,67,F,JP,Consumer,2025-03-03,
10005901,53,M,US,Physician,2025-12-01,
10005902,58,M,JP,Physician,2025-06-16,HO
10005903,32,M,DE,Physician,2025-12-18,
10005904,41,F,GB,Other HCP,2025-01-21,
10005905,63,M,JP,Pharmacist,2025-10-17,OT
10005906,48,F,IN,Consumer,2025-04-06,
10005907,57,M,JP,Physician,2025-09-19,
10005908,91,M,IN,Physician,2025-08-18,
10005909,41,M,GB,Consumer,2025-08-02,
10005910,71,F,IN,Physician,2025-08-17,
10005911,23,M,GB,Physician,2025-05-07,
10005912,30,M,IN,Pharmacist,2025-11-12,OT
10005913,42,F,JP,Pharmacist,2025-01-20,HO
10005914,48,M,US,Physician,2025-02-19,
10005915,81,F,GB,Consumer,2025-05-06,
10005916,63,F,IN,Pharmacist,2025-11-10,OT
10005917,74,M,DE,Consumer,2025-04-11,
10005918,59,F,US,Physician,2025-09-09,
10005919,45,F,IN,Physician,2025-01-17,
10005920,59,F,DE,Consumer,2025-06-27,
10005921,58,F,GB,Pharmacist,2025-09-25,
10005922,46,M,IN,Physician,2025-03-08,
10005923,68,F,US,Pharmacist,2025-11-25,
10005924,80,F,US,Physician,2025-04-09,
10005925,56,F,DE,Pharmacist,2025-11-24,OT
10005926,61,M,US,Physician,2025-01-11,
10005927,51,F,GB,Other HCP,2025-06-17,
10005928,53,F,IN,Pharmacist,2025-01-02,
10005929,45,F,GB,Consumer,2025-04-14,
10005930,63,F,IN,Physician,2025-01-24,
10005931,38,M,IN,Other HCP,2025-10-17,
10005932,71,M,GB,Consumer,2025-01-03,HO
10005933,71,F,IN,Physician,2025-10-19,
10005934,70,M,IN,Pharmacist,2025-04-03,
10005935,43,M,JP,Physician,2025-12-02,
10005936,26,M,IN,Consumer,2025-07-16,
10005937,59,F,JP,Physician,2025-08-08,
10005938,40,M,GB,Pharmacist,2025-09-23,
10005939,37,F,IN,Other HCP,2025-03-22,
10005940,45,M,GB,Pharmacist,2025-01-16,
10005941,45,F,IN,Consumer,2025-11-11,
10005942,44,M,IN,Pharmacist,2025-05-02,
10005943,18,M,GB,Consumer,2025-11-10,
10005944,34,F,DE,Consumer,2025-05-16,
10005945,57,M,IN,Other HCP,2025-08-08,
10005946,59,F,IN,Pharmacist,2025-12-03,
10005947,47,F,IN,Pharmacist,2025-04-07,HO
10005948,52,M,DE,Consumer,2025-11-13,
10005949,46,M,DE,Consumer,2025-09-10,
10005950,72,M,US,Pharmacist,2025-08-20,
10005951,50,M,IN,Physician,2025-03-10,HO
10005952,44,F,JP,Other HCP,2025-11-16,
10005953,65,M,JP,Consumer,2025-03-14,
10005954,66,M,IN,Physician,2025-05-19,
10005955,48,F,GB,Physician,2025-05-19,
10005956,73,F,GB,Other HCP,2025-04-11,
10005957,73,F,JP,Physician,2025-04-13,
10005958,35,M,IN,Consumer,2025-05-16,
10005959,81,F,IN,Physician,2025-02-19,
10005960,33,F,JP,Other HCP,2025-08-10,
10005961,70,F,IN,Physician,2025-02-21,
10005962,43,M,JP,Physician,2025-02-22,
10005963,59,F,IN,Consumer,2025-11-21,
10005964,54,M,US,Consumer,2025-04-13,
10005965,59,M,GB,Consumer,2025-02-17,
10005966,48,F,JP,Physician,2025-10-15,HO
10005967,55,F,IN,Physician,2025-07-09,
10005968,29,F,US,Physician,2025-01-20,
10005969,62,F,IN,Other HCP,2025-09-14,OT
10005970,44,M,JP,Physician,2025-07-14,
10005971,36,F,IN,Consumer,2025-03-18,
10005972,47,F,IN,Other HCP,2025-04-02,
10005973,36,M,DE,Consumer,2025-09-26,
10005974,43,M,US,Physician,2025-04-17,
10005975,60,F,GB,Pharmacist,2025-06-01,
10005976,56,F,JP,Consumer,2025-12-15,
10005977,68,F,IN,Pharmacist,2025-02-23,HO
10005978,58,M,DE,Physician,2025-03-24,
10005979,64,F,DE,Pharmacist,2025-04-23,HO
10005980,44,F,IN,Physician,2025-03-20,
10005981,61,F,DE,Pharmacist,2025-10-22,HO
10005982,42,M,IN,Consumer,2025-05-08,
10005983,67,M,JP,Consumer,2025-09-07,
10005984,18,F,IN,Physician,2025-11-13,OT
10005985,46,F,IN,Pharmacist,2025-09-13,
10005986,37,M,IN,Other HCP,2025-07-20,
10005987,67,F,DE,Pharmacist,2025-07-13,
10005988,37,M,IN,Physician,2025-11-12,OT
10005989,76,M,IN,Physician,2025-09-09,
10005990,80,F,IN,Physician,2025-03-03,
10005991,92,F,IN,Physician,2025-02-08,
10005992,47,F,DE,Physician,2025-05-13,OT
10005993,53,F,GB,Physician,2025-11-15,
10005994,53,F,JP,Pharmacist,2025-10-12,
10005995,60,F,JP,Consumer,2025-10-02,
10005996,48,F,US,Physician,2025-11-11,
10005997,71,M,GB,Physician,2025-06-23,
10005998,49,F,IN,Physician,2025-07-08,
10005999,88,F,GB,Consumer,2025-08-08,HO
10006000,42,F,US,Consumer,2025-03-04,
10006001,58,M,IN,Consumer,2025-09-08,HO
10006002,76,F,IN,Physician,2025-09-04,HO
10006003,60,M,IN,Consumer,2025-09-22,HO
10006004,59,F,IN,Physician,2025-09-04,HO
10006005,31,M,IN,Consumer,2025-09-04,HO
10006006,34,F,IN,Consumer,2025-09-06,HO
10006007,33,M,IN,Physician,2025-09-24,HO
10006008,33,M,IN,Physician,2025-09-18,HO
10006009,59,F,IN,Consumer,2025-10-15,HO
10006010,45,F,IN,Physician,2025-09-02,HO
10006011,45,F,IN,Consumer,2025-10-07,HO
10006012,75,F,IN,Physician,2025-09-27,HO
10006013,67,M,IN,Consumer,2025-10-16,HO
10006014,39,M,IN,Consumer,2025-10-08,HO
10006015,29,F,IN,Consumer,2025-09-06,HO
10006016,72,F,IN,Consumer,2025-09-10,HO
10006017,51,F,IN,Physician,2025-09-20,HO
10006018,51,F,IN,Consumer,2025-09-01,HO
10006019,58,M,IN,Consumer,2025-10-14,HO
10006020,64,M,IN,Consumer,2025-10-04,HO
10006021,63,M,IN,Consumer,2025-09-23,HO
10006022,60,F,IN,Physician,2025-09-09,HO
10006023,67,F,IN,Physician,2025-09-01,HO
10006024,58,F,IN,Physician,2025-09-03,HO
10006025,45,M,IN,Consumer,2025-10-13,HO
10006026,52,F,IN,Consumer,2025-09-20,HO
10006027,38,M,IN,Physician,2025-09-07,HO
10006028,74,F,IN,Consumer,2025-10-15,HO
10006029,64,M,IN,Consumer,2025-09-27,HO
10006030,52,M,IN,Consumer,2025-10-06,HO
10006031,83,F,IN,Consumer,2025-10-19,HO
10006032,56,M,IN,Physician,2025-10-09,HO
10006033,66,M,IN,Consumer,2025-10-15,HO
10006034,60,F,IN,Consumer,2025-09-01,HO
10006035,67,F,IN,Physician,2025-10-07,HO
10006036,71,F,IN,Physician,2025-09-23,HO
10006037,70,F,IN,Physician,2025-10-22,HO
10006038,18,M,IN,Physician,2025-09-25,HO
10006039,41,F,IN,Consumer,2025-09-04,HO
10006040,64,M,IN,Consumer,2025-10-16,HO
10006041,43,F,IN,Physician,2025-10-24,HO
10006042,62,F,IN,Consumer,2025-09-12,HO
10006043,69,M,IN,Physician,2025-09-21,HO
10006044,55,M,IN,Consumer,2025-09-14,HO
10006045,46,M,IN,Consumer,2025-09-01,HO
