primaryid,pt
10000001,Nausea
10000002,Pruritus
10000003,Nausea
10000003,Rash
10000004,Rash
10000004,Dizziness
10000004,Nausea
10000005,Diarrhoea
10000006,Rash
10000006,Headache
10000007,Dizziness
10000008,Diarrhoea
10000009,Nausea
10000009,Hypoglycaemia
10000010,Headache
10000010,Dizziness
10000010,Rash
10000011,Hypoglycaemia
10000012,Hypoglycaemia
10000013,Rash
10000013,Hypoglycaemia
10000013,Diarrhoea
10000014,Fatigue
10000015,Diarrhoea
10000016,Headache
10000017,Dizziness
10000017,Nausea
10000018,Headache
10000018,Dizziness
10000018,Pruritus
10000019,Fatigue
10000020,Rash
10000020,Fatigue
10000020,Headache
10000021,Hepatotoxicity
10000021,Dizziness
10000022,Diarrhoea
10000022,Rash
10000022,Fatigue
10000023,Nausea
10000023,Fatigue
10000023,Dizziness
10000024,Dizziness
10000024,Rash
10000025,Headache
10000026,Dizziness
10000026,Headache
10000026,Rash
10000027,Hypoglycaemia
10000028,Pruritus
10000028,Nausea
10000028,Hypoglycaemia
10000029,Nausea
10000030,Headache
10000031,Fatigue
10000032,Rash
10000033,Rash
10000033,Nausea
10000033,Headache
10000034,Dizziness
10000035,Hepatotoxicity
10000036,Nausea
10000037,Diarrhoea
10000038,Hepatotoxicity
10000039,Headache
10000040,Fatigue
10000040,Rash
10000040,Nausea
10000041,Pruritus
10000041,Nausea
10000042,Nausea
10000043,Fatigue
10000043,Headache
10000044,Rash
10000045,Rash
10000045,Headache
10000046,Nausea
10000046,Headache
10000046,Rash
10000047,Dizziness
10000048,Hepatotoxicity
10000049,Fatigue
10000049,Headache
10000050,Nausea
10000051,Nausea
10000052,Rash
10000053,Dizziness
10000054,Hepatotoxicity
10000054,Nausea
10000055,Fatigue
10000056,Pruritus
10000056,Hypoglycaemia
10000057,Rash
10000058,Headache
10000059,Fatigue
10000059,Pruritus
10000059,Nausea
10000060,Dizziness
10000061,Rash
10000061,Diarrhoea
10000061,Nausea
10000062,Pancreatitis
10000062,Dizziness
10000063,Pancreatitis
10000064,Dizziness
10000064,Nausea
10000064,Hypoglycaemia
10000065,Headache
10000066,Pancreatitis
10000067,Headache
10000067,Fatigue
10000068,Nausea
10000068,Dizziness
10000069,Diarrhoea
10000070,Headache
10000071,Pruritus
10000072,Fatigue
10000072,Diarrhoea
10000073,Diarrhoea
10000073,Nausea
10000074,Nausea
10000075,Rash
10000076,Nausea
10000077,Dizziness
10000077,Headache
10000078,Fatigue
10000078,Dizziness
10000079,Nausea
10000079,Hepatotoxicity
10000079,Dizziness
10000080,Fatigue
10000080,Rash
10000081,Hepatotoxicity
10000082,Rash
10000082,Pruritus
10000083,Headache
10000083,Pancreatitis
10000083,Dizziness
10000084,Fatigue
10000084,Rash
10000084,Nausea
10000085,Diarrhoea
10000085,Headache
10000086,Rash
10000087,Fatigue
10000088,Headache
10000089,Pruritus
10000090,Diarrhoea
10000090,Fatigue
10000091,Nausea
10000092,Fatigue
10000092,Nausea
10000093,Fatigue
10000094,Rash
10000095,Fatigue
10000095,Nausea
10000096,Nausea
10000097,Rash
10000098,Dizziness
10000098,Pancreatitis
10000099,Headache
10000100,Nausea
10000100,Fatigue
10000100,Headache
10000101,Fatigue
10000101,Rash
10000102,Headache
10000102,Diarrhoea
10000103,Pruritus
10000104,Rash
10000105,Pancreatitis
10000105,Nausea
10000106,Fatigue
10000107,Headache
10000107,Dizziness
10000107,Nausea
10000108,Pruritus
10000108,Headache
10000109,Rash
10000109,Diarrhoea
10000110,Headache
10000110,Hepatotoxicity
10000111,Hepatotoxicity
10000112,Nausea
10000113,Nausea
10000114,Fatigue
10000114,Nausea
10000115,Rash
10000116,Pruritus
10000116,Pancreatitis
10000116,Nausea
10000117,Nausea
10000118,Headache
10000119,Hepatotoxicity
10000120,Fatigue
10000121,Diarrhoea
10000122,Fatigue
10000123,Nausea
10000123,Rash
10000123,Hepatotoxicity
10000124,Headache
10000124,Rash
10000124,Dizziness
10000125,Pruritus
10000126,Rash
10000127,Hepatotoxicity
10000127,Nausea
10000127,Headache
10000128,Pruritus
10000128,Hypoglycaemia
10000129,Pancreatitis
10000130,Hypoglycaemia
10000131,Nausea
10000132,Rash
10000133,Nausea
10000133,Headache
10000134,Nausea
10000134,Hepatotoxicity
10000135,Fatigue
10000136,Fatigue
10000136,Nausea
10000137,Headache
10000138,Nausea
10000139,Dizziness
10000139,Headache
10000140,Headache
10000140,Nausea
10000140,Dizziness
10000141,Nausea
10000141,Fatigue
10000142,Pancreatitis
10000142,Rash
10000143,Headache
10000143,Nausea
10000144,Pruritus
10000144,Hepatotoxicity
10000144,Fatigue
10000145,Fatigue
10000146,Dizziness
10000147,Nausea
10000148,Headache
10000149,Rash
10000149,Nausea
10000150,Pruritus
10000150,Rash
10000151,Rash
10000152,Dizziness
10000152,Nausea
10000153,Diarrhoea
10000153,Nausea
10000154,Diarrhoea
10000155,Headache
10000156,Pruritus
10000157,Rash
10000157,Headache
10000158,Pancreatitis
10000158,Fatigue
10000158,Headache
10000159,Diarrhoea
10000160,Nausea
10000160,Diarrhoea
10000161,Nausea
10000161,Rash
10000162,Diarrhoea
10000162,Nausea
10000162,Fatigue
10000163,Nausea
10000164,Fatigue
10000165,Nausea
10000165,Diarrhoea
10000166,Rash
10000166,Fatigue
10000166,Nausea
10000167,Nausea
10000167,Headache
10000168,Nausea
10000168,Fatigue
10000168,Rash
10000169,Fatigue
10000169,Headache
10000169,Rash
10000170,Pruritus
10000171,Nausea
10000172,Rash
10000172,Diarrhoea
10000173,Dizziness
10000173,Diarrhoea
10000174,Diarrhoea
10000174,Headache
10000175,Hepatotoxicity
10000176,Dizziness
10000176,Nausea
10000177,Diarrhoea
10000177,Rash
10000178,Pancreatitis
10000179,Nausea
10000180,Hepatotoxicity
10000180,Rash
10000181,Pancreatitis
10000182,Dizziness
10000183,Diarrhoea
10000184,Nausea
10000184,Headache
10000184,Diarrhoea
10000185,Headache
10000185,Nausea
10000186,Fatigue
10000186,Hepatotoxicity
10000187,Diarrhoea
10000188,Headache
10000188,Rash
10000189,Rash
10000190,Dizziness
10000191,Headache
10000192,Rash
10000193,Diarrhoea
10000194,Diarrhoea
10000195,Diarrhoea
10000195,Fatigue
10000196,Diarrhoea
10000196,Nausea
10000197,Hepatotoxicity
10000197,Nausea
10000197,Rash
10000198,Headache
10000198,Diarrhoea
10000199,Headache
10000200,Rash
10000200,Nausea
10000200,Dizziness
10000201,Nausea
10000201,Dizziness
10000201,Rash
10000202,Headache
10000202,Dizziness
10000203,Diarrhoea
10000204,Fatigue
10000204,Dizziness
10000205,Nausea
10000206,Headache
10000207,Headache
10000208,Diarrhoea
10000208,Fatigue
10000209,Headache
10000210,Fatigue
10000211,Fatigue
10000211,Dizziness
10000212,Rash
10000213,Diarrhoea
10000214,Nausea
10000215,Pancreatitis
10000216,Dizziness
10000216,Headache
10000217,Diarrhoea
10000217,Nausea
10000217,Pancreatitis
10000218,Nausea
10000219,Diarrhoea
10000220,Rash
10000220,Dizziness
10000221,Hypoglycaemia
10000222,Fatigue
10000222,Nausea
10000223,Dizziness
10000223,Headache
10000224,Dizziness
10000224,Hepatotoxicity
10000225,Dizziness
10000226,Pancreatitis
10000227,Headache
10000227,Nausea
10000228,Dizziness
10000229,Headache
10000230,Fatigue
10000230,Diarrhoea
10000230,Nausea
10000231,Fatigue
10000231,Pruritus
10000231,Hepatotoxicity
10000232,Nausea
10000233,Nausea
10000234,Diarrhoea
10000235,Rash
10000235,Nausea
10000236,Fatigue
10000236,Rash
10000237,Fatigue
10000237,Diarrhoea
10000238,Headache
10000238,Nausea
10000239,Headache
10000239,Rash
10000239,Hepatotoxicity
10000240,Headache
10000241,Headache
10000242,Fatigue
10000243,Rash
10000244,Headache
10000245,Rash
10000246,Hepatotoxicity
10000247,Headache
10000247,Rash
10000248,Diarrhoea
10000248,Nausea
10000248,Fatigue
10000249,Rash
10000249,Diarrhoea
10000250,Diarrhoea
10000251,Hepatotoxicity
10000251,Fatigue
10000252,Hepatotoxicity
10000253,Pancreatitis
10000254,Hepatotoxicity
10000254,Pancreatitis
10000255,Rash
10000255,Diarrhoea
10000256,Diarrhoea
10000257,Headache
10000258,Fatigue
10000258,Diarrhoea
10000259,Headache
10000260,Dizziness
10000261,Headache
10000261,Nausea
10000262,Diarrhoea
10000263,Rash
10000264,Fatigue
10000264,Nausea
10000265,Headache
10000266,Fatigue
10000267,Fatigue
10000268,Diarrhoea
10000269,Dizziness
10000270,Dizziness
10000270,Diarrhoea
10000270,Headache
10000271,Headache
10000271,Diarrhoea
10000272,Diarrhoea
10000272,Headache
10000273,Fatigue
10000273,Rash
10000274,Dizziness
10000274,Rash
10000274,Headache
10000275,Nausea
10000276,Diarrhoea
10000276,Rash
10000277,Dizziness
10000278,Diarrhoea
10000278,Nausea
10000279,Fatigue
10000279,Headache
10000280,Pruritus
10000281,Dizziness
10000281,Headache
10000282,Rash
10000283,Nausea
10000284,Nausea
10000285,Dizziness
10000286,Rash
10000287,Hepatotoxicity
10000288,Fatigue
10000289,Fatigue
10000289,Headache
10000289,Nausea
10000290,Dizziness
10000291,Nausea
10000291,Fatigue
10000292,Hepatotoxicity
10000292,Nausea
10000293,Pancreatitis
10000294,Nausea
10000294,Dizziness
10000295,Dizziness
10000295,Fatigue
10000295,Rash
10000296,Headache
10000296,Dizziness
10000297,Diarrhoea
10000297,Headache
10000298,Fatigue
10000299,Nausea
10000299,Fatigue
10000300,Diarrhoea
10000301,Nausea
10000301,Dizziness
10000301,Headache
10000302,Dizziness
10000303,Rash
10000304,Rash
10000305,Diarrhoea
10000305,Pruritus
10000305,Rash
10000306,Dizziness
10000307,Dizziness
10000308,Nausea
10000308,Fatigue
10000309,Headache
10000309,Hypoglycaemia
10000309,Nausea
10000310,Nausea
10000310,Rash
10000311,Headache
10000312,Pruritus
10000313,Headache
10000314,Nausea
10000315,Headache
10000315,Rash
10000315,Nausea
10000316,Fatigue
10000316,Rash
10000316,Dizziness
10000317,Headache
10000318,Headache
10000318,Rash
10000319,Hypoglycaemia
10000320,Hepatotoxicity
10000321,Nausea
10000321,Rash
10000322,Diarrhoea
10000322,Hypoglycaemia
10000323,Pancreatitis
10000323,Nausea
10000323,Rash
10000324,Headache
10000325,Headache
10000326,Headache
10000326,Pruritus
10000326,Nausea
10000327,Rash
10000328,Rash
10000329,Pancreatitis
10000329,Pruritus
10000330,Headache
10000330,Dizziness
10000330,Fatigue
10000331,Nausea
10000332,Pruritus
10000332,Dizziness
10000333,Dizziness
10000333,Nausea
10000334,Nausea
10000334,Rash
10000335,Dizziness
10000335,Fatigue
10000336,Fatigue
10000337,Rash
10000338,Diarrhoea
10000338,Hepatotoxicity
10000339,Diarrhoea
10000340,Nausea
10000341,Pruritus
10000341,Headache
10000342,Pancreatitis
10000342,Rash
10000342,Headache
10000343,Fatigue
10000343,Diarrhoea
10000344,Diarrhoea
10000345,Hepatotoxicity
10000346,Nausea
10000347,Pancreatitis
10000348,Diarrhoea
10000348,Headache
10000349,Nausea
10000350,Nausea
10000350,Pancreatitis
10000351,Hepatotoxicity
10000351,Headache
10000351,Nausea
10000352,Pancreatitis
10000353,Nausea
10000353,Rash
10000353,Pancreatitis
10000354,Fatigue
10000355,Fatigue
10000356,Rash
10000357,Headache
10000358,Nausea
10000358,Rash
10000359,Nausea
10000360,Headache
10000361,Dizziness
10000361,Hepatotoxicity
10000362,Headache
10000362,Pancreatitis
10000363,Dizziness
10000363,Rash
10000364,Rash
10000365,Fatigue
10000366,Fatigue
10000367,Pruritus
10000367,Headache
10000368,Fatigue
10000369,Nausea
10000369,Diarrhoea
10000370,Rash
10000371,Fatigue
10000371,Headache
10000371,Pruritus
10000372,Headache
10000373,Hypoglycaemia
10000373,Fatigue
10000374,Nausea
10000374,Hypoglycaemia
10000375,Fatigue
10000375,Pruritus
10000376,Diarrhoea
10000376,Dizziness
10000377,Hepatotoxicity
10000377,Nausea
10000378,Rash
10000379,Hypoglycaemia
10000380,Pruritus
10000381,Dizziness
10000381,Diarrhoea
10000381,Fatigue
10000382,Diarrhoea
10000383,Pancreatitis
10000384,Nausea
10000385,Dizziness
10000386,Nausea
10000387,Fatigue
10000388,Dizziness
10000389,Dizziness
10000389,Headache
10000390,Hepatotoxicity
10000390,Diarrhoea
10000391,Diarrhoea
10000391,Nausea
10000391,Rash
10000392,Hypoglycaemia
10000392,Fatigue
10000392,Headache
10000393,Nausea
10000393,Headache
10000393,Hypoglycaemia
10000394,Rash
10000395,Hepatotoxicity
10000395,Diarrhoea
10000396,Diarrhoea
10000397,Rash
10000398,Fatigue
10000399,Dizziness
10000399,Hepatotoxicity
10000400,Rash
10000401,Rash
10000401,Headache
10000402,Nausea
10000403,Nausea
10000403,Headache
10000404,Nausea
10000404,Headache
10000404,Rash
10000405,Headache
10000406,Diarrhoea
10000407,Hypoglycaemia
10000408,Hepatotoxicity
10000408,Rash
10000409,Rash
10000409,Fatigue
10000409,Dizziness
10000410,Dizziness
10000411,Rash
10000412,Nausea
10000413,Dizziness
10000414,Rash
10000415,Dizziness
10000416,Nausea
10000416,Headache
10000417,Hepatotoxicity
10000418,Headache
10000419,Pruritus
10000420,Headache
10000420,Diarrhoea
10000420,Hepatotoxicity
10000421,Headache
10000422,Hypoglycaemia
10000423,Nausea
10000423,Rash
10000423,Headache
10000424,Rash
10000425,Headache
10000425,Pancreatitis
10000425,Nausea
10000426,Nausea
10000427,Headache
10000427,Dizziness
10000428,Nausea
10000429,Dizziness
10000429,Diarrhoea
10000429,Fatigue
10000430,Dizziness
10000430,Nausea
10000430,Rash
10000431,Diarrhoea
10000432,Pruritus
10000432,Fatigue
10000432,Rash
10000433,Hepatotoxicity
10000433,Nausea
10000434,Headache
10000435,Diarrhoea
10000436,Nausea
10000437,Hypoglycaemia
10000438,Dizziness
10000438,Hypoglycaemia
10000439,Diarrhoea
10000439,Hypoglycaemia
10000440,Fatigue
10000440,Hypoglycaemia
10000441,Nausea
10000441,Rash
10000442,Hepatotoxicity
10000442,Fatigue
10000443,Dizziness
10000443,Pancreatitis
10000444,Rash
10000444,Nausea
10000445,Headache
10000445,Fatigue
10000445,Dizziness
10000446,Headache
10000446,Fatigue
10000447,Rash
10000447,Headache
10000448,Headache
10000449,Headache
10000449,Rash
10000450,Diarrhoea
10000450,Dizziness
10000450,Headache
10000451,Pancreatitis
10000451,Dizziness
10000452,Nausea
10000453,Fatigue
10000454,Fatigue
10000455,Headache
10000456,Headache
10000457,Headache
10000457,Dizziness
10000457,Hepatotoxicity
10000458,Fatigue
10000458,Dizziness
10000458,Headache
10000459,Hypoglycaemia
10000459,Hepatotoxicity
10000459,Diarrhoea
10000460,Diarrhoea
10000460,Headache
10000460,Fatigue
10000461,Rash
10000461,Nausea
10000462,Headache
10000463,Diarrhoea
10000464,Hepatotoxicity
10000464,Headache
10000465,Nausea
10000466,Headache
10000466,Nausea
10000466,Dizziness
10000467,Nausea
10000467,Headache
10000467,Dizziness
10000468,Nausea
10000468,Rash
10000469,Rash
10000469,Hypoglycaemia
10000470,Hepatotoxicity
10000471,Nausea
10000471,Headache
10000471,Dizziness
10000472,Dizziness
10000473,Nausea
10000473,Rash
10000473,Dizziness
10000474,Hepatotoxicity
10000474,Nausea
10000475,Rash
10000476,Rash
10000477,Diarrhoea
10000478,Nausea
10000478,Rash
10000478,Pruritus
10000479,Diarrhoea
10000479,Rash
10000480,Rash
10000480,Diarrhoea
10000480,Hypoglycaemia
10000481,Hypoglycaemia
10000481,Pancreatitis
10000482,Rash
10000482,Pruritus
10000482,Dizziness
10000483,Rash
10000484,Fatigue
10000484,Nausea
10000484,Pruritus
10000485,Fatigue
10000486,Nausea
10000486,Headache
10000487,Fatigue
10000487,Nausea
10000488,Hepatotoxicity
10000488,Headache
10000489,Headache
10000489,Diarrhoea
10000490,Headache
10000490,Pruritus
10000490,Rash
10000491,Headache
10000492,Nausea
10000493,Nausea
10000494,Dizziness
10000494,Fatigue
10000494,Rash
10000495,Pancreatitis
10000496,Dizziness
10000497,Nausea
10000497,Hepatotoxicity
10000497,Headache
10000498,Rash
10000499,Fatigue
10000500,Diarrhoea
10000500,Headache
10000501,Diarrhoea
10000502,Headache
10000502,Pancreatitis
10000503,Headache
10000503,Fatigue
10000503,Rash
10000504,Pruritus
10000504,Nausea
10000505,Diarrhoea
10000506,Headache
10000507,Dizziness
10000508,Nausea
10000508,Pruritus
10000508,Rash
10000509,Headache
10000509,Rash
10000509,Dizziness
10000510,Headache
10000510,Dizziness
10000511,Fatigue
10000511,Rash
10000512,Dizziness
10000513,Rash
10000513,Nausea
10000514,Diarrhoea
10000515,Diarrhoea
10000516,Headache
10000516,Hypoglycaemia
10000517,Fatigue
10000517,Nausea
10000517,Hypoglycaemia
10000518,Diarrhoea
10000519,Nausea
10000519,Diarrhoea
10000520,Rash
10000520,Dizziness
10000521,Diarrhoea
10000521,Dizziness
10000522,Fatigue
10000522,Dizziness
10000523,Nausea
10000524,Fatigue
10000525,Fatigue
10000525,Rash
10000525,Diarrhoea
10000526,Fatigue
10000526,Dizziness
10000527,Headache
10000528,Fatigue
10000529,Rash
10000529,Nausea
10000529,Pancreatitis
10000530,Rash
10000530,Headache
10000531,Nausea
10000531,Rash
10000532,Nausea
10000533,Rash
10000534,Diarrhoea
10000535,Diarrhoea
10000535,Rash
10000536,Nausea
10000537,Fatigue
10000537,Headache
10000537,Nausea
10000538,Pruritus
10000539,Headache
10000539,Nausea
10000540,Diarrhoea
10000541,Nausea
10000541,Headache
10000541,Diarrhoea
10000542,Nausea
10000542,Diarrhoea
10000543,Nausea
10000543,Fatigue
10000544,Headache
10000544,Fatigue
10000545,Fatigue
10000545,Headache
10000545,Nausea
10000546,Nausea
10000547,Diarrhoea
10000548,Nausea
10000549,Dizziness
10000550,Dizziness
10000550,Diarrhoea
10000551,Headache
10000551,Diarrhoea
10000552,Headache
10000552,Rash
10000553,Hepatotoxicity
10000553,Dizziness
10000554,Rash
10000554,Nausea
10000555,Hypoglycaemia
10000555,Nausea
10000556,Headache
10000557,Nausea
10000557,Rash
10000558,Nausea
10000558,Diarrhoea
10000559,Dizziness
10000559,Nausea
10000560,Dizziness
10000561,Pancreatitis
10000562,Nausea
10000562,Headache
10000563,Hepatotoxicity
10000564,Nausea
10000565,Headache
10000566,Rash
10000567,Dizziness
10000568,Nausea
10000568,Hypoglycaemia
10000569,Rash
10000570,Rash
10000570,Nausea
10000570,Diarrhoea
10000571,Rash
10000572,Fatigue
10000572,Nausea
10000573,Headache
10000573,Fatigue
10000574,Hypoglycaemia
10000575,Diarrhoea
10000576,Headache
10000576,Nausea
10000577,Hypoglycaemia
10000577,Nausea
10000577,Fatigue
10000578,Diarrhoea
10000578,Hepatotoxicity
10000578,Rash
10000579,Headache
10000579,Diarrhoea
10000579,Nausea
10000580,Nausea
10000580,Pancreatitis
10000581,Nausea
10000581,Pruritus
10000582,Hypoglycaemia
10000582,Fatigue
10000583,Nausea
10000584,Hepatotoxicity
10000585,Dizziness
10000586,Fatigue
10000587,Hypoglycaemia
10000587,Fatigue
10000588,Nausea
10000589,Dizziness
10000590,Nausea
10000590,Headache
10000591,Dizziness
10000591,Hypoglycaemia
10000591,Hepatotoxicity
10000592,Fatigue
10000592,Dizziness
10000593,Hepatotoxicity
10000594,Fatigue
10000594,Pancreatitis
10000595,Nausea
10000595,Rash
10000595,Fatigue
10000596,Headache
10000597,Hypoglycaemia
10000598,Nausea
10000598,Rash
10000599,Headache
10000600,Rash
10000601,Diarrhoea
10000602,Nausea
10000602,Diarrhoea
10000603,Headache
10000604,Dizziness
10000605,Diarrhoea
10000605,Rash
10000606,Diarrhoea
10000607,Nausea
10000608,Dizziness
10000608,Hypoglycaemia
10000609,Hypoglycaemia
10000610,Headache
10000611,Headache
10000612,Rash
10000612,Dizziness
10000612,Headache
10000613,Dizziness
10000614,Pruritus
10000614,Headache
10000615,Nausea
10000616,Nausea
10000617,Hypoglycaemia
10000618,Nausea
10000619,Hypoglycaemia
10000620,Pancreatitis
10000620,Rash
10000620,Headache
10000621,Diarrhoea
10000622,Diarrhoea
10000623,Pruritus
10000623,Fatigue
10000624,Headache
10000624,Diarrhoea
10000624,Rash
10000625,Hepatotoxicity
10000625,Rash
10000626,Nausea
10000627,Nausea
10000628,Headache
10000629,Rash
10000630,Fatigue
10000631,Hepatotoxicity
10000631,Nausea
10000631,Fatigue
10000632,Fatigue
10000632,Rash
10000633,Headache
10000634,Pancreatitis
10000635,Rash
10000636,Headache
10000637,Dizziness
10000638,Rash
10000639,Hypoglycaemia
10000640,Fatigue
10000641,Fatigue
10000641,Headache
10000642,Dizziness
10000642,Rash
10000642,Headache
10000643,Fatigue
10000643,Nausea
10000644,Headache
10000645,Rash
10000646,Headache
10000647,Rash
10000647,Fatigue
10000648,Headache
10000649,Nausea
10000649,Fatigue
10000650,Hepatotoxicity
10000650,Pruritus
10000650,Diarrhoea
10000651,Headache
10000652,Diarrhoea
10000653,Diarrhoea
10000653,Rash
10000653,Nausea
10000654,Headache
10000655,Fatigue
10000656,Headache
10000656,Diarrhoea
10000656,Nausea
10000657,Dizziness
10000657,Headache
10000657,Fatigue
10000658,Hypoglycaemia
10000659,Rash
10000660,Rash
10000661,Nausea
10000661,Headache
10000662,Pancreatitis
10000663,Diarrhoea
10000664,Fatigue
10000664,Nausea
10000664,Pruritus
10000665,Headache
10000666,Diarrhoea
10000666,Fatigue
10000666,Nausea
10000667,Nausea
10000668,Pruritus
10000669,Hepatotoxicity
10000669,Pruritus
10000670,Nausea
10000671,Fatigue
10000671,Nausea
10000672,Rash
10000672,Pruritus
10000673,Hypoglycaemia
10000674,Headache
10000674,Diarrhoea
10000674,Rash
10000675,Headache
10000676,Diarrhoea
10000677,Hypoglycaemia
10000677,Pancreatitis
10000678,Rash
10000679,Rash
10000680,Hepatotoxicity
10000681,Hepatotoxicity
10000682,Headache
10000683,Fatigue
10000683,Hypoglycaemia
10000684,Rash
10000684,Pancreatitis
10000685,Nausea
10000685,Pancreatitis
10000685,Rash
10000686,Dizziness
10000687,Nausea
10000688,Fatigue
10000688,Dizziness
10000689,Dizziness
10000689,Rash
10000690,Headache
10000690,Nausea
10000691,Nausea
10000691,Rash
10000692,Rash
10000693,Diarrhoea
10000694,Rash
10000694,Fatigue
10000695,Pruritus
10000695,Fatigue
10000696,Nausea
10000696,Rash
10000697,Dizziness
10000697,Hepatotoxicity
10000698,Pruritus
10000699,Hepatotoxicity
10000700,Nausea
10000701,Pruritus
10000702,Hepatotoxicity
10000703,Headache
10000703,Diarrhoea
10000704,Headache
10000704,Fatigue
10000704,Diarrhoea
10000705,Nausea
10000705,Pancreatitis
10000706,Pruritus
10000707,Rash
10000707,Nausea
10000707,Headache
10000708,Rash
10000708,Pancreatitis
10000709,Dizziness
10000709,Headache
10000709,Fatigue
10000710,Headache
10000711,Dizziness
10000711,Fatigue
10000712,Hepatotoxicity
10000712,Headache
10000713,Dizziness
10000714,Rash
10000714,Headache
10000715,Headache
10000716,Rash
10000716,Hypoglycaemia
10000716,Nausea
10000717,Rash
10000718,Dizziness
10000719,Pruritus
10000719,Fatigue
10000719,Rash
10000720,Diarrhoea
10000720,Headache
10000721,Rash
10000721,Hepatotoxicity
10000722,Dizziness
10000722,Fatigue
10000723,Dizziness
10000723,Fatigue
10000724,Rash
10000724,Diarrhoea
10000724,Fatigue
10000725,Rash
10000725,Nausea
10000725,Dizziness
10000726,Nausea
10000726,Dizziness
10000727,Fatigue
10000727,Nausea
10000728,Rash
10000729,Rash
10000729,Nausea
10000729,Headache
10000730,Hepatotoxicity
10000730,Diarrhoea
10000731,Nausea
10000731,Dizziness
10000731,Headache
10000732,Rash
10000732,Pruritus
10000733,Nausea
10000733,Fatigue
10000734,Fatigue
10000734,Dizziness
10000734,Headache
10000735,Headache
10000735,Rash
10000735,Nausea
10000736,Nausea
10000737,Headache
10000738,Pancreatitis
10000739,Diarrhoea
10000740,Dizziness
10000741,Hepatotoxicity
10000741,Fatigue
10000742,Pancreatitis
10000742,Nausea
10000742,Pruritus
10000743,Diarrhoea
10000743,Headache
10000744,Nausea
10000745,Nausea
10000745,Headache
10000746,Headache
10000747,Nausea
10000748,Dizziness
10000748,Rash
10000748,Nausea
10000749,Nausea
10000749,Dizziness
10000750,Pruritus
10000751,Hepatotoxicity
10000752,Hepatotoxicity
10000753,Headache
10000754,Headache
10000755,Rash
10000755,Nausea
10000756,Nausea
10000756,Hypoglycaemia
10000756,Diarrhoea
10000757,Fatigue
10000758,Hepatotoxicity
10000758,Nausea
10000759,Nausea
10000760,Dizziness
10000760,Rash
10000761,Fatigue
10000762,Diarrhoea
10000762,Headache
10000762,Fatigue
10000763,Dizziness
10000764,Nausea
10000764,Diarrhoea
10000765,Rash
10000766,Hepatotoxicity
10000766,Fatigue
10000767,Hypoglycaemia
10000767,Rash
10000768,Dizziness
10000768,Rash
10000768,Headache
10000769,Fatigue
10000770,Headache
10000770,Rash
10000771,Headache
10000771,Dizziness
10000772,Rash
10000772,Nausea
10000773,Diarrhoea
10000774,Dizziness
10000774,Nausea
10000775,Fatigue
10000776,Nausea
10000777,Nausea
10000777,Hypoglycaemia
10000778,Nausea
10000778,Diarrhoea
10000779,Diarrhoea
10000780,Dizziness
10000780,Fatigue
10000781,Nausea
10000782,Diarrhoea
10000782,Headache
10000783,Fatigue
10000784,Dizziness
10000784,Nausea
10000784,Fatigue
10000785,Hepatotoxicity
10000785,Nausea
10000786,Nausea
10000787,Headache
10000788,Dizziness
10000789,Headache
10000789,Fatigue
10000790,Nausea
10000791,Nausea
10000792,Nausea
10000792,Fatigue
10000793,Hypoglycaemia
10000794,Nausea
10000795,Rash
10000796,Fatigue
10000797,Fatigue
10000797,Nausea
10000798,Diarrhoea
10000798,Pancreatitis
10000799,Headache
10000799,Pruritus
10000799,Hypoglycaemia
10000800,Rash
10000800,Hepatotoxicity
10000801,Rash
10000802,Rash
10000802,Nausea
10000803,Fatigue
10000803,Hypoglycaemia
10000804,Headache
10000805,Nausea
10000805,Hypoglycaemia
10000806,Fatigue
10000807,Rash
10000807,Headache
10000807,Diarrhoea
10000808,Headache
10000809,Rash
10000809,Dizziness
10000810,Diarrhoea
10000810,Dizziness
10000810,Nausea
10000811,Nausea
10000812,Fatigue
10000813,Dizziness
10000814,Rash
10000815,Rash
10000816,Rash
10000816,Pancreatitis
10000817,Rash
10000817,Hepatotoxicity
10000818,Nausea
10000818,Rash
10000819,Dizziness
10000819,Headache
10000820,Pruritus
10000820,Hypoglycaemia
10000821,Dizziness
10000822,Headache
10000823,Fatigue
10000824,Dizziness
10000824,Rash
10000824,Headache
10000825,Dizziness
10000825,Rash
10000826,Nausea
10000827,Dizziness
10000828,Headache
10000829,Headache
10000829,Nausea
10000829,Hypoglycaemia
10000830,Rash
10000831,Nausea
10000831,Pruritus
10000832,Hepatotoxicity
10000833,Rash
10000834,Fatigue
10000835,Fatigue
10000835,Dizziness
10000836,Rash
10000837,Fatigue
10000837,Rash
10000838,Hepatotoxicity
10000838,Headache
10000838,Pruritus
10000839,Nausea
10000839,Hypoglycaemia
10000840,Headache
10000841,Pruritus
10000841,Fatigue
10000841,Hepatotoxicity
10000842,Diarrhoea
10000842,Nausea
10000842,Rash
10000843,Pruritus
10000843,Rash
10000844,Diarrhoea
10000845,Fatigue
10000845,Dizziness
10000846,Hypoglycaemia
10000847,Diarrhoea
10000848,Headache
10000849,Diarrhoea
10000849,Dizziness
10000849,Headache
10000850,Nausea
10000851,Pancreatitis
10000851,Rash
10000852,Fatigue
10000852,Diarrhoea
10000853,Dizziness
10000854,Dizziness
10000855,Rash
10000856,Dizziness
10000857,Diarrhoea
10000857,Rash
10000858,Diarrhoea
10000858,Nausea
10000859,Nausea
10000860,Dizziness
10000861,Dizziness
10000861,Hypoglycaemia
10000861,Rash
10000862,Headache
10000863,Rash
10000863,Fatigue
10000864,Rash
10000864,Fatigue
10000865,Diarrhoea
10000865,Headache
10000866,Nausea
10000866,Fatigue
10000866,Headache
10000867,Nausea
10000867,Fatigue
10000868,Dizziness
10000869,Dizziness
10000870,Fatigue
10000871,Headache
10000871,Rash
10000872,Rash
10000872,Diarrhoea
10000873,Headache
10000873,Fatigue
10000873,Diarrhoea
10000874,Dizziness
10000874,Pruritus
10000875,Nausea
10000875,Rash
10000876,Headache
10000876,Rash
10000877,Hypoglycaemia
10000877,Fatigue
10000878,Diarrhoea
10000878,Nausea
10000879,Rash
10000879,Fatigue
10000879,Nausea
10000880,Dizziness
10000880,Nausea
10000880,Headache
10000881,Dizziness
10000881,Rash
10000882,Fatigue
10000882,Dizziness
10000882,Nausea
10000883,Dizziness
10000884,Dizziness
10000885,Nausea
10000886,Nausea
10000886,Dizziness
10000886,Headache
10000887,Nausea
10000887,Diarrhoea
10000887,Rash
10000888,Rash
10000889,Rash
10000890,Rash
10000891,Headache
10000892,Headache
10000892,Dizziness
10000892,Rash
10000893,Hypoglycaemia
10000894,Nausea
10000894,Pancreatitis
10000895,Fatigue
10000896,Nausea
10000896,Hepatotoxicity
10000897,Headache
10000898,Nausea
10000899,Rash
10000899,Hypoglycaemia
10000899,Nausea
10000900,Nausea
10000901,Hepatotoxicity
10000901,Pruritus
10000902,Nausea
10000902,Rash
10000903,Diarrhoea
10000904,Nausea
10000904,Headache
10000905,Nausea
10000906,Fatigue
10000906,Rash
10000906,Diarrhoea
10000907,Pruritus
10000908,Diarrhoea
10000909,Diarrhoea
10000909,Nausea
10000910,Rash
10000910,Fatigue
10000911,Headache
10000912,Headache
10000912,Diarrhoea
10000913,Pruritus
10000913,Dizziness
10000914,Diarrhoea
10000915,Diarrhoea
10000916,Dizziness
10000917,Hepatotoxicity
10000918,Headache
10000918,Fatigue
10000919,Headache
10000920,Hepatotoxicity
10000921,Fatigue
10000921,Headache
10000922,Diarrhoea
10000922,Headache
10000922,Fatigue
10000923,Rash
10000923,Headache
10000923,Diarrhoea
10000924,Pancreatitis
10000924,Headache
10000925,Headache
10000926,Dizziness
10000927,Diarrhoea
10000927,Rash
10000928,Nausea
10000928,Headache
10000929,Fatigue
10000930,Rash
10000930,Diarrhoea
10000931,Fatigue
10000932,Hepatotoxicity
10000932,Nausea
10000933,Headache
10000934,Fatigue
10000935,Headache
10000935,Pancreatitis
10000935,Nausea
10000936,Nausea
10000937,Dizziness
10000937,Nausea
10000937,Fatigue
10000938,Headache
10000939,Headache
10000940,Rash
10000940,Diarrhoea
10000940,Dizziness
10000941,Headache
10000942,Diarrhoea
10000942,Headache
10000943,Headache
10000944,Diarrhoea
10000945,Fatigue
10000946,Rash
10000946,Nausea
10000947,Nausea
10000948,Headache
10000949,Headache
10000950,Headache
10000950,Fatigue
10000951,Rash
10000952,Dizziness
10000952,Pancreatitis
10000953,Rash
10000953,Pruritus
10000954,Dizziness
10000955,Pruritus
10000955,Headache
10000956,Diarrhoea
10000957,Diarrhoea
10000958,Fatigue
10000959,Rash
10000959,Fatigue
10000959,Hepatotoxicity
10000960,Headache
10000960,Diarrhoea
10000960,Nausea
10000961,Dizziness
10000961,Pancreatitis
10000962,Headache
10000962,Nausea
10000962,Fatigue
10000963,Hypoglycaemia
10000964,Diarrhoea
10000965,Dizziness
10000965,Hepatotoxicity
10000966,Diarrhoea
10000966,Headache
10000966,Dizziness
10000967,Pancreatitis
10000967,Dizziness
10000968,Hepatotoxicity
10000968,Headache
10000969,Nausea
10000970,Headache
10000971,Fatigue
10000971,Dizziness
10000972,Diarrhoea
10000973,Nausea
10000973,Headache
10000973,Rash
10000974,Fatigue
10000975,Dizziness
10000976,Nausea
10000977,Nausea
10000977,Hepatotoxicity
10000978,Headache
10000979,Headache
10000979,Hypoglycaemia
10000980,Dizziness
10000981,Headache
10000982,Fatigue
10000982,Hypoglycaemia
10000983,Pruritus
10000983,Fatigue
10000984,Nausea
10000984,Headache
10000984,Hypoglycaemia
10000985,Headache
10000985,Nausea
10000985,Hypoglycaemia
10000986,Diarrhoea
10000987,Headache
10000987,Rash
10000987,Fatigue
10000988,Rash
10000989,Diarrhoea
10000990,Dizziness
10000990,Headache
10000991,Headache
10000992,Headache
10000992,Nausea
10000992,Rash
10000993,Nausea
10000994,Rash
10000995,Rash
10000996,Dizziness
10000996,Rash
10000997,Nausea
10000998,Diarrhoea
10000998,Dizziness
10000999,Dizziness
10000999,Rash
10001000,Rash
10001000,Nausea
10001001,Diarrhoea
10001001,Fatigue
10001002,Hepatotoxicity
10001003,Nausea
10001004,Diarrhoea
10001004,Fatigue
10001004,Headache
10001005,Diarrhoea
10001005,Fatigue
10001006,Pruritus
10001006,Nausea
10001006,Dizziness
10001007,Rash
10001008,Fatigue
10001008,Nausea
10001009,Diarrhoea
10001010,Hypoglycaemia
10001010,Headache
10001011,Hepatotoxicity
10001011,Diarrhoea
10001012,Headache
10001012,Hypoglycaemia
10001013,Rash
10001014,Pancreatitis
10001015,Dizziness
10001015,Diarrhoea
10001016,Fatigue
10001016,Nausea
10001017,Diarrhoea
10001017,Hepatotoxicity
10001018,Diarrhoea
10001018,Fatigue
10001018,Headache
10001019,Nausea
10001020,Diarrhoea
10001021,Nausea
10001021,Hepatotoxicity
10001022,Diarrhoea
10001022,Rash
10001023,Hepatotoxicity
10001023,Fatigue
10001024,Nausea
10001025,Fatigue
10001026,Nausea
10001027,Pancreatitis
10001027,Nausea
10001028,Fatigue
10001028,Dizziness
10001028,Hepatotoxicity
10001029,Nausea
10001030,Diarrhoea
10001030,Nausea
10001030,Rash
10001031,Hepatotoxicity
10001032,Headache
10001032,Hypoglycaemia
10001033,Headache
10001033,Nausea
10001034,Rash
10001034,Fatigue
10001035,Hypoglycaemia
10001035,Headache
10001036,Hepatotoxicity
10001036,Fatigue
10001037,Diarrhoea
10001037,Pruritus
10001037,Pancreatitis
10001038,Nausea
10001038,Pancreatitis
10001039,Fatigue
10001040,Pruritus
10001041,Headache
10001042,Rash
10001042,Nausea
10001043,Pancreatitis
10001044,Nausea
10001044,Hypoglycaemia
10001045,Dizziness
10001045,Diarrhoea
10001046,Headache
10001047,Headache
10001048,Nausea
10001049,Rash
10001049,Nausea
10001049,Pruritus
10001050,Dizziness
10001051,Dizziness
10001052,Rash
10001052,Headache
10001052,Nausea
10001053,Rash
10001054,Nausea
10001054,Rash
10001055,Dizziness
10001056,Hypoglycaemia
10001057,Headache
10001057,Dizziness
10001057,Nausea
10001058,Nausea
10001058,Diarrhoea
10001059,Pancreatitis
10001060,Diarrhoea
10001061,Headache
10001062,Nausea
10001063,Nausea
10001064,Diarrhoea
10001065,Headache
10001066,Fatigue
10001066,Diarrhoea
10001066,Rash
10001067,Fatigue
10001067,Headache
10001067,Nausea
10001068,Rash
10001068,Nausea
10001068,Pancreatitis
10001069,Dizziness
10001069,Rash
10001069,Fatigue
10001070,Dizziness
10001071,Diarrhoea
10001072,Rash
10001073,Rash
10001074,Headache
10001075,Fatigue
10001075,Headache
10001076,Rash
10001077,Rash
10001078,Nausea
10001079,Headache
10001079,Nausea
10001080,Rash
10001080,Dizziness
10001081,Hepatotoxicity
10001082,Fatigue
10001083,Headache
10001083,Nausea
10001084,Headache
10001085,Fatigue
10001085,Diarrhoea
10001085,Headache
10001086,Nausea
10001087,Fatigue
10001087,Dizziness
10001088,Headache
10001089,Nausea
10001090,Diarrhoea
10001091,Nausea
10001092,Headache
10001092,Nausea
10001093,Dizziness
10001093,Headache
10001094,Fatigue
10001095,Fatigue
10001095,Hepatotoxicity
10001095,Rash
10001096,Dizziness
10001097,Rash
10001098,Rash
10001099,Dizziness
10001100,Dizziness
10001100,Headache
10001100,Hepatotoxicity
10001101,Fatigue
10001102,Headache
10001103,Fatigue
10001103,Dizziness
10001103,Diarrhoea
10001104,Nausea
10001105,Headache
10001106,Hepatotoxicity
10001107,Nausea
10001108,Diarrhoea
10001109,Nausea
10001110,Pruritus
10001110,Nausea
10001110,Pancreatitis
10001111,Rash
10001111,Pancreatitis
10001112,Fatigue
10001113,Headache
10001113,Hypoglycaemia
10001113,Dizziness
10001114,Pancreatitis
10001114,Nausea
10001115,Pruritus
10001115,Diarrhoea
10001116,Diarrhoea
10001116,Fatigue
10001116,Headache
10001117,Hepatotoxicity
10001118,Nausea
10001118,Hypoglycaemia
10001119,Headache
10001119,Dizziness
10001119,Nausea
10001120,Fatigue
10001121,Hepatotoxicity
10001121,Pruritus
10001121,Nausea
10001122,Fatigue
10001122,Nausea
10001123,Dizziness
10001123,Headache
10001124,Nausea
10001124,Headache
10001125,Hypoglycaemia
10001125,Diarrhoea
10001126,Headache
10001126,Fatigue
10001127,Hypoglycaemia
10001127,Headache
10001127,Diarrhoea
10001128,Rash
10001129,Diarrhoea
10001130,Diarrhoea
10001130,Headache
10001131,Headache
10001131,Dizziness
10001131,Pruritus
10001132,Rash
10001133,Fatigue
10001133,Diarrhoea
10001134,Hepatotoxicity
10001135,Headache
10001136,Headache
10001137,Diarrhoea
10001137,Fatigue
10001138,Rash
10001138,Fatigue
10001139,Nausea
10001140,Headache
10001140,Rash
10001140,Nausea
10001141,Nausea
10001141,Fatigue
10001141,Hypoglycaemia
10001142,Dizziness
10001143,Rash
10001144,Nausea
10001145,Headache
10001145,Rash
10001146,Dizziness
10001146,Fatigue
10001146,Headache
10001147,Pancreatitis
10001147,Headache
10001148,Nausea
10001149,Nausea
10001149,Diarrhoea
10001150,Dizziness
10001151,Hepatotoxicity
10001151,Pruritus
10001152,Rash
10001153,Rash
10001154,Diarrhoea
10001155,Nausea
10001155,Dizziness
10001156,Nausea
10001157,Nausea
10001157,Dizziness
10001158,Headache
10001159,Dizziness
10001160,Headache
10001160,Diarrhoea
10001160,Dizziness
10001161,Nausea
10001161,Headache
10001161,Rash
10001162,Pruritus
10001163,Diarrhoea
10001163,Rash
10001163,Headache
10001164,Rash
10001164,Diarrhoea
10001164,Nausea
10001165,Rash
10001166,Headache
10001167,Nausea
10001168,Nausea
10001168,Dizziness
10001169,Nausea
10001169,Headache
10001170,Hypoglycaemia
10001171,Rash
10001172,Nausea
10001172,Dizziness
10001173,Fatigue
10001173,Rash
10001174,Nausea
10001175,Rash
10001176,Nausea
10001176,Hepatotoxicity
10001176,Dizziness
10001177,Nausea
10001178,Fatigue
10001179,Dizziness
10001179,Diarrhoea
10001180,Rash
10001180,Dizziness
10001181,Nausea
10001181,Pruritus
10001182,Nausea
10001183,Headache
10001184,Rash
10001184,Nausea
10001184,Diarrhoea
10001185,Fatigue
10001185,Headache
10001186,Nausea
10001187,Rash
10001188,Headache
10001189,Nausea
10001189,Fatigue
10001189,Dizziness
10001190,Headache
10001190,Nausea
10001191,Fatigue
10001191,Nausea
10001192,Headache
10001193,Fatigue
10001194,Headache
10001194,Diarrhoea
10001194,Rash
10001195,Rash
10001196,Fatigue
10001196,Rash
10001197,Dizziness
10001197,Fatigue
10001197,Headache
10001198,Fatigue
10001198,Pancreatitis
10001198,Headache
10001199,Nausea
10001199,Rash
10001200,Headache
10001200,Rash
10001201,Hepatotoxicity
10001202,Diarrhoea
10001203,Headache
10001204,Hepatotoxicity
10001205,Headache
10001205,Nausea
10001206,Nausea
10001207,Nausea
10001207,Hypoglycaemia
10001208,Diarrhoea
10001209,Pruritus
10001209,Nausea
10001210,Nausea
10001210,Pruritus
10001210,Fatigue
10001211,Nausea
10001212,Diarrhoea
10001212,Headache
10001213,Headache
10001213,Hepatotoxicity
10001213,Nausea
10001214,Fatigue
10001215,Dizziness
10001215,Diarrhoea
10001216,Nausea
10001216,Pruritus
10001217,Dizziness
10001218,Headache
10001219,Hepatotoxicity
10001220,Headache
10001220,Pancreatitis
10001220,Rash
10001221,Dizziness
10001221,Fatigue
10001222,Dizziness
10001222,Fatigue
10001223,Headache
10001223,Nausea
10001223,Fatigue
10001224,Fatigue
10001225,Pruritus
10001225,Dizziness
10001226,Headache
10001227,Nausea
10001227,Hepatotoxicity
10001228,Dizziness
10001229,Nausea
10001230,Pancreatitis
10001231,Rash
10001232,Fatigue
10001233,Diarrhoea
10001233,Dizziness
10001234,Diarrhoea
10001235,Rash
10001236,Headache
10001237,Rash
10001237,Hepatotoxicity
10001238,Hepatotoxicity
10001238,Fatigue
10001238,Nausea
10001239,Nausea
10001239,Rash
10001240,Headache
10001241,Hepatotoxicity
10001241,Fatigue
10001242,Nausea
10001242,Fatigue
10001242,Diarrhoea
10001243,Nausea
10001244,Rash
10001245,Pruritus
10001245,Headache
10001246,Rash
10001247,Pruritus
10001248,Headache
10001248,Rash
10001248,Diarrhoea
10001249,Fatigue
10001250,Hypoglycaemia
10001251,Rash
10001251,Headache
10001251,Hypoglycaemia
10001252,Fatigue
10001253,Nausea
10001254,Headache
10001254,Nausea
10001255,Fatigue
10001256,Nausea
10001256,Rash
10001257,Fatigue
10001258,Hypoglycaemia
10001259,Diarrhoea
10001260,Diarrhoea
10001260,Rash
10001261,Nausea
10001262,Nausea
10001262,Hypoglycaemia
10001263,Hepatotoxicity
10001263,Dizziness
10001263,Diarrhoea
10001264,Pruritus
10001264,Diarrhoea
10001265,Rash
10001265,Dizziness
10001265,Nausea
10001266,Diarrhoea
10001266,Nausea
10001266,Dizziness
10001267,Dizziness
10001268,Nausea
10001269,Diarrhoea
10001269,Dizziness
10001270,Diarrhoea
10001271,Pancreatitis
10001271,Fatigue
10001271,Dizziness
10001272,Diarrhoea
10001273,Nausea
10001273,Rash
10001273,Headache
10001274,Fatigue
10001274,Rash
10001275,Fatigue
10001275,Pruritus
10001275,Nausea
10001276,Diarrhoea
10001276,Dizziness
10001276,Nausea
10001277,Hypoglycaemia
10001277,Nausea
10001278,Diarrhoea
10001278,Nausea
10001278,Fatigue
10001279,Nausea
10001280,Fatigue
10001281,Pruritus
10001281,Fatigue
10001281,Nausea
10001282,Headache
10001282,Dizziness
10001283,Nausea
10001283,Rash
10001283,Fatigue
10001284,Headache
10001285,Dizziness
10001286,Rash
10001286,Diarrhoea
10001287,Pruritus
10001288,Pruritus
10001289,Nausea
10001289,Headache
10001289,Fatigue
10001290,Nausea
10001290,Dizziness
10001290,Fatigue
10001291,Nausea
10001292,Pancreatitis
10001292,Nausea
10001292,Pruritus
10001293,Fatigue
10001293,Hepatotoxicity
10001294,Dizziness
10001294,Headache
10001295,Headache
10001296,Dizziness
10001297,Diarrhoea
10001297,Rash
10001298,Nausea
10001298,Rash
10001298,Diarrhoea
10001299,Hypoglycaemia
10001300,Diarrhoea
10001301,Dizziness
10001302,Diarrhoea
10001302,Pruritus
10001303,Diarrhoea
10001304,Hepatotoxicity
10001305,Diarrhoea
10001306,Hypoglycaemia
10001306,Rash
10001307,Diarrhoea
10001308,Fatigue
10001309,Nausea
10001310,Fatigue
10001311,Hypoglycaemia
10001311,Pruritus
10001311,Fatigue
10001312,Dizziness
10001313,Fatigue
10001313,Diarrhoea
10001314,Rash
10001315,Headache
10001315,Dizziness
10001316,Diarrhoea
10001316,Fatigue
10001317,Fatigue
10001318,Hepatotoxicity
10001319,Headache
10001319,Hypoglycaemia
10001320,Nausea
10001321,Diarrhoea
10001321,Hepatotoxicity
10001322,Nausea
10001323,Nausea
10001323,Fatigue
10001324,Rash
10001324,Hypoglycaemia
10001325,Hypoglycaemia
10001326,Dizziness
10001327,Dizziness
10001328,Fatigue
10001329,Rash
10001329,Diarrhoea
10001330,Hepatotoxicity
10001331,Headache
10001332,Dizziness
10001333,Nausea
10001333,Dizziness
10001334,Pancreatitis
10001334,Nausea
10001335,Rash
10001335,Fatigue
10001336,Nausea
10001337,Rash
10001337,Hepatotoxicity
10001338,Fatigue
10001339,Hepatotoxicity
10001340,Headache
10001340,Dizziness
10001341,Nausea
10001342,Nausea
10001343,Diarrhoea
10001343,Dizziness
10001343,Rash
10001344,Fatigue
10001345,Headache
10001345,Dizziness
10001345,Rash
10001346,Nausea
10001346,Diarrhoea
10001347,Pancreatitis
10001347,Nausea
10001347,Headache
10001348,Nausea
10001349,Nausea
10001350,Dizziness
10001351,Rash
10001351,Headache
10001352,Nausea
10001353,Dizziness
10001354,Diarrhoea
10001354,Nausea
10001355,Hypoglycaemia
10001355,Fatigue
10001355,Diarrhoea
10001356,Headache
10001356,Dizziness
10001357,Diarrhoea
10001357,Fatigue
10001358,Fatigue
10001359,Nausea
10001360,Headache
10001360,Rash
10001361,Nausea
10001361,Rash
10001362,Rash
10001362,Nausea
10001362,Dizziness
10001363,Rash
10001364,Nausea
10001365,Nausea
10001366,Pancreatitis
10001366,Rash
10001366,Nausea
10001367,Nausea
10001367,Rash
10001368,Headache
10001368,Hepatotoxicity
10001369,Headache
10001370,Fatigue
10001370,Rash
10001371,Headache
10001371,Diarrhoea
10001372,Dizziness
10001373,Diarrhoea
10001373,Dizziness
10001373,Hepatotoxicity
10001374,Hepatotoxicity
10001374,Rash
10001375,Dizziness
10001376,Hypoglycaemia
10001377,Rash
10001377,Dizziness
10001377,Nausea
10001378,Pancreatitis
10001378,Rash
10001379,Rash
10001379,Hypoglycaemia
10001380,Hepatotoxicity
10001381,Headache
10001381,Dizziness
10001382,Headache
10001383,Headache
10001384,Hepatotoxicity
10001384,Fatigue
10001385,Nausea
10001385,Rash
10001386,Headache
10001387,Nausea
10001388,Rash
10001389,Headache
10001390,Dizziness
10001391,Rash
10001392,Hepatotoxicity
10001392,Diarrhoea
10001393,Hypoglycaemia
10001394,Headache
10001394,Rash
10001394,Hypoglycaemia
10001395,Rash
10001396,Headache
10001397,Rash
10001397,Hypoglycaemia
10001398,Pancreatitis
10001399,Pancreatitis
10001399,Fatigue
10001400,Nausea
10001401,Headache
10001401,Nausea
10001402,Fatigue
10001402,Pruritus
10001403,Headache
10001404,Pruritus
10001405,Dizziness
10001405,Headache
10001406,Hepatotoxicity
10001407,Nausea
10001407,Fatigue
10001407,Headache
10001408,Diarrhoea
10001408,Pancreatitis
10001409,Fatigue
10001410,Nausea
10001411,Headache
10001411,Fatigue
10001412,Headache
10001412,Hypoglycaemia
10001413,Diarrhoea
10001414,Nausea
10001415,Hepatotoxicity
10001415,Headache
10001416,Headache
10001417,Nausea
10001417,Hepatotoxicity
10001418,Diarrhoea
10001419,Fatigue
10001420,Nausea
10001420,Diarrhoea
10001421,Fatigue
10001421,Rash
10001422,Hypoglycaemia
10001423,Pruritus
10001424,Diarrhoea
10001425,Hepatotoxicity
10001426,Pancreatitis
10001427,Hypoglycaemia
10001428,Diarrhoea
10001428,Dizziness
10001429,Nausea
10001429,Dizziness
10001429,Fatigue
10001430,Fatigue
10001430,Diarrhoea
10001431,Nausea
10001431,Headache
10001432,Fatigue
10001433,Diarrhoea
10001434,Fatigue
10001435,Nausea
10001435,Pruritus
10001436,Hypoglycaemia
10001436,Diarrhoea
10001436,Fatigue
10001437,Dizziness
10001437,Fatigue
10001437,Diarrhoea
10001438,Headache
10001439,Headache
10001440,Nausea
10001441,Nausea
10001441,Pruritus
10001441,Dizziness
10001442,Pruritus
10001442,Nausea
10001442,Fatigue
10001443,Headache
10001444,Pruritus
10001445,Hepatotoxicity
10001446,Hepatotoxicity
10001446,Rash
10001446,Nausea
10001447,Headache
10001447,Nausea
10001448,Nausea
10001448,Diarrhoea
10001448,Rash
10001449,Headache
10001450,Pancreatitis
10001451,Hepatotoxicity
10001452,Nausea
10001452,Hepatotoxicity
10001452,Headache
10001453,Nausea
10001454,Headache
10001455,Headache
10001456,Dizziness
10001456,Pruritus
10001456,Headache
10001457,Hepatotoxicity
10001457,Fatigue
10001458,Headache
10001458,Pancreatitis
10001459,Dizziness
10001460,Headache
10001461,Pancreatitis
10001462,Nausea
10001462,Fatigue
10001463,Diarrhoea
10001464,Rash
10001464,Diarrhoea
10001464,Headache
10001465,Fatigue
10001465,Headache
10001466,Hepatotoxicity
10001466,Diarrhoea
10001466,Pruritus
10001467,Nausea
10001468,Pruritus
10001468,Rash
10001469,Nausea
10001469,Headache
10001469,Fatigue
10001470,Fatigue
10001470,Nausea
10001471,Rash
10001471,Nausea
10001472,Dizziness
10001473,Dizziness
10001473,Nausea
10001474,Diarrhoea
10001474,Dizziness
10001475,Rash
10001476,Headache
10001476,Nausea
10001476,Pruritus
10001477,Rash
10001477,Nausea
10001478,Nausea
10001478,Pruritus
10001478,Fatigue
10001479,Hepatotoxicity
10001479,Nausea
10001480,Fatigue
10001481,Dizziness
10001482,Dizziness
10001482,Nausea
10001483,Nausea
10001483,Rash
10001484,Dizziness
10001484,Rash
10001485,Headache
10001486,Diarrhoea
10001487,Hepatotoxicity
10001487,Headache
10001487,Diarrhoea
10001488,Dizziness
10001489,Pruritus
10001489,Diarrhoea
10001490,Dizziness
10001491,Diarrhoea
10001492,Headache
10001492,Nausea
10001493,Headache
10001494,Diarrhoea
10001494,Headache
10001495,Rash
10001496,Hypoglycaemia
10001497,Fatigue
10001498,Fatigue
10001498,Nausea
10001498,Dizziness
10001499,Dizziness
10001499,Fatigue
10001500,Headache
10001500,Nausea
10001501,Headache
10001501,Nausea
10001501,Dizziness
10001502,Diarrhoea
10001503,Fatigue
10001503,Rash
10001504,Hypoglycaemia
10001504,Headache
10001504,Rash
10001505,Diarrhoea
10001505,Dizziness
10001506,Nausea
10001507,Hypoglycaemia
10001508,Rash
10001509,Nausea
10001509,Fatigue
10001509,Dizziness
10001510,Rash
10001510,Nausea
10001511,Fatigue
10001511,Nausea
10001512,Dizziness
10001513,Hepatotoxicity
10001513,Nausea
10001514,Pancreatitis
10001515,Nausea
10001515,Headache
10001516,Rash
10001517,Rash
10001517,Nausea
10001518,Rash
10001519,Fatigue
10001519,Pruritus
10001519,Diarrhoea
10001520,Nausea
10001521,Rash
10001522,Hepatotoxicity
10001522,Rash
10001523,Hepatotoxicity
10001523,Nausea
10001524,Diarrhoea
10001525,Diarrhoea
10001526,Pancreatitis
10001526,Pruritus
10001527,Rash
10001528,Nausea
10001529,Nausea
10001530,Rash
10001530,Hypoglycaemia
10001530,Dizziness
10001531,Nausea
10001532,Diarrhoea
10001533,Headache
10001534,Dizziness
10001534,Rash
10001535,Dizziness
10001535,Pruritus
10001536,Dizziness
10001536,Diarrhoea
10001536,Headache
10001537,Headache
10001537,Diarrhoea
10001538,Nausea
10001538,Fatigue
10001539,Nausea
10001540,Rash
10001541,Rash
10001542,Diarrhoea
10001543,Dizziness
10001543,Diarrhoea
10001544,Nausea
10001544,Headache
10001545,Diarrhoea
10001546,Dizziness
10001546,Diarrhoea
10001546,Nausea
10001547,Diarrhoea
10001547,Headache
10001547,Fatigue
10001548,Nausea
10001549,Headache
10001550,Diarrhoea
10001550,Dizziness
10001551,Nausea
10001551,Pancreatitis
10001552,Fatigue
10001553,Dizziness
10001553,Nausea
10001553,Headache
10001554,Hypoglycaemia
10001554,Headache
10001554,Diarrhoea
10001555,Rash
10001555,Nausea
10001556,Nausea
10001556,Rash
10001557,Pancreatitis
10001557,Headache
10001558,Diarrhoea
10001558,Hypoglycaemia
10001559,Diarrhoea
10001560,Pruritus
10001560,Rash
10001560,Fatigue
10001561,Headache
10001562,Headache
10001562,Dizziness
10001562,Diarrhoea
10001563,Diarrhoea
10001563,Fatigue
10001564,Pancreatitis
10001565,Nausea
10001565,Headache
10001565,Pancreatitis
10001566,Pancreatitis
10001566,Headache
10001567,Dizziness
10001567,Diarrhoea
10001567,Headache
10001568,Pancreatitis
10001568,Hypoglycaemia
10001568,Pruritus
10001569,Headache
10001569,Nausea
10001570,Rash
10001571,Diarrhoea
10001572,Pancreatitis
10001572,Fatigue
10001572,Headache
10001573,Diarrhoea
10001574,Pancreatitis
10001575,Diarrhoea
10001575,Rash
10001576,Nausea
10001576,Fatigue
10001577,Headache
10001578,Diarrhoea
10001579,Diarrhoea
10001579,Nausea
10001579,Fatigue
10001580,Headache
10001581,Hepatotoxicity
10001581,Diarrhoea
10001582,Rash
10001583,Nausea
10001583,Headache
10001584,Nausea
10001584,Diarrhoea
10001585,Headache
10001585,Nausea
10001586,Diarrhoea
10001587,Nausea
10001587,Headache
10001587,Rash
10001588,Diarrhoea
10001588,Nausea
10001588,Fatigue
10001589,Dizziness
10001589,Headache
10001590,Headache
10001590,Fatigue
10001591,Rash
10001592,Diarrhoea
10001593,Diarrhoea
10001594,Headache
10001595,Nausea
10001595,Diarrhoea
10001596,Fatigue
10001596,Dizziness
10001597,Pancreatitis
10001597,Rash
10001598,Pruritus
10001599,Nausea
10001600,Fatigue
10001601,Diarrhoea
10001601,Headache
10001602,Dizziness
10001602,Nausea
10001602,Rash
10001603,Diarrhoea
10001603,Rash
10001604,Hepatotoxicity
10001604,Headache
10001605,Fatigue
10001605,Hypoglycaemia
10001606,Pancreatitis
10001607,Dizziness
10001608,Rash
10001609,Nausea
10001610,Rash
10001610,Diarrhoea
10001610,Nausea
10001611,Hepatotoxicity
10001611,Rash
10001612,Hepatotoxicity
10001613,Hypoglycaemia
10001613,Hepatotoxicity
10001614,Pruritus
10001615,Nausea
10001616,Pruritus
10001617,Headache
10001617,Nausea
10001618,Nausea
10001619,Dizziness
10001619,Hepatotoxicity
10001620,Pruritus
10001620,Hepatotoxicity
10001621,Rash
10001621,Nausea
10001622,Diarrhoea
10001622,Hypoglycaemia
10001623,Fatigue
10001623,Dizziness
10001624,Headache
10001624,Nausea
10001625,Pancreatitis
10001626,Headache
10001627,Diarrhoea
10001628,Pruritus
10001629,Fatigue
10001629,Pancreatitis
10001630,Hypoglycaemia
10001631,Fatigue
10001631,Diarrhoea
10001631,Nausea
10001632,Nausea
10001632,Rash
10001633,Diarrhoea
10001634,Diarrhoea
10001634,Nausea
10001635,Diarrhoea
10001636,Nausea
10001637,Nausea
10001637,Dizziness
10001638,Nausea
10001639,Rash
10001640,Nausea
10001641,Diarrhoea
10001641,Nausea
10001642,Dizziness
10001643,Headache
10001643,Fatigue
10001644,Dizziness
10001644,Headache
10001645,Diarrhoea
10001645,Hepatotoxicity
10001646,Diarrhoea
10001646,Headache
10001646,Hepatotoxicity
10001647,Diarrhoea
10001648,Headache
10001649,Dizziness
10001649,Hepatotoxicity
10001649,Nausea
10001650,Fatigue
10001651,Fatigue
10001651,Headache
10001652,Rash
10001653,Fatigue
10001654,Headache
10001655,Headache
10001656,Rash
10001657,Headache
10001658,Nausea
10001659,Nausea
10001660,Rash
10001660,Diarrhoea
10001660,Dizziness
10001661,Nausea
10001661,Pancreatitis
10001662,Dizziness
10001663,Diarrhoea
10001663,Rash
10001663,Nausea
10001664,Hepatotoxicity
10001664,Dizziness
10001664,Diarrhoea
10001665,Pruritus
10001665,Rash
10001666,Fatigue
10001666,Headache
10001666,Diarrhoea
10001667,Fatigue
10001667,Nausea
10001668,Diarrhoea
10001669,Headache
10001669,Nausea
10001670,Fatigue
10001671,Fatigue
10001671,Diarrhoea
10001672,Dizziness
10001672,Pruritus
10001673,Nausea
10001674,Pancreatitis
10001674,Rash
10001674,Headache
10001675,Dizziness
10001676,Nausea
10001676,Fatigue
10001677,Fatigue
10001678,Dizziness
10001679,Dizziness
10001680,Headache
10001680,Diarrhoea
10001681,Rash
10001682,Dizziness
10001682,Fatigue
10001682,Rash
10001683,Nausea
10001684,Nausea
10001684,Fatigue
10001685,Headache
10001686,Nausea
10001686,Diarrhoea
10001687,Diarrhoea
10001688,Diarrhoea
10001689,Headache
10001689,Diarrhoea
10001690,Dizziness
10001690,Rash
10001690,Pruritus
10001691,Nausea
10001692,Rash
10001693,Diarrhoea
10001693,Pancreatitis
10001694,Nausea
10001694,Pruritus
10001695,Headache
10001696,Hepatotoxicity
10001697,Dizziness
10001698,Headache
10001698,Nausea
10001699,Nausea
10001699,Dizziness
10001700,Pruritus
10001701,Diarrhoea
10001701,Nausea
10001702,Hepatotoxicity
10001702,Dizziness
10001702,Diarrhoea
10001703,Headache
10001704,Dizziness
10001704,Diarrhoea
10001704,Nausea
10001705,Fatigue
10001706,Headache
10001707,Diarrhoea
10001707,Pruritus
10001708,Headache
10001709,Fatigue
10001710,Hypoglycaemia
10001711,Headache
10001712,Nausea
10001712,Fatigue
10001712,Hypoglycaemia
10001713,Nausea
10001714,Rash
10001714,Headache
10001715,Nausea
10001716,Pancreatitis
10001717,Headache
10001717,Nausea
10001718,Nausea
10001718,Rash
10001718,Pruritus
10001719,Fatigue
10001719,Nausea
10001720,Rash
10001721,Fatigue
10001721,Nausea
10001722,Nausea
10001722,Diarrhoea
10001722,Fatigue
10001723,Dizziness
10001724,Headache
10001725,Fatigue
10001725,Nausea
10001726,Hypoglycaemia
10001727,Pruritus
10001728,Diarrhoea
10001728,Hepatotoxicity
10001729,Dizziness
10001729,Nausea
10001730,Hepatotoxicity
10001730,Diarrhoea
10001731,Nausea
10001732,Dizziness
10001732,Headache
10001733,Dizziness
10001733,Hypoglycaemia
10001733,Nausea
10001734,Fatigue
10001734,Nausea
10001734,Headache
10001735,Hepatotoxicity
10001736,Nausea
10001736,Hypoglycaemia
10001737,Headache
10001737,Hypoglycaemia
10001738,Diarrhoea
10001738,Fatigue
10001739,Nausea
10001740,Nausea
10001740,Dizziness
10001740,Fatigue
10001741,Dizziness
10001741,Nausea
10001742,Hypoglycaemia
10001743,Dizziness
10001744,Diarrhoea
10001744,Hepatotoxicity
10001744,Fatigue
10001745,Dizziness
10001745,Headache
10001745,Diarrhoea
10001746,Dizziness
10001746,Diarrhoea
10001747,Diarrhoea
10001747,Dizziness
10001747,Pancreatitis
10001748,Fatigue
10001748,Dizziness
10001749,Nausea
10001750,Rash
10001751,Nausea
10001751,Rash
10001751,Hepatotoxicity
10001752,Dizziness
10001753,Diarrhoea
10001754,Diarrhoea
10001754,Hepatotoxicity
10001755,Headache
10001756,Rash
10001756,Dizziness
10001757,Nausea
10001757,Diarrhoea
10001757,Headache
10001758,Rash
10001759,Diarrhoea
10001759,Dizziness
10001760,Dizziness
10001760,Diarrhoea
10001760,Rash
10001761,Fatigue
10001761,Dizziness
10001762,Nausea
10001762,Hepatotoxicity
10001763,Headache
10001764,Fatigue
10001765,Rash
10001765,Nausea
10001766,Pancreatitis
10001766,Fatigue
10001767,Diarrhoea
10001768,Headache
10001769,Dizziness
10001769,Headache
10001770,Headache
10001770,Hypoglycaemia
10001771,Rash
10001771,Diarrhoea
10001772,Headache
10001772,Nausea
10001773,Headache
10001774,Dizziness
10001774,Pruritus
10001774,Rash
10001775,Pancreatitis
10001776,Hepatotoxicity
10001776,Rash
10001777,Rash
10001777,Fatigue
10001777,Nausea
10001778,Headache
10001779,Fatigue
10001780,Headache
10001781,Pancreatitis
10001781,Hypoglycaemia
10001782,Nausea
10001783,Dizziness
10001784,Nausea
10001785,Hepatotoxicity
10001785,Dizziness
10001786,Rash
10001786,Headache
10001787,Fatigue
10001787,Dizziness
10001788,Fatigue
10001788,Dizziness
10001788,Rash
10001789,Pruritus
10001790,Fatigue
10001790,Headache
10001791,Fatigue
10001791,Rash
10001792,Nausea
10001792,Dizziness
10001792,Headache
10001793,Diarrhoea
10001793,Rash
10001794,Hypoglycaemia
10001795,Diarrhoea
10001796,Headache
10001796,Fatigue
10001797,Dizziness
10001797,Nausea
10001798,Nausea
10001798,Headache
10001799,Pancreatitis
10001800,Pruritus
10001801,Dizziness
10001802,Nausea
10001802,Diarrhoea
10001802,Dizziness
10001803,Fatigue
10001803,Dizziness
10001804,Headache
10001804,Pancreatitis
10001805,Headache
10001805,Hypoglycaemia
10001805,Nausea
10001806,Nausea
10001806,Pancreatitis
10001807,Dizziness
10001807,Headache
10001808,Diarrhoea
10001808,Nausea
10001808,Pruritus
10001809,Hypoglycaemia
10001810,Pancreatitis
10001811,Rash
10001812,Headache
10001812,Rash
10001813,Rash
10001814,Hypoglycaemia
10001815,Fatigue
10001816,Nausea
10001817,Diarrhoea
10001818,Nausea
10001819,Headache
10001820,Headache
10001821,Nausea
10001822,Headache
10001823,Diarrhoea
10001823,Rash
10001823,Fatigue
10001824,Pruritus
10001824,Diarrhoea
10001824,Nausea
10001825,Diarrhoea
10001826,Rash
10001826,Diarrhoea
10001827,Pancreatitis
10001827,Rash
10001827,Nausea
10001828,Nausea
10001828,Hypoglycaemia
10001828,Headache
10001829,Rash
10001830,Headache
10001830,Fatigue
10001831,Nausea
10001832,Diarrhoea
10001832,Nausea
10001833,Fatigue
10001833,Headache
10001833,Nausea
10001834,Pruritus
10001834,Fatigue
10001834,Headache
10001835,Fatigue
10001835,Dizziness
10001836,Diarrhoea
10001836,Headache
10001836,Hypoglycaemia
10001837,Dizziness
10001838,Headache
10001839,Dizziness
10001840,Nausea
10001841,Pruritus
10001842,Pruritus
10001842,Headache
10001843,Pancreatitis
10001843,Rash
10001843,Hypoglycaemia
10001844,Nausea
10001845,Nausea
10001846,Hepatotoxicity
10001847,Diarrhoea
10001848,Hepatotoxicity
10001848,Diarrhoea
10001849,Fatigue
10001849,Headache
10001849,Diarrhoea
10001850,Rash
10001850,Fatigue
10001851,Fatigue
10001851,Rash
10001851,Pruritus
10001852,Nausea
10001852,Headache
10001853,Dizziness
10001854,Fatigue
10001855,Nausea
10001855,Headache
10001856,Dizziness
10001857,Headache
10001858,Rash
10001859,Nausea
10001859,Diarrhoea
10001860,Diarrhoea
10001861,Diarrhoea
10001861,Nausea
10001861,Dizziness
10001862,Headache
10001863,Nausea
10001864,Dizziness
10001865,Nausea
10001865,Headache
10001866,Headache
10001866,Pruritus
10001867,Headache
10001868,Nausea
10001869,Dizziness
10001869,Hypoglycaemia
10001870,Headache
10001871,Hepatotoxicity
10001872,Headache
10001872,Rash
10001872,Dizziness
10001873,Nausea
10001873,Headache
10001874,Dizziness
10001875,Diarrhoea
10001876,Nausea
10001877,Hypoglycaemia
10001877,Nausea
10001877,Headache
10001878,Fatigue
10001878,Nausea
10001879,Hepatotoxicity
10001879,Pruritus
10001880,Nausea
10001881,Headache
10001882,Nausea
10001883,Fatigue
10001883,Diarrhoea
10001884,Pruritus
10001885,Pruritus
10001886,Diarrhoea
10001887,Fatigue
10001887,Diarrhoea
10001888,Dizziness
10001889,Rash
10001890,Diarrhoea
10001891,Diarrhoea
10001891,Rash
10001892,Hypoglycaemia
10001892,Nausea
10001892,Dizziness
10001893,Nausea
10001893,Pruritus
10001894,Dizziness
10001894,Pruritus
10001894,Nausea
10001895,Nausea
10001895,Headache
10001896,Dizziness
10001896,Headache
10001896,Fatigue
10001897,Nausea
10001897,Rash
10001898,Nausea
10001898,Rash
10001899,Dizziness
10001900,Pruritus
10001900,Headache
10001901,Dizziness
10001902,Headache
10001903,Nausea
10001903,Fatigue
10001903,Diarrhoea
10001904,Headache
10001905,Diarrhoea
10001905,Hepatotoxicity
10001906,Dizziness
10001907,Diarrhoea
10001907,Pruritus
10001908,Headache
10001908,Hepatotoxicity
10001908,Rash
10001909,Rash
10001910,Fatigue
10001911,Nausea
10001912,Headache
10001913,Dizziness
10001913,Rash
10001914,Rash
10001914,Nausea
10001914,Hepatotoxicity
10001915,Nausea
10001916,Diarrhoea
10001916,Dizziness
10001917,Fatigue
10001918,Headache
10001919,Diarrhoea
10001920,Dizziness
10001921,Nausea
10001921,Pancreatitis
10001922,Nausea
10001922,Fatigue
10001922,Headache
10001923,Diarrhoea
10001923,Hypoglycaemia
10001924,Rash
10001924,Diarrhoea
10001924,Fatigue
10001925,Pancreatitis
10001925,Rash
10001926,Nausea
10001927,Nausea
10001927,Headache
10001928,Dizziness
10001929,Fatigue
10001929,Nausea
10001930,Dizziness
10001931,Nausea
10001932,Rash
10001932,Headache
10001933,Pruritus
10001933,Rash
10001933,Dizziness
10001934,Dizziness
10001935,Nausea
10001935,Rash
10001935,Headache
10001936,Nausea
10001937,Pruritus
10001938,Headache
10001938,Rash
10001939,Nausea
10001939,Dizziness
10001940,Nausea
10001940,Dizziness
10001941,Nausea
10001942,Fatigue
10001942,Rash
10001943,Headache
10001944,Fatigue
10001944,Diarrhoea
10001944,Hypoglycaemia
10001945,Headache
10001945,Nausea
10001946,Hypoglycaemia
10001947,Diarrhoea
10001947,Nausea
10001948,Dizziness
10001949,Nausea
10001950,Rash
10001950,Nausea
10001951,Fatigue
10001952,Nausea
10001952,Diarrhoea
10001953,Diarrhoea
10001953,Pruritus
10001954,Pruritus
10001954,Nausea
10001955,Nausea
10001956,Fatigue
10001957,Nausea
10001958,Fatigue
10001958,Headache
10001958,Hypoglycaemia
10001959,Rash
10001960,Nausea
10001960,Rash
10001961,Nausea
10001961,Headache
10001962,Dizziness
10001963,Diarrhoea
10001964,Pancreatitis
10001964,Diarrhoea
10001965,Nausea
10001965,Rash
10001966,Fatigue
10001967,Nausea
10001967,Headache
10001968,Fatigue
10001968,Dizziness
10001968,Hepatotoxicity
10001969,Nausea
10001970,Rash
10001971,Nausea
10001971,Pancreatitis
10001972,Pruritus
10001972,Headache
10001973,Dizziness
10001974,Headache
10001974,Dizziness
10001975,Fatigue
10001975,Hepatotoxicity
10001976,Hypoglycaemia
10001977,Diarrhoea
10001978,Hepatotoxicity
10001979,Hypoglycaemia
10001979,Diarrhoea
10001980,Dizziness
10001981,Fatigue
10001982,Fatigue
10001983,Nausea
10001984,Nausea
10001985,Rash
10001986,Fatigue
10001987,Fatigue
10001987,Nausea
10001988,Fatigue
10001989,Dizziness
10001990,Pruritus
10001990,Rash
10001991,Rash
10001992,Fatigue
10001992,Pruritus
10001993,Nausea
10001994,Hepatotoxicity
10001994,Headache
10001995,Fatigue
10001995,Rash
10001996,Rash
10001997,Headache
10001997,Rash
10001997,Pancreatitis
10001998,Rash
10001999,Rash
10002000,Diarrhoea
10002001,Nausea
10002002,Rash
10002003,Headache
10002004,Pruritus
10002004,Headache
10002005,Headache
10002005,Pruritus
10002006,Dizziness
10002006,Nausea
10002007,Fatigue
10002008,Headache
10002008,Fatigue
10002008,Hypoglycaemia
10002009,Headache
10002009,Fatigue
10002009,Hepatotoxicity
10002010,Hypoglycaemia
10002011,Rash
10002011,Diarrhoea
10002011,Pruritus
10002012,Rash
10002012,Diarrhoea
10002012,Dizziness
10002013,Nausea
10002013,Headache
10002014,Rash
10002014,Hepatotoxicity
10002014,Diarrhoea
10002015,Rash
10002016,Headache
10002017,Pancreatitis
10002018,Headache
10002018,Diarrhoea
10002019,Dizziness
10002020,Fatigue
10002020,Dizziness
10002021,Fatigue
10002021,Pruritus
10002022,Pruritus
10002023,Headache
10002024,Headache
10002025,Nausea
10002026,Dizziness
10002026,Fatigue
10002026,Nausea
10002027,Headache
10002028,Pruritus
10002028,Headache
10002028,Rash
10002029,Diarrhoea
10002030,Hepatotoxicity
10002031,Hepatotoxicity
10002031,Pancreatitis
10002031,Dizziness
10002032,Diarrhoea
10002033,Rash
10002033,Dizziness
10002034,Nausea
10002035,Diarrhoea
10002035,Hypoglycaemia
10002036,Hepatotoxicity
10002036,Pancreatitis
10002037,Pruritus
10002037,Nausea
10002038,Dizziness
10002039,Rash
10002040,Hepatotoxicity
10002040,Dizziness
10002041,Fatigue
10002042,Fatigue
10002042,Headache
10002042,Pancreatitis
10002043,Headache
10002043,Rash
10002043,Diarrhoea
10002044,Nausea
10002045,Headache
10002046,Nausea
10002046,Dizziness
10002047,Dizziness
10002048,Nausea
10002049,Hypoglycaemia
10002049,Rash
10002050,Nausea
10002051,Nausea
10002051,Diarrhoea
10002052,Dizziness
10002053,Dizziness
10002053,Nausea
10002054,Pruritus
10002055,Fatigue
10002055,Headache
10002055,Nausea
10002056,Diarrhoea
10002056,Rash
10002057,Nausea
10002057,Rash
10002058,Nausea
10002059,Diarrhoea
10002059,Pruritus
10002060,Dizziness
10002061,Diarrhoea
10002061,Rash
10002061,Nausea
10002062,Hepatotoxicity
10002063,Nausea
10002063,Diarrhoea
10002063,Rash
10002064,Headache
10002064,Dizziness
10002065,Diarrhoea
10002065,Pruritus
10002065,Rash
10002066,Diarrhoea
10002067,Fatigue
10002068,Dizziness
10002068,Nausea
10002069,Hepatotoxicity
10002069,Diarrhoea
10002069,Nausea
10002070,Hypoglycaemia
10002071,Nausea
10002071,Headache
10002072,Diarrhoea
10002072,Headache
10002073,Headache
10002074,Nausea
10002075,Hypoglycaemia
10002076,Dizziness
10002076,Nausea
10002077,Diarrhoea
10002077,Rash
10002077,Pancreatitis
10002078,Nausea
10002079,Hypoglycaemia
10002080,Nausea
10002080,Pancreatitis
10002080,Hepatotoxicity
10002081,Dizziness
10002082,Hepatotoxicity
10002082,Dizziness
10002083,Pruritus
10002083,Diarrhoea
10002084,Rash
10002084,Nausea
10002084,Dizziness
10002085,Headache
10002086,Dizziness
10002087,Nausea
10002087,Headache
10002088,Headache
10002088,Nausea
10002089,Nausea
10002089,Headache
10002089,Hepatotoxicity
10002090,Hypoglycaemia
10002090,Diarrhoea
10002090,Nausea
10002091,Headache
10002092,Diarrhoea
10002092,Dizziness
10002092,Headache
10002093,Pruritus
10002094,Dizziness
10002094,Nausea
10002095,Pancreatitis
10002095,Diarrhoea
10002096,Diarrhoea
10002097,Rash
10002097,Nausea
10002098,Diarrhoea
10002099,Rash
10002099,Hepatotoxicity
10002100,Hypoglycaemia
10002101,Hypoglycaemia
10002101,Nausea
10002102,Nausea
10002102,Headache
10002103,Dizziness
10002104,Diarrhoea
10002105,Headache
10002105,Diarrhoea
10002106,Headache
10002107,Rash
10002108,Headache
10002109,Fatigue
10002110,Dizziness
10002111,Dizziness
10002111,Headache
10002112,Rash
10002112,Nausea
10002113,Headache
10002113,Pruritus
10002114,Nausea
10002114,Hepatotoxicity
10002115,Diarrhoea
10002115,Nausea
10002115,Headache
10002116,Nausea
10002116,Headache
10002116,Diarrhoea
10002117,Fatigue
10002117,Rash
10002118,Dizziness
10002118,Rash
10002119,Diarrhoea
10002119,Headache
10002120,Headache
10002120,Dizziness
10002121,Nausea
10002121,Fatigue
10002122,Headache
10002122,Hepatotoxicity
10002123,Diarrhoea
10002123,Fatigue
10002124,Hepatotoxicity
10002124,Headache
10002124,Dizziness
10002125,Nausea
10002125,Rash
10002126,Diarrhoea
10002127,Diarrhoea
10002128,Dizziness
10002128,Hypoglycaemia
10002129,Fatigue
10002129,Headache
10002129,Dizziness
10002130,Nausea
10002130,Dizziness
10002131,Diarrhoea
10002132,Dizziness
10002132,Pruritus
10002133,Nausea
10002133,Diarrhoea
10002133,Headache
10002134,Headache
10002134,Hypoglycaemia
10002135,Rash
10002136,Pancreatitis
10002137,Rash
10002137,Hypoglycaemia
10002138,Headache
10002138,Pancreatitis
10002138,Fatigue
10002139,Rash
10002140,Headache
10002140,Rash
10002141,Headache
10002141,Rash
10002142,Hypoglycaemia
10002142,Headache
10002142,Fatigue
10002143,Pruritus
10002143,Fatigue
10002144,Rash
10002145,Rash
10002146,Pruritus
10002147,Hepatotoxicity
10002148,Hypoglycaemia
10002149,Headache
10002149,Nausea
10002150,Diarrhoea
10002150,Rash
10002151,Diarrhoea
10002151,Nausea
10002151,Headache
10002152,Fatigue
10002152,Rash
10002153,Fatigue
10002153,Nausea
10002154,Headache
10002154,Hypoglycaemia
10002155,Rash
10002156,Nausea
10002157,Rash
10002158,Nausea
10002158,Diarrhoea
10002159,Diarrhoea
10002160,Pancreatitis
10002160,Diarrhoea
10002160,Nausea
10002161,Fatigue
10002162,Hypoglycaemia
10002162,Headache
10002163,Pancreatitis
10002163,Diarrhoea
10002164,Diarrhoea
10002164,Fatigue
10002165,Dizziness
10002165,Rash
10002166,Dizziness
10002166,Rash
10002166,Diarrhoea
10002167,Nausea
10002168,Fatigue
10002169,Nausea
10002169,Fatigue
10002170,Pruritus
10002170,Hypoglycaemia
10002171,Diarrhoea
10002172,Pancreatitis
10002172,Rash
10002172,Dizziness
10002173,Hepatotoxicity
10002173,Nausea
10002173,Diarrhoea
10002174,Headache
10002174,Dizziness
10002175,Pancreatitis
10002175,Diarrhoea
10002175,Headache
10002176,Fatigue
10002177,Pruritus
10002177,Headache
10002178,Fatigue
10002178,Pruritus
10002179,Rash
10002180,Rash
10002180,Nausea
10002181,Headache
10002181,Dizziness
10002182,Headache
10002183,Headache
10002184,Nausea
10002184,Hepatotoxicity
10002184,Diarrhoea
10002185,Hepatotoxicity
10002186,Nausea
10002187,Pancreatitis
10002187,Pruritus
10002188,Headache
10002188,Hypoglycaemia
10002189,Diarrhoea
10002190,Headache
10002191,Dizziness
10002192,Headache
10002193,Fatigue
10002193,Dizziness
10002194,Dizziness
10002195,Diarrhoea
10002195,Rash
10002195,Hepatotoxicity
10002196,Nausea
10002197,Rash
10002198,Hepatotoxicity
10002199,Nausea
10002200,Fatigue
10002200,Nausea
10002201,Dizziness
10002201,Rash
10002202,Fatigue
10002203,Fatigue
10002204,Nausea
10002205,Headache
10002205,Hypoglycaemia
10002206,Pruritus
10002207,Hepatotoxicity
10002208,Diarrhoea
10002208,Headache
10002209,Headache
10002210,Dizziness
10002210,Hypoglycaemia
10002210,Fatigue
10002211,Headache
10002211,Rash
10002212,Rash
10002213,Pruritus
10002213,Dizziness
10002214,Fatigue
10002215,Nausea
10002216,Fatigue
10002216,Rash
10002217,Diarrhoea
10002218,Nausea
10002218,Headache
10002219,Fatigue
10002219,Dizziness
10002219,Nausea
10002220,Dizziness
10002220,Headache
10002221,Diarrhoea
10002221,Nausea
10002222,Headache
10002223,Hypoglycaemia
10002224,Dizziness
10002225,Headache
10002225,Pruritus
10002225,Dizziness
10002226,Fatigue
10002227,Headache
10002228,Nausea
10002228,Fatigue
10002229,Nausea
10002230,Diarrhoea
10002230,Nausea
10002231,Nausea
10002232,Diarrhoea
10002233,Nausea
10002233,Hypoglycaemia
10002234,Nausea
10002234,Headache
10002235,Diarrhoea
10002235,Nausea
10002236,Nausea
10002236,Pruritus
10002237,Dizziness
10002237,Headache
10002237,Nausea
10002238,Headache
10002239,Headache
10002240,Headache
10002240,Diarrhoea
10002241,Nausea
10002242,Headache
10002243,Rash
10002243,Diarrhoea
10002244,Diarrhoea
10002245,Rash
10002245,Hepatotoxicity
10002245,Diarrhoea
10002246,Nausea
10002247,Hypoglycaemia
10002248,Rash
10002249,Rash
10002249,Hypoglycaemia
10002249,Nausea
10002250,Hepatotoxicity
10002251,Hypoglycaemia
10002252,Headache
10002252,Rash
10002253,Nausea
10002253,Diarrhoea
10002253,Fatigue
10002254,Fatigue
10002255,Nausea
10002256,Rash
10002257,Headache
10002257,Nausea
10002258,Headache
10002259,Headache
10002259,Nausea
10002260,Nausea
10002261,Headache
10002261,Diarrhoea
10002262,Fatigue
10002263,Hypoglycaemia
10002264,Hypoglycaemia
10002264,Pruritus
10002265,Nausea
10002265,Diarrhoea
10002265,Headache
10002266,Headache
10002267,Fatigue
10002268,Headache
10002268,Rash
10002269,Rash
10002270,Dizziness
10002271,Nausea
10002272,Nausea
10002273,Nausea
10002273,Diarrhoea
10002274,Headache
10002275,Fatigue
10002276,Headache
10002277,Rash
10002278,Diarrhoea
10002278,Rash
10002279,Hepatotoxicity
10002279,Diarrhoea
10002280,Rash
10002280,Fatigue
10002281,Rash
10002281,Diarrhoea
10002281,Fatigue
10002282,Headache
10002283,Hypoglycaemia
10002283,Pruritus
10002284,Pancreatitis
10002284,Headache
10002284,Nausea
10002285,Fatigue
10002286,Nausea
10002286,Rash
10002286,Diarrhoea
10002287,Rash
10002287,Hypoglycaemia
10002288,Headache
10002288,Fatigue
10002288,Dizziness
10002289,Fatigue
10002290,Nausea
10002291,Diarrhoea
10002291,Dizziness
10002292,Headache
10002293,Hypoglycaemia
10002293,Headache
10002293,Dizziness
10002294,Diarrhoea
10002295,Pancreatitis
10002295,Diarrhoea
10002296,Dizziness
10002297,Hepatotoxicity
10002298,Pruritus
10002298,Dizziness
10002298,Rash
10002299,Rash
10002300,Hepatotoxicity
10002300,Dizziness
10002300,Diarrhoea
10002301,Nausea
10002302,Diarrhoea
10002303,Hypoglycaemia
10002304,Nausea
10002305,Diarrhoea
10002306,Hypoglycaemia
10002307,Diarrhoea
10002307,Rash
10002308,Fatigue
10002308,Headache
10002308,Pruritus
10002309,Headache
10002310,Rash
10002310,Nausea
10002311,Pruritus
10002311,Rash
10002311,Diarrhoea
10002312,Headache
10002313,Dizziness
10002314,Nausea
10002315,Diarrhoea
10002316,Diarrhoea
10002316,Dizziness
10002317,Nausea
10002318,Headache
10002318,Diarrhoea
10002318,Hepatotoxicity
10002319,Fatigue
10002320,Rash
10002320,Fatigue
10002321,Dizziness
10002321,Fatigue
10002322,Rash
10002323,Diarrhoea
10002323,Nausea
10002324,Nausea
10002325,Hepatotoxicity
10002325,Fatigue
10002325,Headache
10002326,Fatigue
10002327,Diarrhoea
10002328,Diarrhoea
10002329,Rash
10002329,Nausea
10002330,Pruritus
10002330,Headache
10002331,Hypoglycaemia
10002332,Nausea
10002333,Hepatotoxicity
10002334,Fatigue
10002335,Dizziness
10002336,Headache
10002336,Hypoglycaemia
10002337,Headache
10002337,Rash
10002338,Dizziness
10002339,Dizziness
10002339,Fatigue
10002339,Hepatotoxicity
10002340,Fatigue
10002340,Diarrhoea
10002340,Nausea
10002341,Dizziness
10002342,Fatigue
10002343,Rash
10002344,Diarrhoea
10002344,Hepatotoxicity
10002345,Nausea
10002346,Diarrhoea
10002347,Pancreatitis
10002348,Hepatotoxicity
10002348,Headache
10002349,Fatigue
10002350,Diarrhoea
10002351,Nausea
10002351,Headache
10002352,Hepatotoxicity
10002352,Fatigue
10002353,Fatigue
10002354,Headache
10002354,Nausea
10002355,Rash
10002355,Diarrhoea
10002355,Headache
10002356,Nausea
10002357,Pancreatitis
10002357,Rash
10002357,Headache
10002358,Fatigue
10002358,Nausea
10002359,Dizziness
10002360,Rash
10002361,Hepatotoxicity
10002362,Nausea
10002362,Fatigue
10002362,Pruritus
10002363,Headache
10002363,Dizziness
10002363,Nausea
10002364,Diarrhoea
10002365,Rash
10002366,Diarrhoea
10002367,Hypoglycaemia
10002368,Hepatotoxicity
10002369,Headache
10002369,Rash
10002369,Pruritus
10002370,Headache
10002370,Dizziness
10002371,Headache
10002371,Nausea
10002371,Dizziness
10002372,Diarrhoea
10002372,Hypoglycaemia
10002373,Fatigue
10002373,Pancreatitis
10002374,Nausea
10002375,Hypoglycaemia
10002376,Dizziness
10002376,Diarrhoea
10002376,Headache
10002377,Nausea
10002377,Rash
10002377,Fatigue
10002378,Nausea
10002378,Fatigue
10002378,Dizziness
10002379,Headache
10002380,Hypoglycaemia
10002381,Pruritus
10002381,Rash
10002381,Headache
10002382,Hepatotoxicity
10002382,Headache
10002383,Headache
10002383,Rash
10002384,Hepatotoxicity
10002385,Dizziness
10002386,Rash
10002386,Headache
10002386,Diarrhoea
10002387,Pruritus
10002387,Dizziness
10002388,Headache
10002388,Diarrhoea
10002388,Rash
10002389,Nausea
10002390,Headache
10002390,Nausea
10002391,Pancreatitis
10002392,Pruritus
10002392,Fatigue
10002393,Rash
10002394,Hypoglycaemia
10002394,Fatigue
10002395,Hepatotoxicity
10002396,Hepatotoxicity
10002397,Hypoglycaemia
10002397,Pancreatitis
10002398,Headache
10002399,Rash
10002399,Pruritus
10002400,Nausea
10002401,Rash
10002401,Diarrhoea
10002402,Rash
10002402,Nausea
10002402,Fatigue
10002403,Nausea
10002403,Dizziness
10002403,Diarrhoea
10002404,Fatigue
10002405,Nausea
10002405,Diarrhoea
10002405,Pruritus
10002406,Nausea
10002407,Hypoglycaemia
10002408,Diarrhoea
10002409,Rash
10002409,Hepatotoxicity
10002410,Diarrhoea
10002411,Nausea
10002412,Dizziness
10002412,Headache
10002412,Rash
10002413,Nausea
10002414,Rash
10002415,Rash
10002416,Nausea
10002417,Rash
10002418,Hepatotoxicity
10002419,Fatigue
10002420,Diarrhoea
10002420,Nausea
10002421,Pruritus
10002422,Rash
10002423,Rash
10002424,Rash
10002424,Headache
10002424,Nausea
10002425,Fatigue
10002426,Rash
10002426,Diarrhoea
10002427,Pruritus
10002428,Nausea
10002429,Rash
10002429,Diarrhoea
10002429,Dizziness
10002430,Diarrhoea
10002431,Nausea
10002431,Rash
10002432,Dizziness
10002432,Diarrhoea
10002432,Nausea
10002433,Dizziness
10002434,Headache
10002435,Fatigue
10002435,Nausea
10002436,Nausea
10002436,Fatigue
10002436,Headache
10002437,Fatigue
10002438,Fatigue
10002438,Nausea
10002439,Nausea
10002440,Dizziness
10002440,Headache
10002441,Nausea
10002441,Rash
10002442,Pruritus
10002442,Rash
10002442,Headache
10002443,Hepatotoxicity
10002444,Nausea
10002444,Hepatotoxicity
10002445,Dizziness
10002445,Nausea
10002445,Fatigue
10002446,Headache
10002447,Dizziness
10002448,Headache
10002449,Nausea
10002449,Rash
10002449,Dizziness
10002450,Headache
10002451,Pruritus
10002451,Hypoglycaemia
10002451,Nausea
10002452,Nausea
10002452,Diarrhoea
10002452,Headache
10002453,Headache
10002453,Dizziness
10002454,Diarrhoea
10002454,Hepatotoxicity
10002455,Pruritus
10002455,Nausea
10002456,Nausea
10002456,Diarrhoea
10002457,Hypoglycaemia
10002457,Fatigue
10002457,Diarrhoea
10002458,Fatigue
10002459,Fatigue
10002459,Nausea
10002459,Dizziness
10002460,Fatigue
10002461,Hepatotoxicity
10002461,Pruritus
10002461,Headache
10002462,Dizziness
10002463,Hypoglycaemia
10002464,Headache
10002465,Fatigue
10002466,Headache
10002466,Pruritus
10002467,Fatigue
10002467,Nausea
10002468,Fatigue
10002468,Nausea
10002469,Dizziness
10002470,Fatigue
10002471,Nausea
10002471,Diarrhoea
10002472,Rash
10002472,Dizziness
10002473,Hepatotoxicity
10002473,Headache
10002473,Fatigue
10002474,Fatigue
10002475,Nausea
10002475,Hypoglycaemia
10002475,Fatigue
10002476,Diarrhoea
10002477,Hepatotoxicity
10002477,Fatigue
10002478,Rash
10002479,Diarrhoea
10002479,Fatigue
10002479,Dizziness
10002480,Fatigue
10002480,Diarrhoea
10002481,Headache
10002482,Diarrhoea
10002483,Hepatotoxicity
10002483,Headache
10002484,Fatigue
10002485,Headache
10002485,Nausea
10002486,Headache
10002487,Nausea
10002488,Nausea
10002488,Pancreatitis
10002489,Diarrhoea
10002489,Nausea
10002489,Hepatotoxicity
10002490,Headache
10002490,Nausea
10002490,Diarrhoea
10002491,Rash
10002491,Nausea
10002491,Pruritus
10002492,Headache
10002492,Pruritus
10002493,Hypoglycaemia
10002493,Rash
10002493,Hepatotoxicity
10002494,Fatigue
10002495,Fatigue
10002495,Diarrhoea
10002496,Fatigue
10002497,Rash
10002497,Fatigue
10002497,Headache
10002498,Hypoglycaemia
10002498,Pancreatitis
10002499,Hepatotoxicity
10002499,Headache
10002500,Rash
10002500,Dizziness
10002501,Nausea
10002501,Diarrhoea
10002502,Fatigue
10002503,Dizziness
10002503,Nausea
10002504,Hypoglycaemia
10002504,Headache
10002505,Pruritus
10002505,Rash
10002505,Pancreatitis
10002506,Headache
10002506,Rash
10002507,Headache
10002508,Diarrhoea
10002509,Pruritus
10002509,Headache
10002510,Pruritus
10002511,Diarrhoea
10002512,Dizziness
10002512,Rash
10002513,Dizziness
10002514,Dizziness
10002514,Pruritus
10002514,Fatigue
10002515,Dizziness
10002516,Fatigue
10002517,Rash
10002518,Dizziness
10002519,Dizziness
10002520,Headache
10002520,Rash
10002521,Headache
10002522,Diarrhoea
10002522,Headache
10002522,Pancreatitis
10002523,Pruritus
10002523,Diarrhoea
10002524,Pancreatitis
10002524,Pruritus
10002525,Dizziness
10002525,Nausea
10002525,Hepatotoxicity
10002526,Hypoglycaemia
10002527,Nausea
10002528,Headache
10002528,Rash
10002528,Diarrhoea
10002529,Diarrhoea
10002530,Nausea
10002530,Fatigue
10002530,Rash
10002531,Nausea
10002531,Fatigue
10002531,Rash
10002532,Hepatotoxicity
10002533,Diarrhoea
10002533,Rash
10002534,Fatigue
10002534,Rash
10002534,Dizziness
10002535,Headache
10002536,Headache
10002537,Dizziness
10002537,Headache
10002538,Dizziness
10002539,Diarrhoea
10002539,Dizziness
10002539,Hepatotoxicity
10002540,Fatigue
10002540,Headache
10002541,Rash
10002541,Nausea
10002542,Diarrhoea
10002542,Nausea
10002543,Dizziness
10002543,Pancreatitis
10002544,Dizziness
10002544,Pruritus
10002544,Diarrhoea
10002545,Hepatotoxicity
10002546,Hypoglycaemia
10002547,Diarrhoea
10002548,Nausea
10002548,Rash
10002549,Dizziness
10002550,Dizziness
10002550,Headache
10002551,Rash
10002552,Fatigue
10002553,Rash
10002553,Diarrhoea
10002553,Pruritus
10002554,Pruritus
10002555,Headache
10002556,Nausea
10002557,Fatigue
10002557,Hepatotoxicity
10002558,Nausea
10002559,Pruritus
10002559,Fatigue
10002560,Dizziness
10002560,Nausea
10002561,Headache
10002562,Nausea
10002562,Headache
10002563,Nausea
10002563,Headache
10002564,Dizziness
10002565,Headache
10002565,Pruritus
10002565,Fatigue
10002566,Nausea
10002566,Fatigue
10002567,Nausea
10002567,Rash
10002568,Nausea
10002568,Rash
10002569,Rash
10002570,Fatigue
10002570,Hepatotoxicity
10002571,Diarrhoea
10002571,Hepatotoxicity
10002571,Rash
10002572,Rash
10002573,Pancreatitis
10002573,Dizziness
10002573,Headache
10002574,Nausea
10002574,Fatigue
10002575,Dizziness
10002576,Fatigue
10002576,Headache
10002577,Nausea
10002577,Diarrhoea
10002578,Fatigue
10002579,Nausea
10002580,Rash
10002580,Nausea
10002581,Headache
10002582,Nausea
10002583,Nausea
10002583,Headache
10002584,Fatigue
10002584,Hypoglycaemia
10002585,Headache
10002586,Nausea
10002587,Dizziness
10002587,Pancreatitis
10002588,Rash
10002589,Hypoglycaemia
10002590,Nausea
10002591,Dizziness
10002591,Diarrhoea
10002591,Nausea
10002592,Headache
10002592,Diarrhoea
10002593,Diarrhoea
10002593,Rash
10002593,Headache
10002594,Rash
10002595,Rash
10002596,Hypoglycaemia
10002597,Hypoglycaemia
10002598,Fatigue
10002598,Headache
10002598,Nausea
10002599,Headache
10002599,Nausea
10002599,Rash
10002600,Headache
10002601,Fatigue
10002602,Headache
10002603,Dizziness
10002603,Nausea
10002604,Rash
10002604,Fatigue
10002605,Hepatotoxicity
10002606,Hypoglycaemia
10002606,Headache
10002606,Dizziness
10002607,Rash
10002608,Rash
10002609,Headache
10002609,Pruritus
10002609,Diarrhoea
10002610,Dizziness
10002610,Rash
10002611,Fatigue
10002611,Rash
10002612,Pruritus
10002613,Nausea
10002613,Hypoglycaemia
10002614,Rash
10002615,Rash
10002616,Nausea
10002616,Fatigue
10002617,Diarrhoea
10002617,Nausea
10002618,Headache
10002619,Headache
10002619,Diarrhoea
10002619,Pruritus
10002620,Nausea
10002621,Diarrhoea
10002621,Dizziness
10002621,Headache
10002622,Dizziness
10002622,Rash
10002623,Headache
10002623,Nausea
10002623,Rash
10002624,Nausea
10002625,Rash
10002626,Nausea
10002627,Nausea
10002627,Diarrhoea
10002628,Pancreatitis
10002628,Rash
10002628,Hepatotoxicity
10002629,Fatigue
10002630,Fatigue
10002631,Headache
10002632,Diarrhoea
10002633,Dizziness
10002634,Nausea
10002635,Headache
10002635,Nausea
10002636,Nausea
10002636,Fatigue
10002637,Nausea
10002637,Hepatotoxicity
10002637,Diarrhoea
10002638,Hypoglycaemia
10002638,Headache
10002639,Fatigue
10002640,Nausea
10002640,Hypoglycaemia
10002641,Nausea
10002641,Dizziness
10002642,Diarrhoea
10002643,Headache
10002643,Diarrhoea
10002644,Nausea
10002644,Dizziness
10002645,Fatigue
10002645,Diarrhoea
10002646,Nausea
10002647,Rash
10002648,Fatigue
10002649,Headache
10002649,Dizziness
10002650,Dizziness
10002651,Hepatotoxicity
10002652,Nausea
10002652,Headache
10002653,Dizziness
10002654,Rash
10002655,Fatigue
10002655,Rash
10002656,Fatigue
10002657,Fatigue
10002658,Pruritus
10002658,Rash
10002659,Nausea
10002659,Hypoglycaemia
10002660,Rash
10002660,Fatigue
10002661,Diarrhoea
10002662,Rash
10002663,Headache
10002664,Nausea
10002665,Diarrhoea
10002666,Dizziness
10002666,Rash
10002667,Fatigue
10002667,Rash
10002668,Headache
10002668,Dizziness
10002668,Diarrhoea
10002669,Pancreatitis
10002669,Dizziness
10002670,Fatigue
10002671,Dizziness
10002672,Diarrhoea
10002673,Nausea
10002673,Headache
10002674,Nausea
10002675,Hepatotoxicity
10002675,Dizziness
10002675,Rash
10002676,Diarrhoea
10002676,Nausea
10002677,Hypoglycaemia
10002678,Headache
10002679,Nausea
10002679,Headache
10002680,Nausea
10002680,Hepatotoxicity
10002681,Pruritus
10002682,Dizziness
10002683,Diarrhoea
10002683,Nausea
10002684,Hepatotoxicity
10002684,Headache
10002684,Rash
10002685,Hepatotoxicity
10002686,Hypoglycaemia
10002687,Dizziness
10002688,Headache
10002689,Nausea
10002689,Rash
10002690,Nausea
10002690,Hepatotoxicity
10002691,Nausea
10002692,Fatigue
10002692,Rash
10002692,Nausea
10002693,Diarrhoea
10002694,Nausea
10002695,Nausea
10002696,Nausea
10002697,Nausea
10002698,Nausea
10002698,Headache
10002699,Diarrhoea
10002700,Diarrhoea
10002700,Headache
10002701,Fatigue
10002701,Headache
10002702,Diarrhoea
10002703,Nausea
10002704,Diarrhoea
10002705,Headache
10002705,Dizziness
10002706,Rash
10002706,Pancreatitis
10002707,Fatigue
10002707,Rash
10002707,Dizziness
10002708,Fatigue
10002708,Nausea
10002709,Diarrhoea
10002710,Dizziness
10002711,Nausea
10002711,Rash
10002712,Fatigue
10002713,Pancreatitis
10002714,Diarrhoea
10002715,Fatigue
10002716,Fatigue
10002716,Rash
10002717,Pancreatitis
10002718,Diarrhoea
10002718,Rash
10002719,Hepatotoxicity
10002719,Diarrhoea
10002720,Rash
10002721,Rash
10002722,Nausea
10002723,Diarrhoea
10002724,Dizziness
10002724,Nausea
10002725,Hypoglycaemia
10002725,Diarrhoea
10002726,Fatigue
10002727,Rash
10002727,Headache
10002727,Nausea
10002728,Rash
10002728,Nausea
10002728,Hypoglycaemia
10002729,Fatigue
10002729,Nausea
10002730,Nausea
10002731,Nausea
10002732,Headache
10002733,Headache
10002734,Pruritus
10002734,Fatigue
10002735,Diarrhoea
10002735,Nausea
10002736,Pruritus
10002736,Rash
10002736,Dizziness
10002737,Fatigue
10002737,Rash
10002737,Diarrhoea
10002738,Pruritus
10002739,Rash
10002739,Diarrhoea
10002740,Fatigue
10002741,Nausea
10002742,Pancreatitis
10002743,Nausea
10002744,Diarrhoea
10002744,Rash
10002745,Pancreatitis
10002746,Hypoglycaemia
10002747,Fatigue
10002747,Nausea
10002747,Headache
10002748,Pancreatitis
10002749,Hypoglycaemia
10002750,Fatigue
10002750,Hypoglycaemia
10002750,Hepatotoxicity
10002751,Nausea
10002751,Pruritus
10002751,Diarrhoea
10002752,Headache
10002752,Nausea
10002753,Dizziness
10002754,Nausea
10002754,Rash
10002755,Pruritus
10002755,Rash
10002756,Hypoglycaemia
10002756,Nausea
10002757,Nausea
10002758,Nausea
10002759,Rash
10002759,Nausea
10002760,Pruritus
10002761,Fatigue
10002761,Diarrhoea
10002761,Dizziness
10002762,Nausea
10002762,Headache
10002763,Pruritus
10002763,Hypoglycaemia
10002764,Dizziness
10002765,Hepatotoxicity
10002766,Hypoglycaemia
10002767,Rash
10002768,Nausea
10002768,Dizziness
10002768,Hepatotoxicity
10002769,Nausea
10002769,Rash
10002770,Headache
10002771,Pancreatitis
10002772,Nausea
10002773,Rash
10002774,Nausea
10002774,Fatigue
10002774,Rash
10002775,Diarrhoea
10002775,Nausea
10002776,Rash
10002776,Diarrhoea
10002776,Nausea
10002777,Nausea
10002778,Headache
10002778,Rash
10002779,Dizziness
10002780,Nausea
10002780,Headache
10002781,Dizziness
10002781,Nausea
10002781,Pruritus
10002782,Pruritus
10002782,Headache
10002783,Fatigue
10002784,Headache
10002785,Dizziness
10002786,Headache
10002787,Nausea
10002787,Hypoglycaemia
10002787,Rash
10002788,Nausea
10002788,Fatigue
10002788,Pruritus
10002789,Diarrhoea
10002790,Headache
10002791,Rash
10002792,Nausea
10002793,Pancreatitis
10002794,Dizziness
10002795,Diarrhoea
10002796,Diarrhoea
10002796,Rash
10002796,Pruritus
10002797,Headache
10002798,Pruritus
10002799,Headache
10002799,Nausea
10002800,Fatigue
10002800,Headache
10002801,Rash
10002801,Diarrhoea
10002801,Nausea
10002802,Fatigue
10002803,Headache
10002804,Dizziness
10002804,Diarrhoea
10002804,Fatigue
10002805,Nausea
10002805,Rash
10002805,Dizziness
10002806,Diarrhoea
10002807,Pancreatitis
10002808,Headache
10002808,Rash
10002808,Dizziness
10002809,Headache
10002810,Pruritus
10002811,Fatigue
10002812,Headache
10002813,Dizziness
10002814,Headache
10002815,Nausea
10002815,Headache
10002816,Diarrhoea
10002817,Headache
10002817,Diarrhoea
10002817,Pruritus
10002818,Nausea
10002818,Pancreatitis
10002819,Diarrhoea
10002820,Fatigue
10002820,Dizziness
10002821,Dizziness
10002821,Rash
10002821,Nausea
10002822,Fatigue
10002823,Dizziness
10002823,Nausea
10002824,Headache
10002824,Fatigue
10002825,Fatigue
10002825,Nausea
10002826,Hypoglycaemia
10002826,Dizziness
10002827,Dizziness
10002828,Pancreatitis
10002828,Diarrhoea
10002829,Headache
10002830,Nausea
10002830,Dizziness
10002831,Fatigue
10002831,Diarrhoea
10002832,Diarrhoea
10002832,Nausea
10002833,Fatigue
10002834,Nausea
10002834,Dizziness
10002834,Headache
10002835,Dizziness
10002836,Fatigue
10002836,Diarrhoea
10002836,Headache
10002837,Hypoglycaemia
10002837,Dizziness
10002838,Rash
10002838,Diarrhoea
10002838,Nausea
10002839,Pruritus
10002839,Dizziness
10002840,Hypoglycaemia
10002841,Rash
10002841,Nausea
10002841,Pancreatitis
10002842,Hepatotoxicity
10002842,Rash
10002843,Dizziness
10002843,Rash
10002844,Diarrhoea
10002844,Dizziness
10002845,Hepatotoxicity
10002845,Nausea
10002846,Rash
10002847,Headache
10002848,Dizziness
10002848,Rash
10002849,Dizziness
10002849,Diarrhoea
10002850,Dizziness
10002850,Hypoglycaemia
10002851,Hypoglycaemia
10002851,Diarrhoea
10002851,Nausea
10002852,Rash
10002853,Diarrhoea
10002854,Dizziness
10002854,Fatigue
10002855,Hepatotoxicity
10002856,Fatigue
10002857,Headache
10002858,Headache
10002858,Diarrhoea
10002859,Headache
10002860,Fatigue
10002861,Pancreatitis
10002862,Nausea
10002862,Dizziness
10002862,Rash
10002863,Diarrhoea
10002863,Rash
10002863,Fatigue
10002864,Nausea
10002865,Rash
10002866,Nausea
10002866,Rash
10002867,Rash
10002867,Nausea
10002867,Diarrhoea
10002868,Dizziness
10002868,Nausea
10002868,Headache
10002869,Nausea
10002870,Dizziness
10002871,Rash
10002872,Rash
10002873,Headache
10002873,Hypoglycaemia
10002873,Dizziness
10002874,Fatigue
10002874,Rash
10002875,Dizziness
10002876,Diarrhoea
10002876,Fatigue
10002877,Nausea
10002878,Fatigue
10002879,Rash
10002879,Diarrhoea
10002880,Headache
10002881,Fatigue
10002882,Rash
10002883,Hepatotoxicity
10002884,Diarrhoea
10002884,Nausea
10002885,Nausea
10002885,Rash
10002885,Diarrhoea
10002886,Pruritus
10002886,Nausea
10002887,Dizziness
10002888,Rash
10002888,Nausea
10002888,Diarrhoea
10002889,Pruritus
10002890,Fatigue
10002891,Hepatotoxicity
10002891,Diarrhoea
10002892,Diarrhoea
10002892,Pruritus
10002892,Fatigue
10002893,Nausea
10002894,Headache
10002895,Dizziness
10002895,Headache
10002896,Fatigue
10002897,Fatigue
10002897,Rash
10002898,Nausea
10002899,Nausea
10002899,Fatigue
10002900,Diarrhoea
10002900,Dizziness
10002900,Headache
10002901,Pruritus
10002901,Rash
10002902,Dizziness
10002903,Diarrhoea
10002903,Headache
10002903,Rash
10002904,Dizziness
10002905,Pruritus
10002905,Headache
10002905,Fatigue
10002906,Diarrhoea
10002906,Rash
10002906,Fatigue
10002907,Dizziness
10002907,Nausea
10002907,Rash
10002908,Nausea
10002909,Hepatotoxicity
10002910,Headache
10002911,Rash
10002911,Dizziness
10002911,Headache
10002912,Nausea
10002913,Dizziness
10002913,Diarrhoea
10002913,Headache
10002914,Pruritus
10002915,Hypoglycaemia
10002915,Rash
10002915,Nausea
10002916,Dizziness
10002917,Rash
10002917,Hypoglycaemia
10002917,Nausea
10002918,Rash
10002919,Rash
10002920,Nausea
10002920,Dizziness
10002921,Pancreatitis
10002922,Rash
10002923,Hypoglycaemia
10002923,Pancreatitis
10002924,Diarrhoea
10002924,Dizziness
10002925,Fatigue
10002925,Rash
10002926,Fatigue
10002926,Diarrhoea
10002926,Headache
10002927,Pruritus
10002928,Diarrhoea
10002928,Nausea
10002929,Diarrhoea
10002929,Dizziness
10002930,Diarrhoea
10002931,Headache
10002932,Nausea
10002932,Diarrhoea
10002933,Fatigue
10002933,Headache
10002934,Pruritus
10002934,Nausea
10002934,Headache
10002935,Rash
10002936,Nausea
10002937,Hypoglycaemia
10002937,Headache
10002937,Rash
10002938,Pancreatitis
10002938,Rash
10002939,Dizziness
10002939,Nausea
10002940,Diarrhoea
10002940,Fatigue
10002940,Hypoglycaemia
10002941,Pancreatitis
10002942,Hepatotoxicity
10002943,Headache
10002944,Nausea
10002944,Fatigue
10002944,Diarrhoea
10002945,Diarrhoea
10002945,Headache
10002946,Rash
10002946,Nausea
10002947,Headache
10002948,Dizziness
10002949,Hepatotoxicity
10002950,Headache
10002951,Nausea
10002952,Rash
10002952,Nausea
10002952,Headache
10002953,Nausea
10002953,Rash
10002954,Fatigue
10002955,Nausea
10002956,Fatigue
10002957,Rash
10002958,Nausea
10002959,Diarrhoea
10002960,Pruritus
10002961,Dizziness
10002961,Headache
10002962,Rash
10002963,Rash
10002964,Nausea
10002965,Nausea
10002965,Diarrhoea
10002966,Nausea
10002966,Diarrhoea
10002966,Headache
10002967,Rash
10002968,Diarrhoea
10002968,Hepatotoxicity
10002968,Nausea
10002969,Fatigue
10002970,Nausea
10002970,Diarrhoea
10002971,Dizziness
10002972,Hypoglycaemia
10002973,Rash
10002973,Diarrhoea
10002974,Nausea
10002975,Pancreatitis
10002976,Dizziness
10002976,Fatigue
10002977,Rash
10002977,Hypoglycaemia
10002978,Fatigue
10002979,Nausea
10002980,Pruritus
10002981,Nausea
10002981,Dizziness
10002981,Diarrhoea
10002982,Fatigue
10002983,Hypoglycaemia
10002984,Nausea
10002984,Headache
10002985,Headache
10002986,Headache
10002987,Rash
10002987,Hypoglycaemia
10002988,Pruritus
10002989,Nausea
10002989,Hypoglycaemia
10002990,Pancreatitis
10002990,Fatigue
10002990,Diarrhoea
10002991,Diarrhoea
10002991,Nausea
10002991,Pancreatitis
10002992,Diarrhoea
10002993,Rash
10002993,Diarrhoea
10002993,Dizziness
10002994,Nausea
10002995,Nausea
10002996,Headache
10002997,Headache
10002997,Rash
10002998,Rash
10002999,Nausea
10003000,Hypoglycaemia
10003000,Nausea
10003001,Pruritus
10003001,Hypoglycaemia
10003001,Nausea
10003002,Dizziness
10003002,Rash
10003003,Nausea
10003004,Pancreatitis
10003005,Dizziness
10003005,Rash
10003006,Nausea
10003007,Rash
10003008,Headache
10003008,Nausea
10003009,Dizziness
10003010,Fatigue
10003010,Rash
10003011,Diarrhoea
10003012,Nausea
10003012,Hepatotoxicity
10003012,Pruritus
10003013,Headache
10003013,Hepatotoxicity
10003014,Rash
10003015,Pruritus
10003016,Hypoglycaemia
10003017,Pancreatitis
10003018,Dizziness
10003019,Headache
10003020,Rash
10003021,Fatigue
10003022,Dizziness
10003022,Fatigue
10003023,Headache
10003024,Hepatotoxicity
10003025,Headache
10003025,Hepatotoxicity
10003026,Dizziness
10003026,Hypoglycaemia
10003027,Nausea
10003027,Diarrhoea
10003028,Fatigue
10003028,Nausea
10003029,Hypoglycaemia
10003029,Dizziness
10003030,Fatigue
10003031,Diarrhoea
10003031,Dizziness
10003031,Rash
10003032,Fatigue
10003033,Dizziness
10003033,Diarrhoea
10003034,Dizziness
10003035,Headache
10003036,Rash
10003036,Pruritus
10003036,Fatigue
10003037,Rash
10003037,Fatigue
10003038,Nausea
10003039,Fatigue
10003040,Fatigue
10003040,Nausea
10003041,Nausea
10003041,Headache
10003042,Dizziness
10003043,Diarrhoea
10003044,Headache
10003044,Dizziness
10003044,Nausea
10003045,Dizziness
10003045,Headache
10003046,Dizziness
10003047,Fatigue
10003048,Diarrhoea
10003049,Diarrhoea
10003049,Hypoglycaemia
10003050,Rash
10003050,Headache
10003051,Dizziness
10003052,Dizziness
10003052,Headache
10003053,Dizziness
10003053,Fatigue
10003054,Diarrhoea
10003055,Nausea
10003056,Diarrhoea
10003057,Nausea
10003057,Fatigue
10003058,Rash
10003059,Rash
10003060,Nausea
10003061,Nausea
10003062,Fatigue
10003062,Nausea
10003063,Nausea
10003063,Rash
10003063,Diarrhoea
10003064,Diarrhoea
10003065,Nausea
10003066,Rash
10003067,Dizziness
10003068,Diarrhoea
10003069,Headache
10003069,Nausea
10003069,Rash
10003070,Fatigue
10003070,Rash
10003070,Headache
10003071,Diarrhoea
10003072,Headache
10003073,Fatigue
10003074,Fatigue
10003075,Headache
10003076,Headache
10003077,Diarrhoea
10003077,Headache
10003078,Rash
10003079,Headache
10003079,Fatigue
10003079,Diarrhoea
10003080,Headache
10003080,Nausea
10003081,Diarrhoea
10003081,Rash
10003082,Headache
10003083,Diarrhoea
10003083,Nausea
10003083,Fatigue
10003084,Fatigue
10003084,Hepatotoxicity
10003084,Nausea
10003085,Headache
10003086,Rash
10003087,Rash
10003087,Headache
10003088,Hypoglycaemia
10003088,Diarrhoea
10003089,Dizziness
10003089,Fatigue
10003089,Nausea
10003090,Nausea
10003091,Nausea
10003092,Pancreatitis
10003092,Nausea
10003093,Nausea
10003093,Fatigue
10003094,Fatigue
10003094,Rash
10003094,Diarrhoea
10003095,Headache
10003096,Nausea
10003097,Hepatotoxicity
10003098,Headache
10003098,Fatigue
10003099,Rash
10003100,Nausea
10003101,Rash
10003102,Nausea
10003102,Dizziness
10003103,Nausea
10003104,Nausea
10003104,Hepatotoxicity
10003104,Fatigue
10003105,Pruritus
10003105,Diarrhoea
10003106,Fatigue
10003106,Dizziness
10003107,Dizziness
10003108,Fatigue
10003108,Hypoglycaemia
10003108,Diarrhoea
10003109,Nausea
10003110,Dizziness
10003110,Headache
10003110,Hepatotoxicity
10003111,Headache
10003112,Fatigue
10003113,Headache
10003114,Nausea
10003115,Fatigue
10003116,Rash
10003116,Fatigue
10003117,Headache
10003117,Dizziness
10003117,Nausea
10003118,Rash
10003118,Diarrhoea
10003119,Nausea
10003119,Headache
10003120,Fatigue
10003120,Diarrhoea
10003120,Nausea
10003121,Nausea
10003122,Fatigue
10003123,Diarrhoea
10003124,Pruritus
10003124,Fatigue
10003125,Dizziness
10003125,Fatigue
10003126,Dizziness
10003126,Headache
10003127,Headache
10003128,Diarrhoea
10003129,Diarrhoea
10003129,Dizziness
10003129,Hypoglycaemia
10003130,Rash
10003131,Headache
10003131,Nausea
10003132,Rash
10003133,Nausea
10003133,Headache
10003134,Nausea
10003135,Diarrhoea
10003136,Headache
10003136,Dizziness
10003136,Rash
10003137,Headache
10003137,Dizziness
10003138,Pruritus
10003138,Nausea
10003138,Headache
10003139,Headache
10003139,Pancreatitis
10003140,Nausea
10003141,Dizziness
10003141,Nausea
10003142,Fatigue
10003142,Rash
10003142,Nausea
10003143,Rash
10003143,Nausea
10003144,Headache
10003145,Pancreatitis
10003145,Dizziness
10003146,Fatigue
10003147,Diarrhoea
10003147,Fatigue
10003148,Fatigue
10003149,Nausea
10003150,Rash
10003151,Rash
10003151,Headache
10003152,Headache
10003153,Nausea
10003153,Headache
10003153,Fatigue
10003154,Fatigue
10003155,Diarrhoea
10003156,Headache
10003156,Fatigue
10003156,Dizziness
10003157,Nausea
10003158,Fatigue
10003158,Rash
10003158,Nausea
10003159,Dizziness
10003160,Headache
10003161,Headache
10003161,Hypoglycaemia
10003161,Nausea
10003162,Nausea
10003163,Headache
10003164,Fatigue
10003164,Headache
10003165,Hepatotoxicity
10003165,Rash
10003166,Hepatotoxicity
10003167,Fatigue
10003167,Rash
10003168,Nausea
10003169,Fatigue
10003170,Hypoglycaemia
10003171,Headache
10003172,Rash
10003173,Hepatotoxicity
10003173,Dizziness
10003174,Nausea
10003175,Dizziness
10003175,Headache
10003175,Rash
10003176,Fatigue
10003176,Dizziness
10003176,Headache
10003177,Nausea
10003177,Fatigue
10003178,Nausea
10003179,Nausea
10003179,Diarrhoea
10003180,Diarrhoea
10003180,Dizziness
10003181,Dizziness
10003182,Rash
10003182,Nausea
10003183,Headache
10003184,Rash
10003185,Fatigue
10003185,Hepatotoxicity
10003186,Nausea
10003187,Nausea
10003187,Rash
10003188,Nausea
10003189,Nausea
10003190,Rash
10003191,Dizziness
10003191,Pruritus
10003192,Pancreatitis
10003192,Headache
10003193,Headache
10003194,Nausea
10003195,Rash
10003196,Nausea
10003196,Headache
10003196,Pruritus
10003197,Headache
10003197,Pancreatitis
10003198,Hypoglycaemia
10003199,Diarrhoea
10003199,Headache
10003199,Hepatotoxicity
10003200,Hypoglycaemia
10003201,Diarrhoea
10003201,Fatigue
10003202,Hypoglycaemia
10003203,Rash
10003203,Headache
10003204,Hypoglycaemia
10003205,Diarrhoea
10003206,Rash
10003207,Pancreatitis
10003207,Dizziness
10003208,Fatigue
10003209,Hypoglycaemia
10003210,Headache
10003210,Nausea
10003211,Fatigue
10003212,Dizziness
10003213,Fatigue
10003213,Pruritus
10003214,Diarrhoea
10003214,Nausea
10003214,Dizziness
10003215,Rash
10003215,Dizziness
10003216,Headache
10003216,Hepatotoxicity
10003217,Dizziness
10003217,Rash
10003218,Nausea
10003218,Headache
10003218,Dizziness
10003219,Headache
10003219,Fatigue
10003220,Headache
10003220,Diarrhoea
10003220,Dizziness
10003221,Headache
10003221,Dizziness
10003222,Hypoglycaemia
10003222,Pruritus
10003223,Nausea
10003224,Fatigue
10003225,Hepatotoxicity
10003226,Diarrhoea
10003227,Pancreatitis
10003227,Fatigue
10003228,Hypoglycaemia
10003229,Pruritus
10003230,Pancreatitis
10003230,Hypoglycaemia
10003231,Nausea
10003231,Headache
10003231,Rash
10003232,Diarrhoea
10003232,Dizziness
10003233,Fatigue
10003234,Fatigue
10003235,Hepatotoxicity
10003236,Dizziness
10003236,Nausea
10003236,Rash
10003237,Headache
10003238,Nausea
10003239,Dizziness
10003240,Pancreatitis
10003240,Diarrhoea
10003241,Nausea
10003242,Nausea
10003242,Headache
10003242,Dizziness
10003243,Diarrhoea
10003243,Headache
10003244,Rash
10003245,Pruritus
10003246,Fatigue
10003247,Fatigue
10003247,Nausea
10003247,Dizziness
10003248,Headache
10003249,Dizziness
10003250,Nausea
10003250,Fatigue
10003250,Headache
10003251,Nausea
10003252,Headache
10003252,Diarrhoea
10003253,Headache
10003254,Diarrhoea
10003254,Nausea
10003255,Hepatotoxicity
10003256,Rash
10003256,Pruritus
10003257,Headache
10003257,Diarrhoea
10003258,Nausea
10003259,Diarrhoea
10003259,Hypoglycaemia
10003260,Nausea
10003260,Dizziness
10003260,Fatigue
10003261,Hypoglycaemia
10003261,Fatigue
10003262,Nausea
10003263,Fatigue
10003263,Rash
10003264,Headache
10003265,Hepatotoxicity
10003265,Pruritus
10003266,Pruritus
10003266,Dizziness
10003267,Diarrhoea
10003268,Rash
10003269,Pancreatitis
10003270,Headache
10003271,Fatigue
10003272,Nausea
10003273,Dizziness
10003274,Nausea
10003275,Fatigue
10003275,Dizziness
10003275,Pruritus
10003276,Headache
10003276,Nausea
10003277,Nausea
10003278,Nausea
10003279,Nausea
10003279,Diarrhoea
10003280,Fatigue
10003280,Diarrhoea
10003281,Nausea
10003282,Diarrhoea
10003282,Fatigue
10003283,Nausea
10003283,Headache
10003283,Pruritus
10003284,Hepatotoxicity
10003285,Fatigue
10003285,Rash
10003286,Headache
10003286,Dizziness
10003287,Dizziness
10003288,Nausea
10003288,Diarrhoea
10003289,Hypoglycaemia
10003289,Nausea
10003289,Pruritus
10003290,Nausea
10003290,Hypoglycaemia
10003290,Dizziness
10003291,Fatigue
10003291,Diarrhoea
10003292,Headache
10003293,Diarrhoea
10003294,Nausea
10003294,Fatigue
10003295,Nausea
10003295,Rash
10003296,Rash
10003296,Fatigue
10003297,Fatigue
10003297,Nausea
10003298,Nausea
10003298,Headache
10003298,Diarrhoea
10003299,Dizziness
10003299,Diarrhoea
10003300,Diarrhoea
10003300,Dizziness
10003300,Headache
10003301,Rash
10003302,Fatigue
10003302,Pancreatitis
10003303,Dizziness
10003304,Fatigue
10003305,Rash
10003305,Hypoglycaemia
10003305,Headache
10003306,Headache
10003307,Dizziness
10003307,Nausea
10003308,Hepatotoxicity
10003308,Headache
10003309,Dizziness
10003310,Headache
10003311,Headache
10003311,Dizziness
10003312,Rash
10003313,Headache
10003313,Fatigue
10003314,Diarrhoea
10003315,Hepatotoxicity
10003316,Rash
10003317,Rash
10003318,Nausea
10003319,Diarrhoea
10003319,Hypoglycaemia
10003320,Headache
10003321,Dizziness
10003322,Diarrhoea
10003322,Nausea
10003323,Nausea
10003323,Rash
10003324,Fatigue
10003324,Nausea
10003325,Fatigue
10003326,Hepatotoxicity
10003326,Diarrhoea
10003327,Diarrhoea
10003328,Rash
10003329,Nausea
10003330,Diarrhoea
10003330,Rash
10003330,Hypoglycaemia
10003331,Fatigue
10003331,Pruritus
10003331,Dizziness
10003332,Fatigue
10003333,Fatigue
10003334,Dizziness
10003335,Dizziness
10003336,Nausea
10003336,Fatigue
10003337,Pruritus
10003338,Rash
10003338,Diarrhoea
10003339,Pruritus
10003340,Nausea
10003340,Pruritus
10003341,Nausea
10003342,Fatigue
10003343,Nausea
10003343,Diarrhoea
10003344,Fatigue
10003345,Rash
10003345,Nausea
10003346,Nausea
10003346,Headache
10003346,Dizziness
10003347,Rash
10003348,Rash
10003348,Nausea
10003348,Dizziness
10003349,Pancreatitis
10003349,Fatigue
10003350,Pruritus
10003350,Diarrhoea
10003350,Rash
10003351,Diarrhoea
10003351,Dizziness
10003351,Fatigue
10003352,Fatigue
10003352,Rash
10003353,Headache
10003353,Rash
10003354,Dizziness
10003354,Rash
10003355,Pruritus
10003355,Hypoglycaemia
10003356,Nausea
10003356,Hypoglycaemia
10003357,Diarrhoea
10003357,Hypoglycaemia
10003358,Pruritus
10003358,Headache
10003359,Hypoglycaemia
10003359,Pruritus
10003359,Dizziness
10003360,Hepatotoxicity
10003361,Headache
10003362,Diarrhoea
10003363,Dizziness
10003364,Pruritus
10003365,Headache
10003365,Nausea
10003366,Nausea
10003366,Fatigue
10003367,Hypoglycaemia
10003367,Diarrhoea
10003368,Fatigue
10003369,Headache
10003369,Hepatotoxicity
10003370,Pruritus
10003371,Nausea
10003372,Dizziness
10003372,Headache
10003372,Diarrhoea
10003373,Fatigue
10003374,Diarrhoea
10003374,Rash
10003374,Nausea
10003375,Hepatotoxicity
10003376,Nausea
10003377,Headache
10003378,Dizziness
10003378,Headache
10003378,Pancreatitis
10003379,Headache
10003380,Hypoglycaemia
10003381,Nausea
10003381,Fatigue
10003382,Nausea
10003382,Hepatotoxicity
10003383,Nausea
10003383,Pruritus
10003384,Nausea
10003384,Hepatotoxicity
10003385,Nausea
10003385,Hypoglycaemia
10003386,Fatigue
10003387,Headache
10003388,Nausea
10003388,Diarrhoea
10003389,Rash
10003389,Nausea
10003389,Fatigue
10003390,Hepatotoxicity
10003390,Nausea
10003390,Rash
10003391,Dizziness
10003391,Nausea
10003392,Dizziness
10003392,Hypoglycaemia
10003393,Fatigue
10003393,Nausea
10003394,Pancreatitis
10003394,Nausea
10003394,Headache
10003395,Fatigue
10003395,Diarrhoea
10003395,Nausea
10003396,Dizziness
10003396,Nausea
10003396,Diarrhoea
10003397,Rash
10003397,Headache
10003398,Headache
10003398,Nausea
10003398,Dizziness
10003399,Dizziness
10003399,Headache
10003399,Rash
10003400,Rash
10003400,Nausea
10003400,Hypoglycaemia
10003401,Rash
10003401,Headache
10003402,Hepatotoxicity
10003403,Rash
10003403,Hepatotoxicity
10003404,Rash
10003404,Headache
10003404,Dizziness
10003405,Pruritus
10003406,Nausea
10003407,Headache
10003408,Dizziness
10003408,Nausea
10003409,Rash
10003410,Rash
10003410,Pruritus
10003411,Rash
10003411,Dizziness
10003411,Nausea
10003412,Pruritus
10003412,Pancreatitis
10003413,Fatigue
10003414,Diarrhoea
10003414,Headache
10003414,Hepatotoxicity
10003415,Pruritus
10003416,Dizziness
10003417,Headache
10003418,Rash
10003418,Dizziness
10003418,Nausea
10003419,Diarrhoea
10003419,Dizziness
10003420,Fatigue
10003421,Diarrhoea
10003422,Pruritus
10003422,Nausea
10003423,Pancreatitis
10003423,Headache
10003424,Fatigue
10003424,Nausea
10003425,Dizziness
10003426,Headache
10003427,Hepatotoxicity
10003428,Headache
10003428,Rash
10003428,Dizziness
10003429,Nausea
10003430,Hypoglycaemia
10003431,Fatigue
10003432,Headache
10003433,Nausea
10003433,Hepatotoxicity
10003433,Diarrhoea
10003434,Headache
10003435,Fatigue
10003435,Rash
10003435,Nausea
10003436,Headache
10003436,Diarrhoea
10003436,Hypoglycaemia
10003437,Pancreatitis
10003437,Diarrhoea
10003438,Hepatotoxicity
10003438,Hypoglycaemia
10003439,Nausea
10003439,Hypoglycaemia
10003440,Nausea
10003441,Hepatotoxicity
10003442,Fatigue
10003442,Hepatotoxicity
10003443,Pruritus
10003444,Rash
10003445,Hepatotoxicity
10003445,Fatigue
10003446,Dizziness
10003446,Headache
10003446,Diarrhoea
10003447,Headache
10003448,Fatigue
10003448,Diarrhoea
10003448,Pruritus
10003449,Diarrhoea
10003449,Dizziness
10003450,Nausea
10003451,Headache
10003452,Headache
10003453,Pruritus
10003454,Headache
10003455,Pruritus
10003455,Dizziness
10003456,Dizziness
10003457,Headache
10003457,Dizziness
10003458,Headache
10003458,Nausea
10003459,Fatigue
10003460,Dizziness
10003460,Diarrhoea
10003461,Dizziness
10003461,Diarrhoea
10003461,Fatigue
10003462,Rash
10003463,Hypoglycaemia
10003464,Diarrhoea
10003465,Diarrhoea
10003466,Nausea
10003466,Headache
10003467,Dizziness
10003468,Nausea
10003469,Nausea
10003470,Dizziness
10003471,Pancreatitis
10003471,Headache
10003471,Fatigue
10003472,Headache
10003473,Fatigue
10003474,Fatigue
10003475,Diarrhoea
10003476,Headache
10003477,Fatigue
10003478,Nausea
10003479,Diarrhoea
10003479,Dizziness
10003480,Headache
10003481,Nausea
10003481,Dizziness
10003481,Diarrhoea
10003482,Rash
10003483,Rash
10003484,Nausea
10003484,Hypoglycaemia
10003484,Diarrhoea
10003485,Hepatotoxicity
10003486,Hepatotoxicity
10003487,Headache
10003487,Fatigue
10003487,Diarrhoea
10003488,Diarrhoea
10003489,Headache
10003490,Diarrhoea
10003490,Hepatotoxicity
10003491,Headache
10003492,Rash
10003493,Pancreatitis
10003494,Diarrhoea
10003494,Nausea
10003495,Headache
10003495,Rash
10003496,Diarrhoea
10003497,Hepatotoxicity
10003498,Nausea
10003498,Headache
10003498,Diarrhoea
10003499,Fatigue
10003500,Nausea
10003500,Rash
10003501,Rash
10003502,Pancreatitis
10003502,Fatigue
10003503,Nausea
10003504,Hypoglycaemia
10003505,Nausea
10003506,Rash
10003506,Diarrhoea
10003507,Headache
10003507,Pancreatitis
10003507,Dizziness
10003508,Headache
10003509,Dizziness
10003509,Hepatotoxicity
10003510,Nausea
10003510,Fatigue
10003510,Headache
10003511,Rash
10003511,Nausea
10003512,Hepatotoxicity
10003512,Pruritus
10003513,Dizziness
10003513,Nausea
10003513,Hepatotoxicity
10003514,Diarrhoea
10003514,Dizziness
10003515,Hepatotoxicity
10003516,Rash
10003517,Diarrhoea
10003518,Headache
10003518,Nausea
10003518,Rash
10003519,Headache
10003519,Fatigue
10003519,Nausea
10003520,Fatigue
10003520,Hepatotoxicity
10003521,Nausea
10003521,Pruritus
10003522,Nausea
10003523,Headache
10003523,Fatigue
10003523,Dizziness
10003524,Dizziness
10003525,Headache
10003526,Fatigue
10003526,Headache
10003527,Fatigue
10003528,Headache
10003528,Hepatotoxicity
10003529,Nausea
10003529,Fatigue
10003529,Hypoglycaemia
10003530,Nausea
10003531,Diarrhoea
10003531,Pancreatitis
10003532,Pruritus
10003533,Pruritus
10003534,Rash
10003534,Nausea
10003534,Fatigue
10003535,Fatigue
10003536,Fatigue
10003537,Diarrhoea
10003538,Nausea
10003538,Fatigue
10003539,Rash
10003539,Fatigue
10003540,Nausea
10003541,Dizziness
10003542,Hypoglycaemia
10003543,Rash
10003544,Hepatotoxicity
10003544,Rash
10003544,Headache
10003545,Diarrhoea
10003545,Dizziness
10003545,Rash
10003546,Pruritus
10003546,Nausea
10003547,Diarrhoea
10003548,Hypoglycaemia
10003548,Pruritus
10003549,Rash
10003550,Diarrhoea
10003551,Dizziness
10003552,Diarrhoea
10003552,Pancreatitis
10003552,Hypoglycaemia
10003553,Dizziness
10003554,Diarrhoea
10003554,Pruritus
10003555,Rash
10003556,Hypoglycaemia
10003556,Dizziness
10003557,Nausea
10003558,Nausea
10003558,Rash
10003559,Headache
10003559,Pruritus
10003559,Hepatotoxicity
10003560,Nausea
10003561,Pruritus
10003561,Hepatotoxicity
10003562,Fatigue
10003563,Headache
10003564,Nausea
10003564,Dizziness
10003565,Hepatotoxicity
10003566,Nausea
10003566,Headache
10003567,Headache
10003568,Nausea
10003568,Diarrhoea
10003569,Diarrhoea
10003570,Headache
10003571,Hypoglycaemia
10003571,Diarrhoea
10003571,Pruritus
10003572,Nausea
10003573,Diarrhoea
10003573,Headache
10003574,Hypoglycaemia
10003575,Dizziness
10003575,Hepatotoxicity
10003576,Fatigue
10003576,Diarrhoea
10003577,Rash
10003578,Diarrhoea
10003578,Headache
10003579,Nausea
10003580,Fatigue
10003581,Rash
10003582,Nausea
10003583,Headache
10003584,Dizziness
10003584,Headache
10003584,Nausea
10003585,Pancreatitis
10003586,Dizziness
10003587,Headache
10003587,Hepatotoxicity
10003587,Dizziness
10003588,Hypoglycaemia
10003588,Diarrhoea
10003588,Dizziness
10003589,Nausea
10003589,Fatigue
10003590,Diarrhoea
10003591,Headache
10003592,Fatigue
10003592,Nausea
10003593,Dizziness
10003594,Pancreatitis
10003594,Dizziness
10003595,Diarrhoea
10003595,Pancreatitis
10003596,Rash
10003597,Fatigue
10003598,Headache
10003598,Pancreatitis
10003599,Headache
10003599,Hypoglycaemia
10003600,Dizziness
10003601,Nausea
10003601,Headache
10003602,Nausea
10003603,Headache
10003604,Fatigue
10003605,Diarrhoea
10003606,Rash
10003606,Nausea
10003607,Headache
10003607,Fatigue
10003608,Diarrhoea
10003609,Rash
10003609,Pancreatitis
10003609,Diarrhoea
10003610,Hepatotoxicity
10003610,Dizziness
10003611,Hypoglycaemia
10003612,Hepatotoxicity
10003613,Headache
10003613,Nausea
10003614,Headache
10003615,Dizziness
10003616,Hepatotoxicity
10003616,Nausea
10003617,Nausea
10003618,Diarrhoea
10003618,Rash
10003618,Dizziness
10003619,Pruritus
10003620,Dizziness
10003620,Nausea
10003621,Dizziness
10003621,Pruritus
10003621,Rash
10003622,Headache
10003622,Diarrhoea
10003623,Dizziness
10003623,Nausea
10003623,Hepatotoxicity
10003624,Pancreatitis
10003624,Fatigue
10003625,Dizziness
10003625,Nausea
10003626,Rash
10003627,Dizziness
10003628,Fatigue
10003629,Nausea
10003629,Pruritus
10003630,Nausea
10003631,Diarrhoea
10003632,Headache
10003632,Pruritus
10003633,Headache
10003633,Dizziness
10003634,Dizziness
10003634,Fatigue
10003635,Hypoglycaemia
10003636,Rash
10003637,Fatigue
10003638,Fatigue
10003639,Nausea
10003639,Dizziness
10003640,Nausea
10003640,Rash
10003641,Diarrhoea
10003642,Headache
10003642,Hypoglycaemia
10003643,Pruritus
10003643,Headache
10003644,Rash
10003645,Headache
10003646,Rash
10003646,Headache
10003647,Diarrhoea
10003648,Pancreatitis
10003648,Nausea
10003649,Dizziness
10003650,Hypoglycaemia
10003650,Nausea
10003650,Pancreatitis
10003651,Hypoglycaemia
10003651,Diarrhoea
10003652,Pancreatitis
10003652,Dizziness
10003653,Nausea
10003653,Pancreatitis
10003654,Diarrhoea
10003655,Nausea
10003656,Diarrhoea
10003656,Rash
10003656,Dizziness
10003657,Headache
10003657,Fatigue
10003658,Diarrhoea
10003659,Fatigue
10003659,Diarrhoea
10003660,Diarrhoea
10003661,Diarrhoea
10003662,Hypoglycaemia
10003663,Rash
10003664,Headache
10003664,Fatigue
10003665,Fatigue
10003665,Rash
10003665,Nausea
10003666,Rash
10003666,Dizziness
10003667,Fatigue
10003667,Nausea
10003668,Dizziness
10003669,Dizziness
10003669,Diarrhoea
10003670,Headache
10003670,Hypoglycaemia
10003670,Dizziness
10003671,Nausea
10003671,Fatigue
10003672,Rash
10003673,Fatigue
10003673,Diarrhoea
10003674,Hepatotoxicity
10003674,Fatigue
10003675,Headache
10003676,Pruritus
10003676,Nausea
10003677,Nausea
10003677,Rash
10003678,Hypoglycaemia
10003678,Diarrhoea
10003679,Dizziness
10003679,Headache
10003679,Rash
10003680,Fatigue
10003681,Nausea
10003681,Diarrhoea
10003682,Rash
10003683,Nausea
10003684,Headache
10003685,Diarrhoea
10003685,Pruritus
10003685,Headache
10003686,Rash
10003686,Pruritus
10003686,Diarrhoea
10003687,Rash
10003687,Nausea
10003688,Nausea
10003688,Dizziness
10003689,Fatigue
10003689,Nausea
10003690,Hepatotoxicity
10003690,Dizziness
10003691,Pancreatitis
10003691,Nausea
10003691,Rash
10003692,Pruritus
10003692,Rash
10003693,Headache
10003694,Nausea
10003695,Hypoglycaemia
10003695,Fatigue
10003696,Dizziness
10003696,Headache
10003696,Rash
10003697,Pancreatitis
10003697,Headache
10003698,Headache
10003699,Nausea
10003699,Diarrhoea
10003699,Hepatotoxicity
10003700,Hepatotoxicity
10003700,Hypoglycaemia
10003701,Nausea
10003701,Headache
10003702,Rash
10003703,Nausea
10003703,Rash
10003704,Nausea
10003704,Diarrhoea
10003705,Hepatotoxicity
10003705,Rash
10003706,Nausea
10003707,Diarrhoea
10003707,Fatigue
10003708,Hepatotoxicity
10003709,Nausea
10003710,Dizziness
10003710,Nausea
10003711,Fatigue
10003711,Rash
10003712,Hepatotoxicity
10003713,Headache
10003713,Diarrhoea
10003714,Headache
10003715,Nausea
10003715,Rash
10003716,Dizziness
10003716,Rash
10003717,Nausea
10003717,Fatigue
10003717,Dizziness
10003718,Dizziness
10003719,Diarrhoea
10003719,Headache
10003719,Fatigue
10003720,Fatigue
10003720,Diarrhoea
10003720,Rash
10003721,Nausea
10003721,Dizziness
10003722,Diarrhoea
10003723,Dizziness
10003723,Pancreatitis
10003724,Dizziness
10003725,Rash
10003725,Dizziness
10003726,Rash
10003726,Nausea
10003727,Diarrhoea
10003727,Fatigue
10003728,Diarrhoea
10003729,Nausea
10003730,Hepatotoxicity
10003730,Diarrhoea
10003731,Pancreatitis
10003731,Rash
10003732,Headache
10003732,Fatigue
10003733,Dizziness
10003734,Rash
10003734,Headache
10003735,Headache
10003736,Diarrhoea
10003736,Pancreatitis
10003737,Pancreatitis
10003737,Hypoglycaemia
10003737,Fatigue
10003738,Nausea
10003739,Nausea
10003739,Headache
10003740,Nausea
10003741,Rash
10003741,Dizziness
10003742,Fatigue
10003743,Nausea
10003743,Hepatotoxicity
10003743,Diarrhoea
10003744,Pruritus
10003744,Hypoglycaemia
10003744,Nausea
10003745,Dizziness
10003746,Fatigue
10003746,Hypoglycaemia
10003747,Diarrhoea
10003747,Headache
10003748,Pruritus
10003749,Nausea
10003750,Nausea
10003751,Fatigue
10003752,Nausea
10003752,Hepatotoxicity
10003752,Fatigue
10003753,Fatigue
10003754,Diarrhoea
10003754,Pruritus
10003755,Pancreatitis
10003755,Diarrhoea
10003756,Rash
10003756,Diarrhoea
10003757,Hepatotoxicity
10003758,Rash
10003758,Dizziness
10003759,Dizziness
10003759,Nausea
10003759,Diarrhoea
10003760,Pruritus
10003761,Nausea
10003762,Diarrhoea
10003762,Nausea
10003762,Dizziness
10003763,Pruritus
10003763,Rash
10003764,Nausea
10003764,Dizziness
10003764,Headache
10003765,Dizziness
10003765,Fatigue
10003766,Hepatotoxicity
10003766,Fatigue
10003767,Hepatotoxicity
10003768,Headache
10003768,Nausea
10003769,Nausea
10003770,Headache
10003771,Fatigue
10003771,Nausea
10003772,Diarrhoea
10003773,Fatigue
10003773,Hypoglycaemia
10003774,Headache
10003774,Rash
10003774,Hypoglycaemia
10003775,Nausea
10003775,Hepatotoxicity
10003775,Pancreatitis
10003776,Diarrhoea
10003777,Headache
10003778,Fatigue
10003778,Hepatotoxicity
10003779,Rash
10003780,Nausea
10003781,Diarrhoea
10003781,Nausea
10003781,Headache
10003782,Nausea
10003782,Headache
10003782,Hypoglycaemia
10003783,Fatigue
10003783,Headache
10003783,Diarrhoea
10003784,Dizziness
10003785,Diarrhoea
10003785,Nausea
10003786,Nausea
10003786,Hepatotoxicity
10003786,Dizziness
10003787,Diarrhoea
10003788,Dizziness
10003788,Headache
10003789,Hepatotoxicity
10003790,Headache
10003790,Rash
10003791,Nausea
10003791,Hypoglycaemia
10003792,Headache
10003793,Dizziness
10003794,Rash
10003794,Diarrhoea
10003795,Diarrhoea
10003796,Hepatotoxicity
10003796,Nausea
10003797,Diarrhoea
10003797,Headache
10003797,Nausea
10003798,Nausea
10003798,Headache
10003799,Diarrhoea
10003799,Fatigue
10003800,Hypoglycaemia
10003800,Nausea
10003801,Headache
10003802,Diarrhoea
10003803,Rash
10003804,Headache
10003805,Rash
10003805,Diarrhoea
10003806,Fatigue
10003807,Pruritus
10003808,Hypoglycaemia
10003808,Pancreatitis
10003809,Pancreatitis
10003810,Nausea
10003811,Nausea
10003811,Dizziness
10003811,Diarrhoea
10003812,Headache
10003813,Nausea
10003813,Dizziness
10003814,Nausea
10003815,Rash
10003815,Hepatotoxicity
10003816,Diarrhoea
10003817,Rash
10003818,Nausea
10003819,Headache
10003819,Nausea
10003820,Dizziness
10003821,Fatigue
10003821,Rash
10003822,Hypoglycaemia
10003823,Nausea
10003824,Headache
10003825,Diarrhoea
10003825,Hepatotoxicity
10003825,Nausea
10003826,Headache
10003826,Diarrhoea
10003826,Rash
10003827,Nausea
10003828,Headache
10003828,Hypoglycaemia
10003829,Hepatotoxicity
10003830,Pancreatitis
10003831,Rash
10003831,Pruritus
10003831,Hypoglycaemia
10003832,Dizziness
10003833,Diarrhoea
10003833,Hepatotoxicity
10003833,Nausea
10003834,Headache
10003835,Pruritus
10003835,Fatigue
10003835,Headache
10003836,Dizziness
10003836,Pruritus
10003837,Headache
10003837,Pruritus
10003837,Nausea
10003838,Rash
10003839,Hepatotoxicity
10003840,Nausea
10003841,Fatigue
10003842,Nausea
10003842,Headache
10003843,Headache
10003844,Rash
10003844,Hepatotoxicity
10003845,Hypoglycaemia
10003845,Rash
10003846,Dizziness
10003847,Hepatotoxicity
10003847,Pruritus
10003848,Dizziness
10003849,Dizziness
10003849,Hypoglycaemia
10003849,Nausea
10003850,Fatigue
10003851,Headache
10003851,Rash
10003852,Diarrhoea
10003853,Dizziness
10003854,Headache
10003854,Dizziness
10003854,Rash
10003855,Dizziness
10003855,Headache
10003856,Fatigue
10003857,Pruritus
10003858,Hypoglycaemia
10003858,Fatigue
10003859,Headache
10003860,Pancreatitis
10003860,Nausea
10003861,Pruritus
10003861,Diarrhoea
10003862,Dizziness
10003863,Fatigue
10003864,Pruritus
10003865,Nausea
10003865,Headache
10003866,Fatigue
10003866,Nausea
10003867,Fatigue
10003867,Hepatotoxicity
10003867,Rash
10003868,Fatigue
10003869,Rash
10003870,Nausea
10003870,Diarrhoea
10003871,Nausea
10003871,Diarrhoea
10003871,Headache
10003872,Headache
10003873,Hypoglycaemia
10003873,Rash
10003873,Fatigue
10003874,Nausea
10003874,Headache
10003875,Dizziness
10003875,Pruritus
10003876,Hepatotoxicity
10003877,Headache
10003877,Diarrhoea
10003877,Nausea
10003878,Nausea
10003879,Dizziness
10003879,Diarrhoea
10003879,Hepatotoxicity
10003880,Diarrhoea
10003881,Nausea
10003881,Diarrhoea
10003882,Headache
10003883,Dizziness
10003884,Rash
10003885,Diarrhoea
10003885,Nausea
10003886,Headache
10003886,Nausea
10003887,Nausea
10003888,Diarrhoea
10003889,Hepatotoxicity
10003889,Rash
10003890,Nausea
10003890,Headache
10003891,Rash
10003891,Diarrhoea
10003891,Fatigue
10003892,Nausea
10003893,Headache
10003893,Fatigue
10003893,Diarrhoea
10003894,Headache
10003895,Diarrhoea
10003895,Rash
10003895,Fatigue
10003896,Fatigue
10003896,Headache
10003897,Nausea
10003897,Headache
10003898,Fatigue
10003898,Nausea
10003898,Hepatotoxicity
10003899,Diarrhoea
10003899,Rash
10003899,Pancreatitis
10003900,Rash
10003901,Dizziness
10003902,Fatigue
10003902,Rash
10003903,Nausea
10003903,Fatigue
10003904,Headache
10003905,Rash
10003906,Headache
10003907,Rash
10003908,Diarrhoea
10003909,Nausea
10003910,Nausea
10003910,Pancreatitis
10003910,Headache
10003911,Hepatotoxicity
10003911,Headache
10003911,Dizziness
10003912,Hypoglycaemia
10003913,Fatigue
10003914,Fatigue
10003914,Hepatotoxicity
10003914,Dizziness
10003915,Pancreatitis
10003915,Dizziness
10003916,Fatigue
10003917,Nausea
10003918,Diarrhoea
10003918,Hepatotoxicity
10003919,Rash
10003920,Dizziness
10003921,Headache
10003921,Dizziness
10003922,Nausea
10003922,Dizziness
10003923,Diarrhoea
10003923,Hepatotoxicity
10003924,Pruritus
10003925,Fatigue
10003926,Rash
10003926,Nausea
10003927,Headache
10003927,Nausea
10003927,Diarrhoea
10003928,Nausea
10003929,Diarrhoea
10003929,Headache
10003930,Nausea
10003931,Nausea
10003932,Rash
10003932,Dizziness
10003932,Diarrhoea
10003933,Headache
10003934,Headache
10003934,Nausea
10003935,Fatigue
10003936,Rash
10003937,Dizziness
10003938,Nausea
10003938,Diarrhoea
10003939,Nausea
10003939,Fatigue
10003939,Headache
10003940,Nausea
10003941,Rash
10003942,Dizziness
10003943,Headache
10003944,Nausea
10003944,Rash
10003945,Rash
10003945,Hypoglycaemia
10003946,Fatigue
10003947,Diarrhoea
10003948,Nausea
10003949,Nausea
10003949,Hypoglycaemia
10003950,Diarrhoea
10003951,Hepatotoxicity
10003951,Headache
10003951,Nausea
10003952,Fatigue
10003952,Headache
10003953,Dizziness
10003954,Pruritus
10003954,Nausea
10003955,Nausea
10003956,Rash
10003957,Nausea
10003957,Pruritus
10003958,Nausea
10003958,Dizziness
10003959,Diarrhoea
10003959,Fatigue
10003960,Dizziness
10003961,Nausea
10003961,Rash
10003961,Diarrhoea
10003962,Diarrhoea
10003963,Dizziness
10003963,Rash
10003963,Headache
10003964,Pruritus
10003964,Headache
10003965,Dizziness
10003966,Rash
10003967,Hepatotoxicity
10003968,Rash
10003969,Headache
10003970,Rash
10003971,Fatigue
10003972,Dizziness
10003973,Fatigue
10003973,Nausea
10003973,Hypoglycaemia
10003974,Rash
10003974,Dizziness
10003975,Pruritus
10003976,Dizziness
10003976,Headache
10003977,Dizziness
10003978,Nausea
10003978,Fatigue
10003979,Hypoglycaemia
10003979,Pruritus
10003980,Hepatotoxicity
10003980,Pruritus
10003981,Nausea
10003982,Dizziness
10003983,Pruritus
10003983,Hepatotoxicity
10003983,Nausea
10003984,Fatigue
10003985,Hepatotoxicity
10003985,Dizziness
10003986,Headache
10003987,Nausea
10003988,Rash
10003989,Hypoglycaemia
10003990,Pancreatitis
10003990,Diarrhoea
10003990,Pruritus
10003991,Nausea
10003992,Pruritus
10003993,Diarrhoea
10003994,Nausea
10003995,Nausea
10003996,Diarrhoea
10003997,Fatigue
10003997,Headache
10003998,Diarrhoea
10003999,Dizziness
10003999,Headache
10003999,Nausea
10004000,Diarrhoea
10004001,Diarrhoea
10004001,Nausea
10004001,Rash
10004002,Headache
10004002,Fatigue
10004003,Rash
10004004,Rash
10004005,Hepatotoxicity
10004006,Nausea
10004006,Headache
10004007,Headache
10004007,Nausea
10004008,Nausea
10004008,Headache
10004009,Fatigue
10004010,Rash
10004011,Rash
10004011,Nausea
10004011,Diarrhoea
10004012,Nausea
10004012,Dizziness
10004013,Headache
10004014,Nausea
10004015,Nausea
10004016,Hypoglycaemia
10004017,Diarrhoea
10004017,Pruritus
10004017,Nausea
10004018,Hypoglycaemia
10004019,Dizziness
10004019,Nausea
10004020,Rash
10004021,Hypoglycaemia
10004022,Hepatotoxicity
10004023,Rash
10004023,Pruritus
10004024,Nausea
10004024,Fatigue
10004025,Rash
10004025,Nausea
10004025,Diarrhoea
10004026,Headache
10004027,Hypoglycaemia
10004027,Fatigue
10004027,Rash
10004028,Fatigue
10004029,Nausea
10004030,Headache
10004031,Diarrhoea
10004031,Dizziness
10004031,Nausea
10004032,Pruritus
10004033,Fatigue
10004033,Dizziness
10004034,Headache
10004034,Dizziness
10004034,Nausea
10004035,Diarrhoea
10004036,Fatigue
10004037,Headache
10004038,Headache
10004038,Dizziness
10004039,Nausea
10004039,Diarrhoea
10004040,Dizziness
10004041,Headache
10004042,Headache
10004042,Diarrhoea
10004042,Fatigue
10004043,Headache
10004043,Dizziness
10004043,Pancreatitis
10004044,Dizziness
10004045,Hypoglycaemia
10004046,Headache
10004047,Rash
10004048,Nausea
10004048,Dizziness
10004049,Nausea
10004049,Rash
10004050,Headache
10004051,Headache
10004051,Diarrhoea
10004052,Fatigue
10004053,Nausea
10004054,Dizziness
10004054,Headache
10004055,Diarrhoea
10004056,Headache
10004056,Rash
10004056,Diarrhoea
10004057,Dizziness
10004058,Nausea
10004059,Fatigue
10004060,Rash
10004060,Headache
10004061,Rash
10004061,Hepatotoxicity
10004062,Fatigue
10004063,Hypoglycaemia
10004063,Dizziness
10004063,Rash
10004064,Headache
10004065,Rash
10004065,Fatigue
10004066,Fatigue
10004067,Dizziness
10004067,Hepatotoxicity
10004068,Rash
10004068,Nausea
10004069,Nausea
10004070,Headache
10004070,Pruritus
10004071,Nausea
10004072,Hepatotoxicity
10004073,Dizziness
10004073,Fatigue
10004074,Rash
10004074,Nausea
10004075,Fatigue
10004075,Rash
10004076,Dizziness
10004076,Headache
10004077,Dizziness
10004077,Diarrhoea
10004078,Nausea
10004079,Nausea
10004079,Dizziness
10004079,Fatigue
10004080,Nausea
10004081,Rash
10004081,Pruritus
10004082,Diarrhoea
10004082,Headache
10004083,Nausea
10004083,Pancreatitis
10004084,Pancreatitis
10004085,Diarrhoea
10004086,Hypoglycaemia
10004087,Dizziness
10004087,Rash
10004088,Hepatotoxicity
10004089,Pruritus
10004090,Nausea
10004091,Rash
10004092,Rash
10004093,Dizziness
10004094,Dizziness
10004094,Headache
10004095,Rash
10004095,Dizziness
10004095,Nausea
10004096,Rash
10004096,Headache
10004096,Nausea
10004097,Diarrhoea
10004098,Nausea
10004098,Rash
10004099,Pruritus
10004099,Fatigue
10004099,Dizziness
10004100,Hypoglycaemia
10004101,Headache
10004102,Fatigue
10004102,Rash
10004103,Diarrhoea
10004104,Rash
10004104,Fatigue
10004105,Headache
10004106,Hepatotoxicity
10004106,Rash
10004106,Nausea
10004107,Nausea
10004108,Fatigue
10004109,Pruritus
10004110,Nausea
10004110,Dizziness
10004111,Headache
10004112,Nausea
10004112,Diarrhoea
10004113,Hepatotoxicity
10004114,Hepatotoxicity
10004115,Nausea
10004116,Headache
10004117,Headache
10004117,Rash
10004117,Fatigue
10004118,Headache
10004119,Nausea
10004120,Dizziness
10004120,Rash
10004120,Nausea
10004121,Nausea
10004122,Headache
10004122,Dizziness
10004123,Headache
10004124,Diarrhoea
10004124,Nausea
10004125,Headache
10004125,Diarrhoea
10004126,Rash
10004126,Hepatotoxicity
10004127,Rash
10004127,Fatigue
10004127,Dizziness
10004128,Diarrhoea
10004128,Dizziness
10004128,Nausea
10004129,Fatigue
10004129,Nausea
10004129,Diarrhoea
10004130,Nausea
10004131,Rash
10004132,Nausea
10004133,Diarrhoea
10004133,Hepatotoxicity
10004134,Nausea
10004135,Diarrhoea
10004135,Fatigue
10004136,Nausea
10004137,Nausea
10004138,Dizziness
10004138,Headache
10004139,Fatigue
10004139,Hepatotoxicity
10004140,Fatigue
10004140,Rash
10004141,Headache
10004142,Hypoglycaemia
10004142,Pruritus
10004143,Rash
10004143,Hepatotoxicity
10004144,Rash
10004145,Pancreatitis
10004145,Diarrhoea
10004146,Rash
10004147,Rash
10004148,Headache
10004148,Diarrhoea
10004149,Headache
10004149,Fatigue
10004150,Fatigue
10004150,Nausea
10004151,Headache
10004152,Nausea
10004152,Rash
10004153,Dizziness
10004154,Rash
10004154,Headache
10004155,Diarrhoea
10004155,Headache
10004156,Nausea
10004157,Nausea
10004157,Diarrhoea
10004158,Nausea
10004158,Headache
10004159,Pruritus
10004160,Hypoglycaemia
10004161,Nausea
10004162,Dizziness
10004163,Hypoglycaemia
10004164,Rash
10004164,Dizziness
10004165,Fatigue
10004166,Rash
10004167,Fatigue
10004167,Diarrhoea
10004168,Headache
10004168,Rash
10004169,Fatigue
10004170,Rash
10004171,Pruritus
10004171,Dizziness
10004172,Rash
10004172,Diarrhoea
10004173,Pancreatitis
10004173,Nausea
10004174,Nausea
10004175,Fatigue
10004176,Rash
10004176,Hepatotoxicity
10004177,Hepatotoxicity
10004178,Hepatotoxicity
10004179,Diarrhoea
10004180,Nausea
10004181,Nausea
10004181,Headache
10004181,Rash
10004182,Rash
10004183,Nausea
10004183,Hypoglycaemia
10004184,Dizziness
10004185,Fatigue
10004186,Nausea
10004186,Fatigue
10004186,Headache
10004187,Rash
10004188,Dizziness
10004188,Diarrhoea
10004189,Dizziness
10004189,Diarrhoea
10004189,Nausea
10004190,Diarrhoea
10004191,Fatigue
10004192,Pancreatitis
10004193,Dizziness
10004194,Fatigue
10004195,Nausea
10004196,Headache
10004197,Fatigue
10004198,Fatigue
10004199,Nausea
10004200,Nausea
10004201,Dizziness
10004201,Nausea
10004202,Headache
10004202,Hepatotoxicity
10004203,Hepatotoxicity
10004203,Dizziness
10004203,Diarrhoea
10004204,Dizziness
10004204,Hypoglycaemia
10004205,Pruritus
10004206,Nausea
10004206,Rash
10004207,Rash
10004208,Pancreatitis
10004209,Rash
10004209,Headache
10004209,Fatigue
10004210,Rash
10004210,Diarrhoea
10004211,Headache
10004212,Headache
10004212,Nausea
10004212,Pruritus
10004213,Rash
10004213,Pancreatitis
10004213,Nausea
10004214,Headache
10004214,Hepatotoxicity
10004214,Fatigue
10004215,Nausea
10004215,Rash
10004216,Rash
10004217,Nausea
10004217,Fatigue
10004218,Diarrhoea
10004218,Rash
10004218,Pruritus
10004219,Rash
10004220,Pruritus
10004221,Headache
10004222,Dizziness
10004223,Rash
10004223,Fatigue
10004224,Fatigue
10004225,Diarrhoea
10004226,Nausea
10004226,Fatigue
10004226,Diarrhoea
10004227,Dizziness
10004228,Nausea
10004228,Fatigue
10004229,Headache
10004230,Nausea
10004230,Dizziness
10004231,Pruritus
10004232,Headache
10004232,Nausea
10004232,Diarrhoea
10004233,Diarrhoea
10004234,Hepatotoxicity
10004234,Headache
10004235,Headache
10004236,Headache
10004237,Fatigue
10004238,Pancreatitis
10004238,Fatigue
10004238,Diarrhoea
10004239,Nausea
10004240,Headache
10004241,Headache
10004242,Headache
10004242,Fatigue
10004242,Rash
10004243,Nausea
10004244,Pruritus
10004245,Nausea
10004245,Pancreatitis
10004246,Headache
10004246,Hepatotoxicity
10004247,Fatigue
10004248,Pruritus
10004248,Diarrhoea
10004249,Nausea
10004249,Fatigue
10004250,Pruritus
10004250,Hepatotoxicity
10004251,Fatigue
10004251,Rash
10004252,Pancreatitis
10004253,Nausea
10004254,Nausea
10004255,Diarrhoea
10004256,Nausea
10004256,Headache
10004257,Nausea
10004257,Headache
10004257,Dizziness
10004258,Nausea
10004259,Pancreatitis
10004260,Rash
10004260,Nausea
10004261,Dizziness
10004262,Nausea
10004262,Fatigue
10004263,Dizziness
10004263,Diarrhoea
10004263,Headache
10004264,Headache
10004265,Rash
10004266,Dizziness
10004267,Headache
10004267,Fatigue
10004267,Nausea
10004268,Dizziness
10004268,Pancreatitis
10004269,Headache
10004269,Rash
10004270,Hypoglycaemia
10004271,Diarrhoea
10004272,Rash
10004272,Nausea
10004272,Diarrhoea
10004273,Nausea
10004273,Diarrhoea
10004273,Fatigue
10004274,Headache
10004275,Headache
10004276,Headache
10004276,Diarrhoea
10004276,Rash
10004277,Rash
10004277,Hypoglycaemia
10004277,Nausea
10004278,Headache
10004279,Headache
10004280,Diarrhoea
10004280,Dizziness
10004281,Pancreatitis
10004281,Diarrhoea
10004282,Fatigue
10004282,Headache
10004283,Diarrhoea
10004283,Fatigue
10004284,Dizziness
10004284,Headache
10004285,Nausea
10004285,Hypoglycaemia
10004286,Diarrhoea
10004286,Rash
10004287,Fatigue
10004287,Headache
10004288,Pruritus
10004289,Hepatotoxicity
10004290,Fatigue
10004290,Pruritus
10004290,Nausea
10004291,Nausea
10004292,Fatigue
10004292,Diarrhoea
10004293,Nausea
10004294,Pruritus
10004295,Nausea
10004295,Hypoglycaemia
10004295,Headache
10004296,Diarrhoea
10004297,Hepatotoxicity
10004297,Diarrhoea
10004298,Headache
10004298,Nausea
10004299,Nausea
10004300,Fatigue
10004301,Hypoglycaemia
10004302,Hepatotoxicity
10004302,Hypoglycaemia
10004302,Dizziness
10004303,Pancreatitis
10004303,Hepatotoxicity
10004304,Fatigue
10004305,Dizziness
10004305,Headache
10004305,Rash
10004306,Nausea
10004306,Fatigue
10004307,Pruritus
10004308,Headache
10004308,Nausea
10004308,Dizziness
10004309,Pruritus
10004310,Hepatotoxicity
10004310,Pruritus
10004311,Diarrhoea
10004311,Headache
10004311,Rash
10004312,Diarrhoea
10004312,Nausea
10004312,Rash
10004313,Nausea
10004313,Hypoglycaemia
10004313,Fatigue
10004314,Nausea
10004314,Diarrhoea
10004315,Pruritus
10004315,Rash
10004315,Nausea
10004316,Dizziness
10004316,Nausea
10004317,Pruritus
10004318,Dizziness
10004319,Fatigue
10004319,Dizziness
10004320,Pancreatitis
10004321,Dizziness
10004321,Fatigue
10004321,Pruritus
10004322,Nausea
10004323,Diarrhoea
10004324,Hepatotoxicity
10004325,Fatigue
10004326,Nausea
10004327,Headache
10004327,Nausea
10004328,Dizziness
10004328,Pruritus
10004328,Fatigue
10004329,Nausea
10004330,Nausea
10004330,Headache
10004331,Headache
10004332,Rash
10004332,Diarrhoea
10004333,Fatigue
10004333,Diarrhoea
10004334,Diarrhoea
10004335,Dizziness
10004335,Fatigue
10004336,Diarrhoea
10004336,Rash
10004337,Nausea
10004338,Headache
10004339,Diarrhoea
10004339,Nausea
10004340,Fatigue
10004341,Headache
10004341,Hypoglycaemia
10004341,Nausea
10004342,Diarrhoea
10004343,Diarrhoea
10004343,Headache
10004344,Pruritus
10004345,Hepatotoxicity
10004346,Headache
10004347,Nausea
10004347,Dizziness
10004347,Rash
10004348,Nausea
10004349,Pancreatitis
10004349,Nausea
10004350,Fatigue
10004350,Nausea
10004351,Hepatotoxicity
10004351,Dizziness
10004352,Dizziness
10004352,Headache
10004353,Dizziness
10004354,Nausea
10004355,Diarrhoea
10004356,Dizziness
10004356,Diarrhoea
10004357,Rash
10004357,Diarrhoea
10004357,Fatigue
10004358,Pruritus
10004358,Hypoglycaemia
10004359,Rash
10004360,Diarrhoea
10004361,Rash
10004361,Hypoglycaemia
10004362,Fatigue
10004362,Rash
10004362,Nausea
10004363,Headache
10004364,Rash
10004365,Nausea
10004365,Rash
10004366,Headache
10004366,Fatigue
10004366,Pruritus
10004367,Headache
10004368,Headache
10004368,Nausea
10004369,Nausea
10004370,Nausea
10004370,Diarrhoea
10004371,Diarrhoea
10004372,Nausea
10004373,Headache
10004374,Rash
10004374,Nausea
10004375,Fatigue
10004376,Fatigue
10004377,Fatigue
10004378,Diarrhoea
10004378,Hepatotoxicity
10004378,Rash
10004379,Nausea
10004380,Fatigue
10004380,Dizziness
10004381,Nausea
10004382,Headache
10004382,Fatigue
10004383,Headache
10004384,Diarrhoea
10004385,Hypoglycaemia
10004386,Nausea
10004387,Dizziness
10004388,Diarrhoea
10004389,Diarrhoea
10004390,Nausea
10004391,Rash
10004391,Fatigue
10004392,Dizziness
10004393,Nausea
10004393,Diarrhoea
10004393,Hypoglycaemia
10004394,Diarrhoea
10004394,Rash
10004395,Rash
10004395,Fatigue
10004395,Diarrhoea
10004396,Headache
10004396,Pruritus
10004396,Dizziness
10004397,Diarrhoea
10004397,Pancreatitis
10004398,Nausea
10004398,Dizziness
10004398,Headache
10004399,Headache
10004400,Headache
10004401,Hepatotoxicity
10004402,Nausea
10004403,Headache
10004404,Rash
10004405,Dizziness
10004405,Fatigue
10004405,Diarrhoea
10004406,Nausea
10004407,Headache
10004408,Pancreatitis
10004408,Diarrhoea
10004408,Nausea
10004409,Rash
10004410,Hypoglycaemia
10004410,Nausea
10004411,Pancreatitis
10004411,Headache
10004412,Nausea
10004413,Headache
10004414,Nausea
10004414,Fatigue
10004415,Headache
10004415,Diarrhoea
10004415,Dizziness
10004416,Nausea
10004416,Headache
10004417,Nausea
10004418,Nausea
10004418,Headache
10004418,Fatigue
10004419,Dizziness
10004420,Fatigue
10004421,Hypoglycaemia
10004421,Dizziness
10004421,Nausea
10004422,Fatigue
10004423,Diarrhoea
10004423,Pancreatitis
10004424,Nausea
10004424,Hepatotoxicity
10004425,Pancreatitis
10004426,Diarrhoea
10004427,Rash
10004427,Fatigue
10004428,Fatigue
10004428,Diarrhoea
10004428,Nausea
10004429,Dizziness
10004429,Headache
10004429,Pruritus
10004430,Nausea
10004430,Headache
10004431,Headache
10004431,Diarrhoea
10004432,Nausea
10004432,Hepatotoxicity
10004433,Rash
10004433,Nausea
10004434,Fatigue
10004434,Headache
10004434,Nausea
10004435,Pruritus
10004435,Fatigue
10004436,Nausea
10004437,Diarrhoea
10004437,Headache
10004438,Hypoglycaemia
10004439,Hypoglycaemia
10004439,Rash
10004439,Headache
10004440,Headache
10004440,Nausea
10004441,Fatigue
10004441,Rash
10004442,Nausea
10004443,Dizziness
10004443,Hepatotoxicity
10004444,Diarrhoea
10004444,Rash
10004445,Nausea
10004446,Hypoglycaemia
10004446,Nausea
10004447,Nausea
10004448,Diarrhoea
10004448,Rash
10004449,Pruritus
10004450,Fatigue
10004451,Fatigue
10004451,Hepatotoxicity
10004452,Rash
10004452,Nausea
10004453,Headache
10004453,Nausea
10004454,Nausea
10004454,Pruritus
10004455,Rash
10004455,Pancreatitis
10004455,Headache
10004456,Rash
10004456,Nausea
10004457,Nausea
10004457,Pruritus
10004458,Pancreatitis
10004458,Diarrhoea
10004459,Rash
10004459,Fatigue
10004460,Fatigue
10004461,Headache
10004462,Hypoglycaemia
10004463,Nausea
10004464,Hypoglycaemia
10004465,Dizziness
10004466,Fatigue
10004467,Fatigue
10004468,Nausea
10004468,Headache
10004468,Rash
10004469,Headache
10004469,Nausea
10004470,Nausea
10004471,Nausea
10004472,Pancreatitis
10004472,Hypoglycaemia
10004473,Fatigue
10004473,Nausea
10004473,Dizziness
10004474,Rash
10004474,Nausea
10004475,Pancreatitis
10004476,Fatigue
10004476,Diarrhoea
10004477,Pancreatitis
10004478,Hepatotoxicity
10004479,Rash
10004480,Rash
10004481,Dizziness
10004481,Fatigue
10004482,Diarrhoea
10004482,Fatigue
10004483,Nausea
10004484,Nausea
10004485,Dizziness
10004485,Fatigue
10004485,Hepatotoxicity
10004486,Headache
10004486,Pruritus
10004487,Diarrhoea
10004488,Pancreatitis
10004488,Diarrhoea
10004488,Headache
10004489,Headache
10004489,Rash
10004489,Fatigue
10004490,Dizziness
10004490,Headache
10004490,Hypoglycaemia
10004491,Headache
10004491,Dizziness
10004492,Rash
10004493,Fatigue
10004493,Diarrhoea
10004494,Hypoglycaemia
10004494,Diarrhoea
10004495,Nausea
10004495,Diarrhoea
10004495,Dizziness
10004496,Rash
10004497,Nausea
10004498,Dizziness
10004498,Hypoglycaemia
10004498,Headache
10004499,Dizziness
10004500,Headache
10004500,Nausea
10004501,Headache
10004501,Diarrhoea
10004501,Fatigue
10004502,Pruritus
10004502,Fatigue
10004502,Dizziness
10004503,Fatigue
10004504,Nausea
10004505,Dizziness
10004506,Rash
10004506,Headache
10004506,Fatigue
10004507,Diarrhoea
10004508,Rash
10004508,Dizziness
10004508,Hypoglycaemia
10004509,Rash
10004510,Diarrhoea
10004510,Fatigue
10004510,Headache
10004511,Rash
10004511,Hypoglycaemia
10004511,Nausea
10004512,Nausea
10004513,Pancreatitis
10004514,Hepatotoxicity
10004514,Fatigue
10004515,Rash
10004516,Rash
10004517,Pruritus
10004518,Nausea
10004518,Pruritus
10004518,Headache
10004519,Rash
10004519,Hepatotoxicity
10004520,Rash
10004520,Nausea
10004521,Fatigue
10004522,Dizziness
10004523,Pancreatitis
10004523,Nausea
10004524,Dizziness
10004525,Nausea
10004525,Rash
10004525,Diarrhoea
10004526,Diarrhoea
10004527,Nausea
10004528,Pruritus
10004528,Hepatotoxicity
10004528,Rash
10004529,Dizziness
10004530,Rash
10004530,Hepatotoxicity
10004530,Nausea
10004531,Nausea
10004531,Rash
10004532,Diarrhoea
10004532,Headache
10004533,Headache
10004533,Nausea
10004533,Diarrhoea
10004534,Fatigue
10004535,Hepatotoxicity
10004535,Dizziness
10004536,Diarrhoea
10004537,Nausea
10004537,Hypoglycaemia
10004538,Dizziness
10004539,Dizziness
10004539,Nausea
10004539,Diarrhoea
10004540,Rash
10004540,Fatigue
10004540,Headache
10004541,Nausea
10004541,Diarrhoea
10004542,Nausea
10004542,Fatigue
10004543,Diarrhoea
10004544,Fatigue
10004545,Fatigue
10004545,Nausea
10004546,Pancreatitis
10004547,Rash
10004547,Dizziness
10004548,Headache
10004548,Fatigue
10004549,Diarrhoea
10004550,Diarrhoea
10004550,Headache
10004551,Hepatotoxicity
10004552,Headache
10004552,Diarrhoea
10004553,Dizziness
10004553,Fatigue
10004553,Nausea
10004554,Headache
10004554,Pruritus
10004555,Rash
10004556,Nausea
10004557,Rash
10004557,Hypoglycaemia
10004557,Pruritus
10004558,Dizziness
10004559,Hepatotoxicity
10004559,Headache
10004560,Dizziness
10004561,Dizziness
10004561,Rash
10004562,Hypoglycaemia
10004562,Fatigue
10004563,Dizziness
10004564,Pancreatitis
10004564,Fatigue
10004564,Rash
10004565,Diarrhoea
10004566,Nausea
10004567,Dizziness
10004567,Nausea
10004568,Hypoglycaemia
10004568,Diarrhoea
10004569,Headache
10004569,Hypoglycaemia
10004569,Hepatotoxicity
10004570,Diarrhoea
10004570,Fatigue
10004571,Headache
10004571,Rash
10004572,Rash
10004573,Dizziness
10004573,Headache
10004574,Nausea
10004574,Hepatotoxicity
10004575,Diarrhoea
10004575,Dizziness
10004576,Rash
10004577,Hypoglycaemia
10004577,Diarrhoea
10004577,Fatigue
10004578,Hypoglycaemia
10004578,Headache
10004579,Headache
10004579,Nausea
10004580,Nausea
10004580,Fatigue
10004580,Hypoglycaemia
10004581,Nausea
10004582,Dizziness
10004582,Fatigue
10004582,Rash
10004583,Nausea
10004584,Diarrhoea
10004585,Rash
10004586,Pruritus
10004586,Rash
10004586,Nausea
10004587,Dizziness
10004588,Diarrhoea
10004589,Nausea
10004590,Rash
10004591,Nausea
10004592,Headache
10004593,Nausea
10004594,Fatigue
10004594,Pancreatitis
10004595,Hypoglycaemia
10004596,Rash
10004596,Headache
10004596,Hypoglycaemia
10004597,Nausea
10004597,Hypoglycaemia
10004597,Hepatotoxicity
10004598,Hepatotoxicity
10004598,Fatigue
10004598,Diarrhoea
10004599,Nausea
10004600,Fatigue
10004600,Headache
10004601,Nausea
10004601,Headache
10004602,Headache
10004602,Fatigue
10004603,Headache
10004603,Diarrhoea
10004604,Nausea
10004604,Rash
10004605,Headache
10004606,Pruritus
10004606,Hepatotoxicity
10004607,Nausea
10004607,Dizziness
10004608,Headache
10004609,Diarrhoea
10004609,Headache
10004610,Headache
10004610,Fatigue
10004610,Nausea
10004611,Pancreatitis
10004612,Nausea
10004613,Pancreatitis
10004614,Hypoglycaemia
10004614,Dizziness
10004615,Diarrhoea
10004615,Headache
10004616,Fatigue
10004617,Rash
10004618,Headache
10004619,Fatigue
10004619,Diarrhoea
10004620,Rash
10004621,Nausea
10004621,Diarrhoea
10004622,Dizziness
10004623,Dizziness
10004623,Diarrhoea
10004623,Rash
10004624,Hypoglycaemia
10004625,Rash
10004626,Diarrhoea
10004627,Headache
10004628,Rash
10004628,Diarrhoea
10004628,Fatigue
10004629,Hypoglycaemia
10004629,Nausea
10004629,Pruritus
10004630,Diarrhoea
10004630,Dizziness
10004631,Fatigue
10004631,Headache
10004631,Nausea
10004632,Nausea
10004633,Hepatotoxicity
10004634,Rash
10004634,Nausea
10004634,Headache
10004635,Nausea
10004636,Nausea
10004636,Rash
10004637,Rash
10004638,Nausea
10004639,Dizziness
10004640,Fatigue
10004640,Rash
10004640,Pancreatitis
10004641,Dizziness
10004641,Rash
10004641,Hypoglycaemia
10004642,Nausea
10004643,Dizziness
10004644,Headache
10004645,Diarrhoea
10004646,Nausea
10004647,Hypoglycaemia
10004647,Fatigue
10004648,Hypoglycaemia
10004649,Diarrhoea
10004649,Nausea
10004649,Headache
10004650,Rash
10004650,Hypoglycaemia
10004650,Diarrhoea
10004651,Rash
10004652,Headache
10004652,Hepatotoxicity
10004653,Fatigue
10004654,Diarrhoea
10004654,Pruritus
10004654,Hypoglycaemia
10004655,Nausea
10004656,Headache
10004656,Hepatotoxicity
10004656,Dizziness
10004657,Nausea
10004658,Diarrhoea
10004659,Dizziness
10004659,Pancreatitis
10004660,Nausea
10004660,Dizziness
10004661,Dizziness
10004661,Nausea
10004662,Hepatotoxicity
10004662,Nausea
10004662,Headache
10004663,Nausea
10004664,Hepatotoxicity
10004665,Pancreatitis
10004665,Pruritus
10004666,Pancreatitis
10004667,Pruritus
10004668,Headache
10004668,Nausea
10004669,Nausea
10004670,Fatigue
10004670,Diarrhoea
10004671,Pruritus
10004671,Nausea
10004672,Nausea
10004672,Headache
10004672,Pancreatitis
10004673,Fatigue
10004673,Diarrhoea
10004674,Headache
10004675,Headache
10004675,Hepatotoxicity
10004676,Nausea
10004677,Diarrhoea
10004678,Nausea
10004678,Dizziness
10004679,Nausea
10004680,Hepatotoxicity
10004681,Headache
10004681,Rash
10004681,Nausea
10004682,Diarrhoea
10004683,Hepatotoxicity
10004683,Fatigue
10004684,Headache
10004684,Fatigue
10004684,Diarrhoea
10004685,Pruritus
10004685,Rash
10004686,Headache
10004687,Rash
10004687,Pancreatitis
10004688,Pruritus
10004688,Dizziness
10004689,Fatigue
10004690,Hepatotoxicity
10004690,Dizziness
10004691,Fatigue
10004691,Rash
10004692,Rash
10004692,Nausea
10004692,Diarrhoea
10004693,Headache
10004693,Rash
10004693,Hypoglycaemia
10004694,Nausea
10004695,Fatigue
10004696,Nausea
10004696,Pruritus
10004697,Rash
10004698,Hepatotoxicity
10004698,Nausea
10004699,Dizziness
10004700,Nausea
10004700,Hepatotoxicity
10004701,Diarrhoea
10004701,Nausea
10004702,Nausea
10004703,Diarrhoea
10004703,Dizziness
10004703,Hypoglycaemia
10004704,Rash
10004705,Headache
10004705,Rash
10004705,Fatigue
10004706,Dizziness
10004707,Nausea
10004707,Diarrhoea
10004707,Rash
10004708,Nausea
10004708,Dizziness
10004708,Pruritus
10004709,Hypoglycaemia
10004710,Dizziness
10004711,Nausea
10004712,Headache
10004712,Dizziness
10004713,Nausea
10004713,Rash
10004714,Headache
10004714,Dizziness
10004715,Nausea
10004715,Headache
10004716,Nausea
10004717,Dizziness
10004717,Pruritus
10004718,Dizziness
10004719,Rash
10004719,Hepatotoxicity
10004719,Dizziness
10004720,Nausea
10004720,Headache
10004720,Diarrhoea
10004721,Dizziness
10004721,Pruritus
10004722,Hypoglycaemia
10004723,Nausea
10004724,Diarrhoea
10004724,Rash
10004724,Pancreatitis
10004725,Nausea
10004726,Dizziness
10004726,Fatigue
10004726,Rash
10004727,Nausea
10004727,Hypoglycaemia
10004727,Hepatotoxicity
10004728,Pancreatitis
10004729,Fatigue
10004729,Nausea
10004730,Hepatotoxicity
10004731,Hepatotoxicity
10004731,Pruritus
10004732,Nausea
10004733,Dizziness
10004734,Hypoglycaemia
10004735,Hepatotoxicity
10004736,Rash
10004736,Diarrhoea
10004737,Nausea
10004737,Hepatotoxicity
10004737,Pancreatitis
10004738,Dizziness
10004738,Headache
10004739,Headache
10004740,Dizziness
10004741,Rash
10004742,Headache
10004742,Fatigue
10004743,Dizziness
10004743,Rash
10004744,Hepatotoxicity
10004744,Rash
10004745,Rash
10004745,Fatigue
10004746,Diarrhoea
10004747,Rash
10004748,Headache
10004748,Rash
10004749,Dizziness
10004750,Pancreatitis
10004751,Headache
10004752,Headache
10004753,Diarrhoea
10004754,Nausea
10004754,Hepatotoxicity
10004754,Headache
10004755,Rash
10004755,Dizziness
10004755,Headache
10004756,Rash
10004756,Pruritus
10004757,Rash
10004758,Rash
10004758,Nausea
10004759,Dizziness
10004759,Hypoglycaemia
10004760,Nausea
10004761,Hepatotoxicity
10004761,Diarrhoea
10004761,Nausea
10004762,Headache
10004763,Hypoglycaemia
10004763,Dizziness
10004764,Rash
10004764,Dizziness
10004765,Hepatotoxicity
10004766,Rash
10004767,Dizziness
10004767,Headache
10004768,Headache
10004768,Hepatotoxicity
10004768,Hypoglycaemia
10004769,Fatigue
10004770,Dizziness
10004771,Fatigue
10004772,Nausea
10004772,Fatigue
10004772,Rash
10004773,Nausea
10004773,Fatigue
10004774,Nausea
10004774,Pancreatitis
10004775,Nausea
10004775,Hypoglycaemia
10004775,Dizziness
10004776,Fatigue
10004777,Fatigue
10004777,Diarrhoea
10004778,Fatigue
10004778,Hepatotoxicity
10004779,Fatigue
10004780,Rash
10004781,Fatigue
10004782,Hypoglycaemia
10004783,Fatigue
10004783,Nausea
10004783,Dizziness
10004784,Rash
10004785,Dizziness
10004785,Hepatotoxicity
10004786,Headache
10004786,Fatigue
10004787,Pancreatitis
10004787,Rash
10004787,Dizziness
10004788,Fatigue
10004789,Fatigue
10004790,Headache
10004791,Dizziness
10004791,Fatigue
10004792,Rash
10004792,Diarrhoea
10004793,Fatigue
10004793,Rash
10004793,Nausea
10004794,Nausea
10004794,Headache
10004795,Rash
10004795,Diarrhoea
10004796,Nausea
10004796,Rash
10004796,Headache
10004797,Nausea
10004798,Headache
10004799,Rash
10004800,Diarrhoea
10004801,Nausea
10004801,Diarrhoea
10004802,Rash
10004803,Dizziness
10004803,Nausea
10004804,Pancreatitis
10004804,Fatigue
10004805,Rash
10004806,Nausea
10004807,Nausea
10004808,Diarrhoea
10004808,Headache
10004808,Dizziness
10004809,Nausea
10004810,Headache
10004811,Headache
10004812,Diarrhoea
10004812,Dizziness
10004812,Rash
10004813,Dizziness
10004814,Dizziness
10004814,Nausea
10004814,Fatigue
10004815,Pruritus
10004815,Fatigue
10004815,Diarrhoea
10004816,Fatigue
10004817,Diarrhoea
10004818,Rash
10004818,Dizziness
10004818,Headache
10004819,Fatigue
10004819,Headache
10004820,Hypoglycaemia
10004820,Nausea
10004821,Rash
10004821,Diarrhoea
10004822,Nausea
10004822,Diarrhoea
10004823,Dizziness
10004823,Nausea
10004823,Headache
10004824,Dizziness
10004825,Rash
10004826,Nausea
10004826,Rash
10004826,Headache
10004827,Dizziness
10004827,Nausea
10004827,Rash
10004828,Rash
10004829,Dizziness
10004830,Diarrhoea
10004830,Fatigue
10004831,Diarrhoea
10004831,Nausea
10004831,Headache
10004832,Nausea
10004832,Headache
10004833,Nausea
10004833,Dizziness
10004833,Rash
10004834,Headache
10004834,Hypoglycaemia
10004835,Fatigue
10004835,Rash
10004836,Diarrhoea
10004837,Pruritus
10004837,Fatigue
10004837,Rash
10004838,Nausea
10004839,Headache
10004839,Rash
10004840,Headache
10004840,Pruritus
10004840,Rash
10004841,Pancreatitis
10004842,Hypoglycaemia
10004843,Headache
10004844,Pruritus
10004845,Diarrhoea
10004845,Dizziness
10004845,Rash
10004846,Headache
10004847,Hepatotoxicity
10004847,Headache
10004848,Diarrhoea
10004849,Fatigue
10004849,Nausea
10004849,Diarrhoea
10004850,Dizziness
10004850,Diarrhoea
10004851,Hepatotoxicity
10004851,Pruritus
10004851,Fatigue
10004852,Nausea
10004852,Dizziness
10004853,Diarrhoea
10004854,Diarrhoea
10004855,Nausea
10004856,Diarrhoea
10004856,Nausea
10004857,Diarrhoea
10004858,Nausea
10004858,Rash
10004858,Headache
10004859,Headache
10004860,Headache
10004860,Dizziness
10004860,Hypoglycaemia
10004861,Rash
10004861,Nausea
10004861,Dizziness
10004862,Headache
10004863,Nausea
10004863,Headache
10004863,Dizziness
10004864,Rash
10004864,Nausea
10004864,Fatigue
10004865,Dizziness
10004866,Dizziness
10004866,Hypoglycaemia
10004866,Diarrhoea
10004867,Diarrhoea
10004868,Pruritus
10004869,Fatigue
10004870,Hypoglycaemia
10004871,Rash
10004872,Rash
10004872,Fatigue
10004872,Hypoglycaemia
10004873,Pruritus
10004874,Dizziness
10004875,Hepatotoxicity
10004876,Diarrhoea
10004876,Nausea
10004877,Headache
10004878,Rash
10004879,Dizziness
10004880,Hepatotoxicity
10004880,Headache
10004881,Fatigue
10004882,Hypoglycaemia
10004882,Pruritus
10004883,Rash
10004884,Nausea
10004884,Rash
10004884,Fatigue
10004885,Diarrhoea
10004886,Rash
10004886,Dizziness
10004886,Pruritus
10004887,Diarrhoea
10004887,Rash
10004887,Hepatotoxicity
10004888,Pruritus
10004888,Hypoglycaemia
10004889,Diarrhoea
10004890,Nausea
10004891,Nausea
10004892,Rash
10004893,Nausea
10004894,Nausea
10004895,Dizziness
10004896,Fatigue
10004896,Pruritus
10004897,Diarrhoea
10004897,Nausea
10004898,Dizziness
10004899,Headache
10004900,Headache
10004900,Diarrhoea
10004901,Nausea
10004902,Nausea
10004903,Rash
10004904,Pruritus
10004905,Diarrhoea
10004906,Hepatotoxicity
10004907,Rash
10004908,Diarrhoea
10004908,Nausea
10004909,Dizziness
10004910,Diarrhoea
10004911,Dizziness
10004912,Headache
10004912,Nausea
10004913,Pancreatitis
10004913,Nausea
10004914,Pancreatitis
10004915,Hepatotoxicity
10004915,Dizziness
10004916,Pruritus
10004916,Hepatotoxicity
10004917,Nausea
10004918,Hypoglycaemia
10004918,Headache
10004919,Diarrhoea
10004919,Nausea
10004920,Pancreatitis
10004921,Headache
10004922,Diarrhoea
10004922,Pruritus
10004923,Rash
10004924,Rash
10004925,Pruritus
10004926,Pruritus
10004927,Diarrhoea
10004927,Headache
10004927,Dizziness
10004928,Nausea
10004929,Hepatotoxicity
10004929,Nausea
10004930,Headache
10004931,Diarrhoea
10004931,Fatigue
10004931,Rash
10004932,Pruritus
10004933,Dizziness
10004933,Rash
10004934,Headache
10004935,Rash
10004935,Diarrhoea
10004936,Nausea
10004936,Pruritus
10004937,Pruritus
10004937,Fatigue
10004938,Nausea
10004938,Diarrhoea
10004939,Rash
10004939,Dizziness
10004939,Pruritus
10004940,Nausea
10004940,Fatigue
10004940,Dizziness
10004941,Dizziness
10004942,Pruritus
10004943,Rash
10004944,Diarrhoea
10004945,Hypoglycaemia
10004945,Fatigue
10004945,Dizziness
10004946,Headache
10004947,Nausea
10004947,Dizziness
10004947,Hepatotoxicity
10004948,Headache
10004948,Nausea
10004948,Diarrhoea
10004949,Nausea
10004949,Pruritus
10004950,Headache
10004951,Fatigue
10004952,Nausea
10004953,Diarrhoea
10004954,Nausea
10004954,Dizziness
10004954,Fatigue
10004955,Rash
10004955,Fatigue
10004955,Pancreatitis
10004956,Rash
10004957,Dizziness
10004957,Fatigue
10004957,Nausea
10004958,Nausea
10004959,Rash
10004960,Nausea
10004961,Rash
10004962,Hypoglycaemia
10004962,Nausea
10004962,Rash
10004963,Rash
10004963,Nausea
10004964,Dizziness
10004964,Headache
10004965,Headache
10004965,Dizziness
10004966,Rash
10004966,Nausea
10004967,Dizziness
10004968,Headache
10004969,Fatigue
10004970,Hypoglycaemia
10004970,Dizziness
10004970,Rash
10004971,Hepatotoxicity
10004971,Headache
10004972,Nausea
10004972,Rash
10004973,Dizziness
10004974,Fatigue
10004974,Nausea
10004975,Nausea
10004975,Headache
10004975,Fatigue
10004976,Diarrhoea
10004976,Dizziness
10004977,Rash
10004977,Dizziness
10004978,Nausea
10004979,Hypoglycaemia
10004980,Rash
10004980,Diarrhoea
10004980,Headache
10004981,Hepatotoxicity
10004982,Diarrhoea
10004983,Rash
10004984,Headache
10004985,Nausea
10004985,Fatigue
10004985,Rash
10004986,Nausea
10004986,Headache
10004987,Diarrhoea
10004988,Rash
10004989,Dizziness
10004990,Diarrhoea
10004991,Nausea
10004992,Hepatotoxicity
10004993,Nausea
10004993,Diarrhoea
10004994,Nausea
10004994,Headache
10004994,Diarrhoea
10004995,Headache
10004996,Rash
10004997,Nausea
10004997,Rash
10004998,Dizziness
10004999,Fatigue
10004999,Headache
10005000,Fatigue
10005001,Dizziness
10005001,Pruritus
10005001,Rash
10005002,Hepatotoxicity
10005002,Diarrhoea
10005002,Nausea
10005003,Rash
10005003,Fatigue
10005004,Fatigue
10005005,Pruritus
10005006,Nausea
10005007,Fatigue
10005008,Pancreatitis
10005008,Nausea
10005009,Nausea
10005009,Dizziness
10005009,Pruritus
10005010,Nausea
10005010,Pancreatitis
10005011,Diarrhoea
10005012,Nausea
10005012,Hypoglycaemia
10005013,Dizziness
10005013,Hepatotoxicity
10005014,Nausea
10005014,Rash
10005014,Diarrhoea
10005015,Hepatotoxicity
10005016,Rash
10005016,Pancreatitis
10005016,Headache
10005017,Nausea
10005018,Dizziness
10005019,Nausea
10005020,Rash
10005020,Dizziness
10005021,Headache
10005022,Headache
10005022,Nausea
10005022,Hypoglycaemia
10005023,Fatigue
10005023,Nausea
10005024,Hepatotoxicity
10005024,Nausea
10005024,Diarrhoea
10005025,Dizziness
10005025,Diarrhoea
10005025,Nausea
10005026,Rash
10005026,Nausea
10005027,Headache
10005027,Dizziness
10005028,Hypoglycaemia
10005029,Nausea
10005029,Rash
10005029,Diarrhoea
10005030,Nausea
10005030,Hypoglycaemia
10005031,Pruritus
10005031,Dizziness
10005032,Headache
10005032,Nausea
10005033,Rash
10005034,Nausea
10005035,Pruritus
10005035,Rash
10005035,Nausea
10005036,Nausea
10005037,Hypoglycaemia
10005038,Diarrhoea
10005039,Pruritus
10005039,Fatigue
10005039,Headache
10005040,Nausea
10005040,Rash
10005040,Fatigue
10005041,Dizziness
10005042,Rash
10005042,Dizziness
10005043,Headache
10005043,Pruritus
10005044,Headache
10005044,Rash
10005044,Hepatotoxicity
10005045,Dizziness
10005046,Nausea
10005047,Headache
10005047,Diarrhoea
10005048,Pruritus
10005049,Nausea
10005050,Diarrhoea
10005051,Hepatotoxicity
10005051,Fatigue
10005052,Dizziness
10005053,Nausea
10005053,Dizziness
10005054,Dizziness
10005055,Pancreatitis
10005056,Dizziness
10005057,Rash
10005058,Hepatotoxicity
10005058,Nausea
10005059,Rash
10005059,Nausea
10005059,Diarrhoea
10005060,Dizziness
10005060,Pruritus
10005061,Fatigue
10005061,Pruritus
10005062,Hepatotoxicity
10005063,Headache
10005064,Rash
10005065,Nausea
10005065,Headache
10005066,Dizziness
10005067,Hypoglycaemia
10005068,Fatigue
10005069,Headache
10005070,Fatigue
10005071,Fatigue
10005071,Dizziness
10005072,Diarrhoea
10005072,Nausea
10005073,Nausea
10005073,Diarrhoea
10005074,Dizziness
10005075,Fatigue
10005075,Headache
10005076,Dizziness
10005077,Nausea
10005078,Hepatotoxicity
10005079,Rash
10005080,Nausea
10005080,Pancreatitis
10005081,Rash
10005082,Nausea
10005083,Pruritus
10005083,Fatigue
10005084,Headache
10005085,Pancreatitis
10005085,Nausea
10005086,Dizziness
10005086,Nausea
10005087,Pancreatitis
10005088,Dizziness
10005089,Fatigue
10005090,Rash
10005090,Fatigue
10005091,Fatigue
10005092,Dizziness
10005092,Fatigue
10005093,Rash
10005093,Nausea
10005094,Hepatotoxicity
10005094,Nausea
10005095,Headache
10005096,Dizziness
10005096,Rash
10005097,Nausea
10005098,Diarrhoea
10005099,Diarrhoea
10005100,Headache
10005100,Nausea
10005101,Pancreatitis
10005102,Fatigue
10005102,Rash
10005102,Hepatotoxicity
10005103,Headache
10005104,Headache
10005104,Nausea
10005105,Nausea
10005106,Headache
10005107,Dizziness
10005108,Nausea
10005109,Nausea
10005110,Headache
10005111,Pancreatitis
10005112,Diarrhoea
10005113,Fatigue
10005114,Headache
10005115,Nausea
10005115,Fatigue
10005116,Dizziness
10005116,Fatigue
10005117,Dizziness
10005117,Diarrhoea
10005118,Headache
10005118,Rash
10005119,Diarrhoea
10005120,Diarrhoea
10005120,Nausea
10005121,Pancreatitis
10005122,Nausea
10005122,Headache
10005122,Dizziness
10005123,Nausea
10005124,Hypoglycaemia
10005125,Headache
10005126,Headache
10005126,Dizziness
10005126,Hepatotoxicity
10005127,Headache
10005127,Rash
10005128,Nausea
10005129,Rash
10005130,Rash
10005130,Diarrhoea
10005131,Pancreatitis
10005132,Fatigue
10005132,Rash
10005133,Headache
10005133,Hepatotoxicity
10005134,Headache
10005134,Hepatotoxicity
10005135,Rash
10005136,Headache
10005137,Dizziness
10005138,Fatigue
10005139,Dizziness
10005139,Pancreatitis
10005140,Nausea
10005141,Nausea
10005141,Diarrhoea
10005142,Hepatotoxicity
10005142,Dizziness
10005143,Nausea
10005143,Rash
10005144,Hypoglycaemia
10005145,Nausea
10005145,Fatigue
10005145,Pruritus
10005146,Nausea
10005146,Headache
10005147,Dizziness
10005148,Headache
10005149,Rash
10005149,Nausea
10005149,Dizziness
10005150,Nausea
10005150,Rash
10005151,Pruritus
10005152,Fatigue
10005152,Dizziness
10005152,Rash
10005153,Hypoglycaemia
10005153,Nausea
10005154,Fatigue
10005154,Nausea
10005155,Fatigue
10005156,Pruritus
10005157,Dizziness
10005158,Fatigue
10005159,Nausea
10005159,Diarrhoea
10005160,Dizziness
10005161,Dizziness
10005162,Fatigue
10005162,Diarrhoea
10005163,Fatigue
10005164,Diarrhoea
10005164,Nausea
10005165,Hepatotoxicity
10005165,Dizziness
10005165,Fatigue
10005166,Nausea
10005167,Headache
10005167,Dizziness
10005167,Nausea
10005168,Diarrhoea
10005168,Headache
10005169,Pruritus
10005170,Nausea
10005170,Rash
10005171,Headache
10005172,Headache
10005173,Nausea
10005174,Nausea
10005174,Rash
10005175,Hepatotoxicity
10005175,Pruritus
10005176,Pruritus
10005176,Hepatotoxicity
10005176,Dizziness
10005177,Pruritus
10005178,Diarrhoea
10005179,Hepatotoxicity
10005180,Rash
10005180,Diarrhoea
10005181,Fatigue
10005182,Rash
10005182,Hypoglycaemia
10005183,Diarrhoea
10005184,Fatigue
10005185,Rash
10005186,Diarrhoea
10005186,Headache
10005187,Headache
10005187,Diarrhoea
10005187,Pruritus
10005188,Fatigue
10005188,Rash
10005188,Pancreatitis
10005189,Nausea
10005190,Diarrhoea
10005190,Dizziness
10005190,Pruritus
10005191,Fatigue
10005192,Nausea
10005193,Dizziness
10005194,Fatigue
10005195,Fatigue
10005195,Hypoglycaemia
10005195,Nausea
10005196,Diarrhoea
10005197,Rash
10005198,Dizziness
10005198,Nausea
10005198,Diarrhoea
10005199,Hepatotoxicity
10005200,Headache
10005201,Dizziness
10005202,Diarrhoea
10005202,Rash
10005203,Nausea
10005204,Headache
10005204,Dizziness
10005205,Dizziness
10005206,Nausea
10005206,Headache
10005207,Headache
10005208,Pruritus
10005208,Headache
10005209,Headache
10005210,Nausea
10005211,Nausea
10005212,Pruritus
10005213,Pruritus
10005214,Rash
10005215,Dizziness
10005216,Fatigue
10005217,Headache
10005218,Fatigue
10005219,Hypoglycaemia
10005219,Diarrhoea
10005220,Dizziness
10005220,Hypoglycaemia
10005221,Dizziness
10005221,Diarrhoea
10005222,Headache
10005222,Fatigue
10005223,Headache
10005224,Fatigue
10005225,Fatigue
10005226,Fatigue
10005227,Diarrhoea
10005228,Fatigue
10005229,Dizziness
10005229,Pancreatitis
10005230,Dizziness
10005230,Headache
10005231,Headache
10005232,Fatigue
10005232,Rash
10005233,Nausea
10005233,Fatigue
10005234,Pruritus
10005235,Dizziness
10005236,Nausea
10005237,Fatigue
10005237,Diarrhoea
10005237,Pruritus
10005238,Pancreatitis
10005238,Fatigue
10005238,Dizziness
10005239,Headache
10005239,Fatigue
10005240,Nausea
10005240,Headache
10005240,Diarrhoea
10005241,Diarrhoea
10005242,Diarrhoea
10005243,Nausea
10005244,Headache
10005244,Nausea
10005245,Fatigue
10005246,Nausea
10005246,Diarrhoea
10005247,Headache
10005248,Pancreatitis
10005249,Headache
10005249,Dizziness
10005250,Hepatotoxicity
10005251,Diarrhoea
10005251,Nausea
10005252,Nausea
10005253,Rash
10005254,Rash
10005254,Nausea
10005255,Fatigue
10005255,Diarrhoea
10005255,Nausea
10005256,Rash
10005257,Headache
10005258,Hepatotoxicity
10005258,Fatigue
10005259,Hypoglycaemia
10005259,Diarrhoea
10005260,Headache
10005261,Nausea
10005262,Hepatotoxicity
10005262,Diarrhoea
10005263,Nausea
10005263,Headache
10005263,Dizziness
10005264,Nausea
10005264,Diarrhoea
10005265,Dizziness
10005265,Headache
10005265,Hypoglycaemia
10005266,Fatigue
10005267,Hepatotoxicity
10005268,Diarrhoea
10005269,Dizziness
10005270,Rash
10005271,Dizziness
10005272,Fatigue
10005273,Nausea
10005273,Dizziness
10005274,Nausea
10005274,Hypoglycaemia
10005275,Fatigue
10005275,Headache
10005276,Dizziness
10005276,Rash
10005277,Diarrhoea
10005277,Rash
10005277,Headache
10005278,Headache
10005279,Hypoglycaemia
10005279,Diarrhoea
10005280,Rash
10005281,Rash
10005281,Dizziness
10005281,Hepatotoxicity
10005282,Nausea
10005283,Nausea
10005283,Headache
10005284,Hypoglycaemia
10005285,Diarrhoea
10005285,Fatigue
10005286,Headache
10005287,Rash
10005287,Headache
10005288,Dizziness
10005289,Nausea
10005290,Nausea
10005290,Headache
10005291,Nausea
10005291,Headache
10005291,Dizziness
10005292,Fatigue
10005292,Nausea
10005293,Rash
10005294,Rash
10005295,Fatigue
10005295,Diarrhoea
10005295,Dizziness
10005296,Hypoglycaemia
10005296,Diarrhoea
10005296,Nausea
10005297,Pruritus
10005298,Nausea
10005298,Diarrhoea
10005298,Rash
10005299,Nausea
10005300,Nausea
10005300,Headache
10005300,Hypoglycaemia
10005301,Hypoglycaemia
10005301,Pruritus
10005302,Nausea
10005302,Rash
10005302,Dizziness
10005303,Dizziness
10005303,Nausea
10005303,Rash
10005304,Fatigue
10005305,Rash
10005306,Rash
10005307,Hypoglycaemia
10005308,Nausea
10005309,Nausea
10005309,Diarrhoea
10005310,Pancreatitis
10005311,Headache
10005312,Headache
10005312,Nausea
10005313,Fatigue
10005314,Pruritus
10005314,Headache
10005315,Headache
10005316,Diarrhoea
10005316,Hypoglycaemia
10005316,Dizziness
10005317,Hepatotoxicity
10005317,Fatigue
10005317,Rash
10005318,Dizziness
10005318,Pancreatitis
10005318,Fatigue
10005319,Headache
10005319,Hypoglycaemia
10005320,Hepatotoxicity
10005320,Fatigue
10005321,Headache
10005321,Fatigue
10005321,Dizziness
10005322,Hepatotoxicity
10005323,Hepatotoxicity
10005324,Nausea
10005324,Rash
10005324,Hepatotoxicity
10005325,Headache
10005326,Diarrhoea
10005326,Dizziness
10005326,Rash
10005327,Pruritus
10005327,Nausea
10005328,Rash
10005328,Pruritus
10005329,Rash
10005329,Pruritus
10005330,Dizziness
10005330,Nausea
10005330,Diarrhoea
10005331,Fatigue
10005331,Rash
10005332,Nausea
10005333,Hepatotoxicity
10005333,Nausea
10005334,Headache
10005334,Nausea
10005335,Pancreatitis
10005336,Rash
10005337,Dizziness
10005338,Dizziness
10005339,Headache
10005339,Diarrhoea
10005339,Nausea
10005340,Headache
10005340,Nausea
10005340,Dizziness
10005341,Fatigue
10005341,Diarrhoea
10005342,Hepatotoxicity
10005342,Diarrhoea
10005343,Pruritus
10005344,Headache
10005345,Fatigue
10005346,Rash
10005346,Headache
10005347,Headache
10005347,Nausea
10005348,Diarrhoea
10005349,Fatigue
10005349,Rash
10005350,Hepatotoxicity
10005350,Fatigue
10005350,Rash
10005351,Fatigue
10005352,Hypoglycaemia
10005353,Nausea
10005353,Diarrhoea
10005353,Headache
10005354,Headache
10005355,Nausea
10005355,Rash
10005356,Pancreatitis
10005357,Rash
10005357,Pruritus
10005358,Diarrhoea
10005359,Diarrhoea
10005359,Hepatotoxicity
10005359,Hypoglycaemia
10005360,Dizziness
10005360,Rash
10005361,Headache
10005361,Fatigue
10005361,Nausea
10005362,Fatigue
10005362,Diarrhoea
10005363,Diarrhoea
10005364,Headache
10005365,Nausea
10005366,Nausea
10005366,Hepatotoxicity
10005367,Headache
10005368,Hypoglycaemia
10005368,Headache
10005369,Fatigue
10005370,Fatigue
10005371,Rash
10005372,Dizziness
10005372,Fatigue
10005372,Rash
10005373,Diarrhoea
10005374,Fatigue
10005375,Hypoglycaemia
10005375,Headache
10005376,Hypoglycaemia
10005377,Nausea
10005378,Headache
10005379,Fatigue
10005379,Dizziness
10005379,Nausea
10005380,Pancreatitis
10005380,Diarrhoea
10005381,Headache
10005382,Headache
10005383,Rash
10005384,Rash
10005385,Diarrhoea
10005385,Dizziness
10005386,Diarrhoea
10005387,Headache
10005388,Dizziness
10005388,Pruritus
10005388,Rash
10005389,Hypoglycaemia
10005389,Headache
10005389,Dizziness
10005390,Headache
10005390,Dizziness
10005391,Headache
10005392,Pancreatitis
10005393,Rash
10005394,Headache
10005395,Headache
10005396,Diarrhoea
10005396,Dizziness
10005396,Rash
10005397,Nausea
10005398,Diarrhoea
10005399,Diarrhoea
10005399,Headache
10005399,Rash
10005400,Rash
10005400,Fatigue
10005401,Headache
10005402,Nausea
10005402,Rash
10005402,Diarrhoea
10005403,Dizziness
10005404,Pruritus
10005405,Nausea
10005405,Diarrhoea
10005406,Rash
10005407,Nausea
10005407,Dizziness
10005408,Diarrhoea
10005409,Headache
10005409,Nausea
10005410,Rash
10005411,Headache
10005411,Dizziness
10005412,Diarrhoea
10005412,Headache
10005412,Pruritus
10005413,Rash
10005413,Nausea
10005414,Hypoglycaemia
10005415,Hypoglycaemia
10005416,Dizziness
10005416,Hypoglycaemia
10005417,Headache
10005418,Dizziness
10005419,Rash
10005419,Diarrhoea
10005420,Hepatotoxicity
10005420,Rash
10005421,Diarrhoea
10005421,Dizziness
10005422,Nausea
10005423,Headache
10005424,Headache
10005424,Diarrhoea
10005425,Headache
10005426,Fatigue
10005426,Dizziness
10005427,Pancreatitis
10005427,Dizziness
10005428,Headache
10005429,Headache
10005429,Hypoglycaemia
10005430,Headache
10005430,Fatigue
10005431,Dizziness
10005431,Headache
10005432,Hypoglycaemia
10005432,Rash
10005432,Nausea
10005433,Nausea
10005433,Diarrhoea
10005434,Fatigue
10005434,Headache
10005434,Rash
10005435,Headache
10005435,Rash
10005436,Nausea
10005437,Diarrhoea
10005438,Fatigue
10005438,Nausea
10005439,Pruritus
10005439,Dizziness
10005439,Rash
10005440,Hypoglycaemia
10005441,Dizziness
10005442,Dizziness
10005442,Diarrhoea
10005443,Fatigue
10005443,Pruritus
10005443,Headache
10005444,Rash
10005444,Hypoglycaemia
10005445,Pruritus
10005445,Headache
10005446,Headache
10005446,Diarrhoea
10005446,Rash
10005447,Nausea
10005448,Dizziness
10005449,Headache
10005450,Fatigue
10005451,Pruritus
10005451,Diarrhoea
10005452,Nausea
10005452,Rash
10005453,Headache
10005453,Nausea
10005454,Diarrhoea
10005454,Rash
10005455,Rash
10005456,Headache
10005456,Hypoglycaemia
10005457,Rash
10005457,Hypoglycaemia
10005458,Rash
10005458,Dizziness
10005458,Fatigue
10005459,Diarrhoea
10005460,Fatigue
10005460,Dizziness
10005461,Dizziness
10005462,Nausea
10005463,Dizziness
10005463,Nausea
10005464,Rash
10005465,Headache
10005465,Pancreatitis
10005466,Fatigue
10005467,Hepatotoxicity
10005468,Nausea
10005469,Pancreatitis
10005469,Dizziness
10005470,Hepatotoxicity
10005470,Headache
10005471,Fatigue
10005471,Rash
10005472,Nausea
10005473,Nausea
10005473,Dizziness
10005474,Rash
10005474,Pruritus
10005474,Headache
10005475,Dizziness
10005476,Dizziness
10005477,Diarrhoea
10005477,Headache
10005478,Hypoglycaemia
10005479,Headache
10005479,Hypoglycaemia
10005479,Diarrhoea
10005480,Rash
10005481,Headache
10005482,Pancreatitis
10005483,Dizziness
10005483,Headache
10005483,Fatigue
10005484,Dizziness
10005485,Dizziness
10005485,Pruritus
10005486,Diarrhoea
10005487,Nausea
10005487,Headache
10005487,Hypoglycaemia
10005488,Headache
10005488,Fatigue
10005488,Rash
10005489,Headache
10005490,Rash
10005491,Nausea
10005491,Diarrhoea
10005491,Pruritus
10005492,Pancreatitis
10005493,Nausea
10005493,Diarrhoea
10005493,Pancreatitis
10005494,Hepatotoxicity
10005495,Fatigue
10005495,Headache
10005495,Diarrhoea
10005496,Rash
10005496,Headache
10005497,Rash
10005497,Nausea
10005497,Hepatotoxicity
10005498,Pruritus
10005498,Nausea
10005499,Nausea
10005499,Headache
10005500,Headache
10005501,Diarrhoea
10005501,Pancreatitis
10005502,Nausea
10005502,Headache
10005503,Dizziness
10005504,Rash
10005505,Rash
10005505,Diarrhoea
10005505,Headache
10005506,Pruritus
10005506,Hepatotoxicity
10005506,Rash
10005507,Rash
10005507,Pruritus
10005507,Headache
10005508,Dizziness
10005509,Diarrhoea
10005510,Fatigue
10005510,Rash
10005510,Nausea
10005511,Dizziness
10005511,Nausea
10005511,Rash
10005512,Fatigue
10005512,Pancreatitis
10005513,Dizziness
10005513,Headache
10005514,Headache
10005514,Pruritus
10005515,Nausea
10005515,Dizziness
10005515,Headache
10005516,Dizziness
10005516,Rash
10005517,Fatigue
10005517,Diarrhoea
10005518,Nausea
10005518,Dizziness
10005519,Headache
10005520,Rash
10005520,Hypoglycaemia
10005520,Pancreatitis
10005521,Rash
10005521,Nausea
10005522,Headache
10005522,Nausea
10005523,Headache
10005523,Nausea
10005524,Fatigue
10005524,Nausea
10005525,Nausea
10005526,Diarrhoea
10005526,Pruritus
10005526,Dizziness
10005527,Nausea
10005527,Rash
10005527,Hepatotoxicity
10005528,Nausea
10005529,Nausea
10005529,Dizziness
10005530,Fatigue
10005530,Headache
10005530,Nausea
10005531,Diarrhoea
10005532,Nausea
10005532,Fatigue
10005533,Headache
10005533,Fatigue
10005534,Fatigue
10005535,Fatigue
10005535,Diarrhoea
10005535,Rash
10005536,Nausea
10005537,Diarrhoea
10005538,Rash
10005539,Rash
10005540,Rash
10005540,Diarrhoea
10005541,Hypoglycaemia
10005541,Headache
10005542,Nausea
10005543,Hepatotoxicity
10005543,Dizziness
10005544,Pruritus
10005545,Rash
10005546,Diarrhoea
10005547,Hepatotoxicity
10005547,Rash
10005548,Fatigue
10005549,Fatigue
10005550,Headache
10005550,Dizziness
10005550,Pruritus
10005551,Nausea
10005552,Dizziness
10005553,Dizziness
10005554,Dizziness
10005554,Nausea
10005555,Diarrhoea
10005555,Pancreatitis
10005556,Dizziness
10005556,Nausea
10005557,Dizziness
10005558,Hypoglycaemia
10005558,Diarrhoea
10005558,Hepatotoxicity
10005559,Nausea
10005560,Hypoglycaemia
10005561,Hepatotoxicity
10005561,Pruritus
10005561,Rash
10005562,Nausea
10005563,Headache
10005564,Nausea
10005565,Rash
10005565,Diarrhoea
10005565,Fatigue
10005566,Rash
10005567,Nausea
10005568,Pancreatitis
10005569,Nausea
10005569,Rash
10005569,Headache
10005570,Hypoglycaemia
10005570,Hepatotoxicity
10005571,Rash
10005571,Fatigue
10005571,Hepatotoxicity
10005572,Fatigue
10005572,Dizziness
10005572,Nausea
10005573,Dizziness
10005574,Hypoglycaemia
10005574,Headache
10005575,Nausea
10005575,Dizziness
10005576,Headache
10005577,Rash
10005577,Headache
10005578,Nausea
10005578,Dizziness
10005578,Headache
10005579,Headache
10005579,Diarrhoea
10005579,Fatigue
10005580,Headache
10005581,Hepatotoxicity
10005582,Diarrhoea
10005583,Hypoglycaemia
10005584,Pruritus
10005584,Nausea
10005585,Headache
10005585,Fatigue
10005586,Diarrhoea
10005586,Nausea
10005586,Fatigue
10005587,Headache
10005587,Nausea
10005588,Nausea
10005589,Nausea
10005590,Headache
10005591,Headache
10005591,Rash
10005592,Diarrhoea
10005593,Nausea
10005594,Dizziness
10005595,Headache
10005596,Headache
10005596,Nausea
10005597,Fatigue
10005597,Diarrhoea
10005598,Fatigue
10005599,Pancreatitis
10005599,Hypoglycaemia
10005600,Nausea
10005601,Rash
10005601,Dizziness
10005602,Headache
10005603,Diarrhoea
10005604,Diarrhoea
10005605,Fatigue
10005606,Fatigue
10005607,Nausea
10005608,Diarrhoea
10005609,Nausea
10005610,Hepatotoxicity
10005611,Dizziness
10005612,Headache
10005613,Pruritus
10005613,Fatigue
10005613,Hypoglycaemia
10005614,Hypoglycaemia
10005614,Dizziness
10005615,Nausea
10005615,Rash
10005616,Headache
10005617,Pruritus
10005617,Diarrhoea
10005617,Nausea
10005618,Diarrhoea
10005619,Fatigue
10005620,Nausea
10005621,Nausea
10005622,Pruritus
10005623,Nausea
10005624,Headache
10005624,Rash
10005624,Hepatotoxicity
10005625,Rash
10005626,Nausea
10005627,Dizziness
10005628,Fatigue
10005629,Dizziness
10005630,Pruritus
10005630,Fatigue
10005631,Diarrhoea
10005632,Rash
10005632,Nausea
10005633,Dizziness
10005633,Diarrhoea
10005633,Hepatotoxicity
10005634,Diarrhoea
10005635,Nausea
10005636,Nausea
10005636,Fatigue
10005637,Hepatotoxicity
10005637,Nausea
10005638,Diarrhoea
10005639,Headache
10005639,Pancreatitis
10005639,Nausea
10005640,Diarrhoea
10005641,Nausea
10005642,Headache
10005643,Hypoglycaemia
10005644,Fatigue
10005645,Hypoglycaemia
10005645,Headache
10005645,Diarrhoea
10005646,Diarrhoea
10005646,Hypoglycaemia
10005646,Dizziness
10005647,Nausea
10005648,Nausea
10005649,Pruritus
10005650,Pruritus
10005650,Hypoglycaemia
10005651,Nausea
10005651,Rash
10005651,Pruritus
10005652,Hepatotoxicity
10005652,Nausea
10005653,Diarrhoea
10005654,Hypoglycaemia
10005655,Headache
10005656,Pruritus
10005656,Nausea
10005657,Headache
10005657,Nausea
10005657,Hypoglycaemia
10005658,Hepatotoxicity
10005659,Diarrhoea
10005659,Headache
10005660,Diarrhoea
10005660,Nausea
10005660,Headache
10005661,Rash
10005661,Hypoglycaemia
10005662,Dizziness
10005663,Diarrhoea
10005663,Rash
10005664,Headache
10005664,Hepatotoxicity
10005665,Headache
10005665,Fatigue
10005666,Dizziness
10005666,Diarrhoea
10005667,Nausea
10005667,Hypoglycaemia
10005668,Fatigue
10005669,Fatigue
10005670,Nausea
10005671,Pruritus
10005672,Nausea
10005672,Headache
10005672,Diarrhoea
10005673,Diarrhoea
10005673,Headache
10005673,Rash
10005674,Rash
10005675,Hepatotoxicity
10005676,Headache
10005676,Diarrhoea
10005676,Fatigue
10005677,Fatigue
10005678,Rash
10005678,Pruritus
10005678,Hypoglycaemia
10005679,Nausea
10005679,Fatigue
10005679,Headache
10005680,Diarrhoea
10005681,Dizziness
10005681,Fatigue
10005682,Dizziness
10005682,Nausea
10005683,Pancreatitis
10005683,Fatigue
10005684,Headache
10005685,Diarrhoea
10005685,Dizziness
10005686,Hypoglycaemia
10005687,Diarrhoea
10005687,Rash
10005688,Dizziness
10005688,Diarrhoea
10005689,Nausea
10005689,Headache
10005690,Headache
10005691,Headache
10005691,Fatigue
10005691,Rash
10005692,Pruritus
10005692,Nausea
10005693,Headache
10005694,Dizziness
10005694,Hepatotoxicity
10005695,Pancreatitis
10005695,Diarrhoea
10005695,Nausea
10005696,Rash
10005696,Pancreatitis
10005696,Hepatotoxicity
10005697,Rash
10005697,Diarrhoea
10005698,Hypoglycaemia
10005698,Diarrhoea
10005699,Dizziness
10005700,Rash
10005700,Dizziness
10005701,Diarrhoea
10005702,Hypoglycaemia
10005703,Fatigue
10005703,Hepatotoxicity
10005704,Rash
10005705,Headache
10005705,Dizziness
10005705,Rash
10005706,Pancreatitis
10005706,Headache
10005707,Dizziness
10005708,Nausea
10005708,Pruritus
10005709,Rash
10005709,Nausea
10005709,Headache
10005710,Rash
10005711,Rash
10005712,Hypoglycaemia
10005712,Rash
10005713,Hypoglycaemia
10005714,Rash
10005714,Nausea
10005715,Headache
10005715,Hepatotoxicity
10005716,Fatigue
10005716,Diarrhoea
10005717,Pancreatitis
10005717,Hepatotoxicity
10005718,Fatigue
10005719,Rash
10005720,Nausea
10005720,Hypoglycaemia
10005721,Rash
10005722,Headache
10005723,Dizziness
10005723,Nausea
10005724,Headache
10005724,Pruritus
10005725,Diarrhoea
10005725,Fatigue
10005725,Headache
10005726,Pruritus
10005727,Nausea
10005727,Rash
10005728,Rash
10005729,Pruritus
10005730,Headache
10005730,Pancreatitis
10005730,Hepatotoxicity
10005731,Fatigue
10005731,Hypoglycaemia
10005731,Rash
10005732,Diarrhoea
10005733,Hepatotoxicity
10005733,Rash
10005734,Dizziness
10005735,Diarrhoea
10005736,Nausea
10005737,Diarrhoea
10005737,Pruritus
10005738,Diarrhoea
10005739,Dizziness
10005739,Fatigue
10005740,Hypoglycaemia
10005741,Nausea
10005741,Rash
10005742,Dizziness
10005742,Hepatotoxicity
10005743,Dizziness
10005744,Dizziness
10005744,Headache
10005745,Fatigue
10005745,Hypoglycaemia
10005746,Hepatotoxicity
10005747,Dizziness
10005747,Pruritus
10005747,Headache
10005748,Dizziness
10005749,Fatigue
10005749,Hypoglycaemia
10005750,Fatigue
10005750,Nausea
10005751,Nausea
10005751,Hepatotoxicity
10005751,Diarrhoea
10005752,Headache
10005753,Diarrhoea
10005753,Fatigue
10005754,Headache
10005755,Rash
10005756,Dizziness
10005756,Diarrhoea
10005757,Headache
10005757,Fatigue
10005758,Hepatotoxicity
10005758,Headache
10005759,Dizziness
10005759,Diarrhoea
10005760,Diarrhoea
10005760,Dizziness
10005760,Rash
10005761,Hepatotoxicity
10005762,Nausea
10005762,Pruritus
10005763,Headache
10005764,Nausea
10005764,Dizziness
10005765,Headache
10005765,Diarrhoea
10005765,Dizziness
10005766,Hepatotoxicity
10005766,Rash
10005767,Fatigue
10005767,Nausea
10005768,Diarrhoea
10005769,Fatigue
10005769,Dizziness
10005769,Headache
10005770,Nausea
10005770,Diarrhoea
10005770,Headache
10005771,Fatigue
10005772,Diarrhoea
10005772,Nausea
10005772,Fatigue
10005773,Nausea
10005773,Headache
10005774,Dizziness
10005774,Diarrhoea
10005775,Rash
10005775,Fatigue
10005776,Headache
10005777,Rash
10005777,Headache
10005777,Dizziness
10005778,Nausea
10005778,Dizziness
10005779,Pruritus
10005779,Fatigue
10005780,Pruritus
10005780,Hepatotoxicity
10005781,Headache
10005782,Dizziness
10005782,Hepatotoxicity
10005783,Fatigue
10005784,Headache
10005785,Nausea
10005785,Diarrhoea
10005786,Fatigue
10005787,Diarrhoea
10005787,Fatigue
10005788,Dizziness
10005789,Pruritus
10005790,Headache
10005790,Nausea
10005790,Hypoglycaemia
10005791,Dizziness
10005791,Diarrhoea
10005792,Diarrhoea
10005792,Nausea
10005792,Headache
10005793,Rash
10005794,Pruritus
10005795,Headache
10005795,Nausea
10005795,Diarrhoea
10005796,Headache
10005797,Dizziness
10005798,Fatigue
10005798,Dizziness
10005799,Rash
10005799,Dizziness
10005800,Pruritus
10005800,Rash
10005801,Hepatotoxicity
10005801,Nausea
10005802,Dizziness
10005802,Pruritus
10005803,Headache
10005804,Nausea
10005805,Rash
10005806,Dizziness
10005806,Hepatotoxicity
10005807,Dizziness
10005808,Diarrhoea
10005808,Nausea
10005809,Headache
10005810,Nausea
10005811,Diarrhoea
10005812,Diarrhoea
10005813,Nausea
10005813,Headache
10005813,Dizziness
10005814,Headache
10005815,Headache
10005815,Nausea
10005816,Hepatotoxicity
10005817,Hepatotoxicity
10005817,Headache
10005818,Dizziness
10005819,Pancreatitis
10005819,Fatigue
10005819,Nausea
10005820,Hepatotoxicity
10005821,Fatigue
10005821,Headache
10005822,Headache
10005822,Nausea
10005823,Fatigue
10005824,Headache
10005825,Dizziness
10005826,Dizziness
10005827,Nausea
10005828,Pancreatitis
10005828,Diarrhoea
10005828,Headache
10005829,Headache
10005829,Rash
10005830,Diarrhoea
10005831,Headache
10005832,Nausea
10005832,Headache
10005833,Nausea
10005834,Nausea
10005835,Diarrhoea
10005836,Pruritus
10005837,Headache
10005838,Fatigue
10005839,Headache
10005840,Nausea
10005840,Headache
10005841,Nausea
10005842,Pancreatitis
10005842,Diarrhoea
10005843,Headache
10005844,Headache
10005844,Hepatotoxicity
10005845,Fatigue
10005846,Headache
10005846,Rash
10005847,Pruritus
10005847,Fatigue
10005848,Diarrhoea
10005849,Nausea
10005849,Rash
10005850,Diarrhoea
10005850,Headache
10005850,Hepatotoxicity
10005851,Dizziness
10005851,Pancreatitis
10005851,Fatigue
10005852,Diarrhoea
10005852,Dizziness
10005853,Rash
10005854,Headache
10005855,Fatigue
10005855,Pruritus
10005856,Diarrhoea
10005856,Headache
10005856,Nausea
10005857,Nausea
10005858,Nausea
10005859,Pancreatitis
10005859,Diarrhoea
10005859,Nausea
10005860,Dizziness
10005861,Nausea
10005861,Pruritus
10005862,Diarrhoea
10005863,Pruritus
10005863,Headache
10005864,Dizziness
10005864,Fatigue
10005864,Nausea
10005865,Diarrhoea
10005865,Nausea
10005865,Rash
10005866,Diarrhoea
10005866,Rash
10005867,Rash
10005867,Dizziness
10005868,Hepatotoxicity
10005869,Pancreatitis
10005870,Nausea
10005871,Diarrhoea
10005871,Rash
10005872,Rash
10005872,Fatigue
10005873,Headache
10005874,Fatigue
10005874,Hepatotoxicity
10005875,Pruritus
10005875,Rash
10005876,Fatigue
10005877,Dizziness
10005877,Nausea
10005878,Diarrhoea
10005878,Headache
10005879,Nausea
10005879,Diarrhoea
10005880,Headache
10005880,Fatigue
10005880,Nausea
10005881,Rash
10005881,Dizziness
10005881,Diarrhoea
10005882,Dizziness
10005883,Dizziness
10005884,Hepatotoxicity
10005885,Nausea
10005886,Headache
10005887,Nausea
10005888,Nausea
10005889,Dizziness
10005890,Headache
10005891,Diarrhoea
10005891,Headache
10005891,Hypoglycaemia
10005892,Fatigue
10005892,Hepatotoxicity
10005892,Headache
10005893,Fatigue
10005893,Diarrhoea
10005893,Headache
10005894,Nausea
10005894,Rash
10005895,Diarrhoea
10005895,Headache
10005896,Dizziness
10005897,Hepatotoxicity
10005898,Diarrhoea
10005899,Nausea
10005900,Fatigue
10005901,Nausea
10005901,Hypoglycaemia
10005902,Headache
10005902,Rash
10005902,Diarrhoea
10005903,Dizziness
10005903,Rash
10005903,Diarrhoea
10005904,Hypoglycaemia
10005904,Dizziness
10005905,Pancreatitis
10005905,Nausea
10005906,Diarrhoea
10005907,Headache
10005908,Diarrhoea
10005908,Fatigue
10005909,Dizziness
10005909,Diarrhoea
10005910,Diarrhoea
10005911,Rash
10005912,Hepatotoxicity
10005913,Fatigue
10005914,Nausea
10005915,Nausea
10005916,Nausea
10005917,Headache
10005918,Dizziness
10005918,Nausea
10005919,Fatigue
10005919,Diarrhoea
10005919,Nausea
10005920,Pruritus
10005920,Headache
10005920,Nausea
10005921,Nausea
10005922,Headache
10005923,Dizziness
10005924,Rash
10005925,Hepatotoxicity
10005926,Fatigue
10005927,Rash
10005927,Headache
10005928,Rash
10005929,Diarrhoea
10005930,Nausea
10005930,Diarrhoea
10005931,Fatigue
10005931,Nausea
10005932,Hepatotoxicity
10005933,Nausea
10005933,Dizziness
10005934,Rash
10005935,Nausea
10005936,Dizziness
10005936,Fatigue
10005937,Nausea
10005938,Fatigue
10005938,Nausea
10005939,Headache
10005939,Dizziness
10005939,Fatigue
10005940,Dizziness
10005941,Nausea
10005942,Fatigue
10005942,Headache
10005942,Nausea
10005943,Nausea
10005944,Nausea
10005945,Dizziness
10005946,Rash
10005947,Pancreatitis
10005947,Rash
10005947,Diarrhoea
10005948,Diarrhoea
10005948,Nausea
10005949,Dizziness
10005949,Nausea
10005950,Pruritus
10005951,Hepatotoxicity
10005951,Diarrhoea
10005951,Nausea
10005952,Rash
10005953,Fatigue
10005953,Diarrhoea
10005954,Rash
10005955,Headache
10005955,Rash
10005956,Diarrhoea
10005957,Nausea
10005958,Dizziness
10005959,Nausea
10005960,Nausea
10005960,Headache
10005960,Diarrhoea
10005961,Diarrhoea
10005962,Nausea
10005963,Headache
10005964,Rash
10005965,Diarrhoea
10005966,Hepatotoxicity
10005966,Nausea
10005966,Dizziness
10005967,Fatigue
10005967,Nausea
10005968,Nausea
10005969,Rash
10005969,Pancreatitis
10005970,Fatigue
10005971,Hypoglycaemia
10005971,Fatigue
10005972,Pruritus
10005972,Diarrhoea
10005972,Dizziness
10005973,Rash
10005973,Dizziness
10005974,Pruritus
10005975,Rash
10005976,Dizziness
10005977,Nausea
10005977,Diarrhoea
10005978,Nausea
10005979,Fatigue
10005979,Hepatotoxicity
10005980,Dizziness
10005981,Fatigue
10005981,Hepatotoxicity
10005982,Diarrhoea
10005983,Fatigue
10005983,Dizziness
10005984,Diarrhoea
10005985,Nausea
10005986,Diarrhoea
10005987,Pruritus
10005987,Rash
10005987,Nausea
10005988,Pancreatitis
10005988,Dizziness
10005988,Rash
10005989,Nausea
10005989,Diarrhoea
10005989,Fatigue
10005990,Nausea
10005990,Fatigue
10005990,Diarrhoea
10005991,Dizziness
10005992,Pancreatitis
10005993,Headache
10005993,Diarrhoea
10005994,Diarrhoea
10005994,Dizziness
10005995,Nausea
10005996,Nausea
10005996,Headache
10005997,Hypoglycaemia
10005998,Dizziness
10005998,Rash
10005999,Rash
10005999,Headache
10006000,Rash
10006001,Pancreatitis
10006002,Pancreatitis
10006003,Pancreatitis
10006004,Pancreatitis
10006005,Pancreatitis
10006006,Pancreatitis
10006007,Pancreatitis
10006008,Pancreatitis
10006009,Pancreatitis
10006010,Pancreatitis
10006011,Pancreatitis
10006012,Pancreatitis
10006013,Pancreatitis
10006014,Pancreatitis
10006015,Pancreatitis
10006016,Pancreatitis
10006017,Pancreatitis
10006018,Pancreatitis
10006019,Pancreatitis
10006020,Pancreatitis
10006021,Pancreatitis
10006022,Pancreatitis
10006023,Pancreatitis
10006024,Pancreatitis
10006025,Pancreatitis
10006026,Pancreatitis
10006027,Pancreatitis
10006028,Pancreatitis
10006029,Pancreatitis
10006030,Pancreatitis
10006031,Pancreatitis
10006032,Pancreatitis
10006033,Pancreatitis
10006034,Pancreatitis
10006035,Pancreatitis
10006036,Pancreatitis
10006037,Pancreatitis
10006038,Pancreatitis
10006039,Pancreatitis
10006040,Pancreatitis
10006041,Pancreatitis
10006042,Pancreatitis
10006043,Pancreatitis
10006044,Pancreatitis
10006045,Pancreatitis
