primaryid,drugname,role_cod
10000001,Exaprin,PS
10000001,Belmira,C
10000002,Cortavex,PS
10000003,Zentarin,PS
10000004,Ardoxin,PS
10000004,Dulvane,C
10000005,Ardoxin,PS
10000005,Cortavex,C
10000006,Zentarin,PS
10000006,Cortavex,C
10000007,Exaprin,PS
10000008,Cortavex,PS
10000009,Zentarin,PS
10000010,Exaprin,PS
10000010,Dulvane,C
10000011,Ardoxin,PS
10000011,Dulvane,C
10000012,Ardoxin,PS
10000013,Cortavex,PS
10000013,Zentarin,C
10000014,Cortavex,PS
10000015,Ardoxin,PS
10000016,Ardoxin,PS
10000016,Belmira,C
10000017,Dulvane,PS
10000017,Exaprin,C
10000018,Dulvane,PS
10000019,Belmira,PS
10000020,Ardoxin,PS
10000021,Cortavex,PS
10000022,Belmira,PS
10000023,Dulvane,PS
10000024,Dulvane,PS
10000025,Exaprin,PS
10000026,Dulvane,PS
10000027,Ardoxin,PS
10000028,Zentarin,PS
10000028,Belmira,C
10000029,Cortavex,PS
10000029,Dulvane,C
10000030,Dulvane,PS
10000031,Exaprin,PS
10000032,Cortavex,PS
10000033,Zentarin,PS
10000034,Cortavex,PS
10000034,Belmira,C
10000035,Dulvane,PS
10000035,Cortavex,C
10000036,Dulvane,PS
10000036,Exaprin,C
10000037,Belmira,PS
10000037,Exaprin,C
10000038,Dulvane,PS
10000039,Belmira,PS
10000040,Zentarin,PS
10000041,Cortavex,PS
10000042,Ardoxin,PS
10000043,Dulvane,PS
10000044,Cortavex,PS
10000045,Dulvane,PS
10000046,Dulvane,PS
10000047,Exaprin,PS
10000048,Exaprin,PS
10000049,Cortavex,PS
10000050,Cortavex,PS
10000051,Dulvane,PS
10000051,Exaprin,C
10000052,Dulvane,PS
10000053,Dulvane,PS
10000053,Exaprin,C
10000054,Belmira,PS
10000055,Ardoxin,PS
10000056,Belmira,PS
10000057,Belmira,PS
10000058,Cortavex,PS
10000059,Dulvane,PS
10000060,Dulvane,PS
10000061,Belmira,PS
10000062,Cortavex,PS
10000062,Belmira,C
10000063,Zentarin,PS
10000064,Cortavex,PS
10000065,Dulvane,PS
10000066,Zentarin,PS
10000067,Ardoxin,PS
10000068,Zentarin,PS
10000068,Belmira,C
10000069,Dulvane,PS
10000070,Cortavex,PS
10000071,Belmira,PS
10000071,Zentarin,C
10000072,Zentarin,PS
10000072,Cortavex,C
10000073,Cortavex,PS
10000074,Cortavex,PS
10000075,Belmira,PS
10000075,Ardoxin,C
10000076,Dulvane,PS
10000077,Belmira,PS
10000078,Cortavex,PS
10000079,Belmira,PS
10000080,Ardoxin,PS
10000080,Exaprin,C
10000081,Belmira,PS
10000082,Exaprin,PS
10000083,Belmira,PS
10000084,Cortavex,PS
10000085,Ardoxin,PS
10000086,Exaprin,PS
10000087,Zentarin,PS
10000088,Dulvane,PS
10000088,Exaprin,C
10000089,Belmira,PS
10000090,Belmira,PS
10000090,Dulvane,C
10000091,Ardoxin,PS
10000091,Belmira,C
10000092,Dulvane,PS
10000093,Belmira,PS
10000094,Ardoxin,PS
10000095,Cortavex,PS
10000095,Belmira,C
10000096,Ardoxin,PS
10000097,Cortavex,PS
10000098,Ardoxin,PS
10000099,Cortavex,PS
10000100,Belmira,PS
10000100,Exaprin,C
10000101,Dulvane,PS
10000102,Exaprin,PS
10000103,Cortavex,PS
10000103,Belmira,C
10000104,Dulvane,PS
10000104,Belmira,C
10000105,Belmira,PS
10000105,Cortavex,C
10000106,Cortavex,PS
10000107,Belmira,PS
10000108,Zentarin,PS
10000109,Belmira,PS
10000110,Cortavex,PS
10000111,Belmira,PS
10000111,Cortavex,C
10000112,Exaprin,PS
10000113,Belmira,PS
10000114,Ardoxin,PS
10000115,Cortavex,PS
10000116,Cortavex,PS
10000117,Belmira,PS
10000117,Ardoxin,C
10000118,Belmira,PS
10000118,Dulvane,C
10000119,Ardoxin,PS
10000120,Exaprin,PS
10000121,Exaprin,PS
10000121,Cortavex,C
10000122,Zentarin,PS
10000122,Belmira,C
10000123,Ardoxin,PS
10000123,Dulvane,C
10000124,Zentarin,PS
10000125,Belmira,PS
10000126,Belmira,PS
10000127,Dulvane,PS
10000128,Cortavex,PS
10000129,Zentarin,PS
10000130,Ardoxin,PS
10000131,Exaprin,PS
10000131,Zentarin,C
10000132,Zentarin,PS
10000133,Cortavex,PS
10000133,Zentarin,C
10000134,Belmira,PS
10000134,Exaprin,C
10000135,Dulvane,PS
10000136,Belmira,PS
10000136,Exaprin,C
10000137,Zentarin,PS
10000138,Dulvane,PS
10000139,Ardoxin,PS
10000139,Zentarin,C
10000140,Cortavex,PS
10000141,Belmira,PS
10000141,Exaprin,C
10000142,Ardoxin,PS
10000142,Belmira,C
10000143,Dulvane,PS
10000144,Cortavex,PS
10000145,Cortavex,PS
10000146,Belmira,PS
10000147,Belmira,PS
10000148,Ardoxin,PS
10000149,Cortavex,PS
10000150,Ardoxin,PS
10000151,Exaprin,PS
10000152,Dulvane,PS
10000153,Ardoxin,PS
10000153,Dulvane,C
10000154,Ardoxin,PS
10000155,Ardoxin,PS
10000155,Cortavex,C
10000156,Belmira,PS
10000157,Cortavex,PS
10000158,Ardoxin,PS
10000159,Cortavex,PS
10000159,Dulvane,C
10000160,Ardoxin,PS
10000160,Dulvane,C
10000161,Exaprin,PS
10000162,Dulvane,PS
10000163,Dulvane,PS
10000164,Cortavex,PS
10000165,Ardoxin,PS
10000166,Cortavex,PS
10000167,Exaprin,PS
10000168,Belmira,PS
10000168,Ardoxin,C
10000169,Dulvane,PS
10000170,Ardoxin,PS
10000171,Ardoxin,PS
10000172,Exaprin,PS
10000173,Zentarin,PS
10000173,Belmira,C
10000174,Dulvane,PS
10000175,Cortavex,PS
10000175,Exaprin,C
10000176,Exaprin,PS
10000177,Dulvane,PS
10000178,Ardoxin,PS
10000179,Belmira,PS
10000180,Belmira,PS
10000181,Ardoxin,PS
10000182,Ardoxin,PS
10000183,Ardoxin,PS
10000184,Cortavex,PS
10000185,Exaprin,PS
10000186,Zentarin,PS
10000187,Ardoxin,PS
10000188,Dulvane,PS
10000189,Belmira,PS
10000190,Exaprin,PS
10000191,Ardoxin,PS
10000192,Exaprin,PS
10000192,Zentarin,C
10000193,Dulvane,PS
10000194,Ardoxin,PS
10000194,Dulvane,C
10000195,Belmira,PS
10000195,Ardoxin,C
10000196,Dulvane,PS
10000196,Exaprin,C
10000197,Belmira,PS
10000198,Exaprin,PS
10000199,Ardoxin,PS
10000199,Exaprin,C
10000200,Exaprin,PS
10000201,Belmira,PS
10000201,Zentarin,C
10000202,Dulvane,PS
10000203,Belmira,PS
10000204,Ardoxin,PS
10000205,Ardoxin,PS
10000206,Dulvane,PS
10000206,Belmira,C
10000207,Dulvane,PS
10000208,Zentarin,PS
10000209,Cortavex,PS
10000210,Ardoxin,PS
10000211,Dulvane,PS
10000212,Belmira,PS
10000213,Dulvane,PS
10000214,Cortavex,PS
10000215,Belmira,PS
10000215,Dulvane,C
10000216,Belmira,PS
10000217,Ardoxin,PS
10000217,Exaprin,C
10000218,Cortavex,PS
10000219,Belmira,PS
10000220,Exaprin,PS
10000221,Belmira,PS
10000222,Zentarin,PS
10000222,Dulvane,C
10000223,Ardoxin,PS
10000224,Ardoxin,PS
10000225,Belmira,PS
10000226,Dulvane,PS
10000227,Cortavex,PS
10000228,Dulvane,PS
10000229,Belmira,PS
10000230,Belmira,PS
10000230,Exaprin,C
10000231,Belmira,PS
10000231,Ardoxin,C
10000232,Ardoxin,PS
10000233,Dulvane,PS
10000234,Ardoxin,PS
10000235,Exaprin,PS
10000236,Cortavex,PS
10000236,Zentarin,C
10000237,Dulvane,PS
10000238,Belmira,PS
10000239,Dulvane,PS
10000240,Zentarin,PS
10000241,Ardoxin,PS
10000242,Ardoxin,PS
10000243,Ardoxin,PS
10000244,Belmira,PS
10000245,Cortavex,PS
10000246,Ardoxin,PS
10000247,Ardoxin,PS
10000248,Belmira,PS
10000249,Dulvane,PS
10000250,Ardoxin,PS
10000251,Belmira,PS
10000252,Belmira,PS
10000253,Exaprin,PS
10000253,Zentarin,C
10000254,Dulvane,PS
10000254,Exaprin,C
10000255,Dulvane,PS
10000256,Cortavex,PS
10000257,Cortavex,PS
10000258,Ardoxin,PS
10000259,Belmira,PS
10000260,Cortavex,PS
10000260,Ardoxin,C
10000261,Cortavex,PS
10000262,Exaprin,PS
10000263,Belmira,PS
10000264,Ardoxin,PS
10000264,Belmira,C
10000265,Belmira,PS
10000266,Exaprin,PS
10000266,Cortavex,C
10000267,Cortavex,PS
10000268,Zentarin,PS
10000269,Cortavex,PS
10000270,Cortavex,PS
10000271,Exaprin,PS
10000272,Ardoxin,PS
10000273,Zentarin,PS
10000274,Cortavex,PS
10000275,Ardoxin,PS
10000276,Cortavex,PS
10000277,Zentarin,PS
10000277,Belmira,C
10000278,Ardoxin,PS
10000278,Zentarin,C
10000279,Belmira,PS
10000280,Ardoxin,PS
10000280,Belmira,C
10000281,Exaprin,PS
10000281,Dulvane,C
10000282,Zentarin,PS
10000282,Ardoxin,C
10000283,Dulvane,PS
10000284,Ardoxin,PS
10000285,Ardoxin,PS
10000286,Ardoxin,PS
10000286,Dulvane,C
10000287,Belmira,PS
10000288,Ardoxin,PS
10000289,Cortavex,PS
10000290,Ardoxin,PS
10000291,Belmira,PS
10000292,Cortavex,PS
10000292,Dulvane,C
10000293,Exaprin,PS
10000294,Exaprin,PS
10000295,Exaprin,PS
10000296,Exaprin,PS
10000297,Ardoxin,PS
10000298,Dulvane,PS
10000299,Zentarin,PS
10000300,Exaprin,PS
10000301,Ardoxin,PS
10000302,Cortavex,PS
10000303,Cortavex,PS
10000304,Cortavex,PS
10000305,Dulvane,PS
10000306,Exaprin,PS
10000307,Exaprin,PS
10000307,Zentarin,C
10000308,Ardoxin,PS
10000309,Belmira,PS
10000310,Belmira,PS
10000310,Cortavex,C
10000311,Cortavex,PS
10000312,Exaprin,PS
10000312,Belmira,C
10000313,Belmira,PS
10000314,Ardoxin,PS
10000314,Zentarin,C
10000315,Exaprin,PS
10000315,Dulvane,C
10000316,Belmira,PS
10000317,Zentarin,PS
10000318,Cortavex,PS
10000319,Cortavex,PS
10000320,Ardoxin,PS
10000321,Ardoxin,PS
10000322,Cortavex,PS
10000322,Belmira,C
10000323,Ardoxin,PS
10000324,Exaprin,PS
10000325,Cortavex,PS
10000325,Dulvane,C
10000326,Ardoxin,PS
10000327,Ardoxin,PS
10000328,Dulvane,PS
10000329,Zentarin,PS
10000330,Dulvane,PS
10000331,Cortavex,PS
10000332,Ardoxin,PS
10000332,Dulvane,C
10000333,Cortavex,PS
10000334,Cortavex,PS
10000334,Ardoxin,C
10000335,Exaprin,PS
10000336,Belmira,PS
10000337,Belmira,PS
10000338,Belmira,PS
10000339,Belmira,PS
10000340,Dulvane,PS
10000341,Ardoxin,PS
10000342,Zentarin,PS
10000343,Belmira,PS
10000344,Dulvane,PS
10000345,Exaprin,PS
10000346,Exaprin,PS
10000347,Zentarin,PS
10000348,Cortavex,PS
10000349,Belmira,PS
10000350,Exaprin,PS
10000351,Dulvane,PS
10000352,Ardoxin,PS
10000353,Zentarin,PS
10000354,Ardoxin,PS
10000355,Zentarin,PS
10000355,Dulvane,C
10000356,Zentarin,PS
10000356,Cortavex,C
10000357,Ardoxin,PS
10000357,Exaprin,C
10000358,Dulvane,PS
10000359,Exaprin,PS
10000360,Exaprin,PS
10000360,Belmira,C
10000361,Cortavex,PS
10000362,Zentarin,PS
10000363,Dulvane,PS
10000364,Belmira,PS
10000365,Zentarin,PS
10000366,Cortavex,PS
10000367,Cortavex,PS
10000367,Dulvane,C
10000368,Ardoxin,PS
10000368,Dulvane,C
10000369,Belmira,PS
10000370,Ardoxin,PS
10000371,Dulvane,PS
10000372,Ardoxin,PS
10000372,Zentarin,C
10000373,Belmira,PS
10000374,Exaprin,PS
10000375,Belmira,PS
10000375,Dulvane,C
10000376,Belmira,PS
10000377,Belmira,PS
10000377,Cortavex,C
10000378,Ardoxin,PS
10000379,Dulvane,PS
10000380,Cortavex,PS
10000381,Dulvane,PS
10000381,Ardoxin,C
10000382,Ardoxin,PS
10000383,Belmira,PS
10000384,Belmira,PS
10000385,Exaprin,PS
10000385,Belmira,C
10000386,Ardoxin,PS
10000387,Ardoxin,PS
10000388,Ardoxin,PS
10000389,Dulvane,PS
10000390,Exaprin,PS
10000391,Belmira,PS
10000392,Dulvane,PS
10000392,Cortavex,C
10000393,Exaprin,PS
10000394,Exaprin,PS
10000395,Belmira,PS
10000395,Ardoxin,C
10000396,Cortavex,PS
10000397,Exaprin,PS
10000398,Ardoxin,PS
10000399,Exaprin,PS
10000400,Ardoxin,PS
10000400,Belmira,C
10000401,Ardoxin,PS
10000402,Belmira,PS
10000402,Cortavex,C
10000403,Belmira,PS
10000403,Exaprin,C
10000404,Dulvane,PS
10000405,Cortavex,PS
10000406,Cortavex,PS
10000407,Zentarin,PS
10000408,Exaprin,PS
10000409,Ardoxin,PS
10000410,Cortavex,PS
10000410,Belmira,C
10000411,Ardoxin,PS
10000412,Dulvane,PS
10000413,Exaprin,PS
10000414,Cortavex,PS
10000415,Cortavex,PS
10000415,Exaprin,C
10000416,Exaprin,PS
10000417,Ardoxin,PS
10000418,Ardoxin,PS
10000419,Ardoxin,PS
10000419,Dulvane,C
10000420,Dulvane,PS
10000421,Ardoxin,PS
10000422,Zentarin,PS
10000422,Dulvane,C
10000423,Dulvane,PS
10000424,Dulvane,PS
10000425,Ardoxin,PS
10000425,Cortavex,C
10000426,Belmira,PS
10000427,Cortavex,PS
10000428,Zentarin,PS
10000428,Exaprin,C
10000429,Cortavex,PS
10000430,Zentarin,PS
10000431,Ardoxin,PS
10000431,Belmira,C
10000432,Exaprin,PS
10000433,Belmira,PS
10000434,Dulvane,PS
10000435,Ardoxin,PS
10000436,Belmira,PS
10000437,Zentarin,PS
10000438,Ardoxin,PS
10000439,Ardoxin,PS
10000440,Cortavex,PS
10000440,Exaprin,C
10000441,Exaprin,PS
10000442,Exaprin,PS
10000443,Zentarin,PS
10000443,Exaprin,C
10000444,Zentarin,PS
10000445,Exaprin,PS
10000446,Zentarin,PS
10000447,Belmira,PS
10000448,Cortavex,PS
10000449,Zentarin,PS
10000450,Cortavex,PS
10000450,Dulvane,C
10000451,Dulvane,PS
10000452,Exaprin,PS
10000453,Cortavex,PS
10000454,Exaprin,PS
10000455,Ardoxin,PS
10000455,Dulvane,C
10000456,Belmira,PS
10000457,Zentarin,PS
10000457,Dulvane,C
10000458,Dulvane,PS
10000459,Belmira,PS
10000460,Belmira,PS
10000461,Ardoxin,PS
10000462,Exaprin,PS
10000463,Dulvane,PS
10000464,Ardoxin,PS
10000464,Dulvane,C
10000465,Zentarin,PS
10000466,Ardoxin,PS
10000467,Dulvane,PS
10000468,Zentarin,PS
10000468,Dulvane,C
10000469,Dulvane,PS
10000470,Exaprin,PS
10000470,Dulvane,C
10000471,Belmira,PS
10000472,Ardoxin,PS
10000473,Zentarin,PS
10000473,Belmira,C
10000474,Belmira,PS
10000475,Dulvane,PS
10000475,Exaprin,C
10000476,Belmira,PS
10000477,Belmira,PS
10000478,Ardoxin,PS
10000479,Ardoxin,PS
10000479,Exaprin,C
10000480,Ardoxin,PS
10000481,Dulvane,PS
10000482,Exaprin,PS
10000482,Belmira,C
10000483,Exaprin,PS
10000484,Dulvane,PS
10000484,Ardoxin,C
10000485,Ardoxin,PS
10000486,Cortavex,PS
10000487,Exaprin,PS
10000488,Dulvane,PS
10000489,Belmira,PS
10000490,Exaprin,PS
10000491,Zentarin,PS
10000492,Zentarin,PS
10000492,Dulvane,C
10000493,Dulvane,PS
10000493,Ardoxin,C
10000494,Ardoxin,PS
10000495,Zentarin,PS
10000496,Cortavex,PS
10000496,Exaprin,C
10000497,Belmira,PS
10000497,Ardoxin,C
10000498,Belmira,PS
10000499,Dulvane,PS
10000499,Cortavex,C
10000500,Dulvane,PS
10000501,Ardoxin,PS
10000502,Zentarin,PS
10000503,Cortavex,PS
10000504,Dulvane,PS
10000505,Ardoxin,PS
10000506,Belmira,PS
10000507,Exaprin,PS
10000507,Belmira,C
10000508,Dulvane,PS
10000509,Ardoxin,PS
10000510,Dulvane,PS
10000510,Exaprin,C
10000511,Dulvane,PS
10000512,Belmira,PS
10000513,Cortavex,PS
10000514,Zentarin,PS
10000515,Exaprin,PS
10000516,Zentarin,PS
10000517,Cortavex,PS
10000518,Cortavex,PS
10000519,Dulvane,PS
10000520,Zentarin,PS
10000521,Exaprin,PS
10000521,Belmira,C
10000522,Zentarin,PS
10000523,Dulvane,PS
10000523,Cortavex,C
10000524,Ardoxin,PS
10000524,Exaprin,C
10000525,Cortavex,PS
10000526,Zentarin,PS
10000527,Exaprin,PS
10000528,Belmira,PS
10000528,Zentarin,C
10000529,Cortavex,PS
10000530,Belmira,PS
10000531,Belmira,PS
10000532,Dulvane,PS
10000533,Cortavex,PS
10000534,Zentarin,PS
10000535,Ardoxin,PS
10000536,Dulvane,PS
10000537,Ardoxin,PS
10000538,Dulvane,PS
10000539,Cortavex,PS
10000540,Ardoxin,PS
10000541,Exaprin,PS
10000541,Ardoxin,C
10000542,Cortavex,PS
10000543,Exaprin,PS
10000544,Dulvane,PS
10000545,Ardoxin,PS
10000546,Ardoxin,PS
10000546,Exaprin,C
10000547,Cortavex,PS
10000548,Dulvane,PS
10000549,Cortavex,PS
10000549,Exaprin,C
10000550,Ardoxin,PS
10000550,Dulvane,C
10000551,Belmira,PS
10000551,Ardoxin,C
10000552,Cortavex,PS
10000553,Belmira,PS
10000553,Dulvane,C
10000554,Dulvane,PS
10000554,Exaprin,C
10000555,Zentarin,PS
10000556,Dulvane,PS
10000557,Dulvane,PS
10000558,Ardoxin,PS
10000559,Zentarin,PS
10000560,Cortavex,PS
10000561,Dulvane,PS
10000561,Ardoxin,C
10000562,Cortavex,PS
10000562,Belmira,C
10000563,Zentarin,PS
10000564,Exaprin,PS
10000565,Belmira,PS
10000565,Zentarin,C
10000566,Dulvane,PS
10000566,Cortavex,C
10000567,Dulvane,PS
10000568,Ardoxin,PS
10000568,Belmira,C
10000569,Cortavex,PS
10000569,Exaprin,C
10000570,Cortavex,PS
10000571,Zentarin,PS
10000572,Zentarin,PS
10000573,Belmira,PS
10000574,Exaprin,PS
10000575,Belmira,PS
10000576,Cortavex,PS
10000577,Ardoxin,PS
10000578,Belmira,PS
10000578,Cortavex,C
10000579,Dulvane,PS
10000580,Ardoxin,PS
10000580,Dulvane,C
10000581,Ardoxin,PS
10000582,Belmira,PS
10000583,Belmira,PS
10000584,Exaprin,PS
10000585,Zentarin,PS
10000586,Cortavex,PS
10000587,Belmira,PS
10000587,Zentarin,C
10000588,Belmira,PS
10000588,Exaprin,C
10000589,Belmira,PS
10000590,Ardoxin,PS
10000591,Dulvane,PS
10000592,Dulvane,PS
10000593,Exaprin,PS
10000594,Belmira,PS
10000595,Cortavex,PS
10000595,Zentarin,C
10000596,Belmira,PS
10000596,Dulvane,C
10000597,Ardoxin,PS
10000598,Zentarin,PS
10000599,Ardoxin,PS
10000600,Exaprin,PS
10000601,Dulvane,PS
10000602,Zentarin,PS
10000603,Ardoxin,PS
10000603,Dulvane,C
10000604,Dulvane,PS
10000605,Dulvane,PS
10000606,Exaprin,PS
10000607,Dulvane,PS
10000608,Ardoxin,PS
10000608,Dulvane,C
10000609,Exaprin,PS
10000610,Cortavex,PS
10000611,Zentarin,PS
10000612,Ardoxin,PS
10000613,Cortavex,PS
10000614,Zentarin,PS
10000615,Dulvane,PS
10000615,Zentarin,C
10000616,Ardoxin,PS
10000617,Cortavex,PS
10000617,Zentarin,C
10000618,Zentarin,PS
10000619,Ardoxin,PS
10000620,Dulvane,PS
10000621,Ardoxin,PS
10000622,Dulvane,PS
10000622,Exaprin,C
10000623,Dulvane,PS
10000624,Exaprin,PS
10000625,Belmira,PS
10000626,Ardoxin,PS
10000627,Exaprin,PS
10000628,Cortavex,PS
10000629,Belmira,PS
10000630,Cortavex,PS
10000631,Exaprin,PS
10000632,Ardoxin,PS
10000632,Exaprin,C
10000633,Dulvane,PS
10000633,Belmira,C
10000634,Cortavex,PS
10000635,Ardoxin,PS
10000635,Exaprin,C
10000636,Dulvane,PS
10000637,Zentarin,PS
10000638,Ardoxin,PS
10000639,Ardoxin,PS
10000640,Belmira,PS
10000641,Cortavex,PS
10000642,Exaprin,PS
10000643,Ardoxin,PS
10000643,Cortavex,C
10000644,Ardoxin,PS
10000645,Belmira,PS
10000646,Ardoxin,PS
10000647,Belmira,PS
10000648,Cortavex,PS
10000649,Belmira,PS
10000649,Cortavex,C
10000650,Dulvane,PS
10000651,Dulvane,PS
10000652,Ardoxin,PS
10000653,Cortavex,PS
10000654,Ardoxin,PS
10000655,Exaprin,PS
10000656,Zentarin,PS
10000657,Ardoxin,PS
10000657,Zentarin,C
10000658,Ardoxin,PS
10000659,Dulvane,PS
10000659,Belmira,C
10000660,Cortavex,PS
10000661,Ardoxin,PS
10000662,Zentarin,PS
10000663,Dulvane,PS
10000664,Zentarin,PS
10000665,Belmira,PS
10000666,Cortavex,PS
10000667,Cortavex,PS
10000667,Exaprin,C
10000668,Dulvane,PS
10000669,Belmira,PS
10000669,Dulvane,C
10000670,Ardoxin,PS
10000670,Dulvane,C
10000671,Zentarin,PS
10000672,Exaprin,PS
10000673,Exaprin,PS
10000674,Ardoxin,PS
10000675,Belmira,PS
10000675,Dulvane,C
10000676,Belmira,PS
10000677,Exaprin,PS
10000678,Cortavex,PS
10000679,Belmira,PS
10000680,Belmira,PS
10000681,Dulvane,PS
10000681,Ardoxin,C
10000682,Exaprin,PS
10000683,Exaprin,PS
10000684,Cortavex,PS
10000685,Zentarin,PS
10000686,Ardoxin,PS
10000686,Cortavex,C
10000687,Exaprin,PS
10000688,Exaprin,PS
10000689,Belmira,PS
10000690,Belmira,PS
10000691,Cortavex,PS
10000692,Cortavex,PS
10000693,Zentarin,PS
10000694,Ardoxin,PS
10000695,Belmira,PS
10000696,Dulvane,PS
10000697,Belmira,PS
10000698,Belmira,PS
10000698,Exaprin,C
10000699,Belmira,PS
10000700,Belmira,PS
10000700,Exaprin,C
10000701,Belmira,PS
10000702,Belmira,PS
10000702,Zentarin,C
10000703,Dulvane,PS
10000704,Ardoxin,PS
10000705,Dulvane,PS
10000705,Exaprin,C
10000706,Zentarin,PS
10000707,Dulvane,PS
10000707,Cortavex,C
10000708,Ardoxin,PS
10000709,Dulvane,PS
10000710,Belmira,PS
10000710,Zentarin,C
10000711,Zentarin,PS
10000711,Belmira,C
10000712,Cortavex,PS
10000713,Ardoxin,PS
10000713,Cortavex,C
10000714,Exaprin,PS
10000714,Dulvane,C
10000715,Belmira,PS
10000716,Belmira,PS
10000716,Dulvane,C
10000717,Cortavex,PS
10000717,Dulvane,C
10000718,Belmira,PS
10000719,Ardoxin,PS
10000719,Exaprin,C
10000720,Dulvane,PS
10000721,Dulvane,PS
10000721,Ardoxin,C
10000722,Zentarin,PS
10000723,Dulvane,PS
10000724,Ardoxin,PS
10000725,Belmira,PS
10000726,Dulvane,PS
10000726,Belmira,C
10000727,Zentarin,PS
10000728,Ardoxin,PS
10000729,Cortavex,PS
10000730,Zentarin,PS
10000730,Exaprin,C
10000731,Exaprin,PS
10000731,Dulvane,C
10000732,Exaprin,PS
10000733,Exaprin,PS
10000734,Zentarin,PS
10000735,Exaprin,PS
10000736,Ardoxin,PS
10000737,Ardoxin,PS
10000738,Exaprin,PS
10000739,Cortavex,PS
10000740,Dulvane,PS
10000741,Belmira,PS
10000741,Ardoxin,C
10000742,Belmira,PS
10000743,Cortavex,PS
10000743,Ardoxin,C
10000744,Exaprin,PS
10000745,Dulvane,PS
10000745,Cortavex,C
10000746,Dulvane,PS
10000747,Cortavex,PS
10000748,Zentarin,PS
10000748,Ardoxin,C
10000749,Cortavex,PS
10000749,Ardoxin,C
10000750,Exaprin,PS
10000751,Cortavex,PS
10000752,Ardoxin,PS
10000752,Cortavex,C
10000753,Belmira,PS
10000754,Belmira,PS
10000755,Exaprin,PS
10000756,Belmira,PS
10000757,Ardoxin,PS
10000758,Belmira,PS
10000759,Cortavex,PS
10000760,Dulvane,PS
10000760,Zentarin,C
10000761,Cortavex,PS
10000761,Belmira,C
10000762,Ardoxin,PS
10000763,Dulvane,PS
10000764,Exaprin,PS
10000765,Zentarin,PS
10000766,Cortavex,PS
10000767,Exaprin,PS
10000768,Dulvane,PS
10000769,Dulvane,PS
10000770,Belmira,PS
10000771,Ardoxin,PS
10000772,Zentarin,PS
10000772,Dulvane,C
10000773,Zentarin,PS
10000773,Ardoxin,C
10000774,Belmira,PS
10000775,Exaprin,PS
10000776,Dulvane,PS
10000777,Ardoxin,PS
10000778,Ardoxin,PS
10000778,Dulvane,C
10000779,Exaprin,PS
10000780,Cortavex,PS
10000781,Ardoxin,PS
10000781,Dulvane,C
10000782,Cortavex,PS
10000783,Cortavex,PS
10000783,Belmira,C
10000784,Zentarin,PS
10000785,Belmira,PS
10000786,Zentarin,PS
10000787,Belmira,PS
10000788,Dulvane,PS
10000788,Belmira,C
10000789,Exaprin,PS
10000790,Ardoxin,PS
10000791,Dulvane,PS
10000791,Exaprin,C
10000792,Cortavex,PS
10000793,Cortavex,PS
10000793,Dulvane,C
10000794,Belmira,PS
10000794,Ardoxin,C
10000795,Exaprin,PS
10000795,Cortavex,C
10000796,Exaprin,PS
10000797,Cortavex,PS
10000798,Ardoxin,PS
10000798,Exaprin,C
10000799,Ardoxin,PS
10000800,Ardoxin,PS
10000801,Cortavex,PS
10000802,Cortavex,PS
10000803,Exaprin,PS
10000804,Dulvane,PS
10000804,Belmira,C
10000805,Ardoxin,PS
10000806,Ardoxin,PS
10000806,Exaprin,C
10000807,Cortavex,PS
10000807,Exaprin,C
10000808,Exaprin,PS
10000809,Cortavex,PS
10000810,Dulvane,PS
10000811,Zentarin,PS
10000812,Belmira,PS
10000813,Dulvane,PS
10000814,Dulvane,PS
10000815,Zentarin,PS
10000816,Zentarin,PS
10000816,Dulvane,C
10000817,Ardoxin,PS
10000818,Dulvane,PS
10000819,Ardoxin,PS
10000820,Dulvane,PS
10000821,Ardoxin,PS
10000822,Ardoxin,PS
10000823,Cortavex,PS
10000824,Ardoxin,PS
10000825,Exaprin,PS
10000826,Ardoxin,PS
10000826,Cortavex,C
10000827,Belmira,PS
10000828,Cortavex,PS
10000828,Ardoxin,C
10000829,Belmira,PS
10000830,Belmira,PS
10000831,Ardoxin,PS
10000832,Exaprin,PS
10000832,Belmira,C
10000833,Dulvane,PS
10000834,Exaprin,PS
10000835,Exaprin,PS
10000836,Cortavex,PS
10000837,Cortavex,PS
10000838,Belmira,PS
10000839,Dulvane,PS
10000840,Zentarin,PS
10000840,Ardoxin,C
10000841,Zentarin,PS
10000841,Dulvane,C
10000842,Exaprin,PS
10000842,Ardoxin,C
10000843,Ardoxin,PS
10000844,Exaprin,PS
10000845,Ardoxin,PS
10000846,Dulvane,PS
10000847,Exaprin,PS
10000847,Belmira,C
10000848,Exaprin,PS
10000848,Belmira,C
10000849,Ardoxin,PS
10000850,Zentarin,PS
10000851,Dulvane,PS
10000851,Cortavex,C
10000852,Cortavex,PS
10000853,Ardoxin,PS
10000854,Cortavex,PS
10000854,Belmira,C
10000855,Zentarin,PS
10000856,Belmira,PS
10000857,Cortavex,PS
10000858,Cortavex,PS
10000859,Exaprin,PS
10000859,Zentarin,C
10000860,Dulvane,PS
10000861,Dulvane,PS
10000862,Exaprin,PS
10000863,Cortavex,PS
10000863,Dulvane,C
10000864,Belmira,PS
10000865,Cortavex,PS
10000865,Dulvane,C
10000866,Dulvane,PS
10000867,Belmira,PS
10000868,Exaprin,PS
10000869,Exaprin,PS
10000870,Zentarin,PS
10000871,Ardoxin,PS
10000871,Dulvane,C
10000872,Ardoxin,PS
10000873,Exaprin,PS
10000874,Zentarin,PS
10000875,Exaprin,PS
10000876,Belmira,PS
10000877,Cortavex,PS
10000878,Dulvane,PS
10000879,Zentarin,PS
10000880,Cortavex,PS
10000881,Dulvane,PS
10000882,Exaprin,PS
10000883,Exaprin,PS
10000884,Cortavex,PS
10000885,Dulvane,PS
10000885,Zentarin,C
10000886,Cortavex,PS
10000886,Exaprin,C
10000887,Ardoxin,PS
10000888,Exaprin,PS
10000888,Ardoxin,C
10000889,Belmira,PS
10000890,Zentarin,PS
10000890,Exaprin,C
10000891,Ardoxin,PS
10000892,Cortavex,PS
10000893,Cortavex,PS
10000894,Zentarin,PS
10000895,Dulvane,PS
10000896,Belmira,PS
10000897,Ardoxin,PS
10000898,Ardoxin,PS
10000899,Ardoxin,PS
10000900,Exaprin,PS
10000901,Ardoxin,PS
10000902,Exaprin,PS
10000903,Belmira,PS
10000903,Dulvane,C
10000904,Dulvane,PS
10000904,Zentarin,C
10000905,Dulvane,PS
10000905,Zentarin,C
10000906,Exaprin,PS
10000906,Belmira,C
10000907,Belmira,PS
10000908,Cortavex,PS
10000909,Exaprin,PS
10000909,Belmira,C
10000910,Dulvane,PS
10000911,Zentarin,PS
10000912,Belmira,PS
10000913,Ardoxin,PS
10000914,Ardoxin,PS
10000915,Belmira,PS
10000916,Zentarin,PS
10000917,Belmira,PS
10000918,Ardoxin,PS
10000919,Belmira,PS
10000919,Ardoxin,C
10000920,Exaprin,PS
10000920,Dulvane,C
10000921,Belmira,PS
10000922,Dulvane,PS
10000923,Ardoxin,PS
10000924,Cortavex,PS
10000925,Ardoxin,PS
10000925,Dulvane,C
10000926,Ardoxin,PS
10000927,Belmira,PS
10000928,Belmira,PS
10000929,Cortavex,PS
10000929,Dulvane,C
10000930,Exaprin,PS
10000931,Dulvane,PS
10000931,Zentarin,C
10000932,Ardoxin,PS
10000932,Zentarin,C
10000933,Ardoxin,PS
10000934,Dulvane,PS
10000934,Cortavex,C
10000935,Ardoxin,PS
10000936,Ardoxin,PS
10000937,Ardoxin,PS
10000938,Exaprin,PS
10000939,Dulvane,PS
10000940,Ardoxin,PS
10000941,Ardoxin,PS
10000942,Exaprin,PS
10000943,Belmira,PS
10000944,Exaprin,PS
10000945,Belmira,PS
10000946,Dulvane,PS
10000946,Zentarin,C
10000947,Exaprin,PS
10000948,Dulvane,PS
10000949,Dulvane,PS
10000950,Exaprin,PS
10000951,Ardoxin,PS
10000951,Zentarin,C
10000952,Dulvane,PS
10000952,Exaprin,C
10000953,Belmira,PS
10000954,Cortavex,PS
10000954,Belmira,C
10000955,Ardoxin,PS
10000956,Zentarin,PS
10000957,Exaprin,PS
10000958,Exaprin,PS
10000958,Zentarin,C
10000959,Zentarin,PS
10000960,Cortavex,PS
10000961,Zentarin,PS
10000962,Cortavex,PS
10000962,Belmira,C
10000963,Zentarin,PS
10000964,Ardoxin,PS
10000965,Belmira,PS
10000966,Ardoxin,PS
10000967,Exaprin,PS
10000968,Cortavex,PS
10000969,Cortavex,PS
10000969,Dulvane,C
10000970,Belmira,PS
10000971,Exaprin,PS
10000972,Ardoxin,PS
10000973,Ardoxin,PS
10000973,Zentarin,C
10000974,Cortavex,PS
10000974,Belmira,C
10000975,Dulvane,PS
10000976,Dulvane,PS
10000976,Exaprin,C
10000977,Belmira,PS
10000977,Cortavex,C
10000978,Ardoxin,PS
10000979,Cortavex,PS
10000980,Belmira,PS
10000981,Cortavex,PS
10000982,Dulvane,PS
10000983,Ardoxin,PS
10000983,Dulvane,C
10000984,Belmira,PS
10000984,Dulvane,C
10000985,Ardoxin,PS
10000986,Cortavex,PS
10000987,Dulvane,PS
10000988,Belmira,PS
10000989,Zentarin,PS
10000989,Ardoxin,C
10000990,Cortavex,PS
10000991,Ardoxin,PS
10000992,Ardoxin,PS
10000993,Dulvane,PS
10000993,Ardoxin,C
10000994,Belmira,PS
10000995,Cortavex,PS
10000996,Dulvane,PS
10000996,Exaprin,C
10000997,Belmira,PS
10000997,Exaprin,C
10000998,Dulvane,PS
10000999,Cortavex,PS
10001000,Ardoxin,PS
10001001,Ardoxin,PS
10001002,Belmira,PS
10001002,Ardoxin,C
10001003,Belmira,PS
10001004,Ardoxin,PS
10001004,Zentarin,C
10001005,Dulvane,PS
10001005,Ardoxin,C
10001006,Cortavex,PS
10001007,Cortavex,PS
10001008,Cortavex,PS
10001009,Zentarin,PS
10001010,Belmira,PS
10001010,Cortavex,C
10001011,Cortavex,PS
10001012,Cortavex,PS
10001012,Belmira,C
10001013,Ardoxin,PS
10001013,Exaprin,C
10001014,Zentarin,PS
10001015,Zentarin,PS
10001016,Ardoxin,PS
10001017,Ardoxin,PS
10001018,Ardoxin,PS
10001019,Belmira,PS
10001019,Exaprin,C
10001020,Dulvane,PS
10001021,Ardoxin,PS
10001022,Belmira,PS
10001023,Belmira,PS
10001024,Ardoxin,PS
10001025,Dulvane,PS
10001025,Cortavex,C
10001026,Belmira,PS
10001027,Cortavex,PS
10001028,Cortavex,PS
10001028,Belmira,C
10001029,Cortavex,PS
10001030,Ardoxin,PS
10001031,Belmira,PS
10001032,Belmira,PS
10001033,Belmira,PS
10001034,Belmira,PS
10001034,Cortavex,C
10001035,Belmira,PS
10001035,Ardoxin,C
10001036,Dulvane,PS
10001037,Cortavex,PS
10001038,Zentarin,PS
10001039,Exaprin,PS
10001040,Cortavex,PS
10001041,Belmira,PS
10001042,Exaprin,PS
10001043,Zentarin,PS
10001044,Ardoxin,PS
10001044,Dulvane,C
10001045,Ardoxin,PS
10001046,Zentarin,PS
10001046,Belmira,C
10001047,Cortavex,PS
10001047,Zentarin,C
10001048,Exaprin,PS
10001049,Belmira,PS
10001050,Belmira,PS
10001051,Zentarin,PS
10001052,Ardoxin,PS
10001053,Cortavex,PS
10001054,Exaprin,PS
10001054,Zentarin,C
10001055,Ardoxin,PS
10001055,Cortavex,C
10001056,Exaprin,PS
10001056,Belmira,C
10001057,Ardoxin,PS
10001058,Ardoxin,PS
10001059,Zentarin,PS
10001060,Ardoxin,PS
10001061,Dulvane,PS
10001062,Belmira,PS
10001063,Zentarin,PS
10001064,Exaprin,PS
10001065,Ardoxin,PS
10001066,Belmira,PS
10001067,Belmira,PS
10001068,Ardoxin,PS
10001069,Cortavex,PS
10001069,Belmira,C
10001070,Ardoxin,PS
10001071,Exaprin,PS
10001072,Zentarin,PS
10001073,Ardoxin,PS
10001073,Cortavex,C
10001074,Dulvane,PS
10001075,Cortavex,PS
10001076,Dulvane,PS
10001076,Cortavex,C
10001077,Ardoxin,PS
10001078,Ardoxin,PS
10001078,Cortavex,C
10001079,Cortavex,PS
10001080,Dulvane,PS
10001080,Zentarin,C
10001081,Exaprin,PS
10001082,Belmira,PS
10001083,Dulvane,PS
10001084,Cortavex,PS
10001084,Exaprin,C
10001085,Ardoxin,PS
10001085,Zentarin,C
10001086,Belmira,PS
10001086,Exaprin,C
10001087,Belmira,PS
10001088,Ardoxin,PS
10001089,Zentarin,PS
10001089,Cortavex,C
10001090,Dulvane,PS
10001090,Zentarin,C
10001091,Ardoxin,PS
10001091,Exaprin,C
10001092,Exaprin,PS
10001092,Ardoxin,C
10001093,Exaprin,PS
10001093,Belmira,C
10001094,Ardoxin,PS
10001095,Cortavex,PS
10001096,Exaprin,PS
10001096,Zentarin,C
10001097,Exaprin,PS
10001098,Cortavex,PS
10001099,Belmira,PS
10001100,Ardoxin,PS
10001101,Ardoxin,PS
10001101,Belmira,C
10001102,Dulvane,PS
10001103,Belmira,PS
10001103,Ardoxin,C
10001104,Zentarin,PS
10001104,Ardoxin,C
10001105,Belmira,PS
10001106,Belmira,PS
10001106,Dulvane,C
10001107,Exaprin,PS
10001108,Cortavex,PS
10001108,Exaprin,C
10001109,Exaprin,PS
10001110,Cortavex,PS
10001110,Dulvane,C
10001111,Zentarin,PS
10001111,Ardoxin,C
10001112,Cortavex,PS
10001112,Zentarin,C
10001113,Dulvane,PS
10001114,Zentarin,PS
10001115,Ardoxin,PS
10001116,Ardoxin,PS
10001117,Zentarin,PS
10001118,Exaprin,PS
10001118,Cortavex,C
10001119,Cortavex,PS
10001120,Cortavex,PS
10001121,Ardoxin,PS
10001122,Exaprin,PS
10001123,Dulvane,PS
10001124,Dulvane,PS
10001125,Belmira,PS
10001126,Cortavex,PS
10001126,Ardoxin,C
10001127,Cortavex,PS
10001127,Dulvane,C
10001128,Exaprin,PS
10001129,Ardoxin,PS
10001130,Cortavex,PS
10001130,Dulvane,C
10001131,Zentarin,PS
10001132,Exaprin,PS
10001133,Belmira,PS
10001133,Dulvane,C
10001134,Dulvane,PS
10001135,Ardoxin,PS
10001136,Zentarin,PS
10001136,Ardoxin,C
10001137,Dulvane,PS
10001138,Ardoxin,PS
10001138,Exaprin,C
10001139,Ardoxin,PS
10001140,Ardoxin,PS
10001140,Dulvane,C
10001141,Dulvane,PS
10001141,Cortavex,C
10001142,Zentarin,PS
10001142,Cortavex,C
10001143,Exaprin,PS
10001143,Ardoxin,C
10001144,Cortavex,PS
10001144,Zentarin,C
10001145,Dulvane,PS
10001146,Belmira,PS
10001147,Zentarin,PS
10001148,Cortavex,PS
10001149,Cortavex,PS
10001150,Dulvane,PS
10001151,Belmira,PS
10001152,Zentarin,PS
10001153,Ardoxin,PS
10001154,Zentarin,PS
10001155,Belmira,PS
10001156,Cortavex,PS
10001157,Zentarin,PS
10001158,Belmira,PS
10001159,Cortavex,PS
10001159,Dulvane,C
10001160,Belmira,PS
10001161,Exaprin,PS
10001162,Exaprin,PS
10001163,Cortavex,PS
10001164,Belmira,PS
10001165,Zentarin,PS
10001165,Dulvane,C
10001166,Ardoxin,PS
10001166,Dulvane,C
10001167,Cortavex,PS
10001168,Zentarin,PS
10001168,Ardoxin,C
10001169,Dulvane,PS
10001170,Cortavex,PS
10001170,Belmira,C
10001171,Exaprin,PS
10001172,Exaprin,PS
10001172,Belmira,C
10001173,Dulvane,PS
10001174,Belmira,PS
10001175,Cortavex,PS
10001175,Exaprin,C
10001176,Belmira,PS
10001176,Dulvane,C
10001177,Dulvane,PS
10001178,Cortavex,PS
10001179,Dulvane,PS
10001180,Ardoxin,PS
10001181,Belmira,PS
10001182,Exaprin,PS
10001183,Cortavex,PS
10001184,Cortavex,PS
10001185,Belmira,PS
10001185,Zentarin,C
10001186,Belmira,PS
10001186,Exaprin,C
10001187,Belmira,PS
10001188,Cortavex,PS
10001188,Exaprin,C
10001189,Dulvane,PS
10001190,Cortavex,PS
10001191,Ardoxin,PS
10001191,Belmira,C
10001192,Dulvane,PS
10001193,Cortavex,PS
10001194,Dulvane,PS
10001194,Cortavex,C
10001195,Ardoxin,PS
10001195,Cortavex,C
10001196,Exaprin,PS
10001196,Cortavex,C
10001197,Belmira,PS
10001198,Zentarin,PS
10001199,Exaprin,PS
10001199,Belmira,C
10001200,Ardoxin,PS
10001200,Exaprin,C
10001201,Ardoxin,PS
10001202,Exaprin,PS
10001202,Dulvane,C
10001203,Belmira,PS
10001204,Belmira,PS
10001205,Belmira,PS
10001206,Cortavex,PS
10001207,Cortavex,PS
10001208,Zentarin,PS
10001209,Exaprin,PS
10001210,Exaprin,PS
10001211,Dulvane,PS
10001212,Ardoxin,PS
10001213,Belmira,PS
10001214,Exaprin,PS
10001215,Belmira,PS
10001216,Belmira,PS
10001217,Belmira,PS
10001218,Ardoxin,PS
10001219,Ardoxin,PS
10001220,Zentarin,PS
10001221,Ardoxin,PS
10001221,Exaprin,C
10001222,Zentarin,PS
10001222,Exaprin,C
10001223,Belmira,PS
10001224,Ardoxin,PS
10001225,Ardoxin,PS
10001226,Zentarin,PS
10001227,Zentarin,PS
10001228,Exaprin,PS
10001229,Cortavex,PS
10001230,Zentarin,PS
10001231,Dulvane,PS
10001231,Ardoxin,C
10001232,Cortavex,PS
10001233,Exaprin,PS
10001233,Cortavex,C
10001234,Belmira,PS
10001235,Dulvane,PS
10001236,Exaprin,PS
10001237,Belmira,PS
10001237,Cortavex,C
10001238,Ardoxin,PS
10001239,Belmira,PS
10001240,Belmira,PS
10001240,Cortavex,C
10001241,Ardoxin,PS
10001242,Belmira,PS
10001243,Ardoxin,PS
10001244,Cortavex,PS
10001245,Belmira,PS
10001246,Cortavex,PS
10001247,Belmira,PS
10001247,Dulvane,C
10001248,Exaprin,PS
10001248,Cortavex,C
10001249,Belmira,PS
10001250,Dulvane,PS
10001250,Zentarin,C
10001251,Dulvane,PS
10001251,Ardoxin,C
10001252,Belmira,PS
10001253,Dulvane,PS
10001254,Ardoxin,PS
10001255,Ardoxin,PS
10001256,Cortavex,PS
10001257,Cortavex,PS
10001258,Ardoxin,PS
10001259,Cortavex,PS
10001260,Ardoxin,PS
10001260,Exaprin,C
10001261,Belmira,PS
10001262,Ardoxin,PS
10001263,Belmira,PS
10001264,Cortavex,PS
10001264,Belmira,C
10001265,Ardoxin,PS
10001266,Ardoxin,PS
10001267,Exaprin,PS
10001268,Ardoxin,PS
10001268,Belmira,C
10001269,Cortavex,PS
10001270,Cortavex,PS
10001271,Zentarin,PS
10001271,Belmira,C
10001272,Ardoxin,PS
10001273,Dulvane,PS
10001273,Exaprin,C
10001274,Zentarin,PS
10001275,Exaprin,PS
10001276,Ardoxin,PS
10001277,Dulvane,PS
10001277,Ardoxin,C
10001278,Belmira,PS
10001279,Ardoxin,PS
10001280,Exaprin,PS
10001281,Ardoxin,PS
10001281,Dulvane,C
10001282,Exaprin,PS
10001282,Dulvane,C
10001283,Zentarin,PS
10001284,Exaprin,PS
10001285,Belmira,PS
10001286,Cortavex,PS
10001286,Belmira,C
10001287,Ardoxin,PS
10001287,Zentarin,C
10001288,Ardoxin,PS
10001289,Exaprin,PS
10001290,Exaprin,PS
10001291,Zentarin,PS
10001291,Cortavex,C
10001292,Ardoxin,PS
10001293,Belmira,PS
10001293,Dulvane,C
10001294,Exaprin,PS
10001294,Belmira,C
10001295,Zentarin,PS
10001296,Zentarin,PS
10001297,Cortavex,PS
10001298,Dulvane,PS
10001299,Belmira,PS
10001299,Ardoxin,C
10001300,Cortavex,PS
10001301,Ardoxin,PS
10001302,Cortavex,PS
10001302,Exaprin,C
10001303,Exaprin,PS
10001304,Exaprin,PS
10001305,Ardoxin,PS
10001306,Dulvane,PS
10001306,Exaprin,C
10001307,Ardoxin,PS
10001308,Belmira,PS
10001309,Dulvane,PS
10001309,Ardoxin,C
10001310,Ardoxin,PS
10001310,Dulvane,C
10001311,Cortavex,PS
10001311,Belmira,C
10001312,Dulvane,PS
10001312,Belmira,C
10001313,Cortavex,PS
10001313,Zentarin,C
10001314,Dulvane,PS
10001315,Belmira,PS
10001316,Dulvane,PS
10001317,Belmira,PS
10001318,Zentarin,PS
10001319,Exaprin,PS
10001320,Dulvane,PS
10001321,Zentarin,PS
10001322,Zentarin,PS
10001323,Cortavex,PS
10001324,Cortavex,PS
10001325,Zentarin,PS
10001325,Cortavex,C
10001326,Dulvane,PS
10001327,Belmira,PS
10001327,Cortavex,C
10001328,Zentarin,PS
10001329,Ardoxin,PS
10001329,Exaprin,C
10001330,Belmira,PS
10001330,Dulvane,C
10001331,Exaprin,PS
10001331,Zentarin,C
10001332,Ardoxin,PS
10001332,Belmira,C
10001333,Belmira,PS
10001334,Zentarin,PS
10001335,Exaprin,PS
10001335,Dulvane,C
10001336,Dulvane,PS
10001337,Cortavex,PS
10001338,Exaprin,PS
10001339,Ardoxin,PS
10001339,Zentarin,C
10001340,Zentarin,PS
10001341,Belmira,PS
10001342,Ardoxin,PS
10001342,Belmira,C
10001343,Exaprin,PS
10001344,Dulvane,PS
10001345,Cortavex,PS
10001346,Belmira,PS
10001346,Zentarin,C
10001347,Exaprin,PS
10001348,Belmira,PS
10001349,Zentarin,PS
10001349,Dulvane,C
10001350,Cortavex,PS
10001350,Zentarin,C
10001351,Cortavex,PS
10001352,Belmira,PS
10001352,Zentarin,C
10001353,Exaprin,PS
10001354,Cortavex,PS
10001354,Belmira,C
10001355,Cortavex,PS
10001356,Exaprin,PS
10001357,Dulvane,PS
10001358,Ardoxin,PS
10001359,Ardoxin,PS
10001360,Belmira,PS
10001361,Dulvane,PS
10001362,Belmira,PS
10001363,Belmira,PS
10001364,Ardoxin,PS
10001364,Dulvane,C
10001365,Belmira,PS
10001366,Zentarin,PS
10001367,Cortavex,PS
10001368,Ardoxin,PS
10001368,Belmira,C
10001369,Exaprin,PS
10001370,Ardoxin,PS
10001371,Belmira,PS
10001371,Cortavex,C
10001372,Ardoxin,PS
10001372,Belmira,C
10001373,Cortavex,PS
10001374,Ardoxin,PS
10001374,Cortavex,C
10001375,Zentarin,PS
10001375,Dulvane,C
10001376,Dulvane,PS
10001376,Zentarin,C
10001377,Cortavex,PS
10001377,Ardoxin,C
10001378,Zentarin,PS
10001379,Cortavex,PS
10001380,Dulvane,PS
10001380,Cortavex,C
10001381,Exaprin,PS
10001382,Exaprin,PS
10001383,Zentarin,PS
10001384,Cortavex,PS
10001385,Cortavex,PS
10001385,Belmira,C
10001386,Dulvane,PS
10001387,Ardoxin,PS
10001388,Zentarin,PS
10001389,Belmira,PS
10001390,Dulvane,PS
10001391,Belmira,PS
10001392,Belmira,PS
10001393,Ardoxin,PS
10001394,Cortavex,PS
10001394,Exaprin,C
10001395,Cortavex,PS
10001396,Belmira,PS
10001397,Dulvane,PS
10001398,Zentarin,PS
10001398,Exaprin,C
10001399,Zentarin,PS
10001400,Belmira,PS
10001401,Exaprin,PS
10001401,Cortavex,C
10001402,Ardoxin,PS
10001402,Zentarin,C
10001403,Exaprin,PS
10001404,Cortavex,PS
10001405,Cortavex,PS
10001406,Ardoxin,PS
10001407,Ardoxin,PS
10001408,Ardoxin,PS
10001409,Belmira,PS
10001410,Dulvane,PS
10001410,Ardoxin,C
10001411,Dulvane,PS
10001411,Ardoxin,C
10001412,Ardoxin,PS
10001413,Cortavex,PS
10001414,Belmira,PS
10001414,Zentarin,C
10001415,Cortavex,PS
10001415,Ardoxin,C
10001416,Exaprin,PS
10001417,Ardoxin,PS
10001417,Zentarin,C
10001418,Zentarin,PS
10001419,Ardoxin,PS
10001420,Cortavex,PS
10001420,Exaprin,C
10001421,Dulvane,PS
10001422,Belmira,PS
10001423,Cortavex,PS
10001424,Cortavex,PS
10001425,Belmira,PS
10001425,Zentarin,C
10001426,Belmira,PS
10001427,Belmira,PS
10001427,Cortavex,C
10001428,Dulvane,PS
10001429,Dulvane,PS
10001430,Belmira,PS
10001431,Dulvane,PS
10001431,Ardoxin,C
10001432,Cortavex,PS
10001433,Belmira,PS
10001434,Exaprin,PS
10001435,Cortavex,PS
10001436,Belmira,PS
10001437,Belmira,PS
10001438,Ardoxin,PS
10001439,Ardoxin,PS
10001439,Cortavex,C
10001440,Belmira,PS
10001440,Dulvane,C
10001441,Belmira,PS
10001442,Ardoxin,PS
10001443,Cortavex,PS
10001444,Ardoxin,PS
10001444,Dulvane,C
10001445,Dulvane,PS
10001446,Belmira,PS
10001446,Ardoxin,C
10001447,Exaprin,PS
10001448,Zentarin,PS
10001449,Ardoxin,PS
10001449,Exaprin,C
10001450,Zentarin,PS
10001451,Belmira,PS
10001452,Belmira,PS
10001453,Ardoxin,PS
10001454,Dulvane,PS
10001455,Cortavex,PS
10001456,Cortavex,PS
10001457,Ardoxin,PS
10001458,Ardoxin,PS
10001458,Belmira,C
10001459,Belmira,PS
10001460,Belmira,PS
10001460,Exaprin,C
10001461,Cortavex,PS
10001462,Exaprin,PS
10001463,Dulvane,PS
10001464,Belmira,PS
10001465,Ardoxin,PS
10001466,Belmira,PS
10001466,Zentarin,C
10001467,Exaprin,PS
10001468,Cortavex,PS
10001469,Cortavex,PS
10001470,Ardoxin,PS
10001471,Cortavex,PS
10001472,Ardoxin,PS
10001473,Cortavex,PS
10001474,Belmira,PS
10001475,Ardoxin,PS
10001476,Ardoxin,PS
10001476,Exaprin,C
10001477,Belmira,PS
10001478,Dulvane,PS
10001479,Belmira,PS
10001480,Dulvane,PS
10001481,Zentarin,PS
10001481,Dulvane,C
10001482,Belmira,PS
10001482,Cortavex,C
10001483,Belmira,PS
10001484,Exaprin,PS
10001485,Dulvane,PS
10001485,Cortavex,C
10001486,Zentarin,PS
10001486,Ardoxin,C
10001487,Belmira,PS
10001488,Dulvane,PS
10001489,Zentarin,PS
10001490,Belmira,PS
10001490,Ardoxin,C
10001491,Exaprin,PS
10001492,Cortavex,PS
10001492,Belmira,C
10001493,Exaprin,PS
10001494,Cortavex,PS
10001495,Cortavex,PS
10001495,Zentarin,C
10001496,Ardoxin,PS
10001497,Cortavex,PS
10001498,Exaprin,PS
10001498,Zentarin,C
10001499,Belmira,PS
10001499,Ardoxin,C
10001500,Dulvane,PS
10001501,Cortavex,PS
10001502,Dulvane,PS
10001502,Zentarin,C
10001503,Zentarin,PS
10001504,Belmira,PS
10001505,Belmira,PS
10001505,Zentarin,C
10001506,Exaprin,PS
10001507,Dulvane,PS
10001508,Belmira,PS
10001509,Dulvane,PS
10001509,Exaprin,C
10001510,Belmira,PS
10001511,Ardoxin,PS
10001511,Zentarin,C
10001512,Exaprin,PS
10001513,Ardoxin,PS
10001513,Exaprin,C
10001514,Dulvane,PS
10001515,Dulvane,PS
10001516,Cortavex,PS
10001517,Belmira,PS
10001518,Belmira,PS
10001519,Belmira,PS
10001520,Dulvane,PS
10001520,Ardoxin,C
10001521,Ardoxin,PS
10001522,Belmira,PS
10001523,Exaprin,PS
10001523,Cortavex,C
10001524,Dulvane,PS
10001525,Ardoxin,PS
10001526,Zentarin,PS
10001527,Zentarin,PS
10001528,Ardoxin,PS
10001528,Belmira,C
10001529,Dulvane,PS
10001530,Cortavex,PS
10001530,Exaprin,C
10001531,Dulvane,PS
10001531,Cortavex,C
10001532,Belmira,PS
10001532,Ardoxin,C
10001533,Zentarin,PS
10001534,Belmira,PS
10001535,Dulvane,PS
10001535,Exaprin,C
10001536,Exaprin,PS
10001537,Cortavex,PS
10001538,Dulvane,PS
10001539,Cortavex,PS
10001540,Belmira,PS
10001541,Cortavex,PS
10001542,Belmira,PS
10001543,Exaprin,PS
10001543,Belmira,C
10001544,Zentarin,PS
10001544,Dulvane,C
10001545,Cortavex,PS
10001546,Belmira,PS
10001547,Dulvane,PS
10001548,Dulvane,PS
10001549,Ardoxin,PS
10001550,Ardoxin,PS
10001551,Ardoxin,PS
10001552,Cortavex,PS
10001552,Ardoxin,C
10001553,Ardoxin,PS
10001554,Cortavex,PS
10001555,Dulvane,PS
10001556,Cortavex,PS
10001557,Ardoxin,PS
10001558,Dulvane,PS
10001559,Ardoxin,PS
10001560,Dulvane,PS
10001560,Zentarin,C
10001561,Belmira,PS
10001561,Zentarin,C
10001562,Ardoxin,PS
10001562,Exaprin,C
10001563,Zentarin,PS
10001564,Exaprin,PS
10001565,Zentarin,PS
10001566,Exaprin,PS
10001567,Dulvane,PS
10001567,Belmira,C
10001568,Zentarin,PS
10001568,Dulvane,C
10001569,Cortavex,PS
10001570,Exaprin,PS
10001571,Cortavex,PS
10001572,Zentarin,PS
10001573,Belmira,PS
10001574,Belmira,PS
10001575,Dulvane,PS
10001576,Cortavex,PS
10001577,Belmira,PS
10001577,Cortavex,C
10001578,Belmira,PS
10001579,Ardoxin,PS
10001579,Zentarin,C
10001580,Dulvane,PS
10001581,Ardoxin,PS
10001582,Cortavex,PS
10001583,Ardoxin,PS
10001583,Cortavex,C
10001584,Zentarin,PS
10001585,Belmira,PS
10001586,Exaprin,PS
10001587,Cortavex,PS
10001587,Dulvane,C
10001588,Dulvane,PS
10001588,Exaprin,C
10001589,Cortavex,PS
10001589,Zentarin,C
10001590,Ardoxin,PS
10001590,Zentarin,C
10001591,Belmira,PS
10001591,Zentarin,C
10001592,Cortavex,PS
10001593,Ardoxin,PS
10001594,Ardoxin,PS
10001595,Ardoxin,PS
10001596,Cortavex,PS
10001596,Dulvane,C
10001597,Zentarin,PS
10001598,Belmira,PS
10001599,Dulvane,PS
10001600,Ardoxin,PS
10001601,Ardoxin,PS
10001602,Exaprin,PS
10001603,Zentarin,PS
10001604,Cortavex,PS
10001605,Belmira,PS
10001606,Zentarin,PS
10001607,Dulvane,PS
10001608,Zentarin,PS
10001609,Belmira,PS
10001609,Exaprin,C
10001610,Ardoxin,PS
10001610,Cortavex,C
10001611,Dulvane,PS
10001612,Exaprin,PS
10001613,Ardoxin,PS
10001614,Exaprin,PS
10001614,Zentarin,C
10001615,Ardoxin,PS
10001615,Exaprin,C
10001616,Dulvane,PS
10001617,Dulvane,PS
10001617,Exaprin,C
10001618,Ardoxin,PS
10001619,Belmira,PS
10001619,Exaprin,C
10001620,Belmira,PS
10001621,Belmira,PS
10001622,Belmira,PS
10001623,Belmira,PS
10001624,Belmira,PS
10001624,Dulvane,C
10001625,Exaprin,PS
10001625,Belmira,C
10001626,Ardoxin,PS
10001627,Dulvane,PS
10001628,Exaprin,PS
10001629,Zentarin,PS
10001630,Ardoxin,PS
10001631,Cortavex,PS
10001632,Belmira,PS
10001633,Cortavex,PS
10001634,Dulvane,PS
10001635,Belmira,PS
10001636,Exaprin,PS
10001637,Cortavex,PS
10001638,Ardoxin,PS
10001638,Belmira,C
10001639,Dulvane,PS
10001640,Cortavex,PS
10001641,Ardoxin,PS
10001642,Cortavex,PS
10001643,Belmira,PS
10001643,Zentarin,C
10001644,Ardoxin,PS
10001645,Ardoxin,PS
10001646,Zentarin,PS
10001647,Ardoxin,PS
10001648,Belmira,PS
10001649,Belmira,PS
10001649,Ardoxin,C
10001650,Cortavex,PS
10001650,Ardoxin,C
10001651,Cortavex,PS
10001652,Belmira,PS
10001652,Cortavex,C
10001653,Dulvane,PS
10001654,Belmira,PS
10001655,Zentarin,PS
10001655,Cortavex,C
10001656,Ardoxin,PS
10001657,Ardoxin,PS
10001658,Cortavex,PS
10001659,Ardoxin,PS
10001660,Exaprin,PS
10001661,Zentarin,PS
10001661,Dulvane,C
10001662,Cortavex,PS
10001663,Exaprin,PS
10001664,Belmira,PS
10001665,Cortavex,PS
10001666,Cortavex,PS
10001667,Zentarin,PS
10001668,Exaprin,PS
10001669,Ardoxin,PS
10001670,Cortavex,PS
10001671,Cortavex,PS
10001672,Cortavex,PS
10001673,Exaprin,PS
10001674,Exaprin,PS
10001675,Zentarin,PS
10001675,Cortavex,C
10001676,Ardoxin,PS
10001677,Zentarin,PS
10001678,Cortavex,PS
10001679,Cortavex,PS
10001679,Belmira,C
10001680,Dulvane,PS
10001680,Cortavex,C
10001681,Dulvane,PS
10001682,Ardoxin,PS
10001682,Zentarin,C
10001683,Cortavex,PS
10001684,Cortavex,PS
10001684,Dulvane,C
10001685,Zentarin,PS
10001686,Belmira,PS
10001687,Cortavex,PS
10001688,Dulvane,PS
10001689,Cortavex,PS
10001690,Belmira,PS
10001691,Ardoxin,PS
10001692,Cortavex,PS
10001693,Ardoxin,PS
10001693,Dulvane,C
10001694,Exaprin,PS
10001695,Exaprin,PS
10001695,Cortavex,C
10001696,Exaprin,PS
10001697,Dulvane,PS
10001698,Cortavex,PS
10001699,Exaprin,PS
10001700,Dulvane,PS
10001700,Zentarin,C
10001701,Cortavex,PS
10001701,Exaprin,C
10001702,Belmira,PS
10001703,Ardoxin,PS
10001704,Exaprin,PS
10001705,Cortavex,PS
10001705,Exaprin,C
10001706,Exaprin,PS
10001707,Cortavex,PS
10001708,Dulvane,PS
10001709,Ardoxin,PS
10001710,Exaprin,PS
10001711,Zentarin,PS
10001711,Ardoxin,C
10001712,Ardoxin,PS
10001713,Ardoxin,PS
10001713,Belmira,C
10001714,Exaprin,PS
10001714,Cortavex,C
10001715,Ardoxin,PS
10001716,Belmira,PS
10001717,Exaprin,PS
10001718,Ardoxin,PS
10001718,Dulvane,C
10001719,Cortavex,PS
10001720,Exaprin,PS
10001721,Exaprin,PS
10001722,Belmira,PS
10001723,Ardoxin,PS
10001724,Ardoxin,PS
10001724,Zentarin,C
10001725,Belmira,PS
10001726,Belmira,PS
10001727,Ardoxin,PS
10001728,Belmira,PS
10001729,Cortavex,PS
10001729,Zentarin,C
10001730,Belmira,PS
10001731,Exaprin,PS
10001731,Cortavex,C
10001732,Ardoxin,PS
10001732,Exaprin,C
10001733,Belmira,PS
10001734,Dulvane,PS
10001734,Exaprin,C
10001735,Belmira,PS
10001736,Ardoxin,PS
10001737,Dulvane,PS
10001738,Belmira,PS
10001739,Cortavex,PS
10001740,Ardoxin,PS
10001740,Zentarin,C
10001741,Cortavex,PS
10001742,Dulvane,PS
10001742,Exaprin,C
10001743,Ardoxin,PS
10001743,Exaprin,C
10001744,Belmira,PS
10001744,Dulvane,C
10001745,Ardoxin,PS
10001745,Zentarin,C
10001746,Cortavex,PS
10001747,Exaprin,PS
10001747,Belmira,C
10001748,Dulvane,PS
10001749,Cortavex,PS
10001749,Dulvane,C
10001750,Exaprin,PS
10001751,Cortavex,PS
10001752,Belmira,PS
10001753,Cortavex,PS
10001753,Zentarin,C
10001754,Cortavex,PS
10001755,Cortavex,PS
10001756,Ardoxin,PS
10001756,Zentarin,C
10001757,Belmira,PS
10001758,Ardoxin,PS
10001759,Cortavex,PS
10001760,Ardoxin,PS
10001761,Zentarin,PS
10001762,Belmira,PS
10001763,Dulvane,PS
10001764,Cortavex,PS
10001764,Dulvane,C
10001765,Cortavex,PS
10001765,Exaprin,C
10001766,Ardoxin,PS
10001767,Cortavex,PS
10001768,Ardoxin,PS
10001768,Belmira,C
10001769,Belmira,PS
10001769,Dulvane,C
10001770,Belmira,PS
10001770,Cortavex,C
10001771,Cortavex,PS
10001772,Cortavex,PS
10001773,Zentarin,PS
10001774,Exaprin,PS
10001775,Dulvane,PS
10001776,Belmira,PS
10001777,Ardoxin,PS
10001778,Zentarin,PS
10001778,Dulvane,C
10001779,Zentarin,PS
10001780,Zentarin,PS
10001781,Zentarin,PS
10001782,Belmira,PS
10001783,Belmira,PS
10001784,Belmira,PS
10001784,Exaprin,C
10001785,Ardoxin,PS
10001786,Ardoxin,PS
10001787,Dulvane,PS
10001788,Cortavex,PS
10001789,Belmira,PS
10001790,Belmira,PS
10001791,Dulvane,PS
10001791,Belmira,C
10001792,Dulvane,PS
10001793,Cortavex,PS
10001794,Ardoxin,PS
10001795,Exaprin,PS
10001795,Dulvane,C
10001796,Cortavex,PS
10001797,Exaprin,PS
10001798,Ardoxin,PS
10001799,Belmira,PS
10001799,Dulvane,C
10001800,Cortavex,PS
10001801,Cortavex,PS
10001802,Zentarin,PS
10001802,Ardoxin,C
10001803,Exaprin,PS
10001804,Ardoxin,PS
10001805,Ardoxin,PS
10001805,Belmira,C
10001806,Ardoxin,PS
10001806,Zentarin,C
10001807,Dulvane,PS
10001808,Dulvane,PS
10001809,Cortavex,PS
10001810,Exaprin,PS
10001811,Dulvane,PS
10001812,Dulvane,PS
10001813,Exaprin,PS
10001814,Ardoxin,PS
10001815,Ardoxin,PS
10001816,Ardoxin,PS
10001816,Dulvane,C
10001817,Exaprin,PS
10001818,Dulvane,PS
10001818,Zentarin,C
10001819,Cortavex,PS
10001820,Belmira,PS
10001821,Cortavex,PS
10001822,Cortavex,PS
10001822,Belmira,C
10001823,Ardoxin,PS
10001824,Cortavex,PS
10001824,Exaprin,C
10001825,Dulvane,PS
10001826,Cortavex,PS
10001827,Ardoxin,PS
10001828,Cortavex,PS
10001829,Belmira,PS
10001830,Cortavex,PS
10001831,Cortavex,PS
10001831,Exaprin,C
10001832,Exaprin,PS
10001832,Belmira,C
10001833,Dulvane,PS
10001834,Dulvane,PS
10001835,Belmira,PS
10001835,Cortavex,C
10001836,Cortavex,PS
10001836,Zentarin,C
10001837,Ardoxin,PS
10001838,Dulvane,PS
10001839,Ardoxin,PS
10001840,Cortavex,PS
10001841,Cortavex,PS
10001842,Zentarin,PS
10001843,Cortavex,PS
10001844,Belmira,PS
10001845,Belmira,PS
10001846,Dulvane,PS
10001847,Dulvane,PS
10001848,Belmira,PS
10001849,Ardoxin,PS
10001850,Dulvane,PS
10001851,Ardoxin,PS
10001851,Zentarin,C
10001852,Exaprin,PS
10001853,Dulvane,PS
10001854,Dulvane,PS
10001854,Ardoxin,C
10001855,Belmira,PS
10001856,Ardoxin,PS
10001857,Dulvane,PS
10001858,Dulvane,PS
10001859,Ardoxin,PS
10001860,Cortavex,PS
10001861,Exaprin,PS
10001862,Ardoxin,PS
10001863,Cortavex,PS
10001864,Belmira,PS
10001865,Ardoxin,PS
10001866,Cortavex,PS
10001867,Dulvane,PS
10001867,Belmira,C
10001868,Zentarin,PS
10001869,Ardoxin,PS
10001870,Dulvane,PS
10001871,Zentarin,PS
10001871,Exaprin,C
10001872,Exaprin,PS
10001873,Cortavex,PS
10001873,Ardoxin,C
10001874,Exaprin,PS
10001875,Zentarin,PS
10001876,Zentarin,PS
10001877,Belmira,PS
10001878,Zentarin,PS
10001879,Ardoxin,PS
10001880,Ardoxin,PS
10001881,Ardoxin,PS
10001882,Dulvane,PS
10001883,Ardoxin,PS
10001884,Ardoxin,PS
10001885,Ardoxin,PS
10001885,Belmira,C
10001886,Cortavex,PS
10001887,Dulvane,PS
10001887,Ardoxin,C
10001888,Ardoxin,PS
10001888,Dulvane,C
10001889,Ardoxin,PS
10001890,Dulvane,PS
10001891,Dulvane,PS
10001892,Exaprin,PS
10001893,Belmira,PS
10001894,Dulvane,PS
10001895,Dulvane,PS
10001896,Exaprin,PS
10001897,Cortavex,PS
10001897,Belmira,C
10001898,Ardoxin,PS
10001899,Dulvane,PS
10001900,Ardoxin,PS
10001901,Cortavex,PS
10001902,Belmira,PS
10001902,Zentarin,C
10001903,Exaprin,PS
10001904,Zentarin,PS
10001905,Belmira,PS
10001905,Cortavex,C
10001906,Belmira,PS
10001907,Dulvane,PS
10001908,Dulvane,PS
10001909,Exaprin,PS
10001910,Ardoxin,PS
10001911,Cortavex,PS
10001912,Cortavex,PS
10001912,Exaprin,C
10001913,Exaprin,PS
10001914,Zentarin,PS
10001915,Cortavex,PS
10001915,Exaprin,C
10001916,Belmira,PS
10001917,Cortavex,PS
10001917,Dulvane,C
10001918,Dulvane,PS
10001918,Belmira,C
10001919,Belmira,PS
10001919,Cortavex,C
10001920,Cortavex,PS
10001921,Dulvane,PS
10001922,Ardoxin,PS
10001922,Exaprin,C
10001923,Belmira,PS
10001924,Belmira,PS
10001925,Belmira,PS
10001925,Exaprin,C
10001926,Dulvane,PS
10001927,Belmira,PS
10001928,Ardoxin,PS
10001929,Belmira,PS
10001930,Cortavex,PS
10001931,Zentarin,PS
10001932,Dulvane,PS
10001933,Zentarin,PS
10001934,Ardoxin,PS
10001934,Dulvane,C
10001935,Ardoxin,PS
10001935,Exaprin,C
10001936,Belmira,PS
10001936,Dulvane,C
10001937,Cortavex,PS
10001938,Dulvane,PS
10001938,Ardoxin,C
10001939,Ardoxin,PS
10001939,Cortavex,C
10001940,Cortavex,PS
10001941,Ardoxin,PS
10001942,Ardoxin,PS
10001943,Ardoxin,PS
10001944,Zentarin,PS
10001944,Ardoxin,C
10001945,Dulvane,PS
10001946,Cortavex,PS
10001946,Zentarin,C
10001947,Belmira,PS
10001948,Zentarin,PS
10001949,Dulvane,PS
10001949,Belmira,C
10001950,Exaprin,PS
10001951,Exaprin,PS
10001952,Exaprin,PS
10001952,Cortavex,C
10001953,Belmira,PS
10001954,Cortavex,PS
10001955,Cortavex,PS
10001955,Belmira,C
10001956,Cortavex,PS
10001957,Cortavex,PS
10001958,Belmira,PS
10001959,Ardoxin,PS
10001960,Cortavex,PS
10001960,Belmira,C
10001961,Cortavex,PS
10001962,Dulvane,PS
10001963,Dulvane,PS
10001964,Zentarin,PS
10001965,Exaprin,PS
10001965,Zentarin,C
10001966,Cortavex,PS
10001967,Exaprin,PS
10001968,Cortavex,PS
10001969,Exaprin,PS
10001969,Belmira,C
10001970,Dulvane,PS
10001971,Zentarin,PS
10001972,Exaprin,PS
10001972,Zentarin,C
10001973,Cortavex,PS
10001973,Belmira,C
10001974,Cortavex,PS
10001975,Cortavex,PS
10001975,Ardoxin,C
10001976,Belmira,PS
10001977,Ardoxin,PS
10001977,Belmira,C
10001978,Exaprin,PS
10001979,Exaprin,PS
10001980,Exaprin,PS
10001981,Cortavex,PS
10001982,Exaprin,PS
10001983,Zentarin,PS
10001984,Dulvane,PS
10001985,Ardoxin,PS
10001985,Zentarin,C
10001986,Dulvane,PS
10001987,Cortavex,PS
10001988,Ardoxin,PS
10001989,Exaprin,PS
10001989,Zentarin,C
10001990,Belmira,PS
10001990,Dulvane,C
10001991,Belmira,PS
10001991,Cortavex,C
10001992,Zentarin,PS
10001993,Cortavex,PS
10001994,Belmira,PS
10001995,Ardoxin,PS
10001996,Belmira,PS
10001997,Exaprin,PS
10001997,Dulvane,C
10001998,Cortavex,PS
10001999,Cortavex,PS
10001999,Exaprin,C
10002000,Ardoxin,PS
10002001,Cortavex,PS
10002001,Zentarin,C
10002002,Dulvane,PS
10002002,Ardoxin,C
10002003,Cortavex,PS
10002003,Dulvane,C
10002004,Belmira,PS
10002005,Exaprin,PS
10002005,Dulvane,C
10002006,Ardoxin,PS
10002007,Belmira,PS
10002007,Zentarin,C
10002008,Belmira,PS
10002009,Dulvane,PS
10002010,Belmira,PS
10002011,Belmira,PS
10002011,Zentarin,C
10002012,Ardoxin,PS
10002012,Dulvane,C
10002013,Ardoxin,PS
10002013,Exaprin,C
10002014,Belmira,PS
10002015,Cortavex,PS
10002016,Dulvane,PS
10002016,Belmira,C
10002017,Exaprin,PS
10002017,Belmira,C
10002018,Dulvane,PS
10002018,Belmira,C
10002019,Zentarin,PS
10002020,Cortavex,PS
10002021,Dulvane,PS
10002021,Belmira,C
10002022,Zentarin,PS
10002023,Cortavex,PS
10002024,Exaprin,PS
10002024,Cortavex,C
10002025,Belmira,PS
10002026,Ardoxin,PS
10002027,Exaprin,PS
10002028,Exaprin,PS
10002029,Dulvane,PS
10002030,Cortavex,PS
10002031,Cortavex,PS
10002031,Belmira,C
10002032,Dulvane,PS
10002032,Zentarin,C
10002033,Ardoxin,PS
10002034,Cortavex,PS
10002034,Exaprin,C
10002035,Ardoxin,PS
10002036,Belmira,PS
10002036,Dulvane,C
10002037,Dulvane,PS
10002038,Dulvane,PS
10002039,Zentarin,PS
10002040,Dulvane,PS
10002040,Belmira,C
10002041,Belmira,PS
10002042,Dulvane,PS
10002043,Dulvane,PS
10002043,Belmira,C
10002044,Belmira,PS
10002045,Ardoxin,PS
10002046,Ardoxin,PS
10002047,Belmira,PS
10002048,Exaprin,PS
10002049,Cortavex,PS
10002050,Zentarin,PS
10002051,Zentarin,PS
10002052,Ardoxin,PS
10002053,Dulvane,PS
10002054,Ardoxin,PS
10002055,Zentarin,PS
10002056,Dulvane,PS
10002056,Belmira,C
10002057,Ardoxin,PS
10002057,Belmira,C
10002058,Ardoxin,PS
10002058,Zentarin,C
10002059,Exaprin,PS
10002060,Belmira,PS
10002061,Belmira,PS
10002062,Dulvane,PS
10002063,Dulvane,PS
10002064,Exaprin,PS
10002065,Exaprin,PS
10002066,Belmira,PS
10002066,Zentarin,C
10002067,Belmira,PS
10002067,Ardoxin,C
10002068,Exaprin,PS
10002068,Dulvane,C
10002069,Belmira,PS
10002070,Ardoxin,PS
10002071,Ardoxin,PS
10002071,Dulvane,C
10002072,Ardoxin,PS
10002073,Belmira,PS
10002074,Exaprin,PS
10002075,Cortavex,PS
10002076,Belmira,PS
10002077,Zentarin,PS
10002078,Cortavex,PS
10002079,Cortavex,PS
10002080,Ardoxin,PS
10002081,Exaprin,PS
10002081,Belmira,C
10002082,Dulvane,PS
10002082,Cortavex,C
10002083,Zentarin,PS
10002084,Cortavex,PS
10002085,Cortavex,PS
10002086,Ardoxin,PS
10002086,Exaprin,C
10002087,Ardoxin,PS
10002088,Ardoxin,PS
10002089,Zentarin,PS
10002090,Belmira,PS
10002091,Dulvane,PS
10002091,Belmira,C
10002092,Cortavex,PS
10002093,Cortavex,PS
10002094,Dulvane,PS
10002095,Ardoxin,PS
10002095,Exaprin,C
10002096,Belmira,PS
10002097,Belmira,PS
10002098,Cortavex,PS
10002098,Ardoxin,C
10002099,Belmira,PS
10002100,Ardoxin,PS
10002101,Dulvane,PS
10002102,Exaprin,PS
10002102,Cortavex,C
10002103,Ardoxin,PS
10002104,Cortavex,PS
10002105,Cortavex,PS
10002105,Dulvane,C
10002106,Exaprin,PS
10002107,Belmira,PS
10002107,Dulvane,C
10002108,Exaprin,PS
10002108,Cortavex,C
10002109,Belmira,PS
10002110,Dulvane,PS
10002111,Belmira,PS
10002111,Cortavex,C
10002112,Cortavex,PS
10002112,Exaprin,C
10002113,Exaprin,PS
10002114,Cortavex,PS
10002114,Zentarin,C
10002115,Ardoxin,PS
10002116,Zentarin,PS
10002117,Cortavex,PS
10002118,Ardoxin,PS
10002118,Dulvane,C
10002119,Cortavex,PS
10002120,Cortavex,PS
10002121,Cortavex,PS
10002122,Belmira,PS
10002123,Ardoxin,PS
10002123,Dulvane,C
10002124,Exaprin,PS
10002125,Belmira,PS
10002126,Zentarin,PS
10002127,Cortavex,PS
10002128,Zentarin,PS
10002129,Ardoxin,PS
10002129,Dulvane,C
10002130,Ardoxin,PS
10002131,Exaprin,PS
10002132,Dulvane,PS
10002133,Ardoxin,PS
10002134,Zentarin,PS
10002135,Dulvane,PS
10002135,Exaprin,C
10002136,Dulvane,PS
10002136,Ardoxin,C
10002137,Cortavex,PS
10002138,Zentarin,PS
10002138,Belmira,C
10002139,Ardoxin,PS
10002139,Dulvane,C
10002140,Belmira,PS
10002141,Belmira,PS
10002141,Ardoxin,C
10002142,Belmira,PS
10002143,Dulvane,PS
10002144,Belmira,PS
10002145,Zentarin,PS
10002146,Dulvane,PS
10002146,Ardoxin,C
10002147,Belmira,PS
10002147,Ardoxin,C
10002148,Zentarin,PS
10002148,Ardoxin,C
10002149,Dulvane,PS
10002150,Dulvane,PS
10002150,Zentarin,C
10002151,Cortavex,PS
10002152,Belmira,PS
10002153,Cortavex,PS
10002153,Zentarin,C
10002154,Ardoxin,PS
10002155,Ardoxin,PS
10002156,Belmira,PS
10002157,Exaprin,PS
10002157,Dulvane,C
10002158,Dulvane,PS
10002159,Exaprin,PS
10002160,Zentarin,PS
10002161,Ardoxin,PS
10002161,Dulvane,C
10002162,Ardoxin,PS
10002163,Zentarin,PS
10002164,Zentarin,PS
10002165,Cortavex,PS
10002166,Dulvane,PS
10002167,Ardoxin,PS
10002168,Dulvane,PS
10002169,Ardoxin,PS
10002170,Ardoxin,PS
10002171,Cortavex,PS
10002171,Zentarin,C
10002172,Cortavex,PS
10002173,Dulvane,PS
10002174,Dulvane,PS
10002175,Cortavex,PS
10002176,Cortavex,PS
10002177,Dulvane,PS
10002178,Ardoxin,PS
10002179,Belmira,PS
10002179,Cortavex,C
10002180,Dulvane,PS
10002180,Exaprin,C
10002181,Ardoxin,PS
10002181,Zentarin,C
10002182,Ardoxin,PS
10002183,Zentarin,PS
10002183,Exaprin,C
10002184,Belmira,PS
10002184,Ardoxin,C
10002185,Belmira,PS
10002185,Ardoxin,C
10002186,Zentarin,PS
10002187,Ardoxin,PS
10002188,Ardoxin,PS
10002189,Dulvane,PS
10002190,Ardoxin,PS
10002191,Ardoxin,PS
10002192,Zentarin,PS
10002192,Cortavex,C
10002193,Belmira,PS
10002194,Ardoxin,PS
10002195,Cortavex,PS
10002196,Ardoxin,PS
10002197,Cortavex,PS
10002198,Belmira,PS
10002199,Exaprin,PS
10002200,Dulvane,PS
10002201,Ardoxin,PS
10002202,Belmira,PS
10002202,Cortavex,C
10002203,Belmira,PS
10002204,Ardoxin,PS
10002205,Exaprin,PS
10002206,Ardoxin,PS
10002207,Cortavex,PS
10002208,Exaprin,PS
10002208,Ardoxin,C
10002209,Exaprin,PS
10002210,Dulvane,PS
10002210,Ardoxin,C
10002211,Ardoxin,PS
10002212,Cortavex,PS
10002213,Cortavex,PS
10002214,Ardoxin,PS
10002214,Belmira,C
10002215,Dulvane,PS
10002216,Exaprin,PS
10002217,Cortavex,PS
10002217,Dulvane,C
10002218,Zentarin,PS
10002219,Belmira,PS
10002220,Belmira,PS
10002221,Ardoxin,PS
10002222,Dulvane,PS
10002223,Dulvane,PS
10002224,Zentarin,PS
10002225,Exaprin,PS
10002226,Ardoxin,PS
10002227,Dulvane,PS
10002228,Cortavex,PS
10002229,Cortavex,PS
10002229,Ardoxin,C
10002230,Cortavex,PS
10002230,Belmira,C
10002231,Cortavex,PS
10002231,Belmira,C
10002232,Ardoxin,PS
10002233,Dulvane,PS
10002233,Cortavex,C
10002234,Ardoxin,PS
10002235,Dulvane,PS
10002236,Dulvane,PS
10002236,Ardoxin,C
10002237,Belmira,PS
10002238,Ardoxin,PS
10002238,Exaprin,C
10002239,Ardoxin,PS
10002239,Dulvane,C
10002240,Dulvane,PS
10002240,Cortavex,C
10002241,Zentarin,PS
10002242,Ardoxin,PS
10002243,Ardoxin,PS
10002244,Exaprin,PS
10002245,Zentarin,PS
10002246,Dulvane,PS
10002246,Exaprin,C
10002247,Belmira,PS
10002248,Belmira,PS
10002248,Ardoxin,C
10002249,Dulvane,PS
10002250,Belmira,PS
10002251,Exaprin,PS
10002251,Ardoxin,C
10002252,Zentarin,PS
10002253,Cortavex,PS
10002254,Exaprin,PS
10002255,Dulvane,PS
10002256,Belmira,PS
10002257,Cortavex,PS
10002258,Exaprin,PS
10002258,Belmira,C
10002259,Cortavex,PS
10002260,Exaprin,PS
10002261,Belmira,PS
10002262,Belmira,PS
10002263,Belmira,PS
10002264,Cortavex,PS
10002264,Exaprin,C
10002265,Zentarin,PS
10002266,Cortavex,PS
10002267,Cortavex,PS
10002268,Ardoxin,PS
10002269,Dulvane,PS
10002270,Belmira,PS
10002271,Exaprin,PS
10002272,Dulvane,PS
10002273,Ardoxin,PS
10002273,Cortavex,C
10002274,Dulvane,PS
10002275,Belmira,PS
10002276,Cortavex,PS
10002277,Ardoxin,PS
10002278,Exaprin,PS
10002279,Exaprin,PS
10002280,Belmira,PS
10002281,Belmira,PS
10002282,Exaprin,PS
10002283,Zentarin,PS
10002284,Ardoxin,PS
10002285,Belmira,PS
10002286,Dulvane,PS
10002287,Exaprin,PS
10002288,Dulvane,PS
10002289,Exaprin,PS
10002290,Dulvane,PS
10002291,Ardoxin,PS
10002292,Cortavex,PS
10002292,Zentarin,C
10002293,Cortavex,PS
10002293,Ardoxin,C
10002294,Ardoxin,PS
10002295,Exaprin,PS
10002296,Zentarin,PS
10002296,Belmira,C
10002297,Zentarin,PS
10002298,Zentarin,PS
10002299,Ardoxin,PS
10002300,Belmira,PS
10002301,Exaprin,PS
10002302,Cortavex,PS
10002303,Ardoxin,PS
10002303,Cortavex,C
10002304,Cortavex,PS
10002305,Cortavex,PS
10002305,Dulvane,C
10002306,Ardoxin,PS
10002307,Ardoxin,PS
10002308,Dulvane,PS
10002309,Zentarin,PS
10002310,Belmira,PS
10002311,Ardoxin,PS
10002312,Belmira,PS
10002312,Ardoxin,C
10002313,Ardoxin,PS
10002314,Ardoxin,PS
10002315,Zentarin,PS
10002316,Zentarin,PS
10002317,Exaprin,PS
10002318,Dulvane,PS
10002319,Belmira,PS
10002320,Ardoxin,PS
10002321,Ardoxin,PS
10002322,Cortavex,PS
10002322,Exaprin,C
10002323,Ardoxin,PS
10002323,Cortavex,C
10002324,Belmira,PS
10002325,Cortavex,PS
10002326,Cortavex,PS
10002326,Exaprin,C
10002327,Exaprin,PS
10002328,Ardoxin,PS
10002328,Zentarin,C
10002329,Cortavex,PS
10002329,Belmira,C
10002330,Zentarin,PS
10002330,Cortavex,C
10002331,Belmira,PS
10002332,Exaprin,PS
10002332,Ardoxin,C
10002333,Belmira,PS
10002333,Cortavex,C
10002334,Belmira,PS
10002335,Ardoxin,PS
10002335,Cortavex,C
10002336,Cortavex,PS
10002337,Cortavex,PS
10002338,Zentarin,PS
10002339,Exaprin,PS
10002340,Cortavex,PS
10002341,Belmira,PS
10002342,Ardoxin,PS
10002342,Zentarin,C
10002343,Belmira,PS
10002344,Belmira,PS
10002345,Cortavex,PS
10002346,Dulvane,PS
10002347,Belmira,PS
10002348,Belmira,PS
10002349,Belmira,PS
10002350,Ardoxin,PS
10002351,Zentarin,PS
10002352,Belmira,PS
10002353,Belmira,PS
10002353,Cortavex,C
10002354,Ardoxin,PS
10002355,Ardoxin,PS
10002355,Exaprin,C
10002356,Dulvane,PS
10002357,Belmira,PS
10002358,Exaprin,PS
10002359,Zentarin,PS
10002360,Dulvane,PS
10002361,Ardoxin,PS
10002362,Ardoxin,PS
10002363,Ardoxin,PS
10002364,Cortavex,PS
10002365,Ardoxin,PS
10002365,Belmira,C
10002366,Belmira,PS
10002366,Dulvane,C
10002367,Cortavex,PS
10002367,Dulvane,C
10002368,Belmira,PS
10002369,Cortavex,PS
10002370,Belmira,PS
10002371,Exaprin,PS
10002372,Belmira,PS
10002373,Belmira,PS
10002374,Ardoxin,PS
10002375,Dulvane,PS
10002376,Cortavex,PS
10002376,Exaprin,C
10002377,Zentarin,PS
10002378,Zentarin,PS
10002379,Dulvane,PS
10002380,Belmira,PS
10002381,Cortavex,PS
10002382,Cortavex,PS
10002382,Belmira,C
10002383,Exaprin,PS
10002384,Ardoxin,PS
10002384,Zentarin,C
10002385,Cortavex,PS
10002385,Dulvane,C
10002386,Exaprin,PS
10002387,Zentarin,PS
10002387,Dulvane,C
10002388,Exaprin,PS
10002389,Dulvane,PS
10002390,Exaprin,PS
10002391,Cortavex,PS
10002391,Belmira,C
10002392,Cortavex,PS
10002392,Belmira,C
10002393,Dulvane,PS
10002393,Zentarin,C
10002394,Exaprin,PS
10002395,Belmira,PS
10002395,Dulvane,C
10002396,Belmira,PS
10002397,Belmira,PS
10002398,Cortavex,PS
10002399,Belmira,PS
10002399,Cortavex,C
10002400,Ardoxin,PS
10002400,Cortavex,C
10002401,Zentarin,PS
10002402,Cortavex,PS
10002402,Zentarin,C
10002403,Cortavex,PS
10002404,Exaprin,PS
10002405,Ardoxin,PS
10002406,Cortavex,PS
10002407,Dulvane,PS
10002407,Ardoxin,C
10002408,Ardoxin,PS
10002409,Belmira,PS
10002410,Ardoxin,PS
10002411,Dulvane,PS
10002412,Cortavex,PS
10002412,Ardoxin,C
10002413,Zentarin,PS
10002414,Belmira,PS
10002414,Zentarin,C
10002415,Dulvane,PS
10002416,Belmira,PS
10002416,Dulvane,C
10002417,Exaprin,PS
10002418,Exaprin,PS
10002418,Ardoxin,C
10002419,Zentarin,PS
10002420,Dulvane,PS
10002421,Ardoxin,PS
10002421,Exaprin,C
10002422,Cortavex,PS
10002423,Zentarin,PS
10002423,Exaprin,C
10002424,Exaprin,PS
10002424,Dulvane,C
10002425,Zentarin,PS
10002426,Dulvane,PS
10002426,Exaprin,C
10002427,Cortavex,PS
10002428,Zentarin,PS
10002429,Zentarin,PS
10002429,Dulvane,C
10002430,Belmira,PS
10002431,Cortavex,PS
10002431,Ardoxin,C
10002432,Dulvane,PS
10002433,Belmira,PS
10002434,Ardoxin,PS
10002435,Ardoxin,PS
10002436,Zentarin,PS
10002437,Ardoxin,PS
10002438,Belmira,PS
10002439,Zentarin,PS
10002440,Ardoxin,PS
10002441,Ardoxin,PS
10002441,Dulvane,C
10002442,Zentarin,PS
10002443,Belmira,PS
10002444,Ardoxin,PS
10002444,Exaprin,C
10002445,Exaprin,PS
10002446,Cortavex,PS
10002447,Exaprin,PS
10002447,Zentarin,C
10002448,Dulvane,PS
10002449,Exaprin,PS
10002449,Cortavex,C
10002450,Ardoxin,PS
10002451,Dulvane,PS
10002452,Ardoxin,PS
10002452,Dulvane,C
10002453,Belmira,PS
10002454,Belmira,PS
10002454,Zentarin,C
10002455,Ardoxin,PS
10002456,Dulvane,PS
10002457,Cortavex,PS
10002458,Belmira,PS
10002459,Belmira,PS
10002460,Ardoxin,PS
10002461,Cortavex,PS
10002461,Belmira,C
10002462,Dulvane,PS
10002463,Ardoxin,PS
10002464,Exaprin,PS
10002465,Ardoxin,PS
10002465,Cortavex,C
10002466,Zentarin,PS
10002466,Exaprin,C
10002467,Exaprin,PS
10002468,Belmira,PS
10002468,Dulvane,C
10002469,Belmira,PS
10002469,Ardoxin,C
10002470,Dulvane,PS
10002470,Belmira,C
10002471,Ardoxin,PS
10002472,Dulvane,PS
10002473,Belmira,PS
10002474,Cortavex,PS
10002475,Belmira,PS
10002475,Dulvane,C
10002476,Dulvane,PS
10002476,Exaprin,C
10002477,Dulvane,PS
10002478,Exaprin,PS
10002478,Zentarin,C
10002479,Ardoxin,PS
10002479,Cortavex,C
10002480,Dulvane,PS
10002481,Dulvane,PS
10002481,Zentarin,C
10002482,Zentarin,PS
10002482,Exaprin,C
10002483,Ardoxin,PS
10002484,Ardoxin,PS
10002485,Exaprin,PS
10002485,Belmira,C
10002486,Ardoxin,PS
10002487,Cortavex,PS
10002488,Dulvane,PS
10002489,Belmira,PS
10002489,Zentarin,C
10002490,Exaprin,PS
10002491,Cortavex,PS
10002492,Dulvane,PS
10002492,Zentarin,C
10002493,Dulvane,PS
10002493,Cortavex,C
10002494,Cortavex,PS
10002495,Dulvane,PS
10002496,Belmira,PS
10002497,Ardoxin,PS
10002498,Cortavex,PS
10002499,Belmira,PS
10002500,Ardoxin,PS
10002500,Dulvane,C
10002501,Belmira,PS
10002502,Exaprin,PS
10002502,Zentarin,C
10002503,Ardoxin,PS
10002504,Cortavex,PS
10002504,Dulvane,C
10002505,Zentarin,PS
10002506,Zentarin,PS
10002507,Belmira,PS
10002508,Zentarin,PS
10002509,Ardoxin,PS
10002510,Dulvane,PS
10002511,Zentarin,PS
10002512,Zentarin,PS
10002513,Cortavex,PS
10002513,Zentarin,C
10002514,Cortavex,PS
10002515,Zentarin,PS
10002516,Exaprin,PS
10002516,Zentarin,C
10002517,Dulvane,PS
10002517,Ardoxin,C
10002518,Belmira,PS
10002518,Cortavex,C
10002519,Dulvane,PS
10002520,Ardoxin,PS
10002521,Dulvane,PS
10002521,Exaprin,C
10002522,Cortavex,PS
10002522,Dulvane,C
10002523,Belmira,PS
10002523,Exaprin,C
10002524,Zentarin,PS
10002525,Belmira,PS
10002526,Dulvane,PS
10002526,Belmira,C
10002527,Ardoxin,PS
10002527,Cortavex,C
10002528,Belmira,PS
10002529,Cortavex,PS
10002530,Belmira,PS
10002531,Belmira,PS
10002531,Exaprin,C
10002532,Belmira,PS
10002533,Ardoxin,PS
10002534,Belmira,PS
10002535,Belmira,PS
10002536,Cortavex,PS
10002537,Ardoxin,PS
10002537,Exaprin,C
10002538,Cortavex,PS
10002539,Cortavex,PS
10002540,Exaprin,PS
10002540,Ardoxin,C
10002541,Cortavex,PS
10002542,Cortavex,PS
10002542,Exaprin,C
10002543,Ardoxin,PS
10002544,Belmira,PS
10002545,Zentarin,PS
10002546,Ardoxin,PS
10002547,Dulvane,PS
10002548,Exaprin,PS
10002549,Ardoxin,PS
10002550,Ardoxin,PS
10002551,Zentarin,PS
10002552,Ardoxin,PS
10002553,Exaprin,PS
10002554,Belmira,PS
10002555,Dulvane,PS
10002555,Ardoxin,C
10002556,Dulvane,PS
10002557,Exaprin,PS
10002558,Ardoxin,PS
10002559,Belmira,PS
10002560,Ardoxin,PS
10002561,Cortavex,PS
10002562,Dulvane,PS
10002563,Exaprin,PS
10002564,Dulvane,PS
10002565,Belmira,PS
10002565,Dulvane,C
10002566,Cortavex,PS
10002566,Exaprin,C
10002567,Belmira,PS
10002568,Belmira,PS
10002569,Cortavex,PS
10002570,Belmira,PS
10002571,Ardoxin,PS
10002572,Cortavex,PS
10002573,Dulvane,PS
10002574,Belmira,PS
10002575,Cortavex,PS
10002576,Cortavex,PS
10002577,Cortavex,PS
10002578,Dulvane,PS
10002578,Zentarin,C
10002579,Dulvane,PS
10002580,Cortavex,PS
10002580,Dulvane,C
10002581,Cortavex,PS
10002582,Ardoxin,PS
10002582,Dulvane,C
10002583,Cortavex,PS
10002584,Cortavex,PS
10002585,Ardoxin,PS
10002585,Belmira,C
10002586,Belmira,PS
10002587,Belmira,PS
10002588,Cortavex,PS
10002589,Exaprin,PS
10002590,Belmira,PS
10002590,Cortavex,C
10002591,Cortavex,PS
10002592,Cortavex,PS
10002593,Ardoxin,PS
10002593,Cortavex,C
10002594,Ardoxin,PS
10002594,Dulvane,C
10002595,Cortavex,PS
10002596,Ardoxin,PS
10002597,Exaprin,PS
10002597,Belmira,C
10002598,Dulvane,PS
10002599,Exaprin,PS
10002599,Zentarin,C
10002600,Belmira,PS
10002601,Ardoxin,PS
10002602,Ardoxin,PS
10002603,Zentarin,PS
10002603,Cortavex,C
10002604,Belmira,PS
10002605,Cortavex,PS
10002606,Dulvane,PS
10002607,Exaprin,PS
10002608,Cortavex,PS
10002609,Dulvane,PS
10002610,Cortavex,PS
10002610,Zentarin,C
10002611,Belmira,PS
10002612,Ardoxin,PS
10002613,Exaprin,PS
10002614,Cortavex,PS
10002615,Cortavex,PS
10002616,Exaprin,PS
10002617,Zentarin,PS
10002617,Cortavex,C
10002618,Zentarin,PS
10002619,Ardoxin,PS
10002620,Ardoxin,PS
10002621,Zentarin,PS
10002622,Cortavex,PS
10002622,Belmira,C
10002623,Ardoxin,PS
10002624,Dulvane,PS
10002625,Cortavex,PS
10002626,Ardoxin,PS
10002627,Ardoxin,PS
10002628,Cortavex,PS
10002629,Ardoxin,PS
10002629,Dulvane,C
10002630,Zentarin,PS
10002631,Exaprin,PS
10002631,Belmira,C
10002632,Exaprin,PS
10002632,Dulvane,C
10002633,Ardoxin,PS
10002634,Ardoxin,PS
10002634,Belmira,C
10002635,Belmira,PS
10002636,Zentarin,PS
10002636,Ardoxin,C
10002637,Dulvane,PS
10002638,Ardoxin,PS
10002639,Dulvane,PS
10002640,Exaprin,PS
10002641,Zentarin,PS
10002642,Ardoxin,PS
10002642,Exaprin,C
10002643,Ardoxin,PS
10002644,Dulvane,PS
10002644,Zentarin,C
10002645,Cortavex,PS
10002646,Dulvane,PS
10002647,Cortavex,PS
10002648,Dulvane,PS
10002649,Dulvane,PS
10002649,Cortavex,C
10002650,Zentarin,PS
10002651,Exaprin,PS
10002652,Belmira,PS
10002653,Exaprin,PS
10002654,Dulvane,PS
10002655,Ardoxin,PS
10002656,Exaprin,PS
10002657,Ardoxin,PS
10002658,Cortavex,PS
10002659,Cortavex,PS
10002659,Dulvane,C
10002660,Exaprin,PS
10002661,Dulvane,PS
10002662,Belmira,PS
10002663,Cortavex,PS
10002664,Belmira,PS
10002665,Cortavex,PS
10002666,Ardoxin,PS
10002666,Belmira,C
10002667,Cortavex,PS
10002668,Exaprin,PS
10002668,Dulvane,C
10002669,Zentarin,PS
10002669,Cortavex,C
10002670,Belmira,PS
10002670,Exaprin,C
10002671,Zentarin,PS
10002672,Exaprin,PS
10002673,Belmira,PS
10002674,Belmira,PS
10002674,Exaprin,C
10002675,Belmira,PS
10002676,Ardoxin,PS
10002676,Dulvane,C
10002677,Zentarin,PS
10002677,Belmira,C
10002678,Zentarin,PS
10002678,Dulvane,C
10002679,Cortavex,PS
10002680,Ardoxin,PS
10002681,Zentarin,PS
10002681,Belmira,C
10002682,Cortavex,PS
10002683,Ardoxin,PS
10002684,Belmira,PS
10002685,Cortavex,PS
10002685,Dulvane,C
10002686,Belmira,PS
10002687,Exaprin,PS
10002688,Dulvane,PS
10002688,Exaprin,C
10002689,Exaprin,PS
10002690,Ardoxin,PS
10002691,Ardoxin,PS
10002691,Exaprin,C
10002692,Belmira,PS
10002692,Dulvane,C
10002693,Zentarin,PS
10002694,Dulvane,PS
10002695,Exaprin,PS
10002696,Ardoxin,PS
10002696,Cortavex,C
10002697,Exaprin,PS
10002698,Belmira,PS
10002699,Ardoxin,PS
10002700,Dulvane,PS
10002701,Cortavex,PS
10002702,Dulvane,PS
10002702,Cortavex,C
10002703,Belmira,PS
10002704,Belmira,PS
10002704,Exaprin,C
10002705,Exaprin,PS
10002706,Zentarin,PS
10002706,Cortavex,C
10002707,Zentarin,PS
10002708,Zentarin,PS
10002709,Cortavex,PS
10002710,Belmira,PS
10002711,Ardoxin,PS
10002712,Cortavex,PS
10002712,Dulvane,C
10002713,Belmira,PS
10002714,Zentarin,PS
10002715,Exaprin,PS
10002715,Ardoxin,C
10002716,Exaprin,PS
10002716,Ardoxin,C
10002717,Dulvane,PS
10002718,Ardoxin,PS
10002719,Exaprin,PS
10002720,Belmira,PS
10002720,Dulvane,C
10002721,Exaprin,PS
10002722,Cortavex,PS
10002722,Exaprin,C
10002723,Ardoxin,PS
10002724,Zentarin,PS
10002724,Exaprin,C
10002725,Ardoxin,PS
10002725,Belmira,C
10002726,Exaprin,PS
10002727,Exaprin,PS
10002728,Dulvane,PS
10002729,Zentarin,PS
10002730,Exaprin,PS
10002731,Cortavex,PS
10002732,Ardoxin,PS
10002732,Zentarin,C
10002733,Belmira,PS
10002734,Cortavex,PS
10002735,Ardoxin,PS
10002735,Exaprin,C
10002736,Cortavex,PS
10002736,Zentarin,C
10002737,Zentarin,PS
10002738,Cortavex,PS
10002739,Belmira,PS
10002740,Exaprin,PS
10002741,Ardoxin,PS
10002741,Cortavex,C
10002742,Dulvane,PS
10002743,Cortavex,PS
10002743,Exaprin,C
10002744,Ardoxin,PS
10002744,Belmira,C
10002745,Zentarin,PS
10002746,Cortavex,PS
10002747,Dulvane,PS
10002747,Belmira,C
10002748,Zentarin,PS
10002749,Ardoxin,PS
10002749,Dulvane,C
10002750,Ardoxin,PS
10002751,Ardoxin,PS
10002752,Dulvane,PS
10002753,Belmira,PS
10002754,Dulvane,PS
10002755,Cortavex,PS
10002755,Zentarin,C
10002756,Cortavex,PS
10002757,Cortavex,PS
10002758,Ardoxin,PS
10002758,Belmira,C
10002759,Exaprin,PS
10002760,Ardoxin,PS
10002761,Ardoxin,PS
10002762,Cortavex,PS
10002763,Cortavex,PS
10002764,Ardoxin,PS
10002764,Exaprin,C
10002765,Exaprin,PS
10002766,Ardoxin,PS
10002766,Belmira,C
10002767,Exaprin,PS
10002768,Belmira,PS
10002769,Exaprin,PS
10002769,Ardoxin,C
10002770,Belmira,PS
10002771,Dulvane,PS
10002772,Dulvane,PS
10002773,Belmira,PS
10002774,Zentarin,PS
10002775,Dulvane,PS
10002775,Ardoxin,C
10002776,Ardoxin,PS
10002777,Belmira,PS
10002778,Cortavex,PS
10002779,Ardoxin,PS
10002780,Belmira,PS
10002780,Zentarin,C
10002781,Ardoxin,PS
10002781,Zentarin,C
10002782,Belmira,PS
10002783,Zentarin,PS
10002784,Cortavex,PS
10002785,Dulvane,PS
10002786,Cortavex,PS
10002786,Zentarin,C
10002787,Exaprin,PS
10002788,Cortavex,PS
10002789,Dulvane,PS
10002790,Cortavex,PS
10002791,Belmira,PS
10002792,Cortavex,PS
10002793,Belmira,PS
10002793,Cortavex,C
10002794,Zentarin,PS
10002795,Belmira,PS
10002795,Zentarin,C
10002796,Belmira,PS
10002797,Ardoxin,PS
10002798,Dulvane,PS
10002799,Ardoxin,PS
10002799,Exaprin,C
10002800,Belmira,PS
10002801,Zentarin,PS
10002802,Ardoxin,PS
10002803,Belmira,PS
10002804,Dulvane,PS
10002804,Cortavex,C
10002805,Cortavex,PS
10002806,Belmira,PS
10002806,Dulvane,C
10002807,Ardoxin,PS
10002808,Ardoxin,PS
10002809,Dulvane,PS
10002810,Ardoxin,PS
10002811,Zentarin,PS
10002812,Exaprin,PS
10002813,Cortavex,PS
10002813,Dulvane,C
10002814,Exaprin,PS
10002815,Ardoxin,PS
10002816,Dulvane,PS
10002817,Ardoxin,PS
10002817,Belmira,C
10002818,Zentarin,PS
10002819,Dulvane,PS
10002820,Ardoxin,PS
10002821,Exaprin,PS
10002822,Cortavex,PS
10002822,Exaprin,C
10002823,Belmira,PS
10002824,Zentarin,PS
10002825,Zentarin,PS
10002825,Ardoxin,C
10002826,Ardoxin,PS
10002826,Dulvane,C
10002827,Exaprin,PS
10002828,Zentarin,PS
10002829,Zentarin,PS
10002829,Dulvane,C
10002830,Ardoxin,PS
10002831,Cortavex,PS
10002832,Cortavex,PS
10002833,Belmira,PS
10002834,Exaprin,PS
10002835,Ardoxin,PS
10002836,Cortavex,PS
10002837,Dulvane,PS
10002838,Cortavex,PS
10002839,Belmira,PS
10002840,Ardoxin,PS
10002841,Cortavex,PS
10002842,Belmira,PS
10002842,Dulvane,C
10002843,Cortavex,PS
10002844,Ardoxin,PS
10002845,Ardoxin,PS
10002846,Cortavex,PS
10002847,Zentarin,PS
10002848,Zentarin,PS
10002848,Exaprin,C
10002849,Exaprin,PS
10002850,Cortavex,PS
10002851,Zentarin,PS
10002852,Dulvane,PS
10002853,Ardoxin,PS
10002854,Ardoxin,PS
10002855,Exaprin,PS
10002856,Belmira,PS
10002856,Exaprin,C
10002857,Zentarin,PS
10002858,Exaprin,PS
10002858,Ardoxin,C
10002859,Cortavex,PS
10002860,Cortavex,PS
10002861,Exaprin,PS
10002862,Cortavex,PS
10002863,Dulvane,PS
10002864,Dulvane,PS
10002865,Cortavex,PS
10002865,Exaprin,C
10002866,Cortavex,PS
10002867,Belmira,PS
10002867,Cortavex,C
10002868,Belmira,PS
10002869,Exaprin,PS
10002870,Belmira,PS
10002871,Cortavex,PS
10002872,Exaprin,PS
10002873,Dulvane,PS
10002874,Ardoxin,PS
10002875,Exaprin,PS
10002876,Cortavex,PS
10002877,Zentarin,PS
10002877,Dulvane,C
10002878,Ardoxin,PS
10002879,Dulvane,PS
10002880,Belmira,PS
10002881,Dulvane,PS
10002881,Zentarin,C
10002882,Dulvane,PS
10002883,Exaprin,PS
10002883,Dulvane,C
10002884,Ardoxin,PS
10002884,Zentarin,C
10002885,Ardoxin,PS
10002886,Exaprin,PS
10002887,Belmira,PS
10002888,Ardoxin,PS
10002889,Ardoxin,PS
10002890,Ardoxin,PS
10002891,Belmira,PS
10002892,Exaprin,PS
10002893,Ardoxin,PS
10002893,Cortavex,C
10002894,Cortavex,PS
10002895,Belmira,PS
10002896,Cortavex,PS
10002897,Cortavex,PS
10002898,Exaprin,PS
10002898,Cortavex,C
10002899,Cortavex,PS
10002900,Dulvane,PS
10002901,Exaprin,PS
10002902,Exaprin,PS
10002903,Cortavex,PS
10002903,Ardoxin,C
10002904,Dulvane,PS
10002904,Ardoxin,C
10002905,Exaprin,PS
10002905,Ardoxin,C
10002906,Ardoxin,PS
10002907,Zentarin,PS
10002908,Cortavex,PS
10002909,Belmira,PS
10002909,Ardoxin,C
10002910,Ardoxin,PS
10002910,Belmira,C
10002911,Exaprin,PS
10002912,Zentarin,PS
10002912,Dulvane,C
10002913,Cortavex,PS
10002913,Ardoxin,C
10002914,Cortavex,PS
10002915,Zentarin,PS
10002916,Exaprin,PS
10002916,Cortavex,C
10002917,Belmira,PS
10002918,Ardoxin,PS
10002919,Cortavex,PS
10002920,Cortavex,PS
10002921,Exaprin,PS
10002922,Zentarin,PS
10002922,Cortavex,C
10002923,Belmira,PS
10002924,Ardoxin,PS
10002925,Exaprin,PS
10002926,Ardoxin,PS
10002927,Ardoxin,PS
10002927,Belmira,C
10002928,Belmira,PS
10002929,Exaprin,PS
10002929,Dulvane,C
10002930,Cortavex,PS
10002930,Dulvane,C
10002931,Cortavex,PS
10002931,Zentarin,C
10002932,Belmira,PS
10002933,Dulvane,PS
10002934,Dulvane,PS
10002935,Ardoxin,PS
10002935,Zentarin,C
10002936,Exaprin,PS
10002937,Ardoxin,PS
10002938,Cortavex,PS
10002938,Belmira,C
10002939,Dulvane,PS
10002940,Exaprin,PS
10002940,Ardoxin,C
10002941,Zentarin,PS
10002942,Belmira,PS
10002942,Ardoxin,C
10002943,Cortavex,PS
10002944,Ardoxin,PS
10002945,Belmira,PS
10002946,Ardoxin,PS
10002947,Exaprin,PS
10002948,Cortavex,PS
10002949,Dulvane,PS
10002949,Zentarin,C
10002950,Cortavex,PS
10002951,Belmira,PS
10002952,Cortavex,PS
10002953,Zentarin,PS
10002953,Cortavex,C
10002954,Cortavex,PS
10002955,Cortavex,PS
10002956,Belmira,PS
10002957,Cortavex,PS
10002958,Exaprin,PS
10002959,Cortavex,PS
10002960,Ardoxin,PS
10002960,Exaprin,C
10002961,Zentarin,PS
10002962,Ardoxin,PS
10002963,Belmira,PS
10002963,Zentarin,C
10002964,Belmira,PS
10002964,Cortavex,C
10002965,Dulvane,PS
10002965,Cortavex,C
10002966,Dulvane,PS
10002966,Ardoxin,C
10002967,Cortavex,PS
10002968,Belmira,PS
10002968,Cortavex,C
10002969,Ardoxin,PS
10002969,Exaprin,C
10002970,Belmira,PS
10002971,Belmira,PS
10002972,Exaprin,PS
10002972,Ardoxin,C
10002973,Cortavex,PS
10002974,Exaprin,PS
10002975,Ardoxin,PS
10002976,Exaprin,PS
10002977,Ardoxin,PS
10002978,Ardoxin,PS
10002979,Belmira,PS
10002979,Dulvane,C
10002980,Belmira,PS
10002981,Ardoxin,PS
10002982,Zentarin,PS
10002982,Cortavex,C
10002983,Dulvane,PS
10002984,Ardoxin,PS
10002985,Dulvane,PS
10002986,Cortavex,PS
10002986,Ardoxin,C
10002987,Dulvane,PS
10002988,Cortavex,PS
10002989,Ardoxin,PS
10002990,Zentarin,PS
10002990,Belmira,C
10002991,Exaprin,PS
10002991,Zentarin,C
10002992,Ardoxin,PS
10002993,Ardoxin,PS
10002994,Ardoxin,PS
10002995,Ardoxin,PS
10002996,Cortavex,PS
10002997,Belmira,PS
10002998,Belmira,PS
10002999,Ardoxin,PS
10002999,Belmira,C
10003000,Belmira,PS
10003001,Cortavex,PS
10003002,Cortavex,PS
10003003,Exaprin,PS
10003003,Dulvane,C
10003004,Belmira,PS
10003005,Cortavex,PS
10003006,Belmira,PS
10003007,Ardoxin,PS
10003008,Ardoxin,PS
10003009,Dulvane,PS
10003010,Dulvane,PS
10003010,Zentarin,C
10003011,Cortavex,PS
10003012,Exaprin,PS
10003013,Belmira,PS
10003013,Cortavex,C
10003014,Ardoxin,PS
10003014,Cortavex,C
10003015,Ardoxin,PS
10003016,Ardoxin,PS
10003017,Exaprin,PS
10003017,Dulvane,C
10003018,Belmira,PS
10003019,Cortavex,PS
10003020,Ardoxin,PS
10003021,Exaprin,PS
10003022,Zentarin,PS
10003023,Cortavex,PS
10003024,Exaprin,PS
10003025,Cortavex,PS
10003026,Dulvane,PS
10003027,Dulvane,PS
10003028,Exaprin,PS
10003028,Ardoxin,C
10003029,Exaprin,PS
10003030,Belmira,PS
10003030,Dulvane,C
10003031,Cortavex,PS
10003032,Belmira,PS
10003032,Ardoxin,C
10003033,Cortavex,PS
10003034,Belmira,PS
10003035,Dulvane,PS
10003036,Cortavex,PS
10003037,Ardoxin,PS
10003038,Cortavex,PS
10003039,Ardoxin,PS
10003040,Cortavex,PS
10003041,Zentarin,PS
10003041,Belmira,C
10003042,Dulvane,PS
10003042,Zentarin,C
10003043,Cortavex,PS
10003044,Belmira,PS
10003045,Belmira,PS
10003046,Dulvane,PS
10003047,Exaprin,PS
10003048,Belmira,PS
10003049,Exaprin,PS
10003050,Ardoxin,PS
10003051,Belmira,PS
10003051,Ardoxin,C
10003052,Exaprin,PS
10003052,Dulvane,C
10003053,Ardoxin,PS
10003054,Belmira,PS
10003054,Zentarin,C
10003055,Exaprin,PS
10003056,Cortavex,PS
10003057,Ardoxin,PS
10003058,Ardoxin,PS
10003058,Zentarin,C
10003059,Belmira,PS
10003060,Cortavex,PS
10003061,Dulvane,PS
10003061,Belmira,C
10003062,Cortavex,PS
10003063,Cortavex,PS
10003064,Ardoxin,PS
10003064,Belmira,C
10003065,Cortavex,PS
10003066,Belmira,PS
10003067,Cortavex,PS
10003068,Ardoxin,PS
10003069,Exaprin,PS
10003069,Dulvane,C
10003070,Exaprin,PS
10003071,Belmira,PS
10003072,Ardoxin,PS
10003073,Belmira,PS
10003074,Ardoxin,PS
10003075,Zentarin,PS
10003076,Cortavex,PS
10003076,Exaprin,C
10003077,Cortavex,PS
10003077,Dulvane,C
10003078,Exaprin,PS
10003078,Zentarin,C
10003079,Exaprin,PS
10003080,Cortavex,PS
10003081,Belmira,PS
10003082,Belmira,PS
10003083,Exaprin,PS
10003083,Ardoxin,C
10003084,Belmira,PS
10003085,Ardoxin,PS
10003085,Belmira,C
10003086,Exaprin,PS
10003087,Dulvane,PS
10003088,Zentarin,PS
10003088,Dulvane,C
10003089,Ardoxin,PS
10003089,Dulvane,C
10003090,Belmira,PS
10003091,Dulvane,PS
10003091,Belmira,C
10003092,Zentarin,PS
10003093,Cortavex,PS
10003094,Dulvane,PS
10003094,Zentarin,C
10003095,Zentarin,PS
10003096,Ardoxin,PS
10003097,Zentarin,PS
10003098,Zentarin,PS
10003099,Exaprin,PS
10003100,Belmira,PS
10003100,Dulvane,C
10003101,Dulvane,PS
10003101,Cortavex,C
10003102,Exaprin,PS
10003103,Dulvane,PS
10003103,Cortavex,C
10003104,Exaprin,PS
10003105,Ardoxin,PS
10003105,Cortavex,C
10003106,Ardoxin,PS
10003106,Zentarin,C
10003107,Zentarin,PS
10003108,Belmira,PS
10003109,Dulvane,PS
10003110,Belmira,PS
10003110,Exaprin,C
10003111,Cortavex,PS
10003111,Exaprin,C
10003112,Dulvane,PS
10003113,Exaprin,PS
10003113,Belmira,C
10003114,Cortavex,PS
10003115,Ardoxin,PS
10003116,Cortavex,PS
10003117,Exaprin,PS
10003118,Cortavex,PS
10003119,Cortavex,PS
10003120,Ardoxin,PS
10003121,Belmira,PS
10003121,Exaprin,C
10003122,Zentarin,PS
10003123,Dulvane,PS
10003123,Cortavex,C
10003124,Ardoxin,PS
10003125,Exaprin,PS
10003126,Ardoxin,PS
10003126,Dulvane,C
10003127,Zentarin,PS
10003128,Ardoxin,PS
10003129,Ardoxin,PS
10003130,Belmira,PS
10003131,Ardoxin,PS
10003132,Zentarin,PS
10003133,Dulvane,PS
10003134,Exaprin,PS
10003135,Cortavex,PS
10003135,Ardoxin,C
10003136,Ardoxin,PS
10003137,Ardoxin,PS
10003137,Exaprin,C
10003138,Belmira,PS
10003138,Zentarin,C
10003139,Exaprin,PS
10003140,Ardoxin,PS
10003141,Belmira,PS
10003141,Zentarin,C
10003142,Zentarin,PS
10003142,Exaprin,C
10003143,Ardoxin,PS
10003144,Cortavex,PS
10003144,Exaprin,C
10003145,Zentarin,PS
10003146,Ardoxin,PS
10003147,Belmira,PS
10003148,Cortavex,PS
10003148,Zentarin,C
10003149,Cortavex,PS
10003150,Zentarin,PS
10003151,Cortavex,PS
10003152,Belmira,PS
10003153,Belmira,PS
10003153,Zentarin,C
10003154,Ardoxin,PS
10003155,Exaprin,PS
10003155,Cortavex,C
10003156,Ardoxin,PS
10003157,Zentarin,PS
10003157,Cortavex,C
10003158,Dulvane,PS
10003158,Ardoxin,C
10003159,Dulvane,PS
10003160,Belmira,PS
10003161,Cortavex,PS
10003162,Ardoxin,PS
10003162,Dulvane,C
10003163,Belmira,PS
10003163,Cortavex,C
10003164,Ardoxin,PS
10003165,Ardoxin,PS
10003166,Belmira,PS
10003167,Exaprin,PS
10003167,Ardoxin,C
10003168,Belmira,PS
10003169,Belmira,PS
10003170,Ardoxin,PS
10003171,Dulvane,PS
10003172,Cortavex,PS
10003173,Ardoxin,PS
10003174,Cortavex,PS
10003175,Ardoxin,PS
10003175,Cortavex,C
10003176,Exaprin,PS
10003177,Cortavex,PS
10003177,Dulvane,C
10003178,Exaprin,PS
10003179,Dulvane,PS
10003180,Dulvane,PS
10003180,Cortavex,C
10003181,Dulvane,PS
10003182,Cortavex,PS
10003183,Ardoxin,PS
10003184,Cortavex,PS
10003185,Ardoxin,PS
10003186,Exaprin,PS
10003187,Zentarin,PS
10003188,Exaprin,PS
10003189,Belmira,PS
10003190,Exaprin,PS
10003190,Belmira,C
10003191,Cortavex,PS
10003192,Ardoxin,PS
10003192,Cortavex,C
10003193,Ardoxin,PS
10003194,Dulvane,PS
10003195,Cortavex,PS
10003195,Ardoxin,C
10003196,Cortavex,PS
10003197,Dulvane,PS
10003198,Ardoxin,PS
10003199,Dulvane,PS
10003199,Exaprin,C
10003200,Ardoxin,PS
10003201,Belmira,PS
10003201,Zentarin,C
10003202,Ardoxin,PS
10003203,Exaprin,PS
10003203,Ardoxin,C
10003204,Dulvane,PS
10003204,Belmira,C
10003205,Zentarin,PS
10003206,Dulvane,PS
10003207,Ardoxin,PS
10003208,Ardoxin,PS
10003209,Belmira,PS
10003210,Belmira,PS
10003211,Ardoxin,PS
10003211,Exaprin,C
10003212,Ardoxin,PS
10003213,Dulvane,PS
10003214,Cortavex,PS
10003215,Cortavex,PS
10003215,Dulvane,C
10003216,Cortavex,PS
10003217,Dulvane,PS
10003218,Belmira,PS
10003218,Dulvane,C
10003219,Belmira,PS
10003220,Cortavex,PS
10003220,Dulvane,C
10003221,Cortavex,PS
10003222,Ardoxin,PS
10003222,Exaprin,C
10003223,Dulvane,PS
10003223,Ardoxin,C
10003224,Exaprin,PS
10003225,Ardoxin,PS
10003226,Belmira,PS
10003227,Dulvane,PS
10003227,Cortavex,C
10003228,Dulvane,PS
10003229,Zentarin,PS
10003230,Zentarin,PS
10003230,Cortavex,C
10003231,Ardoxin,PS
10003232,Ardoxin,PS
10003233,Cortavex,PS
10003233,Belmira,C
10003234,Ardoxin,PS
10003234,Zentarin,C
10003235,Belmira,PS
10003236,Dulvane,PS
10003237,Ardoxin,PS
10003238,Cortavex,PS
10003238,Ardoxin,C
10003239,Belmira,PS
10003239,Dulvane,C
10003240,Zentarin,PS
10003240,Exaprin,C
10003241,Ardoxin,PS
10003242,Cortavex,PS
10003243,Belmira,PS
10003244,Belmira,PS
10003244,Exaprin,C
10003245,Belmira,PS
10003246,Cortavex,PS
10003246,Exaprin,C
10003247,Exaprin,PS
10003248,Cortavex,PS
10003249,Belmira,PS
10003250,Belmira,PS
10003250,Zentarin,C
10003251,Cortavex,PS
10003252,Cortavex,PS
10003252,Exaprin,C
10003253,Cortavex,PS
10003254,Ardoxin,PS
10003255,Dulvane,PS
10003255,Exaprin,C
10003256,Ardoxin,PS
10003257,Exaprin,PS
10003258,Ardoxin,PS
10003259,Exaprin,PS
10003260,Exaprin,PS
10003261,Dulvane,PS
10003262,Ardoxin,PS
10003263,Ardoxin,PS
10003264,Cortavex,PS
10003264,Zentarin,C
10003265,Belmira,PS
10003265,Exaprin,C
10003266,Cortavex,PS
10003267,Exaprin,PS
10003268,Exaprin,PS
10003268,Dulvane,C
10003269,Zentarin,PS
10003269,Belmira,C
10003270,Zentarin,PS
10003271,Belmira,PS
10003272,Zentarin,PS
10003273,Cortavex,PS
10003274,Exaprin,PS
10003275,Exaprin,PS
10003276,Dulvane,PS
10003277,Belmira,PS
10003278,Ardoxin,PS
10003279,Exaprin,PS
10003280,Ardoxin,PS
10003281,Belmira,PS
10003282,Belmira,PS
10003283,Dulvane,PS
10003284,Cortavex,PS
10003284,Belmira,C
10003285,Dulvane,PS
10003286,Ardoxin,PS
10003287,Dulvane,PS
10003288,Cortavex,PS
10003289,Cortavex,PS
10003289,Exaprin,C
10003290,Dulvane,PS
10003291,Dulvane,PS
10003292,Cortavex,PS
10003293,Belmira,PS
10003293,Zentarin,C
10003294,Dulvane,PS
10003295,Dulvane,PS
10003296,Belmira,PS
10003297,Exaprin,PS
10003298,Ardoxin,PS
10003299,Ardoxin,PS
10003300,Cortavex,PS
10003301,Exaprin,PS
10003301,Dulvane,C
10003302,Zentarin,PS
10003303,Cortavex,PS
10003303,Dulvane,C
10003304,Cortavex,PS
10003305,Belmira,PS
10003306,Dulvane,PS
10003307,Exaprin,PS
10003307,Cortavex,C
10003308,Zentarin,PS
10003308,Dulvane,C
10003309,Dulvane,PS
10003309,Belmira,C
10003310,Belmira,PS
10003311,Exaprin,PS
10003311,Dulvane,C
10003312,Belmira,PS
10003312,Dulvane,C
10003313,Ardoxin,PS
10003313,Zentarin,C
10003314,Exaprin,PS
10003314,Zentarin,C
10003315,Ardoxin,PS
10003316,Belmira,PS
10003316,Dulvane,C
10003317,Zentarin,PS
10003318,Ardoxin,PS
10003318,Exaprin,C
10003319,Belmira,PS
10003319,Dulvane,C
10003320,Ardoxin,PS
10003320,Exaprin,C
10003321,Belmira,PS
10003322,Belmira,PS
10003322,Dulvane,C
10003323,Ardoxin,PS
10003324,Cortavex,PS
10003324,Ardoxin,C
10003325,Ardoxin,PS
10003325,Belmira,C
10003326,Belmira,PS
10003327,Belmira,PS
10003327,Exaprin,C
10003328,Ardoxin,PS
10003328,Cortavex,C
10003329,Zentarin,PS
10003330,Dulvane,PS
10003331,Belmira,PS
10003331,Ardoxin,C
10003332,Zentarin,PS
10003333,Cortavex,PS
10003334,Zentarin,PS
10003334,Cortavex,C
10003335,Exaprin,PS
10003336,Cortavex,PS
10003336,Zentarin,C
10003337,Ardoxin,PS
10003337,Belmira,C
10003338,Belmira,PS
10003339,Belmira,PS
10003339,Exaprin,C
10003340,Zentarin,PS
10003341,Dulvane,PS
10003342,Ardoxin,PS
10003343,Exaprin,PS
10003343,Dulvane,C
10003344,Ardoxin,PS
10003345,Belmira,PS
10003346,Dulvane,PS
10003347,Exaprin,PS
10003348,Dulvane,PS
10003349,Cortavex,PS
10003350,Exaprin,PS
10003351,Cortavex,PS
10003352,Ardoxin,PS
10003353,Ardoxin,PS
10003353,Dulvane,C
10003354,Cortavex,PS
10003355,Exaprin,PS
10003356,Ardoxin,PS
10003357,Cortavex,PS
10003358,Exaprin,PS
10003358,Zentarin,C
10003359,Exaprin,PS
10003360,Cortavex,PS
10003360,Ardoxin,C
10003361,Cortavex,PS
10003362,Belmira,PS
10003363,Ardoxin,PS
10003364,Ardoxin,PS
10003364,Zentarin,C
10003365,Ardoxin,PS
10003366,Ardoxin,PS
10003366,Exaprin,C
10003367,Dulvane,PS
10003368,Ardoxin,PS
10003369,Ardoxin,PS
10003370,Cortavex,PS
10003371,Exaprin,PS
10003372,Ardoxin,PS
10003373,Cortavex,PS
10003373,Exaprin,C
10003374,Exaprin,PS
10003375,Ardoxin,PS
10003375,Exaprin,C
10003376,Ardoxin,PS
10003377,Exaprin,PS
10003378,Belmira,PS
10003378,Ardoxin,C
10003379,Ardoxin,PS
10003379,Zentarin,C
10003380,Ardoxin,PS
10003380,Zentarin,C
10003381,Cortavex,PS
10003382,Exaprin,PS
10003382,Zentarin,C
10003383,Belmira,PS
10003384,Ardoxin,PS
10003385,Cortavex,PS
10003385,Dulvane,C
10003386,Zentarin,PS
10003387,Cortavex,PS
10003387,Zentarin,C
10003388,Cortavex,PS
10003389,Exaprin,PS
10003390,Zentarin,PS
10003390,Exaprin,C
10003391,Ardoxin,PS
10003392,Zentarin,PS
10003392,Cortavex,C
10003393,Belmira,PS
10003394,Zentarin,PS
10003394,Belmira,C
10003395,Ardoxin,PS
10003395,Exaprin,C
10003396,Cortavex,PS
10003397,Ardoxin,PS
10003398,Ardoxin,PS
10003398,Exaprin,C
10003399,Dulvane,PS
10003399,Exaprin,C
10003400,Belmira,PS
10003401,Ardoxin,PS
10003402,Cortavex,PS
10003403,Exaprin,PS
10003404,Cortavex,PS
10003405,Zentarin,PS
10003406,Zentarin,PS
10003406,Exaprin,C
10003407,Cortavex,PS
10003408,Dulvane,PS
10003409,Dulvane,PS
10003410,Dulvane,PS
10003411,Zentarin,PS
10003411,Dulvane,C
10003412,Zentarin,PS
10003413,Cortavex,PS
10003414,Cortavex,PS
10003415,Belmira,PS
10003416,Dulvane,PS
10003417,Belmira,PS
10003418,Exaprin,PS
10003418,Ardoxin,C
10003419,Belmira,PS
10003420,Cortavex,PS
10003421,Exaprin,PS
10003421,Belmira,C
10003422,Belmira,PS
10003423,Belmira,PS
10003424,Ardoxin,PS
10003425,Ardoxin,PS
10003425,Zentarin,C
10003426,Dulvane,PS
10003427,Ardoxin,PS
10003428,Dulvane,PS
10003429,Ardoxin,PS
10003430,Ardoxin,PS
10003431,Ardoxin,PS
10003432,Belmira,PS
10003433,Cortavex,PS
10003434,Cortavex,PS
10003435,Dulvane,PS
10003436,Ardoxin,PS
10003437,Zentarin,PS
10003438,Belmira,PS
10003439,Dulvane,PS
10003440,Exaprin,PS
10003441,Belmira,PS
10003442,Ardoxin,PS
10003443,Cortavex,PS
10003443,Exaprin,C
10003444,Cortavex,PS
10003445,Belmira,PS
10003445,Exaprin,C
10003446,Cortavex,PS
10003447,Exaprin,PS
10003448,Belmira,PS
10003448,Zentarin,C
10003449,Ardoxin,PS
10003450,Dulvane,PS
10003451,Cortavex,PS
10003452,Belmira,PS
10003453,Exaprin,PS
10003453,Ardoxin,C
10003454,Cortavex,PS
10003454,Dulvane,C
10003455,Ardoxin,PS
10003455,Cortavex,C
10003456,Dulvane,PS
10003457,Exaprin,PS
10003458,Ardoxin,PS
10003459,Belmira,PS
10003460,Zentarin,PS
10003460,Belmira,C
10003461,Cortavex,PS
10003462,Dulvane,PS
10003463,Ardoxin,PS
10003463,Belmira,C
10003464,Ardoxin,PS
10003465,Ardoxin,PS
10003465,Belmira,C
10003466,Ardoxin,PS
10003467,Zentarin,PS
10003467,Exaprin,C
10003468,Dulvane,PS
10003468,Belmira,C
10003469,Dulvane,PS
10003470,Dulvane,PS
10003471,Dulvane,PS
10003472,Ardoxin,PS
10003473,Ardoxin,PS
10003474,Exaprin,PS
10003475,Dulvane,PS
10003476,Cortavex,PS
10003477,Ardoxin,PS
10003478,Dulvane,PS
10003479,Belmira,PS
10003480,Belmira,PS
10003480,Ardoxin,C
10003481,Ardoxin,PS
10003481,Belmira,C
10003482,Belmira,PS
10003483,Belmira,PS
10003484,Ardoxin,PS
10003484,Belmira,C
10003485,Belmira,PS
10003485,Dulvane,C
10003486,Dulvane,PS
10003487,Belmira,PS
10003488,Cortavex,PS
10003488,Zentarin,C
10003489,Exaprin,PS
10003490,Exaprin,PS
10003491,Belmira,PS
10003492,Dulvane,PS
10003493,Dulvane,PS
10003494,Cortavex,PS
10003495,Ardoxin,PS
10003496,Dulvane,PS
10003497,Cortavex,PS
10003498,Exaprin,PS
10003499,Dulvane,PS
10003500,Dulvane,PS
10003501,Ardoxin,PS
10003502,Zentarin,PS
10003503,Ardoxin,PS
10003504,Belmira,PS
10003504,Exaprin,C
10003505,Ardoxin,PS
10003506,Exaprin,PS
10003506,Ardoxin,C
10003507,Zentarin,PS
10003508,Belmira,PS
10003509,Zentarin,PS
10003510,Dulvane,PS
10003511,Zentarin,PS
10003511,Belmira,C
10003512,Ardoxin,PS
10003513,Belmira,PS
10003513,Exaprin,C
10003514,Dulvane,PS
10003515,Cortavex,PS
10003516,Dulvane,PS
10003517,Exaprin,PS
10003517,Dulvane,C
10003518,Cortavex,PS
10003518,Zentarin,C
10003519,Ardoxin,PS
10003520,Cortavex,PS
10003521,Ardoxin,PS
10003522,Cortavex,PS
10003522,Exaprin,C
10003523,Zentarin,PS
10003523,Ardoxin,C
10003524,Exaprin,PS
10003525,Exaprin,PS
10003525,Belmira,C
10003526,Ardoxin,PS
10003527,Zentarin,PS
10003528,Belmira,PS
10003528,Zentarin,C
10003529,Cortavex,PS
10003530,Ardoxin,PS
10003531,Zentarin,PS
10003531,Ardoxin,C
10003532,Ardoxin,PS
10003532,Dulvane,C
10003533,Belmira,PS
10003534,Exaprin,PS
10003535,Belmira,PS
10003536,Dulvane,PS
10003537,Exaprin,PS
10003537,Belmira,C
10003538,Cortavex,PS
10003539,Ardoxin,PS
10003539,Exaprin,C
10003540,Exaprin,PS
10003541,Exaprin,PS
10003542,Cortavex,PS
10003543,Belmira,PS
10003544,Dulvane,PS
10003545,Dulvane,PS
10003546,Belmira,PS
10003547,Ardoxin,PS
10003548,Cortavex,PS
10003548,Zentarin,C
10003549,Exaprin,PS
10003550,Dulvane,PS
10003551,Ardoxin,PS
10003552,Belmira,PS
10003553,Exaprin,PS
10003554,Cortavex,PS
10003554,Belmira,C
10003555,Exaprin,PS
10003556,Ardoxin,PS
10003557,Dulvane,PS
10003557,Ardoxin,C
10003558,Cortavex,PS
10003559,Belmira,PS
10003559,Dulvane,C
10003560,Exaprin,PS
10003560,Zentarin,C
10003561,Exaprin,PS
10003561,Dulvane,C
10003562,Belmira,PS
10003563,Dulvane,PS
10003564,Exaprin,PS
10003565,Cortavex,PS
10003565,Exaprin,C
10003566,Ardoxin,PS
10003567,Ardoxin,PS
10003567,Dulvane,C
10003568,Ardoxin,PS
10003568,Exaprin,C
10003569,Belmira,PS
10003569,Zentarin,C
10003570,Cortavex,PS
10003571,Cortavex,PS
10003571,Ardoxin,C
10003572,Belmira,PS
10003573,Cortavex,PS
10003574,Exaprin,PS
10003574,Belmira,C
10003575,Belmira,PS
10003576,Cortavex,PS
10003577,Exaprin,PS
10003578,Exaprin,PS
10003579,Cortavex,PS
10003580,Belmira,PS
10003581,Exaprin,PS
10003582,Exaprin,PS
10003583,Dulvane,PS
10003584,Dulvane,PS
10003585,Zentarin,PS
10003586,Belmira,PS
10003587,Belmira,PS
10003588,Cortavex,PS
10003588,Dulvane,C
10003589,Exaprin,PS
10003590,Dulvane,PS
10003590,Cortavex,C
10003591,Ardoxin,PS
10003592,Exaprin,PS
10003592,Belmira,C
10003593,Ardoxin,PS
10003593,Dulvane,C
10003594,Ardoxin,PS
10003594,Exaprin,C
10003595,Exaprin,PS
10003596,Zentarin,PS
10003596,Exaprin,C
10003597,Zentarin,PS
10003598,Zentarin,PS
10003599,Cortavex,PS
10003599,Zentarin,C
10003600,Zentarin,PS
10003600,Cortavex,C
10003601,Cortavex,PS
10003601,Dulvane,C
10003602,Dulvane,PS
10003602,Zentarin,C
10003603,Zentarin,PS
10003604,Dulvane,PS
10003605,Cortavex,PS
10003605,Exaprin,C
10003606,Dulvane,PS
10003607,Dulvane,PS
10003608,Zentarin,PS
10003609,Cortavex,PS
10003610,Belmira,PS
10003611,Ardoxin,PS
10003612,Cortavex,PS
10003613,Exaprin,PS
10003614,Belmira,PS
10003614,Dulvane,C
10003615,Ardoxin,PS
10003616,Dulvane,PS
10003617,Belmira,PS
10003618,Ardoxin,PS
10003619,Dulvane,PS
10003620,Dulvane,PS
10003620,Belmira,C
10003621,Dulvane,PS
10003622,Ardoxin,PS
10003622,Belmira,C
10003623,Ardoxin,PS
10003624,Exaprin,PS
10003624,Dulvane,C
10003625,Dulvane,PS
10003625,Exaprin,C
10003626,Zentarin,PS
10003626,Dulvane,C
10003627,Dulvane,PS
10003627,Exaprin,C
10003628,Ardoxin,PS
10003629,Cortavex,PS
10003630,Belmira,PS
10003631,Dulvane,PS
10003632,Belmira,PS
10003633,Belmira,PS
10003634,Exaprin,PS
10003634,Zentarin,C
10003635,Ardoxin,PS
10003635,Exaprin,C
10003636,Ardoxin,PS
10003637,Belmira,PS
10003638,Ardoxin,PS
10003639,Zentarin,PS
10003640,Ardoxin,PS
10003641,Ardoxin,PS
10003642,Zentarin,PS
10003643,Zentarin,PS
10003644,Ardoxin,PS
10003644,Exaprin,C
10003645,Exaprin,PS
10003646,Ardoxin,PS
10003646,Belmira,C
10003647,Exaprin,PS
10003647,Cortavex,C
10003648,Ardoxin,PS
10003649,Ardoxin,PS
10003650,Zentarin,PS
10003651,Ardoxin,PS
10003652,Zentarin,PS
10003652,Belmira,C
10003653,Belmira,PS
10003653,Zentarin,C
10003654,Dulvane,PS
10003655,Zentarin,PS
10003655,Belmira,C
10003656,Exaprin,PS
10003657,Belmira,PS
10003658,Zentarin,PS
10003659,Zentarin,PS
10003660,Ardoxin,PS
10003661,Belmira,PS
10003662,Zentarin,PS
10003662,Ardoxin,C
10003663,Zentarin,PS
10003664,Belmira,PS
10003665,Cortavex,PS
10003666,Cortavex,PS
10003667,Belmira,PS
10003667,Ardoxin,C
10003668,Cortavex,PS
10003669,Ardoxin,PS
10003670,Zentarin,PS
10003671,Ardoxin,PS
10003672,Dulvane,PS
10003673,Zentarin,PS
10003673,Belmira,C
10003674,Ardoxin,PS
10003675,Exaprin,PS
10003675,Ardoxin,C
10003676,Dulvane,PS
10003677,Cortavex,PS
10003678,Dulvane,PS
10003679,Zentarin,PS
10003680,Belmira,PS
10003681,Belmira,PS
10003682,Dulvane,PS
10003683,Dulvane,PS
10003684,Zentarin,PS
10003685,Zentarin,PS
10003685,Dulvane,C
10003686,Ardoxin,PS
10003687,Dulvane,PS
10003687,Belmira,C
10003688,Belmira,PS
10003689,Cortavex,PS
10003690,Ardoxin,PS
10003690,Belmira,C
10003691,Zentarin,PS
10003691,Ardoxin,C
10003692,Cortavex,PS
10003693,Cortavex,PS
10003694,Zentarin,PS
10003694,Cortavex,C
10003695,Dulvane,PS
10003695,Zentarin,C
10003696,Exaprin,PS
10003697,Ardoxin,PS
10003698,Ardoxin,PS
10003699,Dulvane,PS
10003700,Cortavex,PS
10003701,Ardoxin,PS
10003702,Cortavex,PS
10003702,Dulvane,C
10003703,Belmira,PS
10003703,Exaprin,C
10003704,Ardoxin,PS
10003705,Ardoxin,PS
10003706,Dulvane,PS
10003707,Dulvane,PS
10003708,Cortavex,PS
10003709,Dulvane,PS
10003710,Belmira,PS
10003711,Belmira,PS
10003712,Belmira,PS
10003713,Cortavex,PS
10003714,Ardoxin,PS
10003715,Ardoxin,PS
10003716,Cortavex,PS
10003716,Ardoxin,C
10003717,Ardoxin,PS
10003717,Dulvane,C
10003718,Zentarin,PS
10003719,Dulvane,PS
10003719,Zentarin,C
10003720,Ardoxin,PS
10003721,Cortavex,PS
10003722,Zentarin,PS
10003722,Ardoxin,C
10003723,Dulvane,PS
10003724,Belmira,PS
10003725,Belmira,PS
10003726,Exaprin,PS
10003727,Dulvane,PS
10003727,Cortavex,C
10003728,Belmira,PS
10003729,Belmira,PS
10003729,Exaprin,C
10003730,Dulvane,PS
10003731,Dulvane,PS
10003732,Dulvane,PS
10003733,Zentarin,PS
10003734,Exaprin,PS
10003734,Dulvane,C
10003735,Cortavex,PS
10003735,Belmira,C
10003736,Zentarin,PS
10003737,Cortavex,PS
10003738,Exaprin,PS
10003739,Exaprin,PS
10003740,Belmira,PS
10003741,Belmira,PS
10003741,Exaprin,C
10003742,Belmira,PS
10003743,Belmira,PS
10003744,Ardoxin,PS
10003744,Zentarin,C
10003745,Cortavex,PS
10003746,Ardoxin,PS
10003746,Exaprin,C
10003747,Zentarin,PS
10003748,Belmira,PS
10003748,Cortavex,C
10003749,Dulvane,PS
10003749,Exaprin,C
10003750,Ardoxin,PS
10003751,Exaprin,PS
10003752,Cortavex,PS
10003753,Dulvane,PS
10003753,Ardoxin,C
10003754,Exaprin,PS
10003754,Cortavex,C
10003755,Zentarin,PS
10003756,Exaprin,PS
10003757,Dulvane,PS
10003758,Cortavex,PS
10003759,Ardoxin,PS
10003760,Zentarin,PS
10003761,Belmira,PS
10003761,Dulvane,C
10003762,Exaprin,PS
10003763,Ardoxin,PS
10003763,Belmira,C
10003764,Ardoxin,PS
10003765,Belmira,PS
10003766,Exaprin,PS
10003767,Cortavex,PS
10003768,Zentarin,PS
10003769,Cortavex,PS
10003770,Cortavex,PS
10003771,Dulvane,PS
10003772,Cortavex,PS
10003773,Dulvane,PS
10003774,Belmira,PS
10003775,Belmira,PS
10003776,Zentarin,PS
10003776,Dulvane,C
10003777,Ardoxin,PS
10003778,Exaprin,PS
10003778,Belmira,C
10003779,Ardoxin,PS
10003780,Cortavex,PS
10003780,Zentarin,C
10003781,Cortavex,PS
10003782,Cortavex,PS
10003782,Exaprin,C
10003783,Cortavex,PS
10003783,Dulvane,C
10003784,Dulvane,PS
10003784,Exaprin,C
10003785,Zentarin,PS
10003786,Belmira,PS
10003787,Dulvane,PS
10003788,Zentarin,PS
10003789,Ardoxin,PS
10003790,Exaprin,PS
10003791,Exaprin,PS
10003792,Cortavex,PS
10003792,Zentarin,C
10003793,Cortavex,PS
10003794,Zentarin,PS
10003794,Exaprin,C
10003795,Zentarin,PS
10003796,Exaprin,PS
10003797,Belmira,PS
10003798,Ardoxin,PS
10003799,Dulvane,PS
10003800,Dulvane,PS
10003801,Dulvane,PS
10003802,Cortavex,PS
10003803,Cortavex,PS
10003804,Cortavex,PS
10003804,Belmira,C
10003805,Cortavex,PS
10003806,Ardoxin,PS
10003806,Belmira,C
10003807,Ardoxin,PS
10003808,Ardoxin,PS
10003809,Cortavex,PS
10003809,Dulvane,C
10003810,Zentarin,PS
10003810,Exaprin,C
10003811,Exaprin,PS
10003812,Zentarin,PS
10003813,Belmira,PS
10003813,Dulvane,C
10003814,Cortavex,PS
10003814,Exaprin,C
10003815,Dulvane,PS
10003816,Belmira,PS
10003817,Cortavex,PS
10003817,Zentarin,C
10003818,Belmira,PS
10003819,Ardoxin,PS
10003820,Zentarin,PS
10003821,Dulvane,PS
10003821,Exaprin,C
10003822,Cortavex,PS
10003823,Dulvane,PS
10003824,Ardoxin,PS
10003825,Zentarin,PS
10003825,Dulvane,C
10003826,Ardoxin,PS
10003827,Ardoxin,PS
10003827,Zentarin,C
10003828,Zentarin,PS
10003828,Belmira,C
10003829,Dulvane,PS
10003829,Zentarin,C
10003830,Exaprin,PS
10003831,Exaprin,PS
10003832,Belmira,PS
10003832,Ardoxin,C
10003833,Ardoxin,PS
10003833,Dulvane,C
10003834,Ardoxin,PS
10003834,Exaprin,C
10003835,Dulvane,PS
10003835,Exaprin,C
10003836,Cortavex,PS
10003837,Dulvane,PS
10003838,Cortavex,PS
10003839,Zentarin,PS
10003840,Exaprin,PS
10003841,Dulvane,PS
10003842,Cortavex,PS
10003843,Dulvane,PS
10003844,Belmira,PS
10003845,Exaprin,PS
10003845,Zentarin,C
10003846,Dulvane,PS
10003846,Zentarin,C
10003847,Dulvane,PS
10003848,Belmira,PS
10003849,Ardoxin,PS
10003849,Belmira,C
10003850,Ardoxin,PS
10003851,Ardoxin,PS
10003852,Belmira,PS
10003853,Exaprin,PS
10003853,Zentarin,C
10003854,Dulvane,PS
10003854,Cortavex,C
10003855,Dulvane,PS
10003856,Cortavex,PS
10003857,Belmira,PS
10003857,Cortavex,C
10003858,Ardoxin,PS
10003859,Cortavex,PS
10003859,Dulvane,C
10003860,Belmira,PS
10003860,Exaprin,C
10003861,Belmira,PS
10003862,Exaprin,PS
10003863,Cortavex,PS
10003864,Dulvane,PS
10003865,Ardoxin,PS
10003866,Dulvane,PS
10003867,Ardoxin,PS
10003868,Ardoxin,PS
10003868,Dulvane,C
10003869,Ardoxin,PS
10003869,Exaprin,C
10003870,Ardoxin,PS
10003870,Exaprin,C
10003871,Cortavex,PS
10003872,Dulvane,PS
10003873,Zentarin,PS
10003874,Cortavex,PS
10003875,Dulvane,PS
10003876,Belmira,PS
10003876,Dulvane,C
10003877,Cortavex,PS
10003877,Zentarin,C
10003878,Dulvane,PS
10003879,Exaprin,PS
10003880,Ardoxin,PS
10003881,Ardoxin,PS
10003882,Cortavex,PS
10003883,Exaprin,PS
10003884,Ardoxin,PS
10003885,Exaprin,PS
10003886,Ardoxin,PS
10003887,Dulvane,PS
10003888,Ardoxin,PS
10003889,Exaprin,PS
10003889,Zentarin,C
10003890,Ardoxin,PS
10003891,Ardoxin,PS
10003892,Cortavex,PS
10003892,Zentarin,C
10003893,Cortavex,PS
10003894,Cortavex,PS
10003895,Belmira,PS
10003896,Cortavex,PS
10003897,Exaprin,PS
10003898,Exaprin,PS
10003899,Exaprin,PS
10003899,Zentarin,C
10003900,Exaprin,PS
10003901,Exaprin,PS
10003901,Belmira,C
10003902,Belmira,PS
10003903,Dulvane,PS
10003903,Cortavex,C
10003904,Dulvane,PS
10003905,Belmira,PS
10003906,Belmira,PS
10003906,Zentarin,C
10003907,Ardoxin,PS
10003908,Ardoxin,PS
10003909,Cortavex,PS
10003909,Ardoxin,C
10003910,Zentarin,PS
10003911,Zentarin,PS
10003912,Belmira,PS
10003913,Belmira,PS
10003914,Belmira,PS
10003915,Zentarin,PS
10003916,Belmira,PS
10003916,Ardoxin,C
10003917,Belmira,PS
10003917,Exaprin,C
10003918,Dulvane,PS
10003919,Belmira,PS
10003920,Dulvane,PS
10003921,Dulvane,PS
10003922,Exaprin,PS
10003922,Dulvane,C
10003923,Zentarin,PS
10003924,Belmira,PS
10003924,Dulvane,C
10003925,Belmira,PS
10003925,Cortavex,C
10003926,Dulvane,PS
10003927,Cortavex,PS
10003928,Exaprin,PS
10003929,Cortavex,PS
10003930,Zentarin,PS
10003930,Dulvane,C
10003931,Ardoxin,PS
10003932,Ardoxin,PS
10003933,Ardoxin,PS
10003934,Exaprin,PS
10003935,Ardoxin,PS
10003936,Belmira,PS
10003937,Zentarin,PS
10003938,Exaprin,PS
10003939,Exaprin,PS
10003940,Belmira,PS
10003941,Belmira,PS
10003942,Cortavex,PS
10003943,Dulvane,PS
10003944,Exaprin,PS
10003945,Exaprin,PS
10003946,Belmira,PS
10003947,Dulvane,PS
10003948,Exaprin,PS
10003949,Cortavex,PS
10003950,Belmira,PS
10003951,Belmira,PS
10003951,Ardoxin,C
10003952,Belmira,PS
10003952,Exaprin,C
10003953,Cortavex,PS
10003953,Zentarin,C
10003954,Ardoxin,PS
10003955,Dulvane,PS
10003955,Cortavex,C
10003956,Cortavex,PS
10003957,Dulvane,PS
10003958,Dulvane,PS
10003959,Cortavex,PS
10003959,Dulvane,C
10003960,Dulvane,PS
10003961,Ardoxin,PS
10003962,Ardoxin,PS
10003962,Zentarin,C
10003963,Ardoxin,PS
10003964,Dulvane,PS
10003964,Cortavex,C
10003965,Ardoxin,PS
10003966,Dulvane,PS
10003967,Ardoxin,PS
10003968,Dulvane,PS
10003968,Ardoxin,C
10003969,Belmira,PS
10003970,Cortavex,PS
10003970,Belmira,C
10003971,Ardoxin,PS
10003972,Cortavex,PS
10003973,Belmira,PS
10003974,Ardoxin,PS
10003974,Cortavex,C
10003975,Ardoxin,PS
10003975,Cortavex,C
10003976,Belmira,PS
10003976,Dulvane,C
10003977,Dulvane,PS
10003978,Dulvane,PS
10003978,Exaprin,C
10003979,Ardoxin,PS
10003980,Exaprin,PS
10003980,Zentarin,C
10003981,Dulvane,PS
10003982,Cortavex,PS
10003983,Belmira,PS
10003984,Exaprin,PS
10003985,Exaprin,PS
10003986,Belmira,PS
10003987,Belmira,PS
10003987,Zentarin,C
10003988,Ardoxin,PS
10003988,Exaprin,C
10003989,Dulvane,PS
10003990,Cortavex,PS
10003990,Ardoxin,C
10003991,Dulvane,PS
10003991,Belmira,C
10003992,Cortavex,PS
10003992,Exaprin,C
10003993,Zentarin,PS
10003994,Zentarin,PS
10003995,Cortavex,PS
10003996,Cortavex,PS
10003996,Zentarin,C
10003997,Cortavex,PS
10003997,Belmira,C
10003998,Dulvane,PS
10003999,Belmira,PS
10003999,Zentarin,C
10004000,Dulvane,PS
10004000,Zentarin,C
10004001,Cortavex,PS
10004002,Zentarin,PS
10004003,Zentarin,PS
10004004,Ardoxin,PS
10004005,Belmira,PS
10004005,Exaprin,C
10004006,Dulvane,PS
10004007,Belmira,PS
10004008,Zentarin,PS
10004009,Ardoxin,PS
10004010,Ardoxin,PS
10004011,Exaprin,PS
10004012,Ardoxin,PS
10004012,Cortavex,C
10004013,Exaprin,PS
10004014,Zentarin,PS
10004015,Zentarin,PS
10004016,Ardoxin,PS
10004016,Dulvane,C
10004017,Ardoxin,PS
10004017,Zentarin,C
10004018,Belmira,PS
10004019,Exaprin,PS
10004019,Cortavex,C
10004020,Ardoxin,PS
10004021,Exaprin,PS
10004021,Cortavex,C
10004022,Exaprin,PS
10004023,Cortavex,PS
10004023,Ardoxin,C
10004024,Exaprin,PS
10004025,Ardoxin,PS
10004026,Ardoxin,PS
10004027,Dulvane,PS
10004027,Belmira,C
10004028,Zentarin,PS
10004029,Cortavex,PS
10004030,Belmira,PS
10004031,Belmira,PS
10004032,Zentarin,PS
10004033,Belmira,PS
10004034,Dulvane,PS
10004035,Zentarin,PS
10004035,Exaprin,C
10004036,Dulvane,PS
10004037,Ardoxin,PS
10004038,Zentarin,PS
10004039,Belmira,PS
10004040,Dulvane,PS
10004040,Cortavex,C
10004041,Exaprin,PS
10004042,Dulvane,PS
10004043,Cortavex,PS
10004043,Belmira,C
10004044,Ardoxin,PS
10004045,Belmira,PS
10004045,Cortavex,C
10004046,Zentarin,PS
10004046,Cortavex,C
10004047,Ardoxin,PS
10004048,Dulvane,PS
10004048,Exaprin,C
10004049,Zentarin,PS
10004049,Ardoxin,C
10004050,Dulvane,PS
10004051,Ardoxin,PS
10004051,Dulvane,C
10004052,Cortavex,PS
10004053,Cortavex,PS
10004054,Zentarin,PS
10004055,Cortavex,PS
10004056,Belmira,PS
10004057,Ardoxin,PS
10004058,Cortavex,PS
10004058,Dulvane,C
10004059,Belmira,PS
10004060,Zentarin,PS
10004060,Exaprin,C
10004061,Exaprin,PS
10004062,Cortavex,PS
10004063,Dulvane,PS
10004063,Ardoxin,C
10004064,Ardoxin,PS
10004065,Belmira,PS
10004065,Exaprin,C
10004066,Belmira,PS
10004066,Cortavex,C
10004067,Dulvane,PS
10004068,Dulvane,PS
10004069,Zentarin,PS
10004070,Dulvane,PS
10004070,Ardoxin,C
10004071,Ardoxin,PS
10004072,Belmira,PS
10004073,Zentarin,PS
10004074,Dulvane,PS
10004075,Zentarin,PS
10004076,Belmira,PS
10004076,Cortavex,C
10004077,Dulvane,PS
10004078,Ardoxin,PS
10004078,Dulvane,C
10004079,Cortavex,PS
10004079,Dulvane,C
10004080,Dulvane,PS
10004080,Exaprin,C
10004081,Exaprin,PS
10004081,Ardoxin,C
10004082,Dulvane,PS
10004083,Zentarin,PS
10004083,Dulvane,C
10004084,Zentarin,PS
10004085,Dulvane,PS
10004086,Ardoxin,PS
10004087,Ardoxin,PS
10004088,Belmira,PS
10004089,Cortavex,PS
10004089,Ardoxin,C
10004090,Cortavex,PS
10004090,Exaprin,C
10004091,Exaprin,PS
10004092,Cortavex,PS
10004093,Belmira,PS
10004094,Ardoxin,PS
10004095,Cortavex,PS
10004096,Exaprin,PS
10004097,Dulvane,PS
10004098,Cortavex,PS
10004098,Ardoxin,C
10004099,Ardoxin,PS
10004100,Ardoxin,PS
10004101,Belmira,PS
10004102,Cortavex,PS
10004103,Ardoxin,PS
10004103,Zentarin,C
10004104,Exaprin,PS
10004105,Ardoxin,PS
10004105,Cortavex,C
10004106,Exaprin,PS
10004107,Ardoxin,PS
10004108,Cortavex,PS
10004109,Exaprin,PS
10004109,Dulvane,C
10004110,Cortavex,PS
10004111,Belmira,PS
10004111,Exaprin,C
10004112,Zentarin,PS
10004113,Exaprin,PS
10004113,Cortavex,C
10004114,Dulvane,PS
10004115,Belmira,PS
10004116,Ardoxin,PS
10004116,Cortavex,C
10004117,Dulvane,PS
10004117,Ardoxin,C
10004118,Belmira,PS
10004119,Belmira,PS
10004119,Zentarin,C
10004120,Ardoxin,PS
10004120,Zentarin,C
10004121,Dulvane,PS
10004122,Dulvane,PS
10004123,Ardoxin,PS
10004124,Exaprin,PS
10004125,Zentarin,PS
10004126,Zentarin,PS
10004127,Belmira,PS
10004128,Belmira,PS
10004129,Dulvane,PS
10004130,Exaprin,PS
10004130,Zentarin,C
10004131,Belmira,PS
10004131,Dulvane,C
10004132,Dulvane,PS
10004132,Ardoxin,C
10004133,Belmira,PS
10004134,Exaprin,PS
10004134,Zentarin,C
10004135,Ardoxin,PS
10004136,Ardoxin,PS
10004136,Dulvane,C
10004137,Cortavex,PS
10004138,Exaprin,PS
10004139,Cortavex,PS
10004140,Dulvane,PS
10004141,Ardoxin,PS
10004142,Ardoxin,PS
10004142,Zentarin,C
10004143,Zentarin,PS
10004144,Cortavex,PS
10004145,Belmira,PS
10004146,Cortavex,PS
10004147,Cortavex,PS
10004148,Cortavex,PS
10004148,Zentarin,C
10004149,Dulvane,PS
10004150,Exaprin,PS
10004151,Cortavex,PS
10004152,Ardoxin,PS
10004153,Ardoxin,PS
10004154,Belmira,PS
10004155,Ardoxin,PS
10004156,Dulvane,PS
10004157,Cortavex,PS
10004158,Zentarin,PS
10004159,Ardoxin,PS
10004160,Zentarin,PS
10004161,Dulvane,PS
10004162,Cortavex,PS
10004163,Belmira,PS
10004164,Belmira,PS
10004165,Exaprin,PS
10004166,Dulvane,PS
10004166,Belmira,C
10004167,Cortavex,PS
10004168,Belmira,PS
10004168,Zentarin,C
10004169,Ardoxin,PS
10004170,Cortavex,PS
10004171,Zentarin,PS
10004171,Belmira,C
10004172,Dulvane,PS
10004173,Ardoxin,PS
10004174,Zentarin,PS
10004175,Belmira,PS
10004176,Belmira,PS
10004177,Zentarin,PS
10004178,Belmira,PS
10004178,Cortavex,C
10004179,Ardoxin,PS
10004180,Cortavex,PS
10004181,Dulvane,PS
10004181,Belmira,C
10004182,Dulvane,PS
10004183,Ardoxin,PS
10004184,Exaprin,PS
10004185,Dulvane,PS
10004186,Ardoxin,PS
10004187,Belmira,PS
10004187,Ardoxin,C
10004188,Exaprin,PS
10004189,Cortavex,PS
10004190,Belmira,PS
10004191,Exaprin,PS
10004192,Zentarin,PS
10004192,Cortavex,C
10004193,Dulvane,PS
10004194,Exaprin,PS
10004194,Cortavex,C
10004195,Cortavex,PS
10004196,Ardoxin,PS
10004197,Cortavex,PS
10004198,Belmira,PS
10004198,Cortavex,C
10004199,Zentarin,PS
10004200,Dulvane,PS
10004200,Cortavex,C
10004201,Ardoxin,PS
10004202,Ardoxin,PS
10004203,Cortavex,PS
10004204,Ardoxin,PS
10004205,Dulvane,PS
10004206,Ardoxin,PS
10004207,Ardoxin,PS
10004208,Dulvane,PS
10004208,Ardoxin,C
10004209,Dulvane,PS
10004210,Cortavex,PS
10004211,Zentarin,PS
10004212,Cortavex,PS
10004212,Dulvane,C
10004213,Zentarin,PS
10004214,Exaprin,PS
10004214,Belmira,C
10004215,Ardoxin,PS
10004216,Belmira,PS
10004216,Dulvane,C
10004217,Ardoxin,PS
10004218,Cortavex,PS
10004219,Belmira,PS
10004220,Belmira,PS
10004221,Ardoxin,PS
10004222,Belmira,PS
10004222,Dulvane,C
10004223,Cortavex,PS
10004223,Dulvane,C
10004224,Exaprin,PS
10004224,Ardoxin,C
10004225,Dulvane,PS
10004226,Dulvane,PS
10004226,Ardoxin,C
10004227,Dulvane,PS
10004227,Cortavex,C
10004228,Cortavex,PS
10004228,Dulvane,C
10004229,Belmira,PS
10004229,Dulvane,C
10004230,Cortavex,PS
10004231,Zentarin,PS
10004232,Cortavex,PS
10004232,Ardoxin,C
10004233,Belmira,PS
10004234,Ardoxin,PS
10004235,Cortavex,PS
10004235,Dulvane,C
10004236,Zentarin,PS
10004236,Exaprin,C
10004237,Exaprin,PS
10004238,Zentarin,PS
10004238,Exaprin,C
10004239,Ardoxin,PS
10004240,Zentarin,PS
10004241,Belmira,PS
10004242,Exaprin,PS
10004243,Ardoxin,PS
10004244,Cortavex,PS
10004245,Zentarin,PS
10004246,Cortavex,PS
10004247,Zentarin,PS
10004247,Cortavex,C
10004248,Exaprin,PS
10004248,Cortavex,C
10004249,Exaprin,PS
10004250,Belmira,PS
10004250,Zentarin,C
10004251,Belmira,PS
10004252,Cortavex,PS
10004253,Belmira,PS
10004254,Ardoxin,PS
10004254,Belmira,C
10004255,Cortavex,PS
10004256,Exaprin,PS
10004256,Dulvane,C
10004257,Cortavex,PS
10004258,Exaprin,PS
10004258,Dulvane,C
10004259,Zentarin,PS
10004260,Belmira,PS
10004261,Zentarin,PS
10004262,Exaprin,PS
10004263,Ardoxin,PS
10004264,Cortavex,PS
10004265,Exaprin,PS
10004265,Zentarin,C
10004266,Belmira,PS
10004267,Cortavex,PS
10004268,Cortavex,PS
10004269,Dulvane,PS
10004270,Cortavex,PS
10004271,Cortavex,PS
10004272,Cortavex,PS
10004273,Belmira,PS
10004274,Exaprin,PS
10004275,Dulvane,PS
10004276,Dulvane,PS
10004277,Zentarin,PS
10004278,Belmira,PS
10004279,Cortavex,PS
10004280,Zentarin,PS
10004281,Zentarin,PS
10004282,Dulvane,PS
10004283,Ardoxin,PS
10004284,Belmira,PS
10004284,Cortavex,C
10004285,Dulvane,PS
10004285,Zentarin,C
10004286,Cortavex,PS
10004287,Belmira,PS
10004288,Dulvane,PS
10004289,Belmira,PS
10004289,Exaprin,C
10004290,Zentarin,PS
10004290,Ardoxin,C
10004291,Cortavex,PS
10004291,Ardoxin,C
10004292,Dulvane,PS
10004292,Exaprin,C
10004293,Zentarin,PS
10004294,Exaprin,PS
10004294,Dulvane,C
10004295,Dulvane,PS
10004296,Dulvane,PS
10004297,Belmira,PS
10004298,Cortavex,PS
10004298,Exaprin,C
10004299,Belmira,PS
10004300,Exaprin,PS
10004301,Ardoxin,PS
10004301,Belmira,C
10004302,Belmira,PS
10004302,Exaprin,C
10004303,Dulvane,PS
10004304,Zentarin,PS
10004305,Dulvane,PS
10004306,Cortavex,PS
10004307,Dulvane,PS
10004308,Exaprin,PS
10004308,Ardoxin,C
10004309,Dulvane,PS
10004310,Belmira,PS
10004311,Zentarin,PS
10004312,Dulvane,PS
10004313,Ardoxin,PS
10004313,Exaprin,C
10004314,Exaprin,PS
10004315,Exaprin,PS
10004316,Belmira,PS
10004316,Cortavex,C
10004317,Ardoxin,PS
10004318,Exaprin,PS
10004318,Cortavex,C
10004319,Cortavex,PS
10004320,Zentarin,PS
10004321,Exaprin,PS
10004321,Zentarin,C
10004322,Exaprin,PS
10004323,Cortavex,PS
10004324,Ardoxin,PS
10004325,Zentarin,PS
10004326,Ardoxin,PS
10004327,Belmira,PS
10004327,Ardoxin,C
10004328,Cortavex,PS
10004329,Ardoxin,PS
10004329,Belmira,C
10004330,Cortavex,PS
10004330,Exaprin,C
10004331,Belmira,PS
10004331,Ardoxin,C
10004332,Belmira,PS
10004333,Exaprin,PS
10004333,Cortavex,C
10004334,Belmira,PS
10004335,Ardoxin,PS
10004335,Zentarin,C
10004336,Dulvane,PS
10004336,Ardoxin,C
10004337,Cortavex,PS
10004338,Dulvane,PS
10004339,Dulvane,PS
10004340,Ardoxin,PS
10004340,Cortavex,C
10004341,Ardoxin,PS
10004342,Exaprin,PS
10004343,Cortavex,PS
10004343,Zentarin,C
10004344,Cortavex,PS
10004345,Belmira,PS
10004346,Belmira,PS
10004347,Exaprin,PS
10004348,Ardoxin,PS
10004349,Belmira,PS
10004349,Dulvane,C
10004350,Exaprin,PS
10004351,Exaprin,PS
10004352,Exaprin,PS
10004352,Ardoxin,C
10004353,Belmira,PS
10004353,Ardoxin,C
10004354,Ardoxin,PS
10004354,Zentarin,C
10004355,Exaprin,PS
10004356,Dulvane,PS
10004357,Exaprin,PS
10004357,Ardoxin,C
10004358,Belmira,PS
10004359,Exaprin,PS
10004360,Ardoxin,PS
10004361,Ardoxin,PS
10004362,Dulvane,PS
10004363,Ardoxin,PS
10004364,Exaprin,PS
10004365,Exaprin,PS
10004365,Cortavex,C
10004366,Ardoxin,PS
10004367,Dulvane,PS
10004368,Exaprin,PS
10004369,Cortavex,PS
10004370,Zentarin,PS
10004371,Zentarin,PS
10004372,Belmira,PS
10004373,Belmira,PS
10004374,Exaprin,PS
10004375,Cortavex,PS
10004375,Exaprin,C
10004376,Dulvane,PS
10004377,Cortavex,PS
10004378,Ardoxin,PS
10004379,Exaprin,PS
10004379,Cortavex,C
10004380,Ardoxin,PS
10004380,Cortavex,C
10004381,Belmira,PS
10004382,Cortavex,PS
10004383,Cortavex,PS
10004384,Dulvane,PS
10004385,Belmira,PS
10004386,Exaprin,PS
10004387,Dulvane,PS
10004388,Cortavex,PS
10004389,Belmira,PS
10004389,Cortavex,C
10004390,Belmira,PS
10004391,Exaprin,PS
10004392,Dulvane,PS
10004393,Ardoxin,PS
10004393,Zentarin,C
10004394,Cortavex,PS
10004395,Cortavex,PS
10004396,Belmira,PS
10004397,Exaprin,PS
10004398,Ardoxin,PS
10004398,Cortavex,C
10004399,Ardoxin,PS
10004400,Belmira,PS
10004400,Cortavex,C
10004401,Exaprin,PS
10004402,Cortavex,PS
10004403,Zentarin,PS
10004404,Exaprin,PS
10004405,Belmira,PS
10004405,Dulvane,C
10004406,Dulvane,PS
10004407,Exaprin,PS
10004408,Zentarin,PS
10004409,Cortavex,PS
10004410,Zentarin,PS
10004411,Cortavex,PS
10004412,Belmira,PS
10004413,Dulvane,PS
10004414,Zentarin,PS
10004415,Zentarin,PS
10004416,Belmira,PS
10004417,Cortavex,PS
10004418,Exaprin,PS
10004419,Belmira,PS
10004420,Zentarin,PS
10004421,Dulvane,PS
10004422,Ardoxin,PS
10004423,Belmira,PS
10004423,Ardoxin,C
10004424,Belmira,PS
10004425,Zentarin,PS
10004425,Ardoxin,C
10004426,Ardoxin,PS
10004427,Dulvane,PS
10004428,Dulvane,PS
10004428,Zentarin,C
10004429,Cortavex,PS
10004430,Dulvane,PS
10004431,Dulvane,PS
10004432,Exaprin,PS
10004432,Belmira,C
10004433,Ardoxin,PS
10004434,Dulvane,PS
10004435,Ardoxin,PS
10004436,Belmira,PS
10004437,Exaprin,PS
10004438,Ardoxin,PS
10004439,Dulvane,PS
10004440,Ardoxin,PS
10004441,Exaprin,PS
10004442,Cortavex,PS
10004443,Cortavex,PS
10004443,Ardoxin,C
10004444,Ardoxin,PS
10004445,Cortavex,PS
10004445,Belmira,C
10004446,Belmira,PS
10004447,Ardoxin,PS
10004448,Ardoxin,PS
10004449,Ardoxin,PS
10004450,Cortavex,PS
10004451,Belmira,PS
10004451,Exaprin,C
10004452,Ardoxin,PS
10004453,Exaprin,PS
10004454,Belmira,PS
10004455,Zentarin,PS
10004456,Exaprin,PS
10004457,Belmira,PS
10004457,Ardoxin,C
10004458,Belmira,PS
10004459,Ardoxin,PS
10004460,Exaprin,PS
10004461,Cortavex,PS
10004462,Ardoxin,PS
10004462,Dulvane,C
10004463,Dulvane,PS
10004463,Zentarin,C
10004464,Dulvane,PS
10004465,Dulvane,PS
10004465,Zentarin,C
10004466,Belmira,PS
10004467,Cortavex,PS
10004468,Cortavex,PS
10004469,Belmira,PS
10004469,Zentarin,C
10004470,Exaprin,PS
10004471,Belmira,PS
10004471,Dulvane,C
10004472,Dulvane,PS
10004473,Belmira,PS
10004474,Exaprin,PS
10004474,Belmira,C
10004475,Cortavex,PS
10004475,Zentarin,C
10004476,Ardoxin,PS
10004476,Cortavex,C
10004477,Belmira,PS
10004477,Dulvane,C
10004478,Belmira,PS
10004478,Exaprin,C
10004479,Ardoxin,PS
10004480,Zentarin,PS
10004481,Cortavex,PS
10004482,Dulvane,PS
10004483,Exaprin,PS
10004484,Cortavex,PS
10004485,Zentarin,PS
10004485,Ardoxin,C
10004486,Exaprin,PS
10004487,Ardoxin,PS
10004488,Zentarin,PS
10004488,Ardoxin,C
10004489,Dulvane,PS
10004490,Dulvane,PS
10004491,Belmira,PS
10004492,Belmira,PS
10004493,Belmira,PS
10004494,Exaprin,PS
10004495,Belmira,PS
10004495,Dulvane,C
10004496,Zentarin,PS
10004496,Belmira,C
10004497,Dulvane,PS
10004497,Ardoxin,C
10004498,Belmira,PS
10004499,Dulvane,PS
10004500,Dulvane,PS
10004501,Ardoxin,PS
10004501,Zentarin,C
10004502,Zentarin,PS
10004503,Belmira,PS
10004504,Dulvane,PS
10004505,Ardoxin,PS
10004506,Dulvane,PS
10004506,Zentarin,C
10004507,Dulvane,PS
10004508,Ardoxin,PS
10004509,Zentarin,PS
10004510,Ardoxin,PS
10004510,Zentarin,C
10004511,Ardoxin,PS
10004512,Exaprin,PS
10004513,Ardoxin,PS
10004514,Belmira,PS
10004515,Ardoxin,PS
10004515,Zentarin,C
10004516,Ardoxin,PS
10004516,Exaprin,C
10004517,Cortavex,PS
10004517,Exaprin,C
10004518,Cortavex,PS
10004519,Belmira,PS
10004519,Exaprin,C
10004520,Cortavex,PS
10004521,Belmira,PS
10004522,Ardoxin,PS
10004522,Belmira,C
10004523,Ardoxin,PS
10004524,Exaprin,PS
10004525,Cortavex,PS
10004526,Ardoxin,PS
10004527,Belmira,PS
10004528,Dulvane,PS
10004528,Ardoxin,C
10004529,Ardoxin,PS
10004530,Dulvane,PS
10004531,Cortavex,PS
10004532,Exaprin,PS
10004532,Dulvane,C
10004533,Dulvane,PS
10004533,Cortavex,C
10004534,Exaprin,PS
10004534,Dulvane,C
10004535,Exaprin,PS
10004536,Belmira,PS
10004537,Exaprin,PS
10004537,Belmira,C
10004538,Dulvane,PS
10004539,Ardoxin,PS
10004540,Cortavex,PS
10004541,Ardoxin,PS
10004542,Exaprin,PS
10004543,Dulvane,PS
10004544,Exaprin,PS
10004545,Belmira,PS
10004546,Zentarin,PS
10004546,Dulvane,C
10004547,Cortavex,PS
10004547,Exaprin,C
10004548,Exaprin,PS
10004548,Zentarin,C
10004549,Ardoxin,PS
10004550,Dulvane,PS
10004550,Belmira,C
10004551,Exaprin,PS
10004551,Dulvane,C
10004552,Belmira,PS
10004553,Ardoxin,PS
10004554,Zentarin,PS
10004555,Ardoxin,PS
10004556,Dulvane,PS
10004557,Belmira,PS
10004557,Dulvane,C
10004558,Cortavex,PS
10004559,Ardoxin,PS
10004560,Ardoxin,PS
10004561,Belmira,PS
10004562,Ardoxin,PS
10004562,Dulvane,C
10004563,Ardoxin,PS
10004563,Exaprin,C
10004564,Cortavex,PS
10004565,Ardoxin,PS
10004566,Belmira,PS
10004567,Dulvane,PS
10004568,Exaprin,PS
10004569,Cortavex,PS
10004570,Ardoxin,PS
10004571,Exaprin,PS
10004572,Cortavex,PS
10004573,Belmira,PS
10004573,Cortavex,C
10004574,Dulvane,PS
10004574,Zentarin,C
10004575,Dulvane,PS
10004576,Ardoxin,PS
10004577,Dulvane,PS
10004578,Dulvane,PS
10004578,Belmira,C
10004579,Dulvane,PS
10004579,Belmira,C
10004580,Dulvane,PS
10004580,Belmira,C
10004581,Cortavex,PS
10004582,Ardoxin,PS
10004582,Cortavex,C
10004583,Ardoxin,PS
10004583,Exaprin,C
10004584,Cortavex,PS
10004584,Dulvane,C
10004585,Dulvane,PS
10004586,Cortavex,PS
10004587,Zentarin,PS
10004588,Belmira,PS
10004589,Cortavex,PS
10004590,Exaprin,PS
10004591,Exaprin,PS
10004592,Zentarin,PS
10004593,Exaprin,PS
10004594,Belmira,PS
10004595,Belmira,PS
10004596,Zentarin,PS
10004597,Ardoxin,PS
10004598,Belmira,PS
10004599,Belmira,PS
10004600,Ardoxin,PS
10004601,Cortavex,PS
10004601,Dulvane,C
10004602,Ardoxin,PS
10004603,Belmira,PS
10004604,Zentarin,PS
10004605,Ardoxin,PS
10004605,Zentarin,C
10004606,Dulvane,PS
10004607,Cortavex,PS
10004608,Dulvane,PS
10004608,Belmira,C
10004609,Cortavex,PS
10004610,Belmira,PS
10004611,Belmira,PS
10004611,Cortavex,C
10004612,Dulvane,PS
10004613,Zentarin,PS
10004614,Cortavex,PS
10004615,Cortavex,PS
10004615,Dulvane,C
10004616,Belmira,PS
10004617,Exaprin,PS
10004618,Belmira,PS
10004619,Dulvane,PS
10004619,Ardoxin,C
10004620,Dulvane,PS
10004621,Dulvane,PS
10004621,Exaprin,C
10004622,Ardoxin,PS
10004623,Cortavex,PS
10004624,Cortavex,PS
10004625,Cortavex,PS
10004626,Exaprin,PS
10004626,Ardoxin,C
10004627,Belmira,PS
10004628,Belmira,PS
10004628,Exaprin,C
10004629,Exaprin,PS
10004629,Belmira,C
10004630,Ardoxin,PS
10004631,Belmira,PS
10004632,Cortavex,PS
10004633,Dulvane,PS
10004634,Cortavex,PS
10004635,Exaprin,PS
10004636,Cortavex,PS
10004636,Ardoxin,C
10004637,Belmira,PS
10004638,Zentarin,PS
10004639,Belmira,PS
10004640,Zentarin,PS
10004640,Belmira,C
10004641,Belmira,PS
10004642,Ardoxin,PS
10004643,Exaprin,PS
10004644,Dulvane,PS
10004645,Zentarin,PS
10004646,Ardoxin,PS
10004647,Belmira,PS
10004647,Exaprin,C
10004648,Belmira,PS
10004648,Zentarin,C
10004649,Belmira,PS
10004649,Dulvane,C
10004650,Exaprin,PS
10004650,Ardoxin,C
10004651,Belmira,PS
10004652,Dulvane,PS
10004652,Belmira,C
10004653,Zentarin,PS
10004654,Cortavex,PS
10004655,Dulvane,PS
10004656,Zentarin,PS
10004657,Belmira,PS
10004658,Ardoxin,PS
10004658,Cortavex,C
10004659,Zentarin,PS
10004660,Cortavex,PS
10004661,Dulvane,PS
10004662,Dulvane,PS
10004663,Ardoxin,PS
10004664,Belmira,PS
10004665,Ardoxin,PS
10004665,Belmira,C
10004666,Zentarin,PS
10004667,Exaprin,PS
10004668,Cortavex,PS
10004668,Exaprin,C
10004669,Cortavex,PS
10004670,Cortavex,PS
10004671,Cortavex,PS
10004672,Cortavex,PS
10004673,Zentarin,PS
10004674,Exaprin,PS
10004675,Exaprin,PS
10004675,Ardoxin,C
10004676,Belmira,PS
10004677,Belmira,PS
10004677,Ardoxin,C
10004678,Ardoxin,PS
10004678,Zentarin,C
10004679,Belmira,PS
10004680,Ardoxin,PS
10004680,Belmira,C
10004681,Exaprin,PS
10004682,Cortavex,PS
10004682,Ardoxin,C
10004683,Belmira,PS
10004684,Ardoxin,PS
10004685,Belmira,PS
10004685,Zentarin,C
10004686,Exaprin,PS
10004686,Zentarin,C
10004687,Exaprin,PS
10004688,Exaprin,PS
10004688,Belmira,C
10004689,Ardoxin,PS
10004690,Cortavex,PS
10004691,Cortavex,PS
10004692,Ardoxin,PS
10004693,Cortavex,PS
10004693,Zentarin,C
10004694,Ardoxin,PS
10004695,Cortavex,PS
10004696,Dulvane,PS
10004697,Belmira,PS
10004698,Cortavex,PS
10004699,Ardoxin,PS
10004700,Exaprin,PS
10004701,Ardoxin,PS
10004702,Belmira,PS
10004703,Ardoxin,PS
10004704,Belmira,PS
10004705,Dulvane,PS
10004706,Cortavex,PS
10004707,Ardoxin,PS
10004708,Zentarin,PS
10004709,Zentarin,PS
10004709,Exaprin,C
10004710,Cortavex,PS
10004710,Exaprin,C
10004711,Exaprin,PS
10004712,Dulvane,PS
10004713,Cortavex,PS
10004713,Dulvane,C
10004714,Belmira,PS
10004715,Belmira,PS
10004716,Belmira,PS
10004717,Exaprin,PS
10004718,Exaprin,PS
10004719,Ardoxin,PS
10004720,Cortavex,PS
10004720,Zentarin,C
10004721,Dulvane,PS
10004721,Exaprin,C
10004722,Ardoxin,PS
10004722,Cortavex,C
10004723,Zentarin,PS
10004724,Zentarin,PS
10004725,Ardoxin,PS
10004726,Cortavex,PS
10004727,Dulvane,PS
10004728,Zentarin,PS
10004729,Dulvane,PS
10004730,Zentarin,PS
10004731,Belmira,PS
10004732,Ardoxin,PS
10004732,Zentarin,C
10004733,Dulvane,PS
10004734,Cortavex,PS
10004735,Cortavex,PS
10004736,Ardoxin,PS
10004737,Ardoxin,PS
10004738,Dulvane,PS
10004739,Ardoxin,PS
10004740,Cortavex,PS
10004740,Zentarin,C
10004741,Ardoxin,PS
10004742,Exaprin,PS
10004743,Cortavex,PS
10004743,Zentarin,C
10004744,Ardoxin,PS
10004744,Zentarin,C
10004745,Dulvane,PS
10004745,Exaprin,C
10004746,Ardoxin,PS
10004747,Ardoxin,PS
10004748,Cortavex,PS
10004749,Dulvane,PS
10004750,Zentarin,PS
10004751,Dulvane,PS
10004751,Exaprin,C
10004752,Dulvane,PS
10004753,Cortavex,PS
10004754,Ardoxin,PS
10004754,Dulvane,C
10004755,Ardoxin,PS
10004756,Ardoxin,PS
10004757,Belmira,PS
10004758,Ardoxin,PS
10004759,Ardoxin,PS
10004760,Dulvane,PS
10004761,Zentarin,PS
10004762,Ardoxin,PS
10004763,Dulvane,PS
10004763,Ardoxin,C
10004764,Exaprin,PS
10004765,Exaprin,PS
10004766,Dulvane,PS
10004766,Ardoxin,C
10004767,Dulvane,PS
10004768,Ardoxin,PS
10004768,Exaprin,C
10004769,Ardoxin,PS
10004770,Cortavex,PS
10004771,Belmira,PS
10004771,Dulvane,C
10004772,Exaprin,PS
10004773,Dulvane,PS
10004773,Ardoxin,C
10004774,Zentarin,PS
10004775,Cortavex,PS
10004776,Exaprin,PS
10004777,Belmira,PS
10004777,Dulvane,C
10004778,Cortavex,PS
10004779,Ardoxin,PS
10004780,Ardoxin,PS
10004780,Cortavex,C
10004781,Dulvane,PS
10004782,Ardoxin,PS
10004783,Ardoxin,PS
10004783,Zentarin,C
10004784,Cortavex,PS
10004785,Ardoxin,PS
10004786,Exaprin,PS
10004787,Belmira,PS
10004788,Belmira,PS
10004789,Ardoxin,PS
10004789,Cortavex,C
10004790,Belmira,PS
10004791,Zentarin,PS
10004791,Belmira,C
10004792,Cortavex,PS
10004793,Ardoxin,PS
10004794,Ardoxin,PS
10004795,Belmira,PS
10004796,Ardoxin,PS
10004797,Dulvane,PS
10004798,Zentarin,PS
10004799,Exaprin,PS
10004799,Ardoxin,C
10004800,Belmira,PS
10004800,Cortavex,C
10004801,Dulvane,PS
10004802,Exaprin,PS
10004803,Dulvane,PS
10004803,Cortavex,C
10004804,Belmira,PS
10004805,Cortavex,PS
10004806,Belmira,PS
10004807,Zentarin,PS
10004808,Cortavex,PS
10004809,Ardoxin,PS
10004810,Belmira,PS
10004811,Ardoxin,PS
10004812,Zentarin,PS
10004812,Cortavex,C
10004813,Belmira,PS
10004814,Ardoxin,PS
10004815,Exaprin,PS
10004816,Ardoxin,PS
10004817,Dulvane,PS
10004817,Cortavex,C
10004818,Belmira,PS
10004819,Exaprin,PS
10004819,Zentarin,C
10004820,Dulvane,PS
10004821,Ardoxin,PS
10004821,Zentarin,C
10004822,Cortavex,PS
10004823,Exaprin,PS
10004824,Dulvane,PS
10004825,Cortavex,PS
10004825,Dulvane,C
10004826,Exaprin,PS
10004826,Cortavex,C
10004827,Ardoxin,PS
10004828,Zentarin,PS
10004829,Cortavex,PS
10004830,Exaprin,PS
10004831,Dulvane,PS
10004832,Belmira,PS
10004833,Cortavex,PS
10004834,Ardoxin,PS
10004834,Exaprin,C
10004835,Ardoxin,PS
10004835,Exaprin,C
10004836,Cortavex,PS
10004836,Dulvane,C
10004837,Ardoxin,PS
10004838,Dulvane,PS
10004839,Belmira,PS
10004839,Zentarin,C
10004840,Exaprin,PS
10004840,Cortavex,C
10004841,Zentarin,PS
10004842,Ardoxin,PS
10004842,Cortavex,C
10004843,Ardoxin,PS
10004844,Cortavex,PS
10004845,Cortavex,PS
10004846,Belmira,PS
10004846,Dulvane,C
10004847,Belmira,PS
10004848,Ardoxin,PS
10004849,Belmira,PS
10004850,Ardoxin,PS
10004850,Zentarin,C
10004851,Belmira,PS
10004852,Belmira,PS
10004853,Belmira,PS
10004853,Ardoxin,C
10004854,Belmira,PS
10004854,Dulvane,C
10004855,Exaprin,PS
10004856,Zentarin,PS
10004856,Belmira,C
10004857,Ardoxin,PS
10004858,Cortavex,PS
10004859,Belmira,PS
10004860,Cortavex,PS
10004861,Zentarin,PS
10004862,Belmira,PS
10004862,Zentarin,C
10004863,Exaprin,PS
10004864,Cortavex,PS
10004865,Belmira,PS
10004865,Dulvane,C
10004866,Exaprin,PS
10004867,Ardoxin,PS
10004868,Zentarin,PS
10004869,Belmira,PS
10004869,Cortavex,C
10004870,Dulvane,PS
10004870,Zentarin,C
10004871,Zentarin,PS
10004871,Dulvane,C
10004872,Exaprin,PS
10004873,Cortavex,PS
10004874,Dulvane,PS
10004874,Cortavex,C
10004875,Dulvane,PS
10004876,Ardoxin,PS
10004876,Dulvane,C
10004877,Exaprin,PS
10004878,Exaprin,PS
10004878,Belmira,C
10004879,Zentarin,PS
10004880,Cortavex,PS
10004881,Belmira,PS
10004882,Dulvane,PS
10004883,Ardoxin,PS
10004884,Cortavex,PS
10004885,Ardoxin,PS
10004886,Ardoxin,PS
10004887,Cortavex,PS
10004888,Exaprin,PS
10004889,Ardoxin,PS
10004890,Belmira,PS
10004890,Exaprin,C
10004891,Cortavex,PS
10004892,Exaprin,PS
10004893,Cortavex,PS
10004894,Cortavex,PS
10004895,Ardoxin,PS
10004896,Zentarin,PS
10004897,Zentarin,PS
10004897,Belmira,C
10004898,Belmira,PS
10004899,Dulvane,PS
10004900,Dulvane,PS
10004900,Cortavex,C
10004901,Belmira,PS
10004902,Ardoxin,PS
10004902,Exaprin,C
10004903,Cortavex,PS
10004904,Belmira,PS
10004905,Cortavex,PS
10004906,Exaprin,PS
10004907,Dulvane,PS
10004908,Exaprin,PS
10004909,Ardoxin,PS
10004910,Cortavex,PS
10004911,Belmira,PS
10004912,Dulvane,PS
10004913,Belmira,PS
10004914,Zentarin,PS
10004915,Belmira,PS
10004916,Exaprin,PS
10004917,Ardoxin,PS
10004918,Cortavex,PS
10004919,Zentarin,PS
10004920,Cortavex,PS
10004921,Dulvane,PS
10004922,Zentarin,PS
10004923,Exaprin,PS
10004923,Cortavex,C
10004924,Exaprin,PS
10004925,Belmira,PS
10004925,Zentarin,C
10004926,Ardoxin,PS
10004927,Cortavex,PS
10004928,Belmira,PS
10004928,Ardoxin,C
10004929,Belmira,PS
10004930,Exaprin,PS
10004931,Cortavex,PS
10004931,Dulvane,C
10004932,Cortavex,PS
10004933,Belmira,PS
10004934,Belmira,PS
10004935,Exaprin,PS
10004935,Dulvane,C
10004936,Belmira,PS
10004936,Exaprin,C
10004937,Cortavex,PS
10004938,Zentarin,PS
10004939,Belmira,PS
10004940,Dulvane,PS
10004941,Belmira,PS
10004942,Cortavex,PS
10004943,Zentarin,PS
10004944,Ardoxin,PS
10004945,Dulvane,PS
10004945,Cortavex,C
10004946,Zentarin,PS
10004946,Cortavex,C
10004947,Dulvane,PS
10004948,Ardoxin,PS
10004948,Cortavex,C
10004949,Cortavex,PS
10004950,Cortavex,PS
10004951,Cortavex,PS
10004952,Zentarin,PS
10004952,Ardoxin,C
10004953,Dulvane,PS
10004954,Exaprin,PS
10004955,Exaprin,PS
10004956,Belmira,PS
10004957,Cortavex,PS
10004958,Exaprin,PS
10004959,Ardoxin,PS
10004959,Zentarin,C
10004960,Exaprin,PS
10004961,Ardoxin,PS
10004962,Cortavex,PS
10004962,Belmira,C
10004963,Ardoxin,PS
10004964,Cortavex,PS
10004965,Ardoxin,PS
10004966,Ardoxin,PS
10004966,Exaprin,C
10004967,Exaprin,PS
10004968,Exaprin,PS
10004969,Zentarin,PS
10004969,Dulvane,C
10004970,Dulvane,PS
10004971,Ardoxin,PS
10004972,Exaprin,PS
10004973,Ardoxin,PS
10004973,Belmira,C
10004974,Ardoxin,PS
10004975,Ardoxin,PS
10004976,Exaprin,PS
10004976,Zentarin,C
10004977,Cortavex,PS
10004978,Cortavex,PS
10004979,Zentarin,PS
10004979,Dulvane,C
10004980,Cortavex,PS
10004981,Cortavex,PS
10004982,Exaprin,PS
10004983,Cortavex,PS
10004984,Exaprin,PS
10004985,Ardoxin,PS
10004986,Cortavex,PS
10004987,Cortavex,PS
10004988,Dulvane,PS
10004988,Zentarin,C
10004989,Cortavex,PS
10004990,Ardoxin,PS
10004990,Dulvane,C
10004991,Exaprin,PS
10004992,Dulvane,PS
10004992,Exaprin,C
10004993,Exaprin,PS
10004993,Cortavex,C
10004994,Exaprin,PS
10004994,Belmira,C
10004995,Ardoxin,PS
10004996,Exaprin,PS
10004996,Belmira,C
10004997,Belmira,PS
10004998,Ardoxin,PS
10004998,Exaprin,C
10004999,Exaprin,PS
10004999,Cortavex,C
10005000,Cortavex,PS
10005001,Cortavex,PS
10005001,Zentarin,C
10005002,Cortavex,PS
10005003,Ardoxin,PS
10005004,Zentarin,PS
10005004,Ardoxin,C
10005005,Cortavex,PS
10005006,Cortavex,PS
10005007,Cortavex,PS
10005007,Belmira,C
10005008,Zentarin,PS
10005009,Dulvane,PS
10005010,Zentarin,PS
10005011,Dulvane,PS
10005011,Belmira,C
10005012,Dulvane,PS
10005013,Cortavex,PS
10005014,Dulvane,PS
10005014,Belmira,C
10005015,Ardoxin,PS
10005015,Cortavex,C
10005016,Exaprin,PS
10005016,Dulvane,C
10005017,Dulvane,PS
10005018,Ardoxin,PS
10005019,Dulvane,PS
10005020,Dulvane,PS
10005020,Cortavex,C
10005021,Dulvane,PS
10005021,Zentarin,C
10005022,Belmira,PS
10005022,Dulvane,C
10005023,Ardoxin,PS
10005023,Dulvane,C
10005024,Belmira,PS
10005024,Ardoxin,C
10005025,Exaprin,PS
10005026,Ardoxin,PS
10005027,Ardoxin,PS
10005027,Dulvane,C
10005028,Cortavex,PS
10005029,Belmira,PS
10005030,Cortavex,PS
10005030,Dulvane,C
10005031,Exaprin,PS
10005032,Belmira,PS
10005033,Dulvane,PS
10005033,Cortavex,C
10005034,Cortavex,PS
10005035,Zentarin,PS
10005036,Exaprin,PS
10005037,Exaprin,PS
10005037,Belmira,C
10005038,Cortavex,PS
10005039,Cortavex,PS
10005040,Zentarin,PS
10005041,Zentarin,PS
10005041,Ardoxin,C
10005042,Cortavex,PS
10005042,Zentarin,C
10005043,Belmira,PS
10005044,Exaprin,PS
10005044,Dulvane,C
10005045,Exaprin,PS
10005045,Dulvane,C
10005046,Ardoxin,PS
10005047,Dulvane,PS
10005047,Exaprin,C
10005048,Exaprin,PS
10005049,Exaprin,PS
10005049,Dulvane,C
10005050,Exaprin,PS
10005051,Dulvane,PS
10005052,Belmira,PS
10005053,Cortavex,PS
10005053,Exaprin,C
10005054,Cortavex,PS
10005055,Zentarin,PS
10005056,Belmira,PS
10005057,Ardoxin,PS
10005057,Cortavex,C
10005058,Dulvane,PS
10005059,Exaprin,PS
10005060,Belmira,PS
10005060,Ardoxin,C
10005061,Ardoxin,PS
10005062,Belmira,PS
10005062,Cortavex,C
10005063,Ardoxin,PS
10005064,Ardoxin,PS
10005065,Ardoxin,PS
10005066,Ardoxin,PS
10005066,Belmira,C
10005067,Cortavex,PS
10005067,Dulvane,C
10005068,Belmira,PS
10005068,Cortavex,C
10005069,Zentarin,PS
10005069,Cortavex,C
10005070,Zentarin,PS
10005070,Belmira,C
10005071,Belmira,PS
10005071,Zentarin,C
10005072,Exaprin,PS
10005072,Zentarin,C
10005073,Belmira,PS
10005073,Zentarin,C
10005074,Ardoxin,PS
10005075,Exaprin,PS
10005076,Belmira,PS
10005077,Ardoxin,PS
10005078,Belmira,PS
10005079,Dulvane,PS
10005079,Exaprin,C
10005080,Zentarin,PS
10005081,Dulvane,PS
10005082,Belmira,PS
10005083,Cortavex,PS
10005084,Belmira,PS
10005085,Cortavex,PS
10005086,Cortavex,PS
10005087,Zentarin,PS
10005087,Exaprin,C
10005088,Exaprin,PS
10005089,Belmira,PS
10005090,Cortavex,PS
10005091,Exaprin,PS
10005092,Exaprin,PS
10005093,Belmira,PS
10005093,Ardoxin,C
10005094,Cortavex,PS
10005095,Cortavex,PS
10005096,Zentarin,PS
10005097,Exaprin,PS
10005098,Ardoxin,PS
10005099,Exaprin,PS
10005100,Cortavex,PS
10005101,Zentarin,PS
10005101,Cortavex,C
10005102,Exaprin,PS
10005102,Ardoxin,C
10005103,Cortavex,PS
10005103,Zentarin,C
10005104,Zentarin,PS
10005104,Exaprin,C
10005105,Ardoxin,PS
10005105,Cortavex,C
10005106,Ardoxin,PS
10005106,Dulvane,C
10005107,Zentarin,PS
10005107,Ardoxin,C
10005108,Exaprin,PS
10005109,Dulvane,PS
10005110,Dulvane,PS
10005110,Belmira,C
10005111,Zentarin,PS
10005112,Exaprin,PS
10005113,Belmira,PS
10005113,Ardoxin,C
10005114,Belmira,PS
10005114,Cortavex,C
10005115,Cortavex,PS
10005115,Belmira,C
10005116,Ardoxin,PS
10005117,Zentarin,PS
10005117,Exaprin,C
10005118,Ardoxin,PS
10005119,Dulvane,PS
10005120,Cortavex,PS
10005121,Zentarin,PS
10005122,Dulvane,PS
10005123,Ardoxin,PS
10005124,Cortavex,PS
10005125,Cortavex,PS
10005126,Belmira,PS
10005127,Cortavex,PS
10005127,Ardoxin,C
10005128,Belmira,PS
10005129,Ardoxin,PS
10005130,Belmira,PS
10005131,Belmira,PS
10005131,Zentarin,C
10005132,Ardoxin,PS
10005132,Cortavex,C
10005133,Cortavex,PS
10005134,Belmira,PS
10005135,Cortavex,PS
10005136,Exaprin,PS
10005136,Belmira,C
10005137,Belmira,PS
10005138,Dulvane,PS
10005139,Dulvane,PS
10005140,Ardoxin,PS
10005141,Belmira,PS
10005142,Exaprin,PS
10005143,Ardoxin,PS
10005144,Ardoxin,PS
10005145,Dulvane,PS
10005146,Dulvane,PS
10005147,Cortavex,PS
10005147,Zentarin,C
10005148,Zentarin,PS
10005149,Cortavex,PS
10005150,Exaprin,PS
10005151,Ardoxin,PS
10005152,Zentarin,PS
10005153,Cortavex,PS
10005154,Belmira,PS
10005155,Ardoxin,PS
10005156,Dulvane,PS
10005157,Ardoxin,PS
10005158,Cortavex,PS
10005158,Zentarin,C
10005159,Ardoxin,PS
10005160,Exaprin,PS
10005161,Zentarin,PS
10005161,Belmira,C
10005162,Ardoxin,PS
10005162,Dulvane,C
10005163,Exaprin,PS
10005164,Belmira,PS
10005165,Dulvane,PS
10005166,Belmira,PS
10005167,Ardoxin,PS
10005168,Cortavex,PS
10005168,Ardoxin,C
10005169,Dulvane,PS
10005170,Exaprin,PS
10005171,Belmira,PS
10005171,Dulvane,C
10005172,Ardoxin,PS
10005173,Dulvane,PS
10005173,Exaprin,C
10005174,Ardoxin,PS
10005175,Belmira,PS
10005175,Exaprin,C
10005176,Exaprin,PS
10005177,Ardoxin,PS
10005178,Belmira,PS
10005179,Belmira,PS
10005180,Zentarin,PS
10005180,Ardoxin,C
10005181,Exaprin,PS
10005182,Cortavex,PS
10005183,Dulvane,PS
10005184,Ardoxin,PS
10005185,Dulvane,PS
10005186,Belmira,PS
10005186,Dulvane,C
10005187,Ardoxin,PS
10005188,Zentarin,PS
10005188,Belmira,C
10005189,Exaprin,PS
10005190,Exaprin,PS
10005190,Dulvane,C
10005191,Belmira,PS
10005192,Belmira,PS
10005193,Exaprin,PS
10005194,Exaprin,PS
10005195,Ardoxin,PS
10005196,Exaprin,PS
10005197,Cortavex,PS
10005197,Zentarin,C
10005198,Dulvane,PS
10005198,Ardoxin,C
10005199,Zentarin,PS
10005200,Cortavex,PS
10005201,Ardoxin,PS
10005202,Dulvane,PS
10005203,Zentarin,PS
10005204,Cortavex,PS
10005205,Belmira,PS
10005206,Belmira,PS
10005207,Belmira,PS
10005207,Ardoxin,C
10005208,Belmira,PS
10005209,Dulvane,PS
10005210,Cortavex,PS
10005211,Zentarin,PS
10005212,Belmira,PS
10005213,Dulvane,PS
10005214,Dulvane,PS
10005215,Zentarin,PS
10005216,Zentarin,PS
10005216,Exaprin,C
10005217,Cortavex,PS
10005218,Zentarin,PS
10005219,Cortavex,PS
10005220,Ardoxin,PS
10005221,Dulvane,PS
10005222,Belmira,PS
10005222,Cortavex,C
10005223,Zentarin,PS
10005224,Belmira,PS
10005225,Exaprin,PS
10005226,Exaprin,PS
10005227,Ardoxin,PS
10005228,Belmira,PS
10005228,Dulvane,C
10005229,Zentarin,PS
10005230,Dulvane,PS
10005231,Ardoxin,PS
10005232,Ardoxin,PS
10005233,Belmira,PS
10005234,Exaprin,PS
10005235,Exaprin,PS
10005236,Cortavex,PS
10005237,Exaprin,PS
10005238,Cortavex,PS
10005239,Cortavex,PS
10005240,Ardoxin,PS
10005240,Exaprin,C
10005241,Cortavex,PS
10005242,Dulvane,PS
10005243,Ardoxin,PS
10005244,Cortavex,PS
10005244,Belmira,C
10005245,Ardoxin,PS
10005246,Exaprin,PS
10005247,Ardoxin,PS
10005248,Zentarin,PS
10005249,Exaprin,PS
10005250,Zentarin,PS
10005251,Zentarin,PS
10005252,Dulvane,PS
10005253,Dulvane,PS
10005254,Ardoxin,PS
10005255,Cortavex,PS
10005255,Ardoxin,C
10005256,Cortavex,PS
10005257,Belmira,PS
10005257,Dulvane,C
10005258,Cortavex,PS
10005258,Dulvane,C
10005259,Dulvane,PS
10005260,Dulvane,PS
10005261,Exaprin,PS
10005262,Exaprin,PS
10005262,Dulvane,C
10005263,Dulvane,PS
10005264,Ardoxin,PS
10005264,Dulvane,C
10005265,Dulvane,PS
10005266,Ardoxin,PS
10005267,Belmira,PS
10005268,Belmira,PS
10005269,Dulvane,PS
10005269,Ardoxin,C
10005270,Cortavex,PS
10005270,Dulvane,C
10005271,Belmira,PS
10005272,Exaprin,PS
10005273,Exaprin,PS
10005274,Cortavex,PS
10005274,Exaprin,C
10005275,Dulvane,PS
10005276,Belmira,PS
10005277,Cortavex,PS
10005278,Dulvane,PS
10005279,Belmira,PS
10005280,Cortavex,PS
10005280,Dulvane,C
10005281,Zentarin,PS
10005282,Cortavex,PS
10005283,Zentarin,PS
10005284,Ardoxin,PS
10005285,Exaprin,PS
10005286,Exaprin,PS
10005287,Ardoxin,PS
10005288,Ardoxin,PS
10005289,Dulvane,PS
10005290,Ardoxin,PS
10005291,Zentarin,PS
10005291,Ardoxin,C
10005292,Dulvane,PS
10005293,Zentarin,PS
10005294,Dulvane,PS
10005295,Ardoxin,PS
10005296,Zentarin,PS
10005297,Zentarin,PS
10005298,Cortavex,PS
10005299,Exaprin,PS
10005299,Belmira,C
10005300,Belmira,PS
10005301,Zentarin,PS
10005301,Ardoxin,C
10005302,Dulvane,PS
10005303,Dulvane,PS
10005304,Ardoxin,PS
10005305,Zentarin,PS
10005306,Ardoxin,PS
10005306,Belmira,C
10005307,Cortavex,PS
10005308,Belmira,PS
10005309,Exaprin,PS
10005310,Cortavex,PS
10005311,Belmira,PS
10005312,Ardoxin,PS
10005313,Belmira,PS
10005314,Cortavex,PS
10005314,Exaprin,C
10005315,Belmira,PS
10005316,Dulvane,PS
10005317,Ardoxin,PS
10005318,Ardoxin,PS
10005319,Zentarin,PS
10005320,Exaprin,PS
10005321,Cortavex,PS
10005321,Ardoxin,C
10005322,Belmira,PS
10005322,Ardoxin,C
10005323,Belmira,PS
10005323,Zentarin,C
10005324,Exaprin,PS
10005324,Ardoxin,C
10005325,Cortavex,PS
10005326,Dulvane,PS
10005327,Exaprin,PS
10005328,Ardoxin,PS
10005329,Belmira,PS
10005329,Exaprin,C
10005330,Dulvane,PS
10005331,Exaprin,PS
10005332,Cortavex,PS
10005332,Dulvane,C
10005333,Dulvane,PS
10005333,Ardoxin,C
10005334,Zentarin,PS
10005335,Zentarin,PS
10005336,Cortavex,PS
10005337,Cortavex,PS
10005338,Exaprin,PS
10005339,Exaprin,PS
10005339,Ardoxin,C
10005340,Dulvane,PS
10005341,Ardoxin,PS
10005341,Dulvane,C
10005342,Belmira,PS
10005343,Zentarin,PS
10005344,Ardoxin,PS
10005345,Dulvane,PS
10005345,Zentarin,C
10005346,Cortavex,PS
10005347,Exaprin,PS
10005348,Exaprin,PS
10005348,Zentarin,C
10005349,Ardoxin,PS
10005350,Ardoxin,PS
10005351,Exaprin,PS
10005352,Dulvane,PS
10005352,Zentarin,C
10005353,Ardoxin,PS
10005354,Exaprin,PS
10005354,Cortavex,C
10005355,Cortavex,PS
10005356,Zentarin,PS
10005356,Exaprin,C
10005357,Exaprin,PS
10005358,Dulvane,PS
10005358,Cortavex,C
10005359,Dulvane,PS
10005360,Exaprin,PS
10005361,Zentarin,PS
10005362,Ardoxin,PS
10005362,Zentarin,C
10005363,Ardoxin,PS
10005363,Dulvane,C
10005364,Ardoxin,PS
10005364,Cortavex,C
10005365,Dulvane,PS
10005366,Zentarin,PS
10005367,Cortavex,PS
10005368,Ardoxin,PS
10005369,Dulvane,PS
10005370,Dulvane,PS
10005370,Ardoxin,C
10005371,Exaprin,PS
10005372,Ardoxin,PS
10005373,Exaprin,PS
10005374,Zentarin,PS
10005375,Exaprin,PS
10005376,Exaprin,PS
10005377,Exaprin,PS
10005378,Belmira,PS
10005379,Zentarin,PS
10005379,Dulvane,C
10005380,Cortavex,PS
10005381,Ardoxin,PS
10005382,Ardoxin,PS
10005383,Zentarin,PS
10005383,Exaprin,C
10005384,Cortavex,PS
10005385,Exaprin,PS
10005386,Dulvane,PS
10005386,Belmira,C
10005387,Exaprin,PS
10005388,Belmira,PS
10005389,Cortavex,PS
10005390,Belmira,PS
10005391,Belmira,PS
10005392,Exaprin,PS
10005393,Belmira,PS
10005393,Zentarin,C
10005394,Exaprin,PS
10005395,Ardoxin,PS
10005396,Belmira,PS
10005397,Belmira,PS
10005398,Exaprin,PS
10005399,Ardoxin,PS
10005400,Belmira,PS
10005401,Cortavex,PS
10005402,Dulvane,PS
10005403,Belmira,PS
10005404,Exaprin,PS
10005405,Dulvane,PS
10005405,Zentarin,C
10005406,Ardoxin,PS
10005406,Belmira,C
10005407,Belmira,PS
10005408,Cortavex,PS
10005409,Dulvane,PS
10005410,Exaprin,PS
10005411,Ardoxin,PS
10005412,Zentarin,PS
10005413,Exaprin,PS
10005413,Ardoxin,C
10005414,Ardoxin,PS
10005415,Ardoxin,PS
10005415,Dulvane,C
10005416,Zentarin,PS
10005417,Cortavex,PS
10005418,Cortavex,PS
10005419,Belmira,PS
10005419,Ardoxin,C
10005420,Belmira,PS
10005421,Dulvane,PS
10005422,Zentarin,PS
10005423,Ardoxin,PS
10005424,Cortavex,PS
10005425,Exaprin,PS
10005425,Ardoxin,C
10005426,Dulvane,PS
10005427,Belmira,PS
10005427,Dulvane,C
10005428,Belmira,PS
10005429,Cortavex,PS
10005430,Ardoxin,PS
10005430,Belmira,C
10005431,Dulvane,PS
10005432,Belmira,PS
10005433,Ardoxin,PS
10005434,Ardoxin,PS
10005435,Cortavex,PS
10005436,Ardoxin,PS
10005437,Dulvane,PS
10005438,Belmira,PS
10005439,Ardoxin,PS
10005440,Zentarin,PS
10005441,Zentarin,PS
10005442,Belmira,PS
10005442,Exaprin,C
10005443,Zentarin,PS
10005444,Ardoxin,PS
10005444,Zentarin,C
10005445,Belmira,PS
10005446,Cortavex,PS
10005447,Exaprin,PS
10005447,Zentarin,C
10005448,Belmira,PS
10005448,Exaprin,C
10005449,Belmira,PS
10005450,Belmira,PS
10005451,Cortavex,PS
10005452,Ardoxin,PS
10005452,Exaprin,C
10005453,Belmira,PS
10005454,Exaprin,PS
10005455,Belmira,PS
10005455,Ardoxin,C
10005456,Dulvane,PS
10005456,Belmira,C
10005457,Dulvane,PS
10005458,Ardoxin,PS
10005458,Exaprin,C
10005459,Zentarin,PS
10005460,Dulvane,PS
10005461,Belmira,PS
10005462,Ardoxin,PS
10005463,Belmira,PS
10005464,Belmira,PS
10005465,Dulvane,PS
10005466,Cortavex,PS
10005467,Belmira,PS
10005468,Belmira,PS
10005469,Zentarin,PS
10005469,Exaprin,C
10005470,Belmira,PS
10005471,Belmira,PS
10005472,Dulvane,PS
10005473,Belmira,PS
10005474,Zentarin,PS
10005475,Zentarin,PS
10005476,Dulvane,PS
10005476,Exaprin,C
10005477,Ardoxin,PS
10005478,Dulvane,PS
10005478,Exaprin,C
10005479,Ardoxin,PS
10005480,Cortavex,PS
10005481,Ardoxin,PS
10005482,Zentarin,PS
10005483,Zentarin,PS
10005483,Cortavex,C
10005484,Cortavex,PS
10005485,Belmira,PS
10005486,Zentarin,PS
10005486,Dulvane,C
10005487,Ardoxin,PS
10005488,Ardoxin,PS
10005488,Cortavex,C
10005489,Ardoxin,PS
10005490,Ardoxin,PS
10005491,Ardoxin,PS
10005492,Zentarin,PS
10005493,Ardoxin,PS
10005494,Belmira,PS
10005494,Ardoxin,C
10005495,Belmira,PS
10005495,Zentarin,C
10005496,Dulvane,PS
10005497,Exaprin,PS
10005498,Belmira,PS
10005499,Ardoxin,PS
10005500,Exaprin,PS
10005501,Zentarin,PS
10005502,Dulvane,PS
10005503,Cortavex,PS
10005504,Cortavex,PS
10005505,Exaprin,PS
10005506,Cortavex,PS
10005506,Exaprin,C
10005507,Ardoxin,PS
10005508,Belmira,PS
10005509,Ardoxin,PS
10005509,Belmira,C
10005510,Zentarin,PS
10005511,Belmira,PS
10005511,Cortavex,C
10005512,Belmira,PS
10005513,Belmira,PS
10005513,Ardoxin,C
10005514,Dulvane,PS
10005514,Cortavex,C
10005515,Dulvane,PS
10005515,Ardoxin,C
10005516,Dulvane,PS
10005517,Belmira,PS
10005517,Dulvane,C
10005518,Cortavex,PS
10005519,Exaprin,PS
10005520,Zentarin,PS
10005521,Exaprin,PS
10005522,Cortavex,PS
10005522,Exaprin,C
10005523,Belmira,PS
10005523,Exaprin,C
10005524,Ardoxin,PS
10005525,Cortavex,PS
10005526,Ardoxin,PS
10005527,Belmira,PS
10005527,Cortavex,C
10005528,Cortavex,PS
10005529,Ardoxin,PS
10005530,Zentarin,PS
10005531,Belmira,PS
10005532,Ardoxin,PS
10005533,Ardoxin,PS
10005534,Ardoxin,PS
10005535,Cortavex,PS
10005535,Dulvane,C
10005536,Exaprin,PS
10005537,Belmira,PS
10005537,Cortavex,C
10005538,Ardoxin,PS
10005539,Belmira,PS
10005540,Cortavex,PS
10005540,Exaprin,C
10005541,Cortavex,PS
10005542,Exaprin,PS
10005542,Ardoxin,C
10005543,Ardoxin,PS
10005543,Zentarin,C
10005544,Ardoxin,PS
10005545,Ardoxin,PS
10005545,Cortavex,C
10005546,Cortavex,PS
10005547,Cortavex,PS
10005548,Exaprin,PS
10005549,Zentarin,PS
10005550,Dulvane,PS
10005551,Exaprin,PS
10005552,Belmira,PS
10005552,Cortavex,C
10005553,Ardoxin,PS
10005554,Zentarin,PS
10005555,Exaprin,PS
10005555,Ardoxin,C
10005556,Cortavex,PS
10005557,Ardoxin,PS
10005558,Dulvane,PS
10005559,Exaprin,PS
10005560,Cortavex,PS
10005561,Belmira,PS
10005562,Zentarin,PS
10005563,Ardoxin,PS
10005564,Zentarin,PS
10005564,Exaprin,C
10005565,Belmira,PS
10005565,Dulvane,C
10005566,Dulvane,PS
10005567,Exaprin,PS
10005568,Cortavex,PS
10005569,Belmira,PS
10005570,Belmira,PS
10005571,Belmira,PS
10005571,Ardoxin,C
10005572,Ardoxin,PS
10005573,Cortavex,PS
10005573,Dulvane,C
10005574,Dulvane,PS
10005575,Exaprin,PS
10005576,Zentarin,PS
10005577,Cortavex,PS
10005577,Belmira,C
10005578,Exaprin,PS
10005579,Belmira,PS
10005580,Dulvane,PS
10005581,Zentarin,PS
10005582,Cortavex,PS
10005583,Belmira,PS
10005584,Belmira,PS
10005584,Zentarin,C
10005585,Cortavex,PS
10005585,Dulvane,C
10005586,Zentarin,PS
10005586,Ardoxin,C
10005587,Ardoxin,PS
10005588,Ardoxin,PS
10005589,Ardoxin,PS
10005589,Dulvane,C
10005590,Cortavex,PS
10005590,Ardoxin,C
10005591,Cortavex,PS
10005592,Exaprin,PS
10005593,Dulvane,PS
10005594,Dulvane,PS
10005595,Exaprin,PS
10005595,Zentarin,C
10005596,Ardoxin,PS
10005597,Dulvane,PS
10005597,Exaprin,C
10005598,Exaprin,PS
10005599,Zentarin,PS
10005600,Ardoxin,PS
10005601,Ardoxin,PS
10005601,Dulvane,C
10005602,Zentarin,PS
10005603,Cortavex,PS
10005603,Belmira,C
10005604,Ardoxin,PS
10005605,Belmira,PS
10005606,Belmira,PS
10005606,Zentarin,C
10005607,Exaprin,PS
10005608,Dulvane,PS
10005609,Cortavex,PS
10005610,Cortavex,PS
10005610,Belmira,C
10005611,Belmira,PS
10005612,Exaprin,PS
10005613,Dulvane,PS
10005614,Cortavex,PS
10005615,Exaprin,PS
10005616,Belmira,PS
10005617,Zentarin,PS
10005618,Ardoxin,PS
10005619,Cortavex,PS
10005620,Dulvane,PS
10005621,Dulvane,PS
10005622,Dulvane,PS
10005622,Cortavex,C
10005623,Exaprin,PS
10005624,Belmira,PS
10005625,Exaprin,PS
10005626,Ardoxin,PS
10005627,Belmira,PS
10005628,Zentarin,PS
10005628,Belmira,C
10005629,Cortavex,PS
10005629,Ardoxin,C
10005630,Ardoxin,PS
10005630,Dulvane,C
10005631,Belmira,PS
10005632,Cortavex,PS
10005633,Belmira,PS
10005634,Belmira,PS
10005635,Dulvane,PS
10005635,Belmira,C
10005636,Cortavex,PS
10005637,Exaprin,PS
10005638,Cortavex,PS
10005639,Cortavex,PS
10005640,Exaprin,PS
10005640,Cortavex,C
10005641,Cortavex,PS
10005642,Exaprin,PS
10005642,Dulvane,C
10005643,Belmira,PS
10005643,Ardoxin,C
10005644,Cortavex,PS
10005645,Zentarin,PS
10005646,Cortavex,PS
10005647,Belmira,PS
10005647,Cortavex,C
10005648,Ardoxin,PS
10005648,Exaprin,C
10005649,Exaprin,PS
10005650,Dulvane,PS
10005651,Ardoxin,PS
10005652,Ardoxin,PS
10005653,Ardoxin,PS
10005654,Ardoxin,PS
10005654,Zentarin,C
10005655,Exaprin,PS
10005655,Dulvane,C
10005656,Ardoxin,PS
10005657,Ardoxin,PS
10005658,Ardoxin,PS
10005658,Cortavex,C
10005659,Cortavex,PS
10005660,Exaprin,PS
10005661,Dulvane,PS
10005661,Exaprin,C
10005662,Cortavex,PS
10005663,Cortavex,PS
10005663,Zentarin,C
10005664,Belmira,PS
10005665,Ardoxin,PS
10005665,Dulvane,C
10005666,Cortavex,PS
10005666,Dulvane,C
10005667,Cortavex,PS
10005667,Zentarin,C
10005668,Belmira,PS
10005668,Dulvane,C
10005669,Belmira,PS
10005670,Belmira,PS
10005670,Zentarin,C
10005671,Cortavex,PS
10005672,Cortavex,PS
10005673,Dulvane,PS
10005673,Cortavex,C
10005674,Exaprin,PS
10005675,Belmira,PS
10005676,Belmira,PS
10005677,Exaprin,PS
10005678,Cortavex,PS
10005679,Ardoxin,PS
10005680,Ardoxin,PS
10005681,Cortavex,PS
10005681,Exaprin,C
10005682,Belmira,PS
10005683,Exaprin,PS
10005684,Dulvane,PS
10005685,Ardoxin,PS
10005685,Dulvane,C
10005686,Zentarin,PS
10005687,Belmira,PS
10005688,Belmira,PS
10005689,Ardoxin,PS
10005690,Belmira,PS
10005691,Belmira,PS
10005692,Zentarin,PS
10005693,Dulvane,PS
10005694,Exaprin,PS
10005694,Belmira,C
10005695,Dulvane,PS
10005696,Exaprin,PS
10005697,Belmira,PS
10005697,Ardoxin,C
10005698,Exaprin,PS
10005699,Belmira,PS
10005700,Dulvane,PS
10005701,Dulvane,PS
10005701,Zentarin,C
10005702,Cortavex,PS
10005703,Cortavex,PS
10005704,Cortavex,PS
10005705,Cortavex,PS
10005705,Belmira,C
10005706,Zentarin,PS
10005706,Ardoxin,C
10005707,Belmira,PS
10005708,Belmira,PS
10005708,Cortavex,C
10005709,Dulvane,PS
10005709,Belmira,C
10005710,Zentarin,PS
10005710,Belmira,C
10005711,Ardoxin,PS
10005712,Exaprin,PS
10005713,Cortavex,PS
10005714,Cortavex,PS
10005714,Ardoxin,C
10005715,Belmira,PS
10005716,Dulvane,PS
10005717,Ardoxin,PS
10005718,Ardoxin,PS
10005718,Zentarin,C
10005719,Cortavex,PS
10005719,Zentarin,C
10005720,Exaprin,PS
10005721,Exaprin,PS
10005721,Dulvane,C
10005722,Ardoxin,PS
10005723,Cortavex,PS
10005723,Belmira,C
10005724,Ardoxin,PS
10005725,Belmira,PS
10005726,Zentarin,PS
10005727,Belmira,PS
10005728,Cortavex,PS
10005729,Dulvane,PS
10005730,Ardoxin,PS
10005731,Exaprin,PS
10005731,Dulvane,C
10005732,Cortavex,PS
10005732,Dulvane,C
10005733,Belmira,PS
10005733,Exaprin,C
10005734,Cortavex,PS
10005735,Belmira,PS
10005736,Ardoxin,PS
10005737,Cortavex,PS
10005738,Zentarin,PS
10005739,Belmira,PS
10005740,Ardoxin,PS
10005741,Zentarin,PS
10005741,Cortavex,C
10005742,Belmira,PS
10005743,Cortavex,PS
10005744,Ardoxin,PS
10005745,Exaprin,PS
10005746,Exaprin,PS
10005746,Cortavex,C
10005747,Cortavex,PS
10005748,Dulvane,PS
10005749,Exaprin,PS
10005750,Ardoxin,PS
10005751,Cortavex,PS
10005752,Cortavex,PS
10005753,Cortavex,PS
10005754,Cortavex,PS
10005755,Dulvane,PS
10005756,Exaprin,PS
10005757,Cortavex,PS
10005757,Exaprin,C
10005758,Belmira,PS
10005758,Dulvane,C
10005759,Exaprin,PS
10005759,Belmira,C
10005760,Ardoxin,PS
10005761,Belmira,PS
10005761,Dulvane,C
10005762,Ardoxin,PS
10005763,Dulvane,PS
10005764,Ardoxin,PS
10005765,Cortavex,PS
10005766,Ardoxin,PS
10005767,Ardoxin,PS
10005768,Cortavex,PS
10005768,Exaprin,C
10005769,Exaprin,PS
10005770,Exaprin,PS
10005770,Cortavex,C
10005771,Ardoxin,PS
10005772,Dulvane,PS
10005773,Cortavex,PS
10005774,Belmira,PS
10005774,Ardoxin,C
10005775,Exaprin,PS
10005775,Cortavex,C
10005776,Belmira,PS
10005777,Dulvane,PS
10005778,Zentarin,PS
10005779,Zentarin,PS
10005780,Belmira,PS
10005781,Belmira,PS
10005781,Cortavex,C
10005782,Belmira,PS
10005783,Belmira,PS
10005784,Ardoxin,PS
10005785,Ardoxin,PS
10005785,Zentarin,C
10005786,Cortavex,PS
10005787,Belmira,PS
10005788,Exaprin,PS
10005789,Ardoxin,PS
10005790,Belmira,PS
10005790,Exaprin,C
10005791,Cortavex,PS
10005792,Cortavex,PS
10005793,Ardoxin,PS
10005794,Exaprin,PS
10005794,Dulvane,C
10005795,Ardoxin,PS
10005796,Zentarin,PS
10005796,Ardoxin,C
10005797,Zentarin,PS
10005797,Cortavex,C
10005798,Dulvane,PS
10005799,Belmira,PS
10005799,Dulvane,C
10005800,Exaprin,PS
10005800,Ardoxin,C
10005801,Belmira,PS
10005802,Belmira,PS
10005803,Zentarin,PS
10005804,Ardoxin,PS
10005804,Dulvane,C
10005805,Dulvane,PS
10005806,Belmira,PS
10005807,Zentarin,PS
10005807,Dulvane,C
10005808,Exaprin,PS
10005809,Belmira,PS
10005810,Cortavex,PS
10005810,Belmira,C
10005811,Ardoxin,PS
10005812,Exaprin,PS
10005812,Belmira,C
10005813,Zentarin,PS
10005814,Dulvane,PS
10005815,Dulvane,PS
10005815,Exaprin,C
10005816,Belmira,PS
10005817,Belmira,PS
10005818,Cortavex,PS
10005819,Belmira,PS
10005820,Belmira,PS
10005821,Ardoxin,PS
10005821,Cortavex,C
10005822,Ardoxin,PS
10005822,Dulvane,C
10005823,Ardoxin,PS
10005824,Belmira,PS
10005825,Ardoxin,PS
10005826,Dulvane,PS
10005826,Cortavex,C
10005827,Zentarin,PS
10005828,Zentarin,PS
10005829,Belmira,PS
10005830,Cortavex,PS
10005830,Exaprin,C
10005831,Dulvane,PS
10005832,Zentarin,PS
10005833,Belmira,PS
10005834,Belmira,PS
10005835,Cortavex,PS
10005836,Cortavex,PS
10005837,Dulvane,PS
10005837,Belmira,C
10005838,Belmira,PS
10005839,Dulvane,PS
10005840,Exaprin,PS
10005841,Cortavex,PS
10005841,Exaprin,C
10005842,Cortavex,PS
10005843,Ardoxin,PS
10005844,Exaprin,PS
10005845,Cortavex,PS
10005846,Ardoxin,PS
10005846,Exaprin,C
10005847,Belmira,PS
10005848,Ardoxin,PS
10005848,Zentarin,C
10005849,Exaprin,PS
10005849,Cortavex,C
10005850,Belmira,PS
10005850,Ardoxin,C
10005851,Exaprin,PS
10005851,Zentarin,C
10005852,Cortavex,PS
10005852,Belmira,C
10005853,Belmira,PS
10005854,Cortavex,PS
10005854,Ardoxin,C
10005855,Exaprin,PS
10005856,Belmira,PS
10005857,Ardoxin,PS
10005857,Zentarin,C
10005858,Cortavex,PS
10005858,Zentarin,C
10005859,Dulvane,PS
10005860,Exaprin,PS
10005860,Belmira,C
10005861,Belmira,PS
10005862,Ardoxin,PS
10005862,Exaprin,C
10005863,Belmira,PS
10005864,Ardoxin,PS
10005865,Zentarin,PS
10005865,Dulvane,C
10005866,Zentarin,PS
10005867,Ardoxin,PS
10005868,Belmira,PS
10005868,Dulvane,C
10005869,Cortavex,PS
10005869,Dulvane,C
10005870,Dulvane,PS
10005870,Belmira,C
10005871,Belmira,PS
10005872,Belmira,PS
10005873,Cortavex,PS
10005874,Belmira,PS
10005875,Dulvane,PS
10005876,Belmira,PS
10005877,Belmira,PS
10005878,Exaprin,PS
10005879,Ardoxin,PS
10005880,Exaprin,PS
10005881,Dulvane,PS
10005881,Exaprin,C
10005882,Exaprin,PS
10005882,Ardoxin,C
10005883,Exaprin,PS
10005883,Zentarin,C
10005884,Ardoxin,PS
10005885,Cortavex,PS
10005885,Ardoxin,C
10005886,Ardoxin,PS
10005887,Ardoxin,PS
10005888,Dulvane,PS
10005888,Belmira,C
10005889,Ardoxin,PS
10005890,Ardoxin,PS
10005890,Exaprin,C
10005891,Belmira,PS
10005892,Ardoxin,PS
10005892,Dulvane,C
10005893,Cortavex,PS
10005894,Exaprin,PS
10005894,Belmira,C
10005895,Exaprin,PS
10005895,Dulvane,C
10005896,Dulvane,PS
10005897,Belmira,PS
10005898,Cortavex,PS
10005899,Cortavex,PS
10005900,Ardoxin,PS
10005901,Exaprin,PS
10005901,Dulvane,C
10005902,Belmira,PS
10005903,Belmira,PS
10005904,Ardoxin,PS
10005905,Zentarin,PS
10005906,Cortavex,PS
10005907,Zentarin,PS
10005908,Exaprin,PS
10005909,Cortavex,PS
10005910,Zentarin,PS
10005911,Cortavex,PS
10005912,Cortavex,PS
10005913,Ardoxin,PS
10005913,Zentarin,C
10005914,Belmira,PS
10005914,Ardoxin,C
10005915,Dulvane,PS
10005916,Dulvane,PS
10005917,Ardoxin,PS
10005917,Dulvane,C
10005918,Zentarin,PS
10005918,Belmira,C
10005919,Dulvane,PS
10005920,Zentarin,PS
10005921,Exaprin,PS
10005921,Belmira,C
10005922,Belmira,PS
10005923,Cortavex,PS
10005924,Belmira,PS
10005925,Dulvane,PS
10005926,Zentarin,PS
10005927,Dulvane,PS
10005928,Zentarin,PS
10005929,Dulvane,PS
10005929,Belmira,C
10005930,Exaprin,PS
10005931,Exaprin,PS
10005932,Belmira,PS
10005932,Exaprin,C
10005933,Exaprin,PS
10005934,Exaprin,PS
10005935,Belmira,PS
10005936,Dulvane,PS
10005936,Zentarin,C
10005937,Ardoxin,PS
10005938,Cortavex,PS
10005939,Ardoxin,PS
10005939,Dulvane,C
10005940,Cortavex,PS
10005941,Zentarin,PS
10005942,Ardoxin,PS
10005942,Zentarin,C
10005943,Exaprin,PS
10005944,Dulvane,PS
10005945,Belmira,PS
10005945,Exaprin,C
10005946,Cortavex,PS
10005947,Zentarin,PS
10005947,Exaprin,C
10005948,Zentarin,PS
10005949,Ardoxin,PS
10005950,Cortavex,PS
10005951,Belmira,PS
10005952,Dulvane,PS
10005953,Ardoxin,PS
10005954,Cortavex,PS
10005955,Exaprin,PS
10005956,Zentarin,PS
10005957,Dulvane,PS
10005958,Ardoxin,PS
10005959,Exaprin,PS
10005960,Zentarin,PS
10005961,Exaprin,PS
10005961,Zentarin,C
10005962,Cortavex,PS
10005963,Belmira,PS
10005964,Cortavex,PS
10005964,Dulvane,C
10005965,Cortavex,PS
10005965,Ardoxin,C
10005966,Ardoxin,PS
10005967,Ardoxin,PS
10005968,Belmira,PS
10005969,Cortavex,PS
10005969,Belmira,C
10005970,Zentarin,PS
10005970,Belmira,C
10005971,Exaprin,PS
10005972,Dulvane,PS
10005973,Ardoxin,PS
10005973,Belmira,C
10005974,Dulvane,PS
10005975,Dulvane,PS
10005976,Ardoxin,PS
10005976,Exaprin,C
10005977,Ardoxin,PS
10005977,Belmira,C
10005978,Cortavex,PS
10005978,Dulvane,C
10005979,Ardoxin,PS
10005980,Belmira,PS
10005981,Dulvane,PS
10005982,Ardoxin,PS
10005983,Cortavex,PS
10005984,Cortavex,PS
10005984,Zentarin,C
10005985,Zentarin,PS
10005985,Exaprin,C
10005986,Cortavex,PS
10005986,Ardoxin,C
10005987,Dulvane,PS
10005987,Cortavex,C
10005988,Belmira,PS
10005989,Dulvane,PS
10005990,Dulvane,PS
10005991,Dulvane,PS
10005992,Ardoxin,PS
10005993,Exaprin,PS
10005993,Belmira,C
10005994,Exaprin,PS
10005994,Belmira,C
10005995,Belmira,PS
10005995,Dulvane,C
10005996,Ardoxin,PS
10005996,Cortavex,C
10005997,Cortavex,PS
10005998,Zentarin,PS
10005999,Exaprin,PS
10006000,Belmira,PS
10006000,Ardoxin,C
10006001,Zentarin,PS
10006002,Zentarin,PS
10006003,Zentarin,PS
10006004,Zentarin,PS
10006005,Zentarin,PS
10006006,Zentarin,PS
10006007,Zentarin,PS
10006008,Zentarin,PS
10006009,Zentarin,PS
10006010,Zentarin,PS
10006011,Zentarin,PS
10006012,Zentarin,PS
10006013,Zentarin,PS
10006014,Zentarin,PS
10006015,Zentarin,PS
10006016,Zentarin,PS
10006017,Zentarin,PS
10006018,Zentarin,PS
10006019,Zentarin,PS
10006020,Zentarin,PS
10006021,Zentarin,PS
10006022,Zentarin,PS
10006023,Zentarin,PS
10006024,Zentarin,PS
10006025,Zentarin,PS
10006026,Zentarin,PS
10006027,Zentarin,PS
10006028,Zentarin,PS
10006029,Zentarin,PS
10006030,Zentarin,PS
10006031,Zentarin,PS
10006032,Zentarin,PS
10006033,Zentarin,PS
10006034,Zentarin,PS
10006035,Zentarin,PS
10006036,Zentarin,PS
10006037,Zentarin,PS
10006038,Zentarin,PS
10006039,Zentarin,PS
10006040,Zentarin,PS
10006041,Zentarin,PS
10006042,Zentarin,PS
10006043,Zentarin,PS
10006044,Zentarin,PS
10006045,Zentarin,PS
